specification,Year,County,GDPPC,gi_star,cluster,e_gi,var_gi,std_dev,p_value,p_sim,p_folded_sim,skewness,kurtosis,q_bh
Queen contiguity,2005,Anxiang,8184,0.39812392228592,High,0.011761080451073002,2.6696294477433083e-6,0.22609723573798923,0.8211257944915121,0.752,0.376,0.5247326000318381,0.07352670121484017,0.9419718309859154
Queen contiguity,2005,Hanshou,6560,-0.23690950074958136,Low,0.010832627344629496,2.9942842839082503e-6,0.04315480853149326,0.9655781290699542,0.836,0.418,0.9417685290680942,1.0333456788764526,0.968
Queen contiguity,2005,Jinshi,9956,1.0530864875865928,High,0.012553860310062217,2.576197733074926e-6,0.6319013334474589,0.5274513519840579,0.46,0.23,0.7307502085576498,0.49433779045678605,0.7360000000000001
Queen contiguity,2005,Li,8394,0.9656556612980725,High,0.011798716978710402,2.900289464292422e-6,0.9314945545825586,0.351597800095902,0.308,0.154,1.090054261927969,1.5947301952661324,0.6351304347826088
Queen contiguity,2005,Linli,8850,1.0475391524013904,High,0.011970688866801525,2.8393696953243553e-6,0.9411004541495619,0.34665338284143277,0.288,0.144,0.8812330505147467,1.2833440229607174,0.6351304347826088
Queen contiguity,2005,Shimen,9244,0.2100740460854186,High,0.012020457222515305,2.584066824707918e-6,-0.15687510379437983,0.8753432811875662,0.988,0.494,1.1169116750940198,2.3519834269783786,0.988
Queen contiguity,2005,Liuyang,13406,3.9145466892059577,High,0.014251300394834923,2.861235872242697e-6,3.1372879793963664,0.0017051855210493004,0.012,0.006,0.9007229649112943,1.0842262169816514,0.176
Queen contiguity,2005,Ningxiang,11687,1.6064973251842707,High,0.012737650513167467,2.410702599277226e-6,0.850879030166924,0.3948365546387807,0.352,0.176,0.9568460209982348,1.6673126666643645,0.6453333333333333
Queen contiguity,2005,Wangcheng,14659,3.8758927571178403,High,0.013985837166226736,2.559896662548527e-6,2.6988695580709563,0.006957544116603676,0.032,0.016,1.011849518126438,2.112485495102323,0.176
Queen contiguity,2005,Anren,7423,1.6666940531079943,Low,0.01126283417484684,2.1653341516184816e-6,1.8597168767551742,0.06292559300935457,0.1,0.05,0.6081073972848132,0.4333414100520536,0.3666666666666667
Queen contiguity,2005,Guidong,4528,0.5162823665742117,Low,0.009506027305750148,3.2735875274400896e-6,1.685015763629794,0.09198553019130015,0.116,0.058,1.2032700067695925,2.8591430191705394,0.39261538461538464
Queen contiguity,2005,Jiahe,9622,0.3485839011363257,High,0.012296642717100301,3.019452746426302e-6,-0.1505278008670576,0.8803482186963718,0.984,0.492,0.7509329610536105,0.8573717242568293,0.988
Queen contiguity,2005,Linwu,11651,1.3860471929419154,High,0.013403584056784346,3.1762322831358942e-6,0.4833968108353186,0.6288140121913404,0.504,0.252,1.0874513070109633,1.7622185090310145,0.7781052631578947
Queen contiguity,2005,Rucheng,8534,1.179509747967762,High,0.012144546039458021,3.7206504355915074e-6,1.005911960261793,0.31445792238308456,0.236,0.118,1.1976048220096414,1.8783489575568098,0.5933714285714285
Queen contiguity,2005,Yizhang,8428,2.1020152145625386,High,0.011876766120602839,3.1407907625352217e-6,2.1933332878751677,0.028283374975620775,0.076,0.038,0.7371638200958387,0.6426018821274537,0.31847619047619047
Queen contiguity,2005,Yongxing,9494,1.7576099448536937,High,0.012259360246745515,2.626836834976904e-6,1.5361856770408184,0.12449284782273536,0.176,0.088,0.7718836365680746,0.6719635293574626,0.495
Queen contiguity,2005,Zixing,16471,2.020706019093556,High,0.014274132307610099,2.0830154319455136e-6,0.33224917995024683,0.7397011106843527,0.584,0.292,1.1030340762879736,1.8486372890381402,0.8289032258064516
Queen contiguity,2005,Changning,7906,0.5501140552006613,High,0.011518596960238315,2.836293567168578e-6,0.537171410357277,0.5911492176259423,0.54,0.27,0.8653777166195645,0.9837365179125572,0.792
Queen contiguity,2005,Hengdong,8066,0.6897772801917946,High,0.011767804883471034,2.865311740568661e-6,0.49090723786096974,0.6234920576411636,0.528,0.264,0.9098427786570258,1.3897989552491055,0.792
Queen contiguity,2005,Hengnan,8217,0.4567647408068606,High,0.011559125569990109,2.6970009354678145e-6,0.34756978349904455,0.7281633022911915,0.628,0.314,0.9189384114219074,1.1072989409709635,0.8772063492063492
Queen contiguity,2005,Hengshan,8035,0.02202416988491816,High,0.011657150220493628,2.809663252115582e-6,-0.14979731291676268,0.8809245294193061,0.976,0.488,0.9547756789818469,1.1158995380989145,0.988
Queen contiguity,2005,Leiyang,8965,0.8297174852263741,High,0.011958486140543016,2.8512531407936266e-6,0.5942014639621117,0.5523773737385387,0.424,0.212,1.0240624598989576,1.466148087586241,0.7300740740740741
Queen contiguity,2005,Qidong,8000,-0.2940073263321795,High,0.011442812223893723,2.3431244815014116e-6,-0.37394960382793313,0.7084418107202655,0.808,0.404,0.6276945188289428,0.45995236264551487,0.960864864864865
Queen contiguity,2005,Chenxi,4432,-1.8194941219638279,Low,0.010010461670710614,2.6933743738191173e-6,-1.3109866143698095,0.18986228599177793,0.152,0.076,0.8238079539172434,1.269774148243208,0.4612413793103448
Queen contiguity,2005,Zhongfang,7420,-1.5242760367458388,Low,0.011245148959376712,2.5300475140792748e-6,-1.771371770485927,0.07649889972929996,0.024,0.012,0.6147585610854116,0.07035098967398801,0.176
Queen contiguity,2005,Huitong,4439,-1.4528618852071689,Low,0.009922056985675887,3.32072052093067e-6,-0.8778776806767586,0.3800101026722578,0.328,0.164,0.9459076901918979,1.669397084043772,0.6351304347826088
Queen contiguity,2005,Jingzhou,5891,-1.31793329184719,Low,0.01050661165897432,3.4300521358095413e-6,-1.1789919081604996,0.23840139798416396,0.16,0.08,0.9600445458475234,1.3623985191873276,0.4693333333333333
Queen contiguity,2005,Mayang,4177,-2.193347161387522,Low,0.009948195721681157,2.5346881969252306e-6,-1.7646041605529545,0.07763031575419713,0.032,0.016,0.78586619652495,0.874619459447465,0.176
Queen contiguity,2005,Tongdao,3885,-1.389889063972248,Low,0.009234582146011559,3.3558627694444533e-6,-0.5881963290415627,0.5564005211145624,0.64,0.32,1.0383614418354377,1.3531657531118473,0.88
Queen contiguity,2005,Xinhuang,4245,-1.4577100909060539,Low,0.00816083665053822,3.6601498764079277e-6,-0.6224617501899607,0.5336382874418049,0.536,0.26,2.090327957827535,6.341696226878355,0.792
Queen contiguity,2005,Xupu,4670,-2.2964678748493492,Low,0.010454774377226477,2.2574429056676816e-6,-1.8122555303599694,0.06994672234062352,0.032,0.016,0.8419935354741378,1.1975600622146834,0.176
Queen contiguity,2005,Yuanling,7488,-2.171670272390893,Low,0.011351657759008224,2.4156530027365595e-6,-2.2019796961785327,0.027666742713303393,0.004,0.002,0.7207714815489624,0.8013702971740346,0.176
Queen contiguity,2005,Zhijiang,5315,-1.807698878832972,Low,0.010518068805206214,3.3535665303969517e-6,-1.4396603040176532,0.1499635293402365,0.064,0.032,1.0789424482918344,2.146041309971346,0.31288888888888894
Queen contiguity,2005,Lengshuijiang,18478,1.7266624896559262,High,0.01781365166820047,3.121775226954166e-6,-1.39597417145491,0.1627222731474282,0.072,0.036,1.3857085038328798,3.327103893109223,0.3168
Queen contiguity,2005,Shuangfeng,5868,-0.5476404819449155,Low,0.010784141877428413,2.6385197214386242e-6,-0.24694715156137,0.8049491244328738,0.952,0.476,0.7846314247196042,0.43498470991187554,0.988
Queen contiguity,2005,Xinhua,3390,-1.2357644498151812,Low,0.00982246993726173,2.5754948994730615e-6,-0.41850741333474156,0.6755761675216343,0.732,0.366,0.7182023308036791,0.7659468350482319,0.9419718309859154
Queen contiguity,2005,Chengbu,5897,-1.5741796938226897,Low,0.010487046405837926,3.233869333226214e-6,-1.3449901340332417,0.17862842065694098,0.096,0.048,1.196817540726387,2.0308778264655274,0.3666666666666667
Queen contiguity,2005,Dongan,7374,-0.8618294994967629,Low,0.011176487575145545,2.9225851975791437e-6,-0.9458277320929004,0.3442364583835838,0.304,0.152,0.8291373076864835,0.6521422900292935,0.6351304347826088
Queen contiguity,2005,Dongkou,5375,-1.7578218507367824,Low,0.010489151453086492,2.9725004470128062e-6,-1.456662406760549,0.14520959178509693,0.072,0.036,0.8659535166039181,1.2906777954495832,0.3168
Queen contiguity,2005,Longhui,3677,-2.788801456588146,Low,0.009900410184316328,2.5224463722513315e-6,-2.222924853150353,0.026220867595832982,0.004,0.002,0.6858825699812613,0.552945654068429,0.176
Queen contiguity,2005,Shaodong,6752,-1.2134543457554658,Low,0.011032633826587944,2.3171693684227773e-6,-1.2099720981834152,0.22628959956238073,0.204,0.102,0.7129992077060302,0.7729622918358907,0.5439999999999999
Queen contiguity,2005,Suining,7369,-1.6947329240690077,Low,0.01141996614593639,2.677573015707826e-6,-1.7719440208405874,0.07640385007750858,0.016,0.008,0.8527512822350564,0.6344251860669341,0.176
Queen contiguity,2005,Wugang,4889,-2.1454034319276407,Low,0.010396474737018359,2.6503067201912885e-6,-1.7656709966408826,0.07745106135311465,0.032,0.016,0.6805046394357778,0.6928129447943014,0.176
Queen contiguity,2005,Xinning,4024,-1.832733751150401,Low,0.009525697988313746,2.6116312261092686e-6,-1.2367046357759852,0.2161967570382117,0.18,0.09,0.822594402654235,0.9421061735391651,0.495
Queen contiguity,2005,Xinshao,4357,-0.9981777018427641,Low,0.010118215036978092,2.611168741413792e-6,-0.33538323511794776,0.7373360128226611,0.828,0.414,0.7567561200962871,0.41402276633863133,0.968
Queen contiguity,2005,Shaoshan,14381,2.369931335715521,High,0.015449339090593546,3.2415107780091904e-6,0.7675408935999813,0.4427599892537298,0.36,0.18,1.077440426339209,1.567322438055311,0.6465306122448979
Queen contiguity,2005,Xiangxiang,7866,0.9386830646257078,High,0.011544425579934195,2.8846175815453033e-6,0.9581265026144734,0.3379989728591229,0.332,0.166,0.9676997978872793,1.5327578346935367,0.6351304347826088
Queen contiguity,2005,Baojing,4612,-1.4448547329980757,Low,0.010188960744651785,3.011518939085087e-6,-0.9268305601089555,0.3540145152859785,0.304,0.152,0.9057417938275433,1.406705271543367,0.6351304347826088
Queen contiguity,2005,Fenghuang,3770,-1.1869515790469076,Low,0.00938737498453984,2.915798867495667e-6,-0.29774590342424256,0.7658971055780277,0.856,0.428,0.8896191833833569,1.1385309124556704,0.9702564102564102
Queen contiguity,2005,Guzhang,3893,-1.4204778971943086,Low,0.009776153802663957,2.629050286455901e-6,-0.708406667015169,0.4786927534093156,0.476,0.238,0.7156156334929842,0.4491682171374487,0.748
Queen contiguity,2005,Huayuan,6784,-0.340358978943809,Low,0.011063305746104828,4.154136944213979e-6,-0.23791023521642116,0.8119507168604609,0.96,0.48,1.1619955532051205,1.5180923858389042,0.988
Queen contiguity,2005,Jishou,12970,-0.4287787890115023,High,0.013700575024020748,2.9790249140246683e-6,-1.8324898106021836,0.06687847845290844,0.016,0.008,0.915010807890366,1.2571541397931147,0.176
Queen contiguity,2005,Longshan,3469,-2.376917419928556,Low,0.008836715770908051,2.9533652656672757e-6,-1.7205316380050713,0.08533584781302773,0.008,0.004,0.8387329601089853,0.531087287507277,0.176
Queen contiguity,2005,Luxi,3701,-1.6798518292028746,Low,0.009979026945293817,2.719805863336518e-6,-0.9843600237735726,0.32493852638257303,0.312,0.156,0.8191315574462885,0.7556255745103129,0.6351304347826088
Queen contiguity,2005,Yongshun,3315,-2.4578976144652875,Low,0.009537911627544223,2.911890537846479e-6,-1.704536477334707,0.08828090731045753,0.02,0.01,0.8531026593991277,0.9544405181286866,0.176
Queen contiguity,2005,Anhua,4411,-1.1495102911319837,Low,0.010422423327134559,2.464427762837854e-6,-0.6288837010375348,0.5294251973637385,0.56,0.28,0.7633160201235499,0.947815141828249,0.8078688524590165
Queen contiguity,2005,Nan,6376,-0.028058248061313424,Low,0.010992363225511174,2.598360340079495e-6,0.19915783725985944,0.8421392796888573,0.744,0.372,0.6455753698569343,0.4074953258260807,0.9419718309859154
Queen contiguity,2005,Yuanjiang,8681,0.09582869118941567,High,0.011828240325995408,2.6606347470118364e-6,-0.17167030596706587,0.8636967316085091,0.944,0.472,0.7215601430165804,0.8004987081703114,0.988
Queen contiguity,2005,Jianghua,5420,-1.4034182455129702,Low,0.010312510113876823,3.1941019841194397e-6,-1.055667324473482,0.29112023057805814,0.228,0.114,0.8409386984722884,0.7321813234118557,0.5901176470588236
Queen contiguity,2005,Lanshan,6223,-0.19036075360091745,Low,0.010612537778174037,2.8822188838902495e-6,0.20769763987972278,0.8354650605992132,0.696,0.348,0.8521251226718725,1.022268011658002,0.9279999999999999
Queen contiguity,2005,Ningyuan,4297,-1.0203020572363288,Low,0.010346055120191548,2.655035076701139e-6,-0.42598975059039756,0.6701153145002825,0.76,0.38,0.9531235178161988,1.610356250613581,0.9419718309859154
Queen contiguity,2005,Shuangpai,8693,-0.30228019442507414,High,0.012098085051418413,3.2959530770193642e-6,-0.7886804228885592,0.4302988129354423,0.444,0.222,1.1237314310168136,1.9193452492896377,0.7300740740740741
Queen contiguity,2005,Xintian,5272,-0.49823785637967066,Low,0.010375364062508515,3.4151903726909406e-6,-0.02960185602139466,0.9763845850725784,0.86,0.43,1.0225723933675606,1.5925902677993857,0.9702564102564102
Queen contiguity,2005,Huarong,7234,-0.1794453631292123,Low,0.011417688249738872,4.0171531334068845e-6,-0.25928973053963994,0.7954117023788858,0.948,0.474,1.0537811332100386,1.0576594008779905,0.988
Queen contiguity,2005,Linxiang,7708,0.14150161468960254,High,0.011706067075308494,3.613886950344288e-6,0.04422215728822289,0.964727320366167,0.796,0.404,1.9854088911804648,5.4367087656018285,0.9595616438356165
Queen contiguity,2005,Miluo,8677,3.07317272871514,High,0.011836165311784844,2.7697304804659494e-6,3.27294526066005,0.001064330877829271,0.02,0.01,0.8289680930335277,1.2951751899981865,0.176
Queen contiguity,2005,Pingjiang,5817,2.5626852234206803,Low,0.010557662368392898,3.1064875432949276e-6,3.5009611969188,4.635833372806481e-4,0.016,0.008,0.9562871675116085,1.0679615645548646,0.176
Queen contiguity,2005,Xiangyin,9496,1.355672993213676,High,0.01220451150508793,3.1574981779637603e-6,0.9963310884842256,0.31908930335749774,0.316,0.158,0.9694140570218107,1.2340576795886724,0.6351304347826088
Queen contiguity,2005,Cili,5703,-0.5134204892737819,Low,0.01040027323179393,3.6741357795271865e-6,-0.11536606205048082,0.9081549778758264,0.944,0.472,0.9205885281077204,0.8841831990346996,0.988
Queen contiguity,2005,Chaling,8040,0.5669665418301826,High,0.011700011055216416,3.3867379413031357e-6,0.5279857477958715,0.5975092280009282,0.448,0.224,1.2541617668046925,2.3242563705623436,0.7300740740740741
Queen contiguity,2005,Liling,11688,2.4632900108631763,High,0.013915629894471994,3.9304750074195655e-6,1.5792800465562593,0.1142718365229106,0.148,0.074,1.594194753305757,5.2168897803372545,0.4612413793103448
Queen contiguity,2005,Yanling,7383,0.9217203816470493,Low,0.011306021661561045,3.087917129980776e-6,1.043124853314045,0.29689047138022934,0.324,0.162,0.9163393987342018,0.9917865713367151,0.6351304347826088
Queen contiguity,2005,You,10944,1.475422794904078,High,0.012762035729709971,2.8632021296514767e-6,0.8531132736006299,0.3935964912090951,0.348,0.174,1.0788201199288487,2.2729338377757324,0.6453333333333333
Queen contiguity,2005,Zhuzhou,8546,3.4929202599411178,High,0.011850393080921262,2.4860419607020363e-6,3.6580935907723555,2.540982658161425e-4,0.008,0.004,0.7925135640602693,0.7155536472677291,0.176
Queen contiguity,2005,Sangzhi,4545,-1.4066323557891132,Low,0.01030861215928653,2.27149722831578e-6,-0.9711977062182444,0.3314498359087348,0.332,0.166,0.6230401974973938,0.4357266891805631,0.6351304347826088
Queen contiguity,2005,Yueyang,7936,0.23466300956075636,High,0.01151201116233352,2.2394827338093716e-6,0.1639205870836561,0.8697936601650589,0.784,0.392,0.5834880601456088,0.4055843279609559,0.9582222222222223
Queen contiguity,2005,Qiyang,7487,-0.20793538170293213,Low,0.011322802777052797,2.359151660737234e-6,-0.2005317746072979,0.8410647101067004,0.988,0.494,0.8117744934364103,0.8031977680767772,0.988
Queen contiguity,2005,Taojiang,5640,0.7683491930428126,Low,0.010774532993564711,2.724269319027804e-6,1.1378834377763385,0.2551691579513042,0.276,0.138,0.8212993840649857,0.7168044980715762,0.6351304347826088
Queen contiguity,2005,Shaoyang,3609,-2.1298075439490205,Low,0.01009367137155064,2.6137591045333497e-6,-1.42455016069927,0.15428727556349686,0.092,0.046,0.9611229147452951,1.995228617161266,0.3666666666666667
Queen contiguity,2005,Lianyuan,5959,-0.028465398858390552,Low,0.01092304130293628,2.07666112478016e-6,0.27450481668774745,0.7836967025569044,0.732,0.366,0.6062432951510385,0.36686646842159343,0.9419718309859154
Queen contiguity,2005,Hongjiang,5514,-1.522940955152556,Low,0.010710242122109574,2.2694162401385465e-6,-1.3764971921519862,0.16866775602898335,0.112,0.056,0.7750628449452602,0.6391912173661849,0.39261538461538464
Queen contiguity,2005,Hengyang,7246,-0.12951662043436124,Low,0.011499423663473944,3.202480731095942e-6,-0.21528434438757382,0.8295456348348482,0.968,0.484,0.9392799516943524,1.2667566797216558,0.988
Queen contiguity,2005,Guiyang,8933,1.8966176510757091,High,0.011742652245518195,2.1378626858552017e-6,1.6841067946836614,0.09216103146315711,0.128,0.064,0.7888524625505869,0.9710643211945893,0.41718518518518516
Queen contiguity,2005,Changsha,24612,5.028299506628905,High,0.017618737041647094,1.78342848407365e-6,2.0582885727482427,0.039562440476611956,0.06,0.03,0.3885735399537116,0.19394229798773877,0.31058823529411766
Queen contiguity,2005,Taoyuan,8407,-0.32214283450170833,High,0.011619805707975231,1.8029085008960358e-6,-0.5170910311334135,0.6050926142131952,0.668,0.334,0.42415132006728445,-0.043816541461159986,0.9043692307692309
Queen contiguity,2005,Xiangtan,7246,3.2798779818760653,Low,0.011341932763575618,2.2139837335635e-6,3.3169605764622423,9.100245647628636e-4,0.024,0.012,0.8344473038215539,1.224685015411091,0.176
Queen contiguity,2005,Dao,6040,-1.0307820341591336,Low,0.010658442580454196,3.240522311007463e-6,-0.8069211736287245,0.4197118991099245,0.384,0.192,1.2768864696807198,3.007642408815566,0.67584
Queen contiguity,2005,Jiangyong,5977,-0.9624965592305592,Low,0.010193534978283122,3.6110168288303255e-6,-0.698563156108277,0.48482507586035867,0.444,0.222,1.504250571948562,3.5300041775008415,0.7300740740740741
Queen contiguity,2006,Anxiang,10995,0.6114528336164181,High,0.012156762901771706,2.7463464834480402e-6,0.24445838436686196,0.8068758288067235,0.696,0.348,0.679513372121246,0.16032979546937387,0.8749714285714285
Queen contiguity,2006,Hanshou,7422,-0.2223786068045404,Low,0.010792781841013526,2.663626068969746e-6,0.08275784595307119,0.9340440881533117,0.804,0.402,0.7577945065387026,0.3957169591629164,0.9561081081081082
Queen contiguity,2006,Jinshi,11223,1.1014505968018746,High,0.012502890417541537,3.1016034601594573e-6,0.6850786570615991,0.4932942874425061,0.388,0.194,0.9308859195057676,1.1008184809490782,0.68288
Queen contiguity,2006,Li,10304,1.119416532559065,High,0.012027939497403644,3.183361607907628e-6,0.963867669978821,0.33511227452062947,0.308,0.154,0.8347203150407381,0.8153709522097601,0.6453333333333333
Queen contiguity,2006,Linli,9855,0.9169935177493638,High,0.01182627978481297,3.1791468905545146e-6,0.8358239805781943,0.40325393362312356,0.34,0.17,1.2208941116786527,2.3105833661162336,0.6537142857142857
Queen contiguity,2006,Shimen,10556,0.12678652596153905,High,0.01207512637804359,2.855437853025239e-6,-0.2740141994679482,0.7840737095474629,0.892,0.446,0.7837065100914098,0.9887540370252808,0.9690352941176472
Queen contiguity,2006,Liuyang,15631,3.9896789281310094,High,0.014364809573336324,3.6840128283762586e-6,2.863265627202419,0.004192988881560216,0.032,0.016,1.090673272101883,1.52878421933847,0.20114285714285715
Queen contiguity,2006,Ningxiang,13647,1.5992688004572302,High,0.012724422474577238,2.4693696920151998e-6,0.8710830150757153,0.3837088273895278,0.344,0.172,0.6964865008787865,0.5874198640895054,0.6537142857142857
Queen contiguity,2006,Wangcheng,17082,3.9347085528268493,High,0.01403585372741468,2.520308969986555e-6,2.8319441998815793,0.004626592176215962,0.024,0.012,0.7389524593655744,0.2748221186489155,0.192
Queen contiguity,2006,Anren,8832,1.4668353618553223,High,0.011384764418217225,2.4629412123270256e-6,1.4903405260497085,0.13613472179594216,0.168,0.084,0.9970698210808451,2.43770935074145,0.528
Queen contiguity,2006,Guidong,5548,0.3588881654365048,Low,0.009679731554798123,3.0120140513047764e-6,1.4556332916377068,0.14549401975079798,0.184,0.092,0.9877364789786188,1.4453068749029816,0.528
Queen contiguity,2006,Jiahe,11021,0.23062321577105957,High,0.012301735210392269,3.137449145856113e-6,-0.2744638222473952,0.7837282021391222,0.864,0.432,0.7084651907797198,0.38425949449639907,0.9690352941176472
Queen contiguity,2006,Linwu,12031,1.1369741515944995,High,0.012786821113331053,3.0574886438243413e-6,0.5708910346473451,0.568073508590778,0.492,0.246,1.0121294609026978,2.089079737644666,0.7731428571428571
Queen contiguity,2006,Rucheng,9461,0.9819752812752338,High,0.011657098023898978,3.5988147623282834e-6,1.0602729197751162,0.28902045536546567,0.252,0.126,1.3971688332811358,3.1516977659200025,0.592842105263158
Queen contiguity,2006,Yizhang,9752,1.769660911952808,High,0.011863600553057511,2.907017442534713e-6,1.9172470989892147,0.055206547080654665,0.1,0.05,1.0300967250573059,1.790485858311639,0.3826086956521739
Queen contiguity,2006,Yongxing,10978,1.6148271475999911,High,0.012193506656699287,2.5873895460509194e-6,1.4514171290640634,0.1466637428746979,0.192,0.096,0.7905492816831687,0.5762310937307746,0.528
Queen contiguity,2006,Zixing,18172,1.7837893128468276,High,0.013943893161008728,2.3461641066736903e-6,0.30312860676733744,0.7617918540891282,0.672,0.336,0.6707624278115716,0.4389932923148052,0.8672463768115942
Queen contiguity,2006,Changning,9000,0.417662381389491,High,0.011421067375052253,2.5387029880508997e-6,0.4776467426699562,0.6329016559602824,0.564,0.282,0.8150349063976455,0.8911006459598907,0.813639344262295
Queen contiguity,2006,Hengdong,9249,0.6106272435886525,High,0.01156928316633345,2.947929788726056e-6,0.5281242680405377,0.5974130881331745,0.504,0.252,0.701394266818281,0.5116921847416833,0.7781052631578947
Queen contiguity,2006,Hengnan,9173,0.2987091282257255,High,0.011393980050946911,2.3905811146072395e-6,0.3101198300279207,0.7564698329792721,0.672,0.336,0.6660648915612346,0.381521783074366,0.8672463768115942
Queen contiguity,2006,Hengshan,8964,-0.13698909448865404,High,0.011466203994373323,3.056960875527664e-6,-0.21220398960127063,0.8319478943673136,0.908,0.454,0.8071066109224889,0.8096128593383916,0.9690352941176472
Queen contiguity,2006,Leiyang,10507,0.8038169576866194,High,0.012052377327721589,2.8210630563038326e-6,0.5277885244749513,0.5976461228255303,0.524,0.262,1.1298783358732958,2.2682714603210306,0.7815593220338983
Queen contiguity,2006,Qidong,8958,-0.46246982854387847,High,0.011403746602456827,2.4745046817065145e-6,-0.5272870439683705,0.5979942700048071,0.644,0.322,0.852248871085975,1.0038731451367324,0.8672463768115942
Queen contiguity,2006,Chenxi,5311,-1.7943824126021575,Low,0.01001958412076435,2.771013978612438e-6,-1.3049964300497283,0.1918940634030013,0.132,0.066,0.8813529381804958,1.4263798802977687,0.46464
Queen contiguity,2006,Zhongfang,8467,-1.5123497917458943,Low,0.011350593080894138,3.2458111454790217e-6,-1.6377889320297503,0.10146573120255745,0.048,0.024,1.060448823841798,2.038718040344568,0.2593684210526316
Queen contiguity,2006,Huitong,5580,-1.2881209380848047,Low,0.009981425808759015,3.0767393612778324e-6,-0.7759779480150492,0.43776200645448904,0.44,0.22,0.9416662229813889,1.3214161737229775,0.7446153846153846
Queen contiguity,2006,Jingzhou,7162,-1.2006079676946466,Low,0.010627802885520702,3.614465099104854e-6,-1.0952124458101018,0.2734235744040983,0.2,0.1,1.2162858240121697,2.010215273848207,0.528
Queen contiguity,2006,Mayang,4807,-2.1225329771925017,Low,0.010035943391213735,3.2529910990350486e-6,-1.5700612530022584,0.11640086175416697,0.052,0.026,0.7520044246751799,0.4161155004989694,0.2593684210526316
Queen contiguity,2006,Tongdao,4353,-1.4300142836224277,Low,0.009153341556109812,3.4896096467306918e-6,-0.6135720279011323,0.5394981724785181,0.576,0.288,1.2326693945102813,2.305719399074092,0.8175483870967741
Queen contiguity,2006,Xinhuang,5334,-1.2690919020776255,Low,0.008324456542665006,2.779830403054423e-6,-0.5112797931403872,0.6091551522930085,0.708,0.346,1.92620294405072,6.74189310759515,0.8775211267605633
Queen contiguity,2006,Xupu,5196,-2.3706402731485956,Low,0.010521523455551938,2.1655976816902256e-6,-2.0196270714042113,0.04342208492989524,0.008,0.004,0.8101531179860593,0.9021583556360788,0.1408
Queen contiguity,2006,Yuanling,8552,-2.225115517902218,Low,0.01130565639659404,2.3927395361456853e-6,-2.276933850841353,0.022790176078218566,0.004,0.002,0.5641703990561961,0.16904662525908742,0.1408
Queen contiguity,2006,Zhijiang,6517,-1.6590714148009227,Low,0.010722973001108988,3.378846617057179e-6,-1.4202043743992303,0.15554819052309507,0.06,0.03,1.054675024880588,1.5921839501033883,0.264
Queen contiguity,2006,Lengshuijiang,22520,1.918940030922129,High,0.01841598408539938,2.840264587640866e-6,-1.5120561617840882,0.13051957581684204,0.056,0.028,1.1701621129071238,2.121572264198875,0.2593684210526316
Queen contiguity,2006,Shuangfeng,6546,-0.6042645090122978,Low,0.01080269793094032,3.028113288700677e-6,-0.31025067008293616,0.7563703410204357,0.832,0.416,0.9105276202246861,1.436401621501985,0.9633684210526315
Queen contiguity,2006,Xinhua,3768,-1.19953819742757,Low,0.009778278066517977,2.8021572819128724e-6,-0.35837280553727735,0.720064340039071,0.82,0.41,1.0270537218297544,1.9320028582447382,0.9621333333333333
Queen contiguity,2006,Chengbu,6325,-1.7049102318155194,Low,0.01037917911863863,3.442907688580087e-6,-1.4262992292801862,0.15378198699740112,0.084,0.042,1.0170895669836584,1.2477244008101689,0.336
Queen contiguity,2006,Dongan,8436,-0.9744316165970537,Low,0.011373113653609995,3.2880276678061448e-6,-1.1496962719926667,0.2502689903474228,0.196,0.098,0.9408297473397965,1.0333674546626588,0.528
Queen contiguity,2006,Dongkou,6050,-1.8413561532302736,Low,0.010382891521866978,2.4723416892304742e-6,-1.6711765502277272,0.09468681062870969,0.024,0.012,0.941199089955157,1.1904579519804237,0.192
Queen contiguity,2006,Longhui,3976,-2.8783156103888214,Low,0.00980642744428462,2.676368843378038e-6,-2.253335699134215,0.024237990476080894,0.008,0.004,0.5358522430425849,0.2917249571064082,0.1408
Queen contiguity,2006,Shaodong,8005,-1.2559240677781376,Low,0.011158029870282424,2.762609741591865e-6,-1.2528510368632875,0.21025992379586747,0.152,0.076,0.7025785166068821,0.3020139642519988,0.49540740740740735
Queen contiguity,2006,Suining,8500,-1.7059665535476765,Low,0.011354468880983105,2.581231630115336e-6,-1.8066297786780845,0.07082002321154061,0.012,0.006,0.6938290186709895,0.22492689176198288,0.15085714285714286
Queen contiguity,2006,Wugang,5533,-2.2536854688386496,Low,0.010404941135703597,2.5151310271278154e-6,-1.9843175222274578,0.0472204540297224,0.012,0.006,0.8002345988436917,0.9726368421586575,0.15085714285714286
Queen contiguity,2006,Xinning,4533,-1.9238700738562708,Low,0.009492443712242947,3.1192513362698596e-6,-1.26042909211284,0.2075146123972917,0.132,0.066,1.0648072398333674,1.8038684231003534,0.46464
Queen contiguity,2006,Xinshao,4972,-0.9284385128373045,Low,0.010157797512851433,2.99569735432628e-6,-0.28053152865560727,0.7790697397782955,0.908,0.454,1.189356010078835,2.6717993239507694,0.9690352941176472
Queen contiguity,2006,Shaoshan,16565,2.332738342065118,High,0.015333371144229922,3.54864900924765e-6,0.7992332959945218,0.42415514873149557,0.316,0.158,1.4842177480428942,3.371574083510822,0.6466976744186047
Queen contiguity,2006,Xiangxiang,9192,0.9300945438285997,High,0.011459297012401266,2.6053364759323403e-6,1.0699532220367427,0.28464036492959055,0.264,0.132,0.9479227665286142,1.1081173519751353,0.5956923076923077
Queen contiguity,2006,Baojing,5555,-1.235547040797621,Low,0.010113051689196116,2.671379194946741e-6,-0.7162591258472334,0.47383136045042235,0.48,0.24,0.7896401735419256,0.7620970672011542,0.7731428571428571
Queen contiguity,2006,Fenghuang,4284,-0.9514638009983731,Low,0.009393642115949738,3.0174673655172585e-6,-0.03243860321056067,0.9741222777653654,0.916,0.458,1.1110541510059286,2.0012612511031067,0.9690352941176472
Queen contiguity,2006,Guzhang,4297,-1.477357207634262,Low,0.009782369844643694,2.8696767447102974e-6,-0.7755939533228059,0.4379887717301295,0.428,0.214,0.7725059921758147,0.6165712798719105,0.7385098039215686
Queen contiguity,2006,Huayuan,10496,0.20928501561150784,High,0.012249260893646802,3.2243936520035235e-6,-0.21963978565781175,0.82615170345137,0.928,0.464,1.0011783599134438,1.4457124646634112,0.9690352941176472
Queen contiguity,2006,Jishou,14611,-0.2529971179022216,High,0.01354782556069141,2.8286746343566134e-6,-1.5934558980723017,0.11105795439132748,0.044,0.022,0.986885419050937,1.3398729942041507,0.2581333333333333
Queen contiguity,2006,Longshan,3809,-2.400656413950582,Low,0.009013694972732147,4.340652776052555e-6,-1.5766323305830128,0.11488014910582627,0.032,0.016,1.1489161945984725,1.7347537665991597,0.20114285714285715
Queen contiguity,2006,Luxi,4468,-1.6912587874371194,Low,0.009944737088242558,2.7337285189548277e-6,-1.0052960631987984,0.3147543101965374,0.296,0.148,0.7734680523351323,0.5947293644737024,0.6353170731707317
Queen contiguity,2006,Yongshun,3666,-2.5024117096000436,Low,0.00963644752725708,3.298993585441608e-6,-1.7489887404622697,0.0802929657165821,0.028,0.014,0.9028723675105585,0.97031633822241,0.20114285714285715
Queen contiguity,2006,Anhua,5048,-1.2062411898050274,Low,0.01033399640132057,2.5964542341167286e-6,-0.6386984778235303,0.5230191031466085,0.524,0.262,0.8490035264451441,1.433309353070558,0.7815593220338983
Queen contiguity,2006,Nan,7013,0.19534083338765038,Low,0.01089884346728229,2.9156709469125198e-6,0.4806087256561044,0.6307946127455626,0.552,0.276,0.8178513328968844,0.887342350987566,0.8096
Queen contiguity,2006,Yuanjiang,9894,-0.026686383701982497,High,0.011965193858155835,3.2055386883539677e-6,-0.3651995774642533,0.7149624336796379,0.8,0.4,0.6777973004927591,0.4951256905407546,0.9561081081081082
Queen contiguity,2006,Jianghua,6241,-1.367436461285581,Low,0.010355071774860763,3.5315230960198476e-6,-1.0130080202291771,0.31105633007762973,0.232,0.116,1.0760121930414839,1.8519957537877412,0.5671111111111112
Queen contiguity,2006,Lanshan,8135,-0.18954479820482528,Low,0.0111492291257495,3.6779501483974797e-6,-0.09869046246101103,0.921384041748913,0.936,0.468,0.959899487267404,1.1644611095999071,0.9690352941176472
Queen contiguity,2006,Ningyuan,4851,-1.0278345646183993,Low,0.010266439143600252,2.6825478456624322e-6,-0.4012012393415633,0.6882719683582879,0.8,0.4,0.8526909908272582,1.131591638378067,0.9561081081081082
Queen contiguity,2006,Shuangpai,10070,-0.37178873422882186,High,0.0120678104143103,3.561527270946506e-6,-0.8355353811736627,0.4034163345223518,0.36,0.18,1.1714244954919821,1.9028531359020597,0.6537142857142857
Queen contiguity,2006,Xintian,5910,-0.5963303322525596,Low,0.010203176426730038,3.256403693834427e-6,-0.060708353127975366,0.9515914791194785,0.888,0.444,1.1682647115574374,2.1092521643368105,0.9690352941176472
Queen contiguity,2006,Huarong,10802,0.37634846296582547,High,0.012636603964647908,3.0515631063705535e-6,-0.15995381486943572,0.8729174560749536,0.992,0.496,1.343757521791998,3.143368606218991,0.992
Queen contiguity,2006,Linxiang,8973,0.154209335864291,High,0.011484839825399537,2.9763307504989318e-6,0.20384497260495543,0.83847464755969,0.616,0.316,2.197392271972075,8.078583101547219,0.8604444444444443
Queen contiguity,2006,Miluo,10659,3.1794140469826417,High,0.011965938853237703,2.6253836234924377e-6,3.4736074745096923,5.135116610757391e-4,0.008,0.004,0.8833313530745543,1.249941338652655,0.1408
Queen contiguity,2006,Pingjiang,6570,2.638048499943793,Low,0.010613476586529393,3.95109228503135e-6,3.203867262083897,0.0013559497627332947,0.02,0.01,1.0183710444468475,1.4832194890285342,0.192
Queen contiguity,2006,Xiangyin,10765,1.3213839014899358,High,0.011982744747305093,2.867523923517229e-6,1.163573186429297,0.24459702297484787,0.256,0.128,1.2638477101857533,3.526532402054916,0.592842105263158
Queen contiguity,2006,Cili,6463,-0.610753646653594,Low,0.010289932193187808,3.2674638940951304e-6,-0.19906626214451587,0.8422109119402552,0.96,0.48,1.007643259028391,1.5566622870162394,0.9823255813953489
Queen contiguity,2006,Chaling,9053,0.42168592149231604,High,0.011407934549468708,3.220551874521614e-6,0.5268434425252598,0.5983023120440676,0.488,0.244,0.9888640965284226,1.270212071958495,0.7731428571428571
Queen contiguity,2006,Liling,14000,2.505682250778117,High,0.014132612643040722,3.417158360890197e-6,1.683622764344316,0.09225459642337788,0.14,0.07,1.3728578024489944,2.719405329427226,0.47384615384615386
Queen contiguity,2006,Yanling,8059,0.7339268780071341,Low,0.011247178054321603,2.9474362528700207e-6,0.9055822039849178,0.36515703163239593,0.364,0.182,0.83661740989823985,1.4891647625028632,0.6537142857142857
Queen contiguity,2006,You,12356,1.4243647944054214,High,0.012513219709001207,2.681233541521785e-6,1.0025978077298177,0.3160549539888292,0.284,0.142,0.761990880099341,0.5075914746163215,0.6248
Queen contiguity,2006,Zhuzhou,10116,3.558444744963699,High,0.011685458614306378,2.628365903913217e-6,3.8000824164349796,1.446479729354073e-4,0.016,0.008,1.0080276785363087,1.8381103279575761,0.176
Queen contiguity,2006,Sangzhi,5121,-1.5166415921133787,Low,0.010308754428580787,2.6204364450314875e-6,-1.0551573476936977,0.2913533675734545,0.228,0.114,0.6521936461048919,0.5509096886444556,0.5671111111111112
Queen contiguity,2006,Yueyang,9277,0.4096082488795725,High,0.011555948371566644,2.1482401504653842e-6,0.3457802167096943,0.7295078938935057,0.656,0.328,0.6734318136337473,0.831522461035453,0.8672463768115942
Queen contiguity,2006,Qiyang,8298,-0.3520801984902761,Low,0.011270441858694602,2.433925434520612e-6,-0.3254491536045275,0.7448411592517354,0.872,0.436,0.599920738115202,0.11477500330467993,0.9690352941176472
Queen contiguity,2006,Taojiang,6437,0.6612116903017431,Low,0.010860073879654852,3.1523693675891292e-6,0.9192475643176391,0.3579660975911085,0.356,0.178,0.6966047864668093,0.8121331899298547,0.6537142857142857
Queen contiguity,2006,Shaoyang,4064,-2.19635125628579,Low,0.010081711441064234,2.307870493228332e-6,-1.6237831839728882,0.10442209021527256,0.056,0.028,0.7242345146009079,0.6657566478396681,0.2593684210526316
Queen contiguity,2006,Lianyuan,7044,0.05415076009034987,Low,0.010961114207952557,2.274275166766764e-6,0.3246844223037453,0.7454199256555755,0.68,0.34,0.5845223947116733,0.42047830429334754,0.8672463768115942
Queen contiguity,2006,Hongjiang,6313,-1.499904833771227,Low,0.010498356003668732,2.511416496008741e-6,-1.1782179762756906,0.23870971783403808,0.196,0.098,0.669477634597458,0.8126900202104435,0.528
Queen contiguity,2006,Hengyang,8068,-0.3043449315442922,Low,0.01106972433356266,2.9984966198093708e-6,-0.17469424260663147,0.8613198919438596,0.98,0.49,0.9526897066291368,1.2556801629511094,0.9912643678160921
Queen contiguity,2006,Guiyang,10439,1.6117864753022482,High,0.011785311511142081,2.4755729691318146e-6,1.2933745964437964,0.19588153185375157,0.204,0.102,0.7109513091307397,0.7788447444162769,0.528
Queen contiguity,2006,Changsha,29407,5.1692011079782345,High,0.017884627060729262,1.9614103460633987e-6,2.0678377010405784,0.038655287211039537,0.076,0.038,0.5771890132200828,0.33700449852862935,0.31847619047619047
Queen contiguity,2006,Taoyuan,9461,-0.40944528711273587,High,0.011501866867290472,1.8709543221096608e-6,-0.51526076653899755,0.6063708109806016,0.644,0.322,0.34350348852374796,-0.034886534972393246,0.8672463768115942
Queen contiguity,2006,Xiangtan,8578,3.2749110392818643,Low,0.01133743710258123,2.003108487424163e-6,3.545350477206107,3.920913688104628e-4,0.004,0.002,0.5623485574602369,0.2938082499865349,0.1408
Queen contiguity,2006,Dao,6925,-1.100091087716944,Low,0.010633326130930001,3.2599961626408477e-6,-0.8931181287445467,0.3717939156225175,0.324,0.162,1.0930307012246336,1.8591120720390153,0.648
Queen contiguity,2006,Jiangyong,6482,-1.0767836590001807,Low,0.009896870173975773,3.6259428437109143e-6,-0.7225696389532643,0.46994432679759024,0.464,0.232,1.4318458703639403,3.045106582758482,0.7704150943396227
Queen contiguity,2007,Anxiang,12670,0.4215263159895556,High,0.012054098557013185,3.6092455071681794e-6,0.08269710321183554,0.9340923882865362,0.784,0.392,1.025958610649541,1.6416703095741116,0.9717183098591549
Queen contiguity,2007,Hanshou,8512,-0.29901141737354586,Low,0.010787765056102449,3.417846140583264e-6,-0.013715345181348341,0.989057080914812,0.836,0.418,1.081532569910709,1.3545594610295746,0.9747692307692307
Queen contiguity,2007,Jinshi,14258,0.9879406967419592,High,0.012696997632326087,3.589896958005798e-6,0.43567530259946524,0.6630723271289604,0.536,0.268,0.8466867756289659,0.5502531177429661,0.8195
Queen contiguity,2007,Li,11048,0.7551119967199373,High,0.011482971685796425,3.2023702612760832e-6,0.8553853632428431,0.39233784388059106,0.316,0.158,0.8858126583851582,0.8501004250847264,0.6782439024390244
Queen contiguity,2007,Linli,11373,0.6747237819657893,High,0.011701461015748446,3.4096526018078344e-6,0.6155205461828019,0.5382110047985011,0.468,0.234,0.8557744957843124,0.7667897691399639,0.8195
Queen contiguity,2007,Shimen,11760,-0.1662362716716599,High,0.011654616496211698,3.3744934896890355e-6,-0.34035997844318805,0.7335854540002296,0.84,0.42,1.4127584432395508,3.9106224459241243,0.9747692307692307
Queen contiguity,2007,Liuyang,19151,3.854432572128303,High,0.014328373087702514,3.3094700901946693e-6,3.0001862786495486,0.0026981454070613463,0.036,0.018,1.3504231854757611,3.2073386855250163,0.24369230769230768
Queen contiguity,2007,Ningxiang,16675,1.8110971664408466,High,0.0127040029490052,2.3736129227923507e-6,1.188670694488802,0.23456927691652538,0.232,0.116,0.7986124211245712,0.9550910761241287,0.5898378378378378
Queen contiguity,2007,Wangcheng,21044,4.163383753823145,High,0.014217285320980664,2.864976126967276e-6,2.9117981189471296,0.0035935480769495837,0.028,0.014,0.822112094117925,0.5387392436436254,0.20533333333333334
Queen contiguity,2007,Anren,7243,1.0950562484657214,Low,0.010746945240744878,2.4089575444686535e-6,1.5620654407692582,0.1182725732435835,0.14,0.07,0.9908115109737924,1.7963330798172397,0.49280000000000007
Queen contiguity,2007,Guidong,5876,0.17743082512678604,Low,0.009494943121551224,3.588079717962166e-6,1.2121071332592408,0.22547137353539445,0.244,0.122,1.0439961662580182,1.5758226663694472,0.5898378378378378
Queen contiguity,2007,Jiahe,13019,0.21302243924171854,High,0.012027414332697975,2.648126887419828e-6,-0.14468696518265858,0.8849580311346378,0.996,0.498,0.6145951931633962,0.2680831621550688,0.996
Queen contiguity,2007,Linwu,14108,0.8728881594038873,High,0.012459429606059193,2.927573868085186e-6,0.4743566769028639,0.6352455813461491,0.52,0.26,1.0761591845041898,1.5886311034500995,0.8195
Queen contiguity,2007,Rucheng,8786,0.2988388179536013,Low,0.010613372319436843,3.892091338589272e-6,0.745098642139542,0.4562120899348044,0.384,0.192,1.0498736430552051,1.415331025510124,0.7509333333333333
Queen contiguity,2007,Yizhang,9437,1.2038499059789718,Low,0.010988334427693744,3.7867780346878645e-6,1.544704634727193,0.12241772331431937,0.168,0.084,1.3489513295489066,2.92527638309166,0.5686153846153846
Queen contiguity,2007,Yongxing,14022,1.5903627607525972,High,0.012490203697235015,3.229370071536225e-6,1.152560366543321,0.2490908787483341,0.264,0.132,1.041937505167593,1.8864537712564662,0.6113684210526317
Queen contiguity,2007,Zixing,22947,1.4157734780299644,High,0.01421240773054486,2.4991500507493573e-6,-0.23366152629034703,0.8152477585243796,0.94,0.47,1.094944905649283,1.9147253569078764,0.996
Queen contiguity,2007,Changning,10455,0.3236555803332137,Low,0.011257687149270513,2.8293061477254864e-6,0.4498839119677767,0.6527941484933389,0.564,0.282,0.8223975000460797,0.8940956733292782,0.8195
Queen contiguity,2007,Hengdong,11563,0.36113210205938917,High,0.011599221095190654,2.7443734441202475e-6,0.26526749638346964,0.7908034019487575,0.708,0.354,0.7135294813798082,0.2533457412240341,0.9029565217391303
Queen contiguity,2007,Hengnan,10505,-0.06789184092786994,High,0.011331920350586173,2.553911633238662e-6,-0.05455242863941348,0.9564950387286706,0.948,0.474,0.8952123991943755,2.542383306100522,0.996
Queen contiguity,2007,Hengshan,10328,-0.13786682826459756,Low,0.011299979793782777,3.054671129114305e-6,-0.12218750714224558,0.9027505201744347,0.984,0.492,0.9818902903424828,1.3418916835104255,0.996
Queen contiguity,2007,Leiyang,12086,0.4433607927581345,High,0.01187126848144853,3.3398900258729053e-6,0.21003196981243927,0.8336427211996151,0.676,0.338,0.9670983088731937,1.1426673072924158,0.8748235294117648
Queen contiguity,2007,Qidong,11343,-0.4851169285403999,High,0.011460180281274763,2.471079196465693e-6,-0.6018627718229961,0.5472654869145157,0.596,0.298,0.8133310950721748,1.0576713942969116,0.8195
Queen contiguity,2007,Chenxi,6556,-1.557569109984937,Low,0.010101383670418558,2.9120313302486234e-6,-1.0955840119890077,0.27326086155316165,0.216,0.108,0.8897420572839329,0.9821887785053316,0.5898378378378378
Queen contiguity,2007,Zhongfang,10660,-1.310624253010729,High,0.011410732568443025,3.1712896597180496e-6,-1.5062745714190808,0.13199670308922778,0.064,0.032,0.7438233997469816,0.28043716438538935,0.296421052631579
Queen contiguity,2007,Huitong,6993,-1.111891910829931,Low,0.010338069915793334,3.785232938523596e-6,-0.7217053894773258,0.4704756278478182,0.448,0.224,1.3494599253593262,2.755673494347227,0.8195
Queen contiguity,2007,Jingzhou,9246,-1.0251463473442952,Low,0.010800606446001266,3.5880914622331883e-6,-1.0061290677058918,0.314353487643452,0.248,0.124,1.279766370789241,2.6601303075580462,0.5898378378378378
Queen contiguity,2007,Mayang,5962,-1.8825491568186785,Low,0.010146044080954403,3.5220931039324175e-6,-1.3681723500324297,0.17125813427784925,0.084,0.042,1.4006570411559591,4.310999100374443,0.35200000000000004
Queen contiguity,2007,Tongdao,5331,-1.390808170299371,Low,0.009206353181368039,3.7927337433715207e-6,-0.6121752546406573,0.5404218117420698,0.596,0.298,1.2102628302168588,2.2236117372163138,0.8195
Queen contiguity,2007,Xinhuang,6812,-1.1194794206702496,Low,0.008637701843658056,3.3174940573646074e-6,-0.4372101865740271,0.6619589228667999,0.784,0.386,2.3095325255916648,8.069718310664229,0.9717183098591549
Queen contiguity,2007,Xupu,6603,-2.201816043175464,Low,0.010342597378942555,2.021533607302549e-6,-1.8383695885926743,0.06600796322533223,0.024,0.012,0.5860469865200014,0.18740826471022842,0.192
Queen contiguity,2007,Yuanling,10669,-2.0344028923711943,High,0.011403075294289154,2.3944683025587475e-6,-2.195874470206147,0.028100929508588657,0.004,0.002,0.8113401013834257,1.1980486493308353,0.176
Queen contiguity,2007,Zhijiang,8115,-1.456623095910486,Low,0.01067115498035521,2.9188963568683104e-6,-1.3089874122665972,0.19053861469864364,0.108,0.054,1.0838222902164403,2.3770127244646773,0.432
Queen contiguity,2007,Lengshuijiang,27434,1.956943093044314,High,0.018646564692695627,3.5101594118941433e-6,-1.3717395238519345,0.17014453973211854,0.08,0.04,1.154630830694751,1.8158704772483434,0.35200000000000004
Queen contiguity,2007,Shuangfeng,8357,-0.4731590364973039,Low,0.01073008386865798,3.040639497019376e-6,-0.1438743929037851,0.885599656783465,0.992,0.496,1.0923819138568591,1.7828588928193767,0.996
Queen contiguity,2007,Xinhua,4806,-1.0960008987193057,Low,0.009890011682594116,2.879466002958808e-6,-0.3388702096925187,0.734707507250946,0.856,0.428,0.7047941984451976,0.4001504527923978,0.9747692307692307
Queen contiguity,2007,Chengbu,6839,-1.8151649887766368,Low,0.010185635516358338,3.7458913443518896e-6,-1.4407523777385336,0.1496546516998805,0.04,0.02,1.5301324491911135,4.104991529966024,0.25142857142857145
Queen contiguity,2007,Dongan,10408,-0.8880594278594501,Low,0.011271899579891494,3.364974550400862e-6,-1.0078791681087802,0.3135124735306926,0.232,0.116,1.185843419469088,2.2063756297641204,0.5898378378378378
Queen contiguity,2007,Dongkou,7013,-1.8359586887843171,Low,0.010334970619632762,2.804199702665127e-6,-1.590211863346248,0.11178705730128127,0.048,0.024,0.8247636603058561,0.7656765189067749,0.264
Queen contiguity,2007,Longhui,4477,-2.8682092414423015,Low,0.009742257142396415,2.962385467354349e-6,-2.1728968697428375,0.029788080130720488,0.004,0.002,0.8747006731217895,0.9881757645435032,0.176
Queen contiguity,2007,Shaodong,9197,-1.2380525515067802,Low,0.010916468187794242,2.585089269555586e-6,-1.1612043277456618,0.2455588152221595,0.204,0.102,0.751200251735574,0.6872152330050625,0.5898378378378378
Queen contiguity,2007,Suining,10283,-1.6672432340385943,Low,0.011221207023203218,2.7086014922989265e-6,-1.6875503808576755,0.0914975710133211,0.024,0.012,0.8121264379103842,0.740463072286512,0.192
Queen contiguity,2007,Wugang,6334,-2.361801973889197,Low,0.01019488680645294,2.8425594758767263e-6,-1.9252487731270629,0.05419824299346739,0.012,0.006,0.9869084333733144,1.6979505778161208,0.176
Queen contiguity,2007,Xinning,5389,-1.976271554690493,Low,0.009671535725475626,3.2261000996010185e-6,-1.462264722329476,0.14366868173461375,0.06,0.03,0.8363100027382682,0.31343348351122957,0.29333333333333333
Queen contiguity,2007,Xinshao,5961,-0.9278980003875171,Low,0.010171569825478276,2.911574787985537e-6,-0.31785542440110887,0.750594606505872,0.852,0.426,0.7555050800381836,0.562134812328805,0.9747692307692307
Queen contiguity,2007,Shaoshan,20622,2.561376964068112,High,0.0155788660284179,3.455659818262673e-6,1.0507859352954219,0.2933569168683922,0.236,0.118,1.3706813950668422,2.507175492518595,0.5898378378378378
Queen contiguity,2007,Xiangxiang,11950,1.2172546066754373,High,0.011856705620629938,3.2513711495047967e-6,1.0839249629085357,0.27839807042957204,0.28,0.14,0.9079306872997721,1.0323629320154621,0.6317948717948718
Queen contiguity,2007,Baojing,7282,-0.9721898630977568,Low,0.0104163098727558,2.7789387243179733e-6,-0.6043572299817815,0.5456061647562299,0.552,0.276,0.7446512570290598,0.9907718545413013,0.8195
Queen contiguity,2007,Fenghuang,5524,-0.6352574753009772,Low,0.009516287609579925,3.399242703943281e-6,0.24905938072997524,0.8033148490246773,0.588,0.294,1.2467886948933382,1.7929956032577659,0.8195
Queen contiguity,2007,Guzhang,5085,-1.3150065247565341,Low,0.00980226136915772,3.021374202963438e-6,-0.622900213235732,0.5333500979060211,0.572,0.286,0.9556727375879154,1.3047634142077014,0.8195
Queen contiguity,2007,Huayuan,14473,0.613726757898203,High,0.013049430997788054,3.2790772347053073e-6,-0.11472860616900706,0.9086602391930115,0.944,0.472,1.1124603774396717,1.7062850906389189,0.996
Queen contiguity,2007,Jishou,17584,0.020510010268051212,High,0.013564347275025104,3.3082097009670948e-6,-1.1872737790590637,0.23511964730408233,0.136,0.068,1.0370621058257319,1.3803925855187744,0.49280000000000007
Queen contiguity,2007,Longshan,4702,-2.2619621913675707,Low,0.008943993801158191,3.7859955103931006e-6,-1.5561261367089319,0.11967810102310204,0.024,0.012,1.1419818455747563,1.432932917712133,0.192
Queen contiguity,2007,Luxi,6244,-1.4576066597885917,Low,0.010222679439882584,2.9436225053792745e-6,-0.9230130878037498,0.3560003848242695,0.344,0.172,0.8687046955585207,1.0470949837219168,0.688
Queen contiguity,2007,Yongshun,4456,-2.357602790456173,Low,0.009479856706554973,3.127932854452402e-6,-1.6152318884652914,0.10626048732267301,0.016,0.008,0.8311645973018961,0.45384163432263236,0.176
Queen contiguity,2007,Anhua,6130,-1.062311483675915,Low,0.010439038664190733,2.6759324395922163e-6,-0.5720543970091884,0.5672851226393698,0.592,0.296,0.6815376939790805,0.37898180928325775,0.8195
Queen contiguity,2007,Nan,8463,0.2347835611694607,Low,0.010789893234130677,3.018107319835045e-6,0.5828698447785665,0.5599809220245289,0.532,0.266,0.8074940447967723,0.8914083429063817,0.8195
Queen contiguity,2007,Yuanjiang,12085,0.08447580136473352,High,0.011757706792155832,3.067931511386067e-6,-0.1280085184648293,0.898142231745032,0.944,0.472,0.8318475984327108,0.4282388020585861,0.996
Queen contiguity,2007,Jianghua,6931,-1.3845845818234674,Low,0.009909932144565632,2.9518323279170774e-6,-0.9148960879349908,0.3602461839993855,0.34,0.17,1.0428510440072651,1.8228871726544735,0.688
Queen contiguity,2007,Lanshan,10033,-0.23876365222199936,Low,0.011227470689763205,3.6819290306287495e-6,-0.20094367585852066,0.8407426157736164,0.972,0.486,1.037968881044407,1.7108769402182995,0.996
Queen contiguity,2007,Ningyuan,5991,-1.0912158381081816,Low,0.010352788947900817,2.451243231010383e-6,-0.5749399632982041,0.56533190111196,0.588,0.294,0.882485659065016,1.1671692114298864,0.8195
Queen contiguity,2007,Shuangpai,10869,-0.559374602842904,High,0.011433020610560903,3.696763011602806e-6,-0.7367407951541414,0.4612799932062379,0.484,0.242,1.0916512605939894,1.3493787942256121,0.8195
Queen contiguity,2007,Xintian,7231,-0.5497521462606302,Low,0.01012661686484671,3.166220126335803e-6,0.020067373004196875,0.9839896274726837,0.864,0.432,1.0236894502718294,1.7896313121555982,0.9747692307692307
Queen contiguity,2007,Huarong,13648,0.5789342025803793,High,0.012981479365762678,3.3235120864087557e-6,-0.02724076490598918,0.9782677020658188,0.832,0.416,1.3306663641302836,2.491725419479681,0.9747692307692307
Queen contiguity,2007,Linxiang,11710,0.45387511956466775,High,0.01233507779561333,3.527646664134469e-6,0.24310809599552494,0.8079216596342964,0.584,0.298,2.134609291354924,7.033460243475787,0.8195
Queen contiguity,2007,Miluo,13949,3.477046070262893,High,0.012339083346500359,2.9845569741269166e-6,3.4822614889150745,4.971979205792403e-4,0.016,0.008,0.7881268570281429,0.6660172537760816,0.176
Queen contiguity,2007,Pingjiang,8065,2.8504877628167513,Low,0.010388506822456792,3.443851393982e-6,3.8819540590430113,1.0362045623687387e-4,0.016,0.008,1.2276692593839693,2.820424215166807,0.176
Queen contiguity,2007,Xiangyin,13413,1.571834208283485,High,0.012199963848862848,3.1791329513757065e-6,1.303516956222523,0.19239833133195533,0.208,0.104,1.1059995572751362,2.461706048648394,0.5898378378378378
Queen contiguity,2007,Cili,7841,-0.673952834415212,Low,0.010298683234476866,3.7969232088829416e-6,-0.28643123804287435,0.774547851987063,0.896,0.448,1.1673972540108704,2.2122739079796467,0.996
Queen contiguity,2007,Chaling,9756,0.054135661427016514,Low,0.010962641383342804,3.155310542574295e-6,0.29914113233682843,0.7648323632720753,0.632,0.316,1.195334650290869,1.9861880979374282,0.8426666666666667
Queen contiguity,2007,Liling,15769,2.232380175216176,High,0.013627252340450436,3.550329102632789e-6,1.6519398625268473,0.09854681081771627,0.14,0.07,1.1953340903207261,1.5991042543945344,0.49280000000000007
Queen contiguity,2007,Yanling,10996,0.6401786115171548,High,0.011407474760317424,2.9348967364726097e-6,0.7257840272505041,0.46797118030258644,0.416,0.208,0.9676660664406498,0.9950754195100355,0.7958260869565217
Queen contiguity,2007,You,15358,0.9870700170799273,High,0.012760434482159445,2.9180882441254653e-6,0.34416723289027806,0.7307205230805658,0.608,0.304,0.9880092648268088,1.2602657487771278,0.8231384615384616
Queen contiguity,2007,Zhuzhou,11301,3.4622434258262844,High,0.011685264707201607,3.2672465033246894e-6,3.4024034439516417,6.67959532906498e-4,0.008,0.004,0.7885031175810696,0.6325538455503916,0.176
Queen contiguity,2007,Sangzhi,6194,-1.5068869326099217,Low,0.010094237078444663,2.6935582403795343e-6,-0.9427730967241958,0.3457969754182774,0.328,0.164,0.5430542667804573,-0.008243811095617115,0.6872380952380953
Queen contiguity,2007,Yueyang,12043,0.7488449769491499,High,0.011628710030387231,2.501880343601107e-6,0.6615186847061881,0.5082797360780277,0.464,0.232,0.7772218617017959,1.1514787046037167,0.8195
Queen contiguity,2007,Qiyang,9996,-0.3668905667058141,Low,0.01123978538278243,2.9491106676886358e-6,-0.30202606393893644,0.7626321940561434,0.856,0.428,0.8540023428424767,1.096314441217336,0.9747692307692307
Queen contiguity,2007,Taojiang,8007,0.7368301027789687,Low,0.010726311223652252,2.3653664403986316e-6,1.2534040551316523,0.2100586964450691,0.224,0.112,0.6437695817016943,0.24832004469197289,0.5898378378378378
Queen contiguity,2007,Shaoyang,4704,-2.1966529181887036,Low,0.010088801503517842,2.5835341071019557e-6,-1.6002042268491736,0.1095532847756415,0.044,0.022,0.8533993769093883,0.7852446010263234,0.2581333333333333
Queen contiguity,2007,Lianyuan,8648,0.1830675377610157,Low,0.010954984388004763,2.625036356284043e-6,0.4387536521271483,0.6608400467284381,0.592,0.296,0.7718617024606722,0.8692230609113731,0.8195
Queen contiguity,2007,Hongjiang,7906,-1.3410273359777816,Low,0.010758638753598945,2.9264363567179005e-6,-1.1116383525839526,0.26629367548900673,0.184,0.092,0.8602789311200528,1.0306638492550722,0.5898378378378378
Queen contiguity,2007,Hengyang,9495,-0.3682051817810135,Low,0.011017944256231295,3.0510253037345695e-6,-0.2259462225050532,0.8212432468983979,0.992,0.496,0.8063114480303609,0.38433643897677117,0.996
Queen contiguity,2007,Guiyang,12879,1.4810296237196647,High,0.011814317249347915,2.2423912537946654e-6,1.2457670971954735,0.21284991233486442,0.22,0.11,0.6954705989319893,0.6184687972448621,0.5898378378378378
Queen contiguity,2007,Changsha,36272,5.295889289291289,High,0.018058655607272617,2.048163120924376e-6,2.238841768797502,0.025166213466243238,0.056,0.028,0.5562798775440084,0.33717889407164403,0.2898823529411765
Queen contiguity,2007,Taoyuan,11371,-0.46306109923665256,High,0.011472329968541367,2.1374084836436417e-6,-0.5240341616967384,0.6002547795486295,0.676,0.338,0.9485089638380119,1.5754210239604243,0.8748235294117648
Queen contiguity,2007,Xiangtan,11140,3.451982551155298,High,0.011427746417587242,2.116809305217868e-6,3.6664515808296656,2.459394602471968e-4,0.016,0.008,0.8702105560209199,1.3336809090333457,0.176
Queen contiguity,2007,Dao,8557,-1.1813856242005596,Low,0.010590772375339045,3.589581789057603e-6,-0.9546434905779554,0.3397580158756068,0.3,0.15,1.1884255043886989,2.4539602748712355,0.66
Queen contiguity,2007,Jiangyong,7789,-1.092533568548118,Low,0.00997642151145848,4.528046788242018e-6,-0.7388308741089302,0.46000970165986566,0.44,0.22,1.731041475964939,5.262510594551433,0.8195
Queen contiguity,2008,Anxiang,14128,0.2425713831350668,High,0.011687596083166461,3.7975497056492777e-6,0.1011757111278064,0.9194109774748709,0.764,0.382,1.3404625069514142,3.1996653649166884,0.9152
Queen contiguity,2008,Hanshou,11478,-0.227169573584446,Low,0.010979502925436938,3.4469986126358014e-6,-0.05596344012425165,0.9553709320494164,0.912,0.456,0.9399636606987821,1.1479396046752246,0.996
Queen contiguity,2008,Jinshi,16969,0.8031040853087412,High,0.012780822056621798,4.273318364311003e-6,0.22148628964213188,0.8247138108096067,0.608,0.304,1.2071102024963531,1.5869134047201792,0.8502153846153847
Queen contiguity,2008,Li,12723,0.5123215321431488,High,0.011627698929325142,3.920317157184017e-6,0.4707509114295846,0.6378186231162046,0.552,0.276,0.9173067181474494,0.7955238157784428,0.8502153846153847
Queen contiguity,2008,Linli,14564,0.5705933056249128,High,0.012008495668467763,4.146917525108016e-6,0.3375223411575461,0.7357231734000025,0.576,0.288,1.3300457917253095,2.415031862897062,0.8502153846153847
Queen contiguity,2008,Shimen,12902,-0.3826165492302932,High,0.011410978305994184,3.008194524491512e-6,-0.5012234594407622,0.6162138658125024,0.684,0.342,0.7841123038628218,0.6907611487960419,0.8850285714285714
Queen contiguity,2008,Liuyang,25545,4.153090711351005,High,0.015151284207091996,3.65992151651902e-6,3.0885888084304867,0.0020110957575169585,0.024,0.012,1.5021653995068078,4.34644937274263,0.18773333333333334
Queen contiguity,2008,Ningxiang,22659,2.1591822091123825,High,0.013233504993557698,2.8071116442800724e-6,1.2953029448385174,0.19521574373034872,0.228,0.114,0.6062494198098392,0.15974914869374457,0.6034285714285714
Queen contiguity,2008,Wangcheng,28581,4.560895930282463,High,0.014811136982128763,3.448543280600297e-6,3.0485500980833953,0.0022994856842157635,0.028,0.014,1.1968602665315011,1.9957232351147454,0.18773333333333334
Queen contiguity,2008,Anren,8804,1.0083668474405092,Low,0.010633019114371403,2.3668219662245664e-6,1.6309936895799702,0.10289165104924276,0.148,0.074,0.6992445678212921,0.601925692040012,0.592
Queen contiguity,2008,Guidong,5932,-0.3256256787258935,Low,0.009024067030911362,4.2442386709905185e-6,0.7289216815981779,0.46604957128616953,0.388,0.194,1.155082693951975,1.7811043188846503,0.7422608695652174
Queen contiguity,2008,Jiahe,15285,-0.16674448289785926,High,0.012021949203485201,3.341325734519272e-6,-0.556113048209173,0.5781335756699737,0.628,0.314,1.019091883627935,1.5950449019076025,0.8502153846153847
Queen contiguity,2008,Linwu,13441,0.3878376556062835,High,0.011549963455944437,3.831941499366405e-6,0.36738788187403204,0.71332970944678,0.616,0.308,0.9960840464599465,1.3760054197038416,0.8502153846153847
Queen contiguity,2008,Rucheng,6366,-0.15891826164410744,Low,0.009128110372517253,3.844674022629447e-6,0.9315704240911846,0.35155857380803934,0.32,0.16,1.0279357891786784,0.8749989496115274,0.686829268292683
Queen contiguity,2008,Yizhang,13391,0.9304054981458252,High,0.011533151470028476,3.5772194476011826e-6,1.0588940547589991,0.28964803217019774,0.268,0.134,1.0580012095375526,1.6533499731028556,0.6047179487179487
Queen contiguity,2008,Yongxing,16973,1.4427818961704035,High,0.012363250267299944,3.1886549692131555e-6,1.1760002599775063,0.23959477216962746,0.24,0.12,0.8619625530237135,0.6226442123209783,0.6034285714285714
Queen contiguity,2008,Zixing,29006,1.1635008717999853,High,0.014500897772671457,2.9848267122202024e-6,-0.5557898761154431,0.5783545071502554,0.612,0.306,0.9932520209111779,1.6322541061453588,0.8502153846153847
Queen contiguity,2008,Changning,12898,0.24507666823757004,High,0.01129261467630882,3.4524083232058074e-6,0.32158590938162673,0.7477664199277592,0.62,0.31,1.0325792930560471,1.7668237228254862,0.8502153846153847
Queen contiguity,2008,Hengdong,13874,0.3492511749653171,High,0.011734011677805018,3.3365623046011783e-6,0.1790882523144463,0.8578684061796286,0.668,0.334,0.948566129132624,1.151854794858937,0.8773731343283583
Queen contiguity,2008,Hengnan,12351,-0.09857263156736959,Low,0.01131773815693075,3.2158229194227224e-6,-0.07725679432768275,0.9384192612652404,0.968,0.484,0.8460391005977373,0.8246197879001467,0.996
Queen contiguity,2008,Hengshan,12627,-0.19442191831599964,Low,0.011442203604448399,4.0045597924255e-6,-0.24798374140409682,0.8041469864522061,0.944,0.472,1.053380044916201,1.4323050828325963,0.996
Queen contiguity,2008,Leiyang,14731,0.40290962969532645,High,0.011922584237996258,3.878986412152529e-6,0.15569108954369154,0.8762765210346536,0.704,0.352,1.1372804015115487,1.7118831790107096,0.8850285714285714
Queen contiguity,2008,Qidong,13469,-0.5386710270774802,High,0.011510246026811022,3.0463506425817283e-6,-0.6614746551607618,0.5083079631247147,0.544,0.272,0.9154006049068527,1.428608984624507,0.8502153846153847
Queen contiguity,2008,Chenxi,7868,-1.4038184767271864,Low,0.010012719764900533,3.244822493409108e-6,-0.9242855647054197,0.3553376564629275,0.26,0.13,1.0345693906471645,1.3859746179282855,0.6047179487179487
Queen contiguity,2008,Zhongfang,14660,-1.0212256517876375,High,0.011959485252554896,3.7421206921628766e-6,-1.4421524689680734,0.14925936597069409,0.056,0.028,0.9749511764912038,1.2092075798427535,0.2898823529411765
Queen contiguity,2008,Huitong,8168,-1.1242188138716098,Low,0.010167889860957615,4.790601995235812e-6,-0.6528932359255166,0.5138251099484537,0.544,0.272,1.1142405553685948,1.1821457370076356,0.8502153846153847
Queen contiguity,2008,Jingzhou,11398,-1.0379843906977082,Low,0.01082022960927295,3.3795045293164204e-6,-1.1572724338673208,0.247161072237398,0.16,0.08,1.0766541154006957,1.4813960293307744,0.6034285714285714
Queen contiguity,2008,Mayang,7130,-1.6254169090081998,Low,0.009787879125846046,3.004881909315967e-6,-1.105406891743802,0.268983318851275,0.212,0.106,0.9568002425560969,1.6909961619013618,0.6034285714285714
Queen contiguity,2008,Tongdao,6655,-1.3982425354327923,Low,0.009266039185096218,4.914733405595524e-6,-0.6767338513512704,0.49857483450282886,0.544,0.272,1.5491773909346078,4.091867510392315,0.8502153846153847
Queen contiguity,2008,Xinhuang,8479,-0.9696219429992019,Low,0.008786806774862464,3.0169769412841636e-6,-0.39306494146244936,0.694271517053196,0.772,0.382,2.189514256435633,7.929644479220048,0.9152
Queen contiguity,2008,Xupu,7354,-2.097378122668475,Low,0.010512523258285795,2.7973581088836262e-6,-1.7029840184475797,0.088571059239494307,0.032,0.016,0.5927447065413792,0.20071167433576242,0.18773333333333334
Queen contiguity,2008,Yuanling,12259,-2.015904954362412,Low,0.011267358086335095,2.9838159808353626e-6,-2.002708159468061,0.045208622483456876,0.004,0.002,1.0416561564674314,2.6188049147940147,0.0704
Queen contiguity,2008,Zhijiang,10145,-1.2055430557575797,Low,0.010632388753177341,3.1135023643028363e-6,-1.0533560080312596,0.29217785839928445,0.252,0.126,1.0763681757388104,2.2992209904855576,0.6047179487179487
Queen contiguity,2008,Lengshuijiang,33518,1.8663920902553974,High,0.018658664327953534,3.8041218889310484e-6,-1.2779612082956906,0.2012631043930223,0.116,0.058,1.1733960002031112,1.7240735272132692,0.5104000000000001
Queen contiguity,2008,Shuangfeng,9517,-0.5069567664667691,Low,0.01068762284950565,3.1468421287783543e-6,-0.18966249882528646,0.849573608956234,0.944,0.472,0.672788883693748,0.474800682252122,0.996
Queen contiguity,2008,Xinhua,5622,-1.0786229474281783,Low,0.009842687755333215,2.9677342855970563e-6,-0.36756567538697865,0.7131971127863554,0.8,0.4,0.8189212977596355,0.9494035668612488,0.9263157894736843
Queen contiguity,2008,Chengbu,7744,-1.8560738678530115,Low,0.00997048707150613,3.900254075228797e-6,-1.4888341674191903,0.13653104262011548,0.024,0.012,1.223819841148268,1.7647651386764558,0.18773333333333334
Queen contiguity,2008,Dongan,11989,-0.9613139877863278,Low,0.011185811221026777,3.7603971474404787e-6,-1.0657096079432298,0.2865549330524754,0.212,0.106,1.1746804116688812,1.680512586573319,0.6034285714285714
Queen contiguity,2008,Dongkou,8018,-1.8865034064763018,Low,0.01025688829615225,3.7827903481009042e-6,-1.5147450645524145,0.1298369773266007,0.036,0.018,1.2239902573910613,2.52642407146623,0.19799999999999998
Queen contiguity,2008,Longhui,5336,-2.7574642500316036,Low,0.009648557000850244,3.2741742673265844e-6,-2.0956190103531354,0.036116001469179024,0.004,0.002,1.055457005668037,1.7454246215595726,0.0704
Queen contiguity,2008,Shaodong,11413,-1.1939443318020475,Low,0.011095613641749375,3.315263011838673e-6,-1.1623813262380955,0.24508060510692728,0.172,0.086,1.0429273372428303,1.9221467491080002,0.6034285714285714
Queen contiguity,2008,Suining,10834,-1.7509924242470072,Low,0.010984396860577053,2.8674334124443145e-6,-1.710849582926795,0.08710888372825408,0.032,0.016,0.7745831917996001,0.7243533114861074,0.18773333333333334
Queen contiguity,2008,Wugang,7751,-2.35002155947602,Low,0.010168984034724214,3.3882289735715283e-6,-1.9007097113298812,0.057340045832346476,0.004,0.002,1.139945886496876,1.9446057115921596,0.0704
Queen contiguity,2008,Xinning,6295,-1.9322754177907029,Low,0.009355287571627192,3.448040666960887e-6,-1.3479630964795564,0.17767025230007955,0.092,0.046,1.1766144507544891,2.1277105352781094,0.42610526315789476
Queen contiguity,2008,Xinshao,7055,-0.8528647748053317,Low,0.009980189624424393,3.156757542881525e-6,-0.1800171937518286,0.8571390700412754,0.996,0.498,0.8454643973623512,1.020369078414066,0.996
Queen contiguity,2008,Shaoshan,25249,2.6219092677954365,High,0.015734466001403383,4.017183264146573e-6,1.1853006012893772,0.2358986158502111,0.24,0.12,1.604651524857734,4.307786372977865,0.6034285714285714
Queen contiguity,2008,Xiangxiang,14424,1.2739137503325704,High,0.011810093553046064,3.7496857357470914e-6,1.1827722439460655,0.23689942362611266,0.236,0.118,1.1709935917623804,2.1000991288171242,0.6034285714285714
Queen contiguity,2008,Baojing,8754,-0.9663479781137383,Low,0.01060117424066387,3.963470376114753e-6,-0.6598068562770066,0.5093777829014832,0.512,0.256,1.0404301497646398,1.4129749507469525,0.8502153846153847
Queen contiguity,2008,Fenghuang,6491,-0.6682902125637453,Low,0.009480599829630194,3.843404255070356e-6,0.164629763599699,0.8692354028910289,0.704,0.352,0.9270442303191365,0.9630999192337195,0.8850285714285714
Queen contiguity,2008,Guzhang,6354,-1.2880981648496175,Low,0.00979721461436819,3.72995510311213e-6,-0.6217755910629358,0.534089438570195,0.628,0.314,1.086900085658314,1.3025812485258355,0.8502153846153847
Queen contiguity,2008,Huayuan,17460,0.4756297111126188,High,0.012926742891760797,4.096186465891447e-6,-0.16762099132732322,0.866881456161805,0.996,0.498,1.7750707175674665,6.005239821772037,0.996
Queen contiguity,2008,Jishou,19997,-0.09665614967304309,High,0.013155428821413807,3.860325870314227e-6,-1.0176462110574986,0.30884611798226613,0.236,0.118,1.302040023065453,2.8919676299355856,0.6034285714285714
Queen contiguity,2008,Longshan,5796,-2.1248944387478796,Low,0.009015424256593102,3.834645513763747e-6,-1.5929836819225296,0.11116385180576975,0.032,0.016,1.0898658190288735,1.4174316686821307,0.18773333333333334
Queen contiguity,2008,Luxi,8003,-1.4170636996217927,Low,0.010186475235297589,2.838530608235632e-6,-0.9810752845586832,0.326555617453925,0.284,0.142,0.9605021793605244,1.5304835893776518,0.6248
Queen contiguity,2008,Yongshun,5361,-2.2448784754249775,Low,0.009467217986877623,3.403248996585434e-6,-1.5862654444154456,0.11267910755691783,0.028,0.014,0.8866151660393589,0.9910940963807486,0.18773333333333334
Queen contiguity,2008,Anhua,7230,-0.9631086953690036,Low,0.010306990845633931,2.903530126503551e-6,-0.4374715708025699,0.661769389215578,0.776,0.388,0.7645615830044913,0.7062525369186252,0.9152
Queen contiguity,2008,Nan,10120,0.21124729824137817,Low,0.010855119071563621,2.954469616964774e-6,0.5412940819202748,0.5883048989471791,0.516,0.258,0.8903374914279406,1.4921029738361273,0.8502153846153847
Queen contiguity,2008,Yuanjiang,14482,0.1670549321881578,High,0.012019710350356459,4.184533114031529e-6,-0.14527894158253318,0.884490640505174,0.98,0.49,1.0175536461867256,1.374461564957631,0.996
Queen contiguity,2008,Jianghua,8578,-1.2841139989089327,Low,0.010106179599037481,3.97142123456493e-6,-0.8734360268705754,0.382425461306382,0.364,0.182,1.0857281672476387,1.4054881383217417,0.7196444444444444
Queen contiguity,2008,Lanshan,11564,-0.5459194882520426,Low,0.010925742115851978,3.567067844928641e-6,-0.44300415602447346,0.657762728610167,0.76,0.38,1.088762620867511,1.5108772845522251,0.9152
Queen contiguity,2008,Ningyuan,7051,-1.1085297338273197,Low,0.010337930116918784,3.5358069488130096e-6,-0.5575906943412038,0.5771239123268457,0.648,0.324,0.920148538465945,1.4954567326943646,0.864
Queen contiguity,2008,Shuangpai,13854,-0.4932394933074973,High,0.011787637173055194,4.0734593865173795e-6,-0.8389171866244328,0.4015157826492205,0.368,0.184,1.3722604311661044,3.2100283445739617,0.7196444444444444
Queen contiguity,2008,Xintian,8312,-0.679432287932786,Low,0.01008269860603754,3.4494458561662407e-6,-0.16441488393938183,0.8694045473268835,0.992,0.496,0.9944454632491988,1.3840991981944644,0.996
Queen contiguity,2008,Huarong,16722,0.600662870902451,High,0.013119772491576634,3.935750426981381e-6,-0.0089428748753049,0.9928647133153677,0.848,0.424,1.6238179141976874,3.856229310351435,0.9446075949367088
Queen contiguity,2008,Linxiang,15351,0.6722431686832998,High,0.012821816421295533,2.9282629619421715e-6,0.4684902648664794,0.6394340311789842,0.364,0.186,2.233668278670152,8.302448792342387,0.7196444444444444
Queen contiguity,2008,Miluo,16968,3.6320431778871676,High,0.012326490240395319,3.542640652284049e-6,3.6340537898604586,2.790026555460443e-4,0.02,0.01,1.0901246766679804,1.5995863185681864,0.18773333333333334
Queen contiguity,2008,Pingjiang,9748,3.0244753183663007,Low,0.010377160780541211,3.7269212333070076e-6,4.168739888535491,3.0628828562451646e-5,0.004,0.002,1.0865723605792723,1.365929423046846,0.0704
Queen contiguity,2008,Xiangyin,16070,1.690447223446522,High,0.012208268625596418,3.4755153531447208e-6,1.4949576450094315,0.134925496382273,0.192,0.096,1.035865082948645,1.3229874084353028,0.6034285714285714
Queen contiguity,2008,Cili,8817,-0.8680697209242606,Low,0.009939539930479328,4.114547619118571e-6,-0.3991062888363415,0.6898148886348234,0.824,0.412,1.1161255208001377,1.0673844389678484,0.9296410256410256
Queen contiguity,2008,Chaling,12069,-0.035020695707539996,Low,0.011115983699790194,3.4303231127376196e-6,0.08505949553672465,0.9322140914382377,0.78,0.39,1.161913964039917,1.8765788825907999,0.9152
Queen contiguity,2008,Liling,19447,2.354522005349326,High,0.013833656428285589,4.137267555182093e-6,1.7642213356184921,0.07769472197868396,0.128,0.064,1.1229680133070927,1.5834035493670449,0.5363809523809524
Queen contiguity,2008,Yanling,11434,0.41609220130612035,Low,0.010917071845945089,3.328922047366197e-6,0.7346912754814576,0.4625275349180981,0.42,0.21,0.910780417715216,1.2290175098267104,0.7773333333333333
Queen contiguity,2008,You,18462,0.9932025195615205,High,0.012820547189998604,3.5763412923693214e-6,0.35789237558291864,0.7204238567298984,0.584,0.292,1.3245003950343597,3.9407617089472256,0.8502153846153847
Queen contiguity,2008,Zhuzhou,14209,3.6009324297837217,High,0.01175910404541071,3.857274911651093e-6,3.4603398615184693,5.394940119560445e-4,0.02,0.01,1.0700099441830846,1.5203410583773422,0.18773333333333334
Queen contiguity,2008,Sangzhi,7157,-1.6112685041735033,Low,0.010184885881987524,3.7016929973500075e-6,-1.0598736303722636,0.28920209368386657,0.224,0.112,1.0428111474470816,1.3184743315913359,0.6034285714285714
Queen contiguity,2008,Yueyang,14860,0.8079917103821104,High,0.011834989530214154,2.867912181575946e-6,0.6144061381874478,0.5389469806119924,0.46,0.23,0.7075000935831965,0.8468447534665433,0.8261224489795919
Queen contiguity,2008,Qiyang,11495,-0.453122972951452,Low,0.011173072925138156,3.1858552534368556e-6,-0.36824615557636986,0.7126896974058086,0.812,0.406,0.8451809889198488,0.8922001726114992,0.928
Queen contiguity,2008,Taojiang,9985,1.0469509699147128,Low,0.010880440964987047,3.082564661639427e-6,1.3909707486919398,0.16423429708905293,0.204,0.102,0.9001697397851534,0.7201414347554485,0.6034285714285714
Queen contiguity,2008,Shaoyang,5759,-2.0873784527687156,Low,0.00998208695129714,2.842122091629058e-6,-1.4972620571056243,0.13432508356635986,0.072,0.036,0.7655535593458297,0.8882212655786832,0.352
Queen contiguity,2008,Lianyuan,10396,0.28222833490995136,Low,0.010836770029169733,2.4479119276304636e-6,0.6549151490514128,0.5125223860764065,0.488,0.244,0.718360312402225,0.557756909965565,0.8502153846153847
Queen contiguity,2008,Hongjiang,9739,-1.2737822132916492,Low,0.01075005479572488,3.256828634789284e-6,-1.069634879947294,0.28478368860684433,0.236,0.118,0.9023316670841026,0.8227364816504497,0.6034285714285714
Queen contiguity,2008,Hengyang,11057,-0.428606425754832,Low,0.010867883333605886,3.4200964218500807e-6,-0.2298298618580982,0.8182239793652952,0.94,0.47,0.8457662925574377,0.6932061060613912,0.996
Queen contiguity,2008,Guiyang,14943,1.2722964315407501,High,0.01165858692199609,2.7210103001128404e-6,1.1099772506169714,0.2670088296897649,0.268,0.134,0.8024931217557597,0.8877187562896056,0.6047179487179487
Queen contiguity,2008,Changsha,46371,5.603953709687399,High,0.01869799589005683,2.2306331406442382e-6,2.582810213228158,0.009799921571625974,0.032,0.016,0.4560709680350648,0.11994591851046232,0.18773333333333334
Queen contiguity,2008,Taoyuan,13197,-0.5768672522077386,High,0.011366535489055571,2.2347828621750835e-6,-0.5873021002410449,0.5570008308377321,0.6,0.3,0.5567100491569031,0.22987231756636373,0.8502153846153847
Queen contiguity,2008,Xiangtan,13364,3.654968976787842,High,0.011532689826317185,2.498352143304289e-6,3.756838661745962,1.7207335413001054e-4,0.004,0.002,0.6407127290773449,0.23613474878395335,0.0704
Queen contiguity,2008,Dao,10012,-1.0456479720450993,Low,0.01058668726699855,3.5981919979106106e-6,-0.8774209103505373,0.3802580596361766,0.36,0.18,0.8983887662908903,0.7641197012331897,0.7196444444444444
Queen contiguity,2008,Jiangyong,10172,-0.9095619209959005,Low,0.010505019119778754,5.025431398622227e-6,-0.7912445564906628,0.42880129530916256,0.424,0.212,1.1902929034222396,1.4157141223648555,0.7773333333333333
Queen contiguity,2009,Anxiang,16763,0.4058225583067368,High,0.011934539968049523,4.755336397750996e-6,0.1967563346455559,0.8440182229868207,0.668,0.334,1.1990472354104598,1.867949460796849,0.9353142857142857
Queen contiguity,2009,Hanshou,12140,-0.2467707943088278,Low,0.010879607307550361,4.767252861675757e-6,-0.05680359797302868,0.9547016478000585,0.9,0.45,1.708781791194783,5.097359116885281,0.9847619047619047
Queen contiguity,2009,Jinshi,20528,0.9146754870439145,High,0.012963015585204107,4.451099051042659e-6,0.40288193557773055,0.6870350810808347,0.564,0.282,1.2414335726234955,3.1294952349284237,0.870736842105263
Queen contiguity,2009,Li,15786,0.8087707586578999,High,0.011702981185237332,4.925220156889789e-6,0.8229784445538229,0.41052025145933135,0.336,0.168,1.1156632496369825,1.2474562187550715,0.7509333333333333
Queen contiguity,2009,Linli,16160,0.7283305409182887,High,0.011811648099445163,5.460284543890943e-6,0.6429291924868451,0.52027004612379,0.372,0.186,1.7190590151592209,4.595330588612221,0.7509333333333333
Queen contiguity,2009,Shimen,17355,0.0013305246589236665,High,0.012139267082862733,5.165737033658912e-6,-0.3398202595606636,0.7339918899730674,0.916,0.458,1.020395099198366,1.0086759242345664,0.9847619047619047
Queen contiguity,2009,Liuyang,31397,4.392061685083136,High,0.015751187685704042,5.755485235529292e-6,3.0735943150173877,0.002114968228980296,0.044,0.022,2.067782154691534,6.954720111772868,0.2765714285714285
Queen contiguity,2009,Ningxiang,29326,2.25177058680462,High,0.014003127064806676,3.769925247027495e-6,1.129466472490171,0.2587011053268731,0.224,0.112,1.2518919283153331,3.7618306594758595,0.5901176470588236
Queen contiguity,2009,Wangcheng,37231,5.185431953677713,High,0.015808215947109745,4.322164300047068e-6,3.575467153206035,3.496030697918628e-4,0.02,0.01,1.2934508071558601,2.3543201866950305,0.19555555555555557
Queen contiguity,2009,Anren,6386,0.5940732461735705,Low,0.010141139190842169,4.175701079512709e-6,1.1863865137647727,0.235469695130403,0.228,0.114,1.4881454457730194,4.034647057150517,0.5901176470588236
Queen contiguity,2009,Guidong,5615,-0.48327249776765735,Low,0.008644138549741193,5.723360453045067e-6,0.5405676853007385,0.5888055962311891,0.416,0.208,1.8424310146978673,5.686920934514051,0.7626666666666666
Queen contiguity,2009,Jiahe,17190,-0.19482443699299298,High,0.012060655833275752,5.54276643717194e-6,-0.499966679342497,0.6170985397437573,0.708,0.354,1.3357263748116368,2.1803750689469457,0.9353142857142857
Queen contiguity,2009,Linwu,15375,0.09043467926049306,High,0.011527111140450326,4.674567583408674e-6,0.03639828078938804,0.9709647850039828,0.824,0.412,1.2326515018064765,2.287497992843986,0.9691428571428571
Queen contiguity,2009,Rucheng,5707,-0.6114266020422415,Low,0.008947060877624162,7.2339601016762725e-6,0.22757630185841507,0.8199756449270712,0.636,0.318,1.7333504894349425,4.231638222165356,0.9175081967213116
Queen contiguity,2009,Yizhang,10292,0.28714308902128305,Low,0.010426129914044235,5.474909573911254e-6,0.7292907739445639,0.4658238146533902,0.364,0.182,1.4595667186563261,2.4660156410638265,0.7509333333333333
Queen contiguity,2009,Yongxing,19164,1.1520112945462309,High,0.012362010457994763,4.32664929418777e-6,0.8847020015592761,0.3763173758783447,0.34,0.17,1.1479747807522682,1.4953934470424457,0.7509333333333333
Queen contiguity,2009,Zixing,32958,0.5767294413586957,High,0.014516627623514957,3.4380664487369182e-6,-1.0329398670729957,0.3016320403666791,0.216,0.108,1.2043428040332536,1.8942599923013583,0.5901176470588236
Queen contiguity,2009,Changning,14905,0.15868661412096166,High,0.011351933557292245,4.780779237177927e-6,0.18418195139894178,0.8538707179593702,0.692,0.346,1.0642205596090581,1.1305891825515308,0.9353142857142857
Queen contiguity,2009,Hengdong,16461,0.1637461351314396,High,0.011874451896786637,4.614888236623635e-6,-0.06318395122369745,0.9496200243108246,0.932,0.466,1.1599412259547657,1.9701053282903924,0.9847619047619047
Queen contiguity,2009,Hengnan,13334,-0.2355236798283029,Low,0.011222747575806125,4.029186996347634e-6,-0.18162137163969858,0.855879875651735,1,0.5,0.8448835253541975,0.5689941314671914,1
Queen contiguity,2009,Hengshan,15357,-0.15754258231764642,High,0.011614837890906594,5.334094225566092e-6,-0.27684575293554387,0.7818985478786638,0.972,0.486,1.4060346484677222,2.5768781364529953,1
Queen contiguity,2009,Leiyang,17756,0.2833578716789647,High,0.012185736808298327,5.016022327451434e-6,-0.055318516820463064,0.9558847104636063,0.9,0.45,1.3789212531556767,2.886906701837357,0.9847619047619047
Queen contiguity,2009,Qidong,13516,-0.674450717720317,Low,0.011282417719128834,3.856530953923736e-6,-0.6956960039477408,0.4866192286090285,0.524,0.262,0.8672681195203411,0.791662022702615,0.8512000000000001
Queen contiguity,2009,Chenxi,9099,-1.1316057373311157,Low,0.010217774932867105,4.659373490851882e-6,-0.7609086662792637,0.4467116218990628,0.436,0.218,1.237966007350022,1.861842640479498,0.7830204081632653
Queen contiguity,2009,Zhongfang,16912,-0.9106728229418223,High,0.012080522365595012,4.619948234279468e-6,-1.3775079429720845,0.16835526074748355,0.076,0.038,0.821017148836232,0.20971210810056906,0.352
Queen contiguity,2009,Huitong,8069,-1.2595791836136125,Low,0.009749723838240125,5.280055035750721e-6,-0.7655254263331346,0.44395873176204836,0.464,0.232,1.2737159121416635,2.0779706430368075,0.81664
Queen contiguity,2009,Jingzhou,11994,-1.153381443012248,Low,0.010656638476627529,5.312375734983587e-6,-1.1701121134156836,0.24195585432597636,0.112,0.056,1.300141459889435,1.9022550343528994,0.464
Queen contiguity,2009,Mayang,8044,-1.2525993766720682,Low,0.010009400164910105,4.407309184375674e-6,-0.8251206249627103,0.4093031113172434,0.412,0.206,0.9490913501640932,1.1469463062376128,0.7626666666666666
Queen contiguity,2009,Tongdao,7491,-1.469441166845836,Low,0.009227482390705885,5.185275387118725e-6,-0.9663810148277442,0.3338535604684337,0.216,0.108,1.6107636999018629,3.679434101823116,0.5901176470588236
Queen contiguity,2009,Xinhuang,8029,-1.0607704594564225,Low,0.008270461526975624,7.34520116582565e-6,-0.36781164195246646,0.713013687617648,0.824,0.406,2.849452461969183,10.138934442561593,0.9691428571428571
Queen contiguity,2009,Xupu,7855,-1.898790168255232,Low,0.010351664119689285,3.8139899471953973e-6,-1.44875526753715,0.1474059400634012,0.068,0.034,1.1118492788072967,2.3455453229243295,0.352
Queen contiguity,2009,Yuanling,13596,-1.7005855193115276,Low,0.011349158398990915,4.306662865250921e-6,-1.6508169802092294,0.09877595182106048,0.028,0.014,0.9665260634414975,1.1255482401806667,0.224
Queen contiguity,2009,Zhijiang,11462,-1.2005610789008077,Low,0.010691455914948406,4.059778707907372e-6,-1.1345812961243649,0.25655079356843663,0.192,0.096,0.9347727989495609,0.8871342364066606,0.5901176470588236
Queen contiguity,2009,Lengshuijiang,35033,1.2066422105911259,High,0.017729007304598962,5.217482218131527e-6,-1.227679693012874,0.21956723244091966,0.072,0.036,1.6897070263368144,3.775656990720793,0.352
Queen contiguity,2009,Shuangfeng,9553,-0.5839444905480075,Low,0.010400345148299786,4.74820587741343e-6,-0.17177764438233636,0.8636123414585573,0.992,0.496,1.5278663875404697,3.725275317508694,1
Queen contiguity,2009,Xinhua,7037,-1.1364047861889324,Low,0.009907368367107063,4.618611699556624e-6,-0.5336271527331138,0.5935995184486405,0.632,0.316,1.4434524988513235,4.37581504631379,0.9175081967213116
Queen contiguity,2009,Chengbu,6690,-1.970463439159068,Low,0.009566157757581673,5.4210446491241716e-6,-1.4942697033028671,0.13510514049814068,0.016,0.008,1.4627261403138325,2.8851101458527593,0.176
Queen contiguity,2009,Dongan,13364,-1.0177650321264389,Low,0.011087839103727013,5.062359251616113e-6,-1.0887376712220462,0.27626958440466276,0.18,0.09,1.3384784878338853,2.728325355434918,0.5901176470588236
Queen contiguity,2009,Dongkou,7873,-1.9382453230133727,Low,0.010128186446941375,4.796902355124522e-6,-1.616519178965672,0.1059821101892177,0.044,0.022,1.055444431364536,2.0313907235421738,0.2765714285714285
Queen contiguity,2009,Longhui,5888,-2.571598672945969,Low,0.009760354285724256,4.302339527563146e-6,-2.0669578691560817,0.03873812404366259,0.004,0.002,1.1398154562861553,2.464512911021605,0.11733333333333333
Queen contiguity,2009,Shaodong,13348,-1.2754717810346357,Low,0.010978441847367616,4.233586365886085e-6,-1.2327370312243338,0.2176738910740809,0.132,0.066,1.1558108801751632,1.8846724760282516,0.5050434782608696
Queen contiguity,2009,Suining,10645,-1.9521504116364268,Low,0.010799039928582312,4.078615824218218e-6,-1.794891805648087,0.07267093976661784,0.012,0.006,1.1094357874760374,2.1548894682965587,0.15085714285714286
Queen contiguity,2009,Wugang,7797,-2.380392372316485,Low,0.010102335160918335,4.222188669095e-6,-2.0397634196508605,0.04137389486326301,0.004,0.002,1.3355161612245825,2.8597911336710053,0.11733333333333333
Queen contiguity,2009,Xinning,6748,-1.897080246656736,Low,0.009314912112464742,4.852069215278754e-6,-1.3761823622958058,0.16876518127862813,0.04,0.02,1.565132194894932,3.8583034425199285,0.2765714285714285
Queen contiguity,2009,Xinshao,6681,-1.0148185212491616,Low,0.009812244728137699,3.7180797116235427e-6,-0.4009801493616206,0.6884347389083557,0.744,0.372,1.0375224358117945,1.6215102002246056,0.9353142857142857
Queen contiguity,2009,Shaoshan,26459,2.2247822390166325,High,0.015118643611781774,4.563083846384544e-6,1.3158930574508036,0.18820993927630325,0.196,0.098,1.3548694932099017,2.598685812861162,0.5901176470588236
Queen contiguity,2009,Xiangxiang,16184,1.0273860072159409,High,0.011810283681798582,4.2852943729796705e-6,1.0071409397633824,0.3138670498397776,0.28,0.14,0.9990097304599214,1.2397176920608182,0.6844444444444445
Queen contiguity,2009,Baojing,10974,-0.8205711766240916,Low,0.010613277099192962,4.941355123704919e-6,-0.5720255790593707,0.5673046456191877,0.624,0.312,1.345163093214974,2.4457973286671546,0.9175081967213116
Queen contiguity,2009,Fenghuang,8412,-0.4538445608929841,Low,0.0098740465974781165,4.401785721739347e-6,0.13072262008566485,0.8959947376520753,0.736,0.368,1.152621996459232,2.060083741996327,0.9353142857142857
Queen contiguity,2009,Guzhang,7061,-1.0022914867740864,Low,0.00969258393096943,4.439327561844601e-6,-0.37904578659661337,0.7046538634912909,0.804,0.402,1.2643551604607137,2.422564121513803,0.9691428571428571
Queen contiguity,2009,Huayuan,18150,0.36018032185421345,High,0.012519245896133761,5.8200287042239124e-6,-0.0383920059725432,0.9693751345946022,0.844,0.422,2.177106192495441,8.132112760463576,0.9691428571428571
Queen contiguity,2009,Jishou,22675,0.03337177337497443,High,0.013264323485882702,4.884640851192026e-6,-0.8227859300367888,0.4106297392085616,0.372,0.186,1.2784215236516354,2.5930049179916255,0.7509333333333333
Queen contiguity,2009,Longshan,6586,-1.7828142218267085,Low,0.008926617176664452,6.301823229752721e-6,-1.1251645334799187,0.2605193191225884,0.116,0.058,1.7320233930408715,3.7772269397912988,0.464
Queen contiguity,2009,Luxi,11100,-1.0196646641933804,Low,0.010914531446932928,4.589047962692064e-6,-0.8806669470015667,0.37849811175883363,0.384,0.192,0.9382912192611055,1.6020634751754086,0.7509333333333333
Queen contiguity,2009,Yongshun,6051,-1.9178805121364564,Low,0.009424957102115586,4.241467258914192e-6,-1.353283780647264,0.1759649887371125,0.072,0.036,1.2193904026408435,1.7526715875331034,0.352
Queen contiguity,2009,Anhua,8528,-0.7063891048770683,Low,0.010330121998964246,3.6390275768642755e-6,-0.25291064046458306,0.8003372668241994,0.94,0.47,0.6715525422317432,0.14454408074795388,0.9847619047619047
Queen contiguity,2009,Nan,12410,0.2263133020719763,Low,0.011070049038838663,4.4881343432999005e-6,0.3832802459097679,0.7015119844704409,0.544,0.272,1.1052314874210387,1.2699223018122714,0.8548571428571429
Queen contiguity,2009,Yuanjiang,14923,0.04238193800674707,High,0.011492101365549155,4.893716502039525e-6,-0.010864429036196891,0.9913316103404934,0.848,0.424,1.2044993651463416,2.5885738232087014,0.9691428571428571
Queen contiguity,2009,Jianghua,9605,-1.32284566161495,Low,0.010055350213083238,4.927739417595502e-6,-1.0064175595902785,0.3142147502886799,0.228,0.114,1.4009048395399473,2.7346699078250634,0.5901176470588236
Queen contiguity,2009,Lanshan,12406,-0.5605388865083447,Low,0.010966969496991698,5.374716214772748e-6,-0.4763628473699526,0.6338158983618967,0.728,0.364,1.0315374931528978,0.9549328460255633,0.9353142857142857
Queen contiguity,2009,Ningyuan,7649,-1.1189608155780355,Low,0.010231236324382385,3.476786151608484e-6,-0.6805630361966257,0.49614802263085844,0.528,0.264,0.7410604747316715,0.222200010623681,0.8512000000000001
Queen contiguity,2009,Shuangpai,14984,-0.5849360471544558,High,0.011770197451514343,6.079804852166255e-6,-0.8650052797428173,0.38703589093067625,0.324,0.162,1.4342676030327255,2.459944220197059,0.7509333333333333
Queen contiguity,2009,Xintian,9089,-0.6719214456729473,Low,0.010049378237553261,5.575582253178734e-6,-0.20541822573498641,0.8372453818147418,0.996,0.498,1.3910194904090323,2.8316877850758457,1
Queen contiguity,2009,Huarong,19538,0.6628405596501451,High,0.013523135247555464,6.715945819648834e-6,0.015728304113402387,0.9874511463707316,0.736,0.368,1.8260286774790224,4.515226237651473,0.9353142857142857
Queen contiguity,2009,Linxiang,20713,1.0536772453664422,High,0.014840723072008915,5.816649437502455e-6,0.2428018855295871,0.8081588748334915,0.48,0.244,2.329559530656718,7.686178076622548,0.819076923076923
Queen contiguity,2009,Miluo,22143,4.177036158980905,High,0.012929653296184647,3.735448397743611e-6,4.515055397993142,6.330021633871441e-6,0.004,0.002,1.1892953548931993,2.0365528474233114,0.11733333333333333
Queen contiguity,2009,Pingjiang,10617,3.4419788188727147,Low,0.010365733776238766,5.385489178791902e-6,4.401757924779976,1.0737732161575876e-5,0.008,0.004,1.2719691885190938,1.9290449221052297,0.1408
Queen contiguity,2009,Xiangyin,18089,1.7887908888284796,High,0.012256425325293077,5.052173519215918e-6,1.5637608788544959,0.11787373477615545,0.156,0.078,1.3965324658181877,2.8398093357732055,0.572
Queen contiguity,2009,Cili,10653,-0.5349640064939255,Low,0.01013720658536834,5.734977846116075e-6,-0.1471508520630481,0.8830129525658242,0.936,0.468,1.4162192039289017,2.502323219399347,0.9847619047619047
Queen contiguity,2009,Chaling,13154,-0.3272307708018729,Low,0.011113905042261717,6.087737956981691e-6,-0.29019800163719256,0.7716647649296106,0.928,0.464,1.8474625334901542,5.451363571135328,0.9847619047619047
Queen contiguity,2009,Liling,21856,2.1093092117268704,High,0.013657179429558837,6.0463802661324315e-6,1.5989013283367675,0.10984252885585957,0.116,0.058,2.1224822228099374,7.18102423939864,0.464
Queen contiguity,2009,Yanling,12769,0.11464713597178439,Low,0.011050692659265936,5.027294726842519e-6,0.2655647151593851,0.7905744632501134,0.612,0.306,1.1055298168305434,1.357756851323269,0.9175081967213116
Queen contiguity,2009,You,20105,0.6180670996582489,High,0.012653645422976964,5.333459836653904e-6,0.10086299622795869,0.9196592179913644,0.708,0.354,1.7006843978176953,4.914652387524617,0.9353142857142857
Queen contiguity,2009,Zhuzhou,15699,3.687411285179557,High,0.011478164511207497,4.379706845555546e-6,3.981302259469454,6.853872632031548e-5,0.012,0.006,1.3455038593992716,2.635286334922805,0.15085714285714286
Queen contiguity,2009,Sangzhi,8282,-1.2586400881301618,Low,0.010268861513702638,3.881634861689837e-6,-0.9076830159770258,0.36404571973967476,0.352,0.176,1.021845599973302,1.9706202603931118,0.7509333333333333
Queen contiguity,2009,Yueyang,16940,0.9576911801950103,High,0.011817273320800984,4.038252503339375e-6,0.7970239879990701,0.42543709987888206,0.404,0.202,0.8844132025890217,0.8405938299905173,0.7626666666666666
Queen contiguity,2009,Qiyang,12173,-0.5725598733462075,Low,0.011086804932354748,4.4309118330776884e-6,-0.4522300109031734,0.6511032903203184,0.724,0.362,1.2494602117429816,2.3377523446821824,0.9353142857142857
Queen contiguity,2009,Taojiang,11818,1.2170982090427132,Low,0.010907063387806582,4.287018376412488e-6,1.4820355993973606,0.13833082287977155,0.184,0.092,1.2824216995130464,2.272620420732782,0.5901176470588236
Queen contiguity,2009,Shaoyang,6201,-2.021404986358071,Low,0.009986223250091283,3.6196641413927862e-6,-1.5561807066742965,0.11966512782482736,0.056,0.028,0.8776229393471244,1.0301442619834944,0.32853333333333334
Queen contiguity,2009,Lianyuan,10330,0.11892296752129916,Low,0.010775822052985282,3.6185946539130113e-6,0.4354814271503555,0.6632130173315132,0.532,0.266,0.936173954853834,0.9980036303857438,0.8512000000000001
Queen contiguity,2009,Hongjiang,10227,-1.357899480219783,Low,0.010422256207344592,3.7850057697744997e-6,-1.114909256815511,0.2648893095077484,0.196,0.098,0.9445145540373455,1.2873628880653234,0.5901176470588236
Queen contiguity,2009,Hengyang,12198,-0.49726256511766354,Low,0.010948481872446535,5.180685535795909e-6,-0.35592391697208814,0.7218975439886883,0.832,0.416,1.4785454687815633,3.3666335022700222,0.9691428571428571
Queen contiguity,2009,Guiyang,17184,0.9637182866111615,High,0.01172821869845292,3.6809680038401373e-6,0.7726338807196884,0.43973908733777517,0.376,0.188,1.1397889708621722,1.7609768968725685,0.7509333333333333
Queen contiguity,2009,Changsha,64022,6.278886224600474,High,0.020916096869888046,2.90613918829703e-6,2.8333638575008155,0.0046060923620223635,0.024,0.012,0.6415610550531103,0.35474822953552154,0.21120000000000003
Queen contiguity,2009,Taoyuan,14759,-0.3000654566611606,High,0.01135220237695049,2.9049921694167055e-6,-0.29959895358034744,0.7644830824529333,0.84,0.42,0.7919879539594696,0.6719879734186462,0.9691428571428571
Queen contiguity,2009,Xiangtan,14634,3.83313810934851,High,0.011480540493151066,3.3273505298720523e-6,3.963167962289649,7.396170666666688e-5,0.008,0.004,1.0143580624904815,2.4393324949785704,0.1408
Queen contiguity,2009,Dao,10982,-1.1276670964860176,Low,0.010515461928496303,5.420032181538959e-6,-0.9327577685087431,0.3509450505345844,0.256,0.128,1.4414211976624882,2.88277930262623,0.6436571428571428
Queen contiguity,2009,Jiangyong,8937,-1.1265816684160375,Low,0.009272102581889048,6.603457978962741e-6,-0.6413484938352462,0.5212962889311397,0.484,0.242,2.6393106016359775,11.403952886379846,0.819076923076923
Queen contiguity,2010,Anxiang,19817,0.3226007229658533,High,0.01189628543042886,4.798654177127864e-6,0.12246808985399946,0.902528316335711,0.768,0.384,0.9702281386331164,0.8676518344553479,0.9548505747126437
Queen contiguity,2010,Hanshou,15906,-0.23169445744508707,Low,0.011017349642688945,4.3561954907972124e-6,-0.10969241738371344,0.9126533141780041,0.928,0.464,0.8356575187603783,0.24020637534949518,0.9548505747126437
Queen contiguity,2010,Jinshi,24824,0.8159405853628987,High,0.012893325837566427,4.495501725317376e-6,0.3168636626056942,0.7513470553577853,0.616,0.308,1.0471706950843511,1.5146069584707353,0.9034666666666666
Queen contiguity,2010,Li,18426,0.6828293033336259,High,0.011557506645312092,4.962996936025403e-6,0.7399745949489198,0.45931540971498364,0.376,0.188,1.1118092359971612,1.1608238262703745,0.7040000000000001
Queen contiguity,2010,Linli,19273,0.6195025593967171,High,0.011766650244110645,5.4123949451682324e-06,0.5452463713733513,0.585584082666732,0.484,0.242,1.4745465435051996,3.465071687590182,0.7808
Queen contiguity,2010,Shimen,20501,-0.09025387759661867,High,0.01180386165330319,4.6540414448116285e-6,-0.3079279296170337,0.7581371729459611,0.868,0.434,1.1403491877783132,1.5018761686547117,0.9548505747126437
Queen contiguity,2010,Liuyang,42619.32,4.492187226783604,High,0.016748835123817415,4.987682899845839e-6,3.015859679917562,0.002562518163119255,0.028,0.014,1.275580985253643,2.20986827161924,0.176
Queen contiguity,2010,Ningxiang,40403.58,2.6257522248275107,High,0.014611582832426556,3.450100643589694e-6,1.3081650670603386,0.19081732782886787,0.24,0.12,0.6801481276962912,0.26327470542832243,0.6399999999999999
Queen contiguity,2010,Wangcheng,46470.71,5.192559470954094,High,0.015774117686821278,3.892297019545857e-6,3.8389753307925454,1.2354884191708958e-4,0.008,0.004,1.0595681437073992,1.0389324315305988,0.11733333333333333
Queen contiguity,2010,Anren,9171,0.9211700900882612,Low,0.01038653861003349,3.821964425858796e-6,1.460253500030907,0.14422041662985202,0.188,0.094,0.8266839312479893,0.6505630451993878,0.5749333333333333
Queen contiguity,2010,Guidong,6406,-0.275303399209174,Low,0.008452937636910454,5.997812507281436e-6,0.8542305133757695,0.39297727950853933,0.3,0.15,1.8910025062960787,6.696858524753262,0.6769230769230768
Queen contiguity,2010,Jiahe,22247,-0.0850278699945621,High,0.012317288814031107,4.692597733349624e-6,-0.5376837997282463,0.5907953654476666,0.692,0.346,0.8774966816273457,0.5376145833183261,0.9404179104477611
Queen contiguity,2010,Linwu,18416,0.17379367903005577,High,0.011517744697271445,5.613176090690014e-6,0.13287592025081021,0.8942915108691565,0.708,0.354,1.327956395386082,2.6171356751797576,0.9404179104477611
Queen contiguity,2010,Rucheng,7629,-0.33414754936036883,Low,0.008668335662721858,4.034545050078479e-6,0.8471838502649127,0.3968926537175148,0.36,0.18,0.9918062748104051,1.293745500916672,0.688695652173913
Queen contiguity,2010,Yizhang,12483,0.5786570113634772,Low,0.010275400153303891,4.760447896907011e-6,1.214354984374443,0.22461219742009442,0.24,0.12,1.008334300267102,1.3492941164539243,0.6399999999999999
Queen contiguity,2010,Yongxing,26600,1.6796708265358828,High,0.013117345343392161,4.900751878132327e-6,1.0915501574984863,0.27503087415078786,0.292,0.146,0.9181138104257951,0.7117807890305974,0.6762105263157895
Queen contiguity,2010,Zixing,45207,1.131212995407242,High,0.015134096232273813,3.6793222308275754e-6,-0.6904461818425908,0.4899136431528765,0.508,0.254,0.9190512430595896,0.8647169393497824,0.7982857142857143
Queen contiguity,2010,Changning,17739,0.09976225492708014,High,0.011427198886959831,4.734193645929223e-6,0.08462036609701856,0.9325632073363409,0.816,0.408,0.8087645821390261,0.4434068310854933,0.9548505747126437
Queen contiguity,2010,Hengdong,19781,0.22495991546003014,High,0.011642185187769022,3.859237022634099e-6,0.12250264392373933,0.9025009522161329,0.744,0.372,0.9388175415822274,1.350897627408104,0.9548505747126437
Queen contiguity,2010,Hengnan,16146,-0.32297382556902243,Low,0.01119684062070665,3.945244374577737e-6,-0.267631169875733,0.7889832358119278,0.904,0.452,0.6895255021727651,0.14345035959687147,0.9548505747126437
Queen contiguity,2010,Hengshan,18130,-0.2292130437635348,High,0.011383588511788488,4.783810471019304e-6,-0.2693054222603374,0.7876946599132302,0.932,0.466,0.9937858872670309,0.9316705700769146,0.9548505747126437
Queen contiguity,2010,Leiyang,21325,0.4900209521166324,High,0.012137598181821368,4.747019228882273e-6,0.20315194463036157,0.8390162721819265,0.716,0.358,0.9765844880884333,1.0527392257068806,0.9404179104477611
Queen contiguity,2010,Qidong,14138,-0.8094374580294278,Low,0.0106942701614475,3.905778690031653e-6,-0.5469397870999739,0.5844201001058928,0.696,0.348,0.9120958619022997,1.6663002648679752,0.9404179104477611
Queen contiguity,2010,Chenxi,11367,-1.073608041854108,Low,0.010314080026038529,4.455666953477326e-6,-0.7655257398583614,0.4439585451421791,0.448,0.224,0.8969600001855587,0.7622566698901463,0.7808
Queen contiguity,2010,Zhongfang,21265,-0.8415958626289906,High,0.012071685880553608,4.756874403984093e-6,-1.2826495543110326,0.1996148807032837,0.104,0.052,1.033408647258209,1.1976873159304962,0.39599999999999996
Queen contiguity,2010,Huitong,9679,-1.30895622027539,Low,0.009758354742467185,5.124654230001865e-6,-0.8509994077638606,0.394769681771498,0.332,0.166,1.3219473523216525,2.4632509858107543,0.6883555555555555
Queen contiguity,2010,Jingzhou,14104,-1.2303452745532832,Low,0.010424804682472665,5.443005204761436e-6,-1.165767154306606,0.24370860047714013,0.128,0.064,1.2729548762452267,1.9682165524978297,0.45056
Queen contiguity,2010,Mayang,10097,-1.185309254700945,Low,0.009976817439747139,4.508828496865972e-6,-0.7327709092732991,0.46369816697173416,0.48,0.24,0.9675428047075312,1.1054946603509164,0.7808
Queen contiguity,2010,Tongdao,8794,-1.5538342881925244,Low,0.009103601836798534,5.460476186569748e-6,-1.0101560990707672,0.31242050853048353,0.196,0.098,1.3909531882835966,2.302864993508087,0.5749333333333333
Queen contiguity,2010,Xinhuang,10221,-0.990270766293448,Low,0.008267291861876757,6.094657187795287e-6,-0.30411477950318955,0.7610404473724032,0.852,0.418,2.461525298261273,7.539832414135413,0.9548505747126437
Queen contiguity,2010,Xupu,9186,-1.9117145638822508,Low,0.010446151049409795,3.832929561553481e-6,-1.5217565315197426,0.12807009689299745,0.076,0.038,0.684974900683949,0.4252865928538907,0.31847619047619047
Queen contiguity,2010,Yuanling,16385,-1.7469504663274171,Low,0.011342536025686252,4.2413649981355855e-6,-1.7188078454049158,0.0856493665175593,0.028,0.014,0.8532527069030955,0.8399188462609595,0.176
Queen contiguity,2010,Zhijiang,14069,-1.1366961048487196,Low,0.010673526849466052,4.706695269661229e-6,-0.9827106041834358,0.3257498901766172,0.288,0.144,0.8289196004776349,0.4744676927738891,0.6762105263157895
Queen contiguity,2010,Lengshuijiang,43373,1.2509090657653135,High,0.018000870848196404,4.460462907109431e-6,-1.3813997864318932,0.1671560715289089,0.068,0.034,1.1038537927337715,1.3904415469024984,0.31847619047619047
Queen contiguity,2010,Shuangfeng,11320,-0.5639461504460677,Low,0.010536083348487104,4.469115162138294e-6,-0.2242294265794641,0.8225787872744525,0.912,0.456,0.8292713994963454,0.6910710579239225,0.9548505747126437
Queen contiguity,2010,Xinhua,8582,-1.148238441935575,Low,0.01001527492402541,4.9595798977363505e-6,-0.5845312947614671,0.5588629167430887,0.684,0.342,0.6978646023583878,-0.023019088147639977,0.9404179104477611
Queen contiguity,2010,Chengbu,7628,-2.078240949043711,Low,0.009361453650139826,5.249744990344599e-6,-1.5734784337281524,0.11560807816458385,0.016,0.008,1.0787250515890892,1.2019952505251537,0.1408
Queen contiguity,2010,Dongan,15645,-1.1684991973942909,Low,0.011031490922624405,5.097662735031823e-6,-1.2492823356663538,0.21156182640463506,0.108,0.054,1.1477780770236687,1.8591598354538812,0.39599999999999996
Queen contiguity,2010,Dongkou,9331,-2.0231999411716926,Low,0.010042102494304503,4.808177068823647e-6,-1.6880561594915462,0.09140044902317225,0.02,0.01,0.8706817858076528,0.87607144791143865,0.14666666666666667
Queen contiguity,2010,Longhui,6944,-2.626468567312578,Low,0.009779133221465059,4.387797386864896e-6,-2.137459792392479,0.0325606126618662,0.004,0.002,0.9234584637442274,0.9033676984214423,0.11733333333333333
Queen contiguity,2010,Shaodong,18090,-1.264063568823417,High,0.01159910901132771,4.675572444064931e-6,-1.4581252993785505,0.14480600912440963,0.048,0.024,0.9915299319129791,1.1788393828382446,0.24847058823529414
Queen contiguity,2010,Suining,12280,-2.067245937763306,Low,0.010644678639333017,4.006455503932136e-6,-1.8740622941445226,0.060921839571400016,0.016,0.008,0.8742838926328954,1.0665603815843,0.1408
Queen contiguity,2010,Wugang,8749,-2.488490513620034,Low,0.009923739351553112,3.860834389457569e-6,-2.1901904597743083,0.028510426847004052,0.004,0.002,1.0213902030197761,1.4240009596904075,0.11733333333333333
Queen contiguity,2010,Xinning,7779,-1.994531792303653,Low,0.009371184493810362,4.9970798278355164e-6,-1.5160837336240274,0.1294981808669993,0.02,0.01,1.1303825175269264,1.5966842672276522,0.14666666666666667
Queen contiguity,2010,Xinshao,7825,-0.9509499963505711,Low,0.01005907222032704,4.662718054549683e-6,-0.41226439225751244,0.6801456446831217,0.8,0.4,0.8082654918790443,0.5061283029084582,0.9548505747126437
Queen contiguity,2010,Shaoshan,33571,2.5632601795980707,High,0.015581517496799807,5.9354328041584205e-6,1.3973443762247224,0.16231003729917076,0.192,0.096,1.4391999633457833,3.1942861214980596,0.5749333333333333
Queen contiguity,2010,Xiangxiang,19930,1.259205805406443,High,0.011828946366338421,4.100650021684835e-6,1.3140398882133408,0.1888327812875188,0.236,0.118,0.743231993648419,0.3602718862200711,0.6399999999999999
Queen contiguity,2010,Baojing,11906,-1.2331704610133043,Low,0.010239107115192842,4.684058156357305e-6,-0.8950281852500026,0.37077202134737125,0.328,0.164,1.0632667368178998,1.4706841887329336,0.6883555555555555
Queen contiguity,2010,Fenghuang,9801,-0.7622232225893633,Low,0.00972802760620015,5.074187762970362e-6,-0.18688527837234434,0.85175058199865,0.984,0.492,1.1953020811685775,1.695238418710015,0.984
Queen contiguity,2010,Guzhang,8301,-1.1859108095328361,Low,0.00974530247808501,5.031760607032838e-6,-0.5911059629722736,0.5544494247427667,0.636,0.318,1.198324688942503,1.6759040485605317,0.9083870967741936
Queen contiguity,2010,Huayuan,17517,-0.24111314617136248,High,0.011619195581919603,5.709875771110607e-6,-0.40700027805157324,0.6840077839760595,0.816,0.408,1.1143880927657681,1.2866777363027326,0.9548505747126437
Queen contiguity,2010,Jishou,24730,-0.4225001306856433,High,0.01262136417041274,4.210199303788281e-6,-1.1241780642519457,0.2609374932943906,0.188,0.094,0.9060223509626902,1.1671885284351298,0.5749333333333333
Queen contiguity,2010,Longshan,7524,-1.8920453259547303,Low,0.00880568214036264,5.9615289396068776e-6,-1.2566612060565663,0.20887634132541777,0.072,0.036,1.2000694963860568,1.3854685299401464,0.31847619047619047
Queen contiguity,2010,Luxi,13518,-1.1117179619636068,Low,0.01065458524178069,4.2317102085996115e-6,-0.902614591045654,0.3667304798527189,0.348,0.174,0.7893255900127726,0.3010726218958286,0.6883555555555555
Queen contiguity,2010,Yongshun,7057,-2.0158684916580154,Low,0.009599987881126202,4.762490942945955e-6,-1.4852029725050007,0.1374900648449727,0.044,0.022,0.8310228055528991,0.3158101939457665,0.242
Queen contiguity,2010,Anhua,9924,-0.6211311429114226,Low,0.010185505726815008,3.851807385588893e-6,-0.08405737634310366,0.9330108134076707,0.944,0.472,0.8882454377080975,0.7299040611101661,0.9548505747126437
Queen contiguity,2010,Nan,14130,0.14848631350322397,Low,0.010946530949414746,4.618469402325207e-6,0.35355412102620964,0.723673062340809,0.612,0.306,1.0382755282032616,1.6522499558590082,0.9034666666666666
Queen contiguity,2010,Yuanjiang,18469,0.09246840259039679,High,0.011642217868832582,4.956307635532634e-6,-0.02201381108062577,0.9824369385587837,0.872,0.436,0.9092274189849109,0.7738580778716422,0.9548505747126437
Queen contiguity,2010,Jianghua,11445,-1.2891792256743155,Low,0.010075825248110324,4.563021466672154e-6,-1.0254916236389142,0.30513127575124377,0.268,0.134,1.0504104047247975,1.683391123432835,0.664888888888889
Queen contiguity,2010,Lanshan,14625,-0.5607804061527066,Low,0.010753509835063828,4.813462039020426e-6,-0.4115562478310613,0.680664705802091,0.776,0.388,0.9492208474287177,1.0104525009790928,0.9548505747126437
Queen contiguity,2010,Ningyuan,9097,-1.1534436957400578,Low,0.010198008158854265,4.1255270548959455e-6,-0.6540756208632432,0.5130630871486157,0.556,0.278,0.9603423281866081,1.0834937952965173,0.8583859649122807
Queen contiguity,2010,Shuangpai,17322,-0.6706007334959523,Low,0.011477003306093277,6.04586280396153e-6,-0.8571086249797598,0.39138485494878006,0.34,0.17,1.4764809237233654,3.6018617867854843,0.6883555555555555
Queen contiguity,2010,Xintian,10379,-0.6029982354439793,Low,0.00981197423152288,4.8065319518830336e-6,-0.034351768606220835,0.9725966438264902,0.868,0.434,0.9685595831574177,0.853782000030602,0.9548505747126437
Queen contiguity,2010,Huarong,23666,0.5716727617098615,High,0.013439728369369564,7.513874791702055e-6,-0.05985840003237403,0.9522684124166155,0.792,0.396,1.9953162161060254,4.986566014847342,0.9548505747126437
Queen contiguity,2010,Linxiang,23986,0.8749467144248739,High,0.014193573281716922,5.12201465465559e-6,0.2514869054746141,0.801437684871762,0.488,0.252,2.149351710499554,5.8984921217667505,0.7808
Queen contiguity,2010,Miluo,26689,3.9295129677771894,High,0.012943332979511488,4.535605143721833e-6,3.839122259951175,1.2347493793815815e-4,0.004,0.002,1.0526988545639937,0.8926516989866817,0.11733333333333333
Queen contiguity,2010,Pingjiang,12527,3.2461025676871924,Low,0.010471765473630682,5.480182133691898e-6,4.122341072052304,3.750413512126379e-5,0.008,0.004,1.2259906771204223,2.038295320799776,0.11733333333333333
Queen contiguity,2010,Xiangyin,23468,1.9017464478534636,High,0.012413792828033654,4.959219285857698e-6,1.6486089966013182,0.09922776442843752,0.14,0.07,1.0016881105540247,1.152031538389184,0.47384615384615386
Queen contiguity,2010,Cili,13345,-0.5481222820610159,Low,0.010462588527600479,5.780239583529761e-6,-0.30316231699783286,0.7617661651265342,0.904,0.452,1.241346304923588,1.7184566928637155,0.9548505747126437
Queen contiguity,2010,Chaling,15077,-0.327775329963862,Low,0.01078390296662578,5.816540326195757e-6,-0.1637608004812945,0.8699194516870989,0.936,0.468,1.1915859689140706,1.3058161843678375,0.9548505747126437
Queen contiguity,2010,Liling,27737,2.452503975072268,High,0.013798608344102263,4.986410966442317e-6,2.1754660590898536,0.029595208883920227,0.076,0.038,1.6282595174488474,4.128168690490196,0.31847619047619047
Queen contiguity,2010,Yanling,15045,0.40644242766071953,Low,0.01101117181685107,5.241033580518056e-6,0.5947351207996641,0.5520205416358933,0.472,0.236,1.0132204845611377,1.3494919491265298,0.7808
Queen contiguity,2010,You,25129,0.7453809782545364,High,0.012617797133349167,4.409609881299147e-6,0.28401619112808163,0.7763979726381302,0.64,0.32,1.1247266682992925,1.8155185071209718,0.9083870967741936
Queen contiguity,2010,Zhuzhou,19542,3.667309935374421,High,0.01174978914647311,4.376599416031107e-6,3.86129332387273,1.127883976490927e-4,0.012,0.006,1.0423626249459512,1.4845780620646085,0.1408
Queen contiguity,2010,Sangzhi,9893,-1.3140669004129435,Low,0.01016282438551729,4.609755231954208e-6,-0.8532874664192697,0.3934999088554465,0.352,0.176,1.088772272078639,1.4462487422556398,0.6883555555555555
Queen contiguity,2010,Yueyang,19809,0.8739301728836649,High,0.011659180237437491,3.725300889703214e-6,0.8259646163986178,0.40882416396663945,0.408,0.204,0.8082469234300501,0.5460570957027269,0.7479999999999999
Queen contiguity,2010,Qiyang,14839,-0.6734264030844972,Low,0.011117922693023752,4.2682847500297285e-6,-0.5859045615412959,0.5579396517665112,0.604,0.302,0.9781948463219199,1.6998140953090504,0.9034666666666666
Queen contiguity,2010,Taojiang,13949,1.4577029834325306,Low,0.010866089972318211,4.072181041328153e-6,1.8085589300168827,0.07051955385063863,0.108,0.054,0.8876818704356214,1.8246351939017575,0.39599999999999996
Queen contiguity,2010,Shaoyang,7352,-2.103439449792592,Low,0.010006104462688405,3.6180127927320293e-6,-1.6775270266339095,0.09343946904101812,0.032,0.016,0.650231786799049,0.31092924852801307,0.18773333333333334
Queen contiguity,2010,Lianyuan,12269,0.32281292162921416,Low,0.010858054487093989,4.519853496489363e-6,0.5473157820945458,0.5841618031104778,0.472,0.236,0.9907821864370973,0.898698906641981,0.7808
Queen contiguity,2010,Hongjiang,12107,-1.383958322839918,Low,0.010459346121312595,4.886221678894662e-6,-1.0359141495868636,0.3002421958345582,0.26,0.13,1.0932868953009724,1.6730548482943552,0.664888888888889
Queen contiguity,2010,Hengyang,14328,-0.5737535737293394,Low,0.010782454399311378,5.073672398871306e-6,-0.3743802421806679,0.7081214403944027,0.852,0.426,1.1130259511215101,1.5006761871334566,0.9548505747126437
Queen contiguity,2010,Guiyang,22468,1.3185665013635741,High,0.011929528079150275,3.5756186827647855e-6,1.047241336748366,0.29498828466895527,0.272,0.136,0.9198719884281176,1.2701560176260402,0.664888888888889
Queen contiguity,2010,Changsha,70604.01,5.935745576293733,High,0.019770258718304533,3.032243798586401e-6,3.039624275568874,0.002368734528009718,0.016,0.008,0.6696285330226762,0.5392236426334618,0.1408
Queen contiguity,2010,Taoyuan,17401,-0.38248952628230487,High,0.011303368056552765,2.718432132414348e-6,-0.370126233190909,0.7112884366693852,0.82,0.41,0.7603610034962839,0.8910094499761203,0.9548505747126437
Queen contiguity,2010,Xiangtan,17809,3.816364690856766,High,0.011404150656931986,3.723141489476018e-6,3.798247692293203,1.4572266309255294e-4,0.008,0.004,0.9289017481848882,1.429551661966845,0.11733333333333333
Queen contiguity,2010,Dao,13118,-1.11280072280351,Low,0.010430794217821232,5.919559934786221e-6,-0.8506529951157853,0.3949621414601864,0.348,0.174,1.4663635400920927,2.9731035823943754,0.6883555555555555
Queen contiguity,2010,Jiangyong,12678,-0.9595641095559795,Low,0.010074572414069888,6.6475225197679086e-6,-0.7447934699052463,0.45639658314326087,0.42,0.21,1.5724145168690717,3.050610676979603,0.7542857142857142
Queen contiguity,2011,Anxiang,22840,0.15419240823491895,High,0.011516531948605658,4.6263971873906486e-6,0.11019302152872021,0.9122562965847131,0.804,0.402,0.8618087169752404,0.7076394825011971,0.9433600000000001
Queen contiguity,2011,Hanshou,18561,-0.3390677733508649,Low,0.011049125663644415,5.1891339881029815e-6,-0.23832608211866818,0.81162819346396,0.98,0.49,0.9157085236425804,0.709975941976114,0.9912643678160921
Queen contiguity,2011,Jinshi,30286,0.6382818959101796,High,0.012839828459888672,5.10783952668938e-6,0.1229613756776281,0.9021376835488925,0.736,0.368,0.9960201723396075,0.8297323296396373,0.9433600000000001
Queen contiguity,2011,Li,21847,0.4912917768806121,High,0.011431177337549803,5.348644556981078e-6,0.5545866620158262,0.5791774142136639,0.528,0.264,0.8747078212573666,0.5728998648628334,0.8448000000000001
Queen contiguity,2011,Linli,23172,0.4606314578066593,High,0.011594339262895647,4.854602776629484e-6,0.46982778595606844,0.638478060979744,0.584,0.292,0.8059022320417293,0.11771274297354273,0.8860689655172412
Queen contiguity,2011,Shimen,24409,-0.20187530876048196,High,0.011719106939135521,4.4140010709073284e-6,-0.4121740276681522,0.6802118723820723,0.8,0.4,0.8639343453895161,1.0931733443135139,0.9433600000000001
Queen contiguity,2011,Liuyang,54768.72,4.347026176485206,High,0.017179494361085117,5.107088987821011e-6,2.712702552585301,0.006673698104128967,0.036,0.018,1.1164951276097477,1.4009104077080599,0.20705882352941177
Queen contiguity,2011,Ningxiang,54648.25,3.1118439586599895,High,0.014880341437547174,3.898547982346839e-6,1.6900148334463174,0.09102511683876807,0.152,0.076,0.9152028806955813,0.6771987035488696,0.4612413793103448
Queen contiguity,2011,Wangcheng,62293,5.423026072918331,High,0.016367215422056734,3.7365254432018787e-6,4.006527831601497,6.161786763245571e-5,0.016,0.008,1.1478060098605796,1.8120361742895614,0.128
Queen contiguity,2011,Anren,11395,0.8859509072975007,Low,0.010465560121675264,4.066566125417225e-6,1.3574665857728925,0.1746330035942222,0.228,0.114,0.7823018907252015,0.3027719416137642,0.6004705882352942
Queen contiguity,2011,Guidong,7601,-0.21011411619951445,Low,0.008310037217112784,4.977346643273559e-6,1.0834697374321192,0.27859997628454064,0.296,0.148,1.1967408124242866,1.2673389075414354,0.6353170731707317
Queen contiguity,2011,Jiahe,28612,-0.04077787046183344,High,0.012499493445840813,5.644347663049836e-6,-0.5215008513138846,0.6020179126881333,0.708,0.354,0.9213678362548795,1.179608362912555,0.929910447761194
Queen contiguity,2011,Linwu,21323,0.1472682594134151,Low,0.011328388433309392,5.33174506777018e-6,0.19053771919873297,0.8488877888888466,0.692,0.346,0.8935003362489586,0.49787782130556835,0.929910447761194
Queen contiguity,2011,Rucheng,10056,-0.19909084942292174,Low,0.008947496572654643,6.081746431180044e-6,0.7352217232929347,0.4622044711619889,0.412,0.206,1.088261636335406,0.6925996945875554,0.7553333333333333
Queen contiguity,2011,Yizhang,15822,0.6715052510613696,Low,0.010519125810733805,5.817401361347131e-6,1.1152502872443584,0.2647431820985355,0.312,0.156,0.9597290545073626,0.7220804488340358,0.6466976744186047
Queen contiguity,2011,Yongxing,32953,1.7041658345925694,High,0.013014440943853716,4.474501002992301e-6,1.2568253641465412,0.20881687936826654,0.268,0.134,0.869147243510161,0.7529113144440531,0.6137435897435898
Queen contiguity,2011,Zixing,58313,1.266040035413627,High,0.015581669805424985,3.5438295304810864e-6,-0.759454717106649,0.44758059242591725,0.488,0.244,0.7688502717363407,0.8844698417603607,0.8326153846153846
Queen contiguity,2011,Changning,21594,0.02347607260170667,High,0.011449536577495869,4.863912388502893e-6,-0.012031971764311259,0.9904001071205655,0.852,0.426,0.7988745627229185,0.5592625393740822,0.9490632911392405
Queen contiguity,2011,Hengdong,24044,0.18827775384039344,High,0.011698722542356191,5.260926916019257e-6,0.04687233389373943,0.9626149782049006,0.8,0.4,1.0982456224029704,1.371901127088556,0.9433600000000001
Queen contiguity,2011,Hengnan,19335,-0.45931497786339087,Low,0.011048745720863867,4.152298556589042e-6,-0.3419093008715551,0.7324191499351501,0.872,0.436,1.0530561017775097,1.615900269243908,0.9592
Queen contiguity,2011,Hengshan,22094,-0.2644579927383007,High,0.011550783887668524,4.526975073708414e-6,-0.4022662782200235,0.6874880693592279,0.832,0.416,0.8227294318385014,0.36838368466325333,0.9490632911392405
Queen contiguity,2011,Leiyang,25415,0.42436934578913565,High,0.011910044338436229,4.707050384330941e-6,0.24276936131695961,0.80818407173507,0.664,0.332,0.791144569351624,0.250226541782383,0.929910447761194
Queen contiguity,2011,Qidong,16139,-0.9265592061148721,Low,0.010963232056231762,4.8500165649360405e-6,-0.7448072712147474,0.4563882385957705,0.512,0.256,0.8465729691841545,0.5626535657076954,0.8448000000000001
Queen contiguity,2011,Chenxi,14509,-1.0181063086619324,Low,0.010348432539300307,5.050685420392529e-6,-0.6938361310713953,0.4877849810701014,0.492,0.246,1.1024033707286185,1.7060557337378413,0.8326153846153846
Queen contiguity,2011,Zhongfang,26145,-0.814391763677388,High,0.011979977592021573,4.7962574767476485e-6,-1.2217677377777503,0.22179547213221992,0.124,0.062,0.8680008043985492,0.5836995775862808,0.4562962962962963
Queen contiguity,2011,Huitong,12212,-1.2789331657653638,Low,0.009861126706088894,5.913483127746032e-6,-0.8274582491126363,0.40797737694211544,0.412,0.206,1.0528178214562192,0.9585941382970007,0.7553333333333333
Queen contiguity,2011,Jingzhou,17550,-1.2190569800583626,Low,0.010492016902970396,5.846107236329628e-6,-1.1665589566480714,0.24338852644720424,0.136,0.068,1.2772233982136432,1.9180964430423897,0.4562962962962963
Queen contiguity,2011,Mayang,11862,-1.1706982319707484,Low,0.009884213539674207,4.920983057236495e-6,-0.6675984072733542,0.5043899746685683,0.524,0.262,0.8773751355587218,0.5596012237711654,0.8448000000000001
Queen contiguity,2011,Tongdao,11003,-1.5504177747129695,Low,0.009087472284186065,5.5195217754677165e-6,-1.0299172501338432,0.30304885229721373,0.192,0.096,1.1687097459893672,1.1111435441969935,0.5450322580645162
Queen contiguity,2011,Xinhuang,13002,-0.9241751481859463,Low,0.008318871855380917,5.1151324672070975e-6,-0.27065098686063954,0.7866594769738795,0.996,0.496,2.227315532766102,5.646416339200481,0.996
Queen contiguity,2011,Xupu,11749,-1.8242060563771938,Low,0.010385121524464948,3.6160429106789763e-6,-1.4770715878925065,0.13965644866008414,0.068,0.034,0.7949188787779885,0.7606122532626296,0.31494736842105264
Queen contiguity,2011,Yuanling,20453,-1.6870837321361016,Low,0.011326872142747637,3.654988427934826e-6,-1.8128704274020753,0.0698518083376535,0.016,0.008,0.47897475088399505,0.24836440148268668,0.128
Queen contiguity,2011,Zhijiang,17762,-1.0957303244112444,Low,0.010938455786427928,4.976835501096564e-6,-1.0514323517262865,0.2930600637815526,0.264,0.132,0.7647853237883402,0.7691901430029042,0.6137435897435898
Queen contiguity,2011,Lengshuijiang,55692,1.4202828540675687,High,0.018385456589660856,4.8132587661435355e-6,-1.2398610460118054,0.21502679412257614,0.08,0.04,1.2486332488753957,1.4090023589646359,0.3352380952380953
Queen contiguity,2011,Shuangfeng,14788,-0.48650886115947506,Low,0.010370159541019353,4.96647164403978e-6,-0.06739288167766652,0.9462689359054655,0.92,0.46,1.205487167894569,2.0704233327221875,0.9773176470588236
Queen contiguity,2011,Xinhua,11135,-1.0040456438902048,Low,0.010105705123423382,4.7600575538719315e-6,-0.5052534421867453,0.6133808387670008,0.704,0.352,0.7988098494317319,0.42645856326626763,0.929910447761194
Queen contiguity,2011,Chengbu,9260,-2.084431328939164,Low,0.009287769395315422,5.539694367531135e-6,-1.5518213724761818,0.12070497056574835,0.012,0.006,1.0488899238722706,1.1241539709550379,0.11733333333333335
Queen contiguity,2011,Dongan,18744,-1.236931412049635,Low,0.010752457978263548,5.054808991288531e-6,-1.2400928834971892,0.214941040884756,0.104,0.052,1.244532406052452,2.118303416776656,0.416
Queen contiguity,2011,Dongkou,11678,-1.9937634877763102,Low,0.00996552957189388,4.686498732295467e-6,-1.6830753396258578,0.09236050768685883,0.008,0.004,0.8971578164473011,0.6029319808388363,0.088
Queen contiguity,2011,Longhui,8509,-2.5518244502549026,Low,0.009551673181351392,4.375039090433927e-6,-2.0016474711012036,0.04532265962124549,0.004,0.002,0.761516334748147,0.8624920972575425,0.088
Queen contiguity,2011,Shaodong,22479,-1.254134114181764,High,0.011570244539450637,4.518477316847857e-6,-1.4841322997035329,0.13777382581425102,0.06,0.03,0.7031880856907368,0.21571086774179715,0.29333333333333333
Queen contiguity,2011,Suining,14294,-2.0639945482061894,Low,0.010465644618234387,4.485692217493234e-6,-1.72232805703177,0.08501010795408298,0.008,0.004,0.8889333063662387,0.7296440852484496,0.088
Queen contiguity,2011,Wugang,10746,-2.489407671529996,Low,0.009970939004660919,4.269286955447625e-6,-2.1581885177586386,0.030913177767232063,0.004,0.002,0.8445786167654535,0.7337088831955407,0.088
Queen contiguity,2011,Xinning,9442,-2.006867449651765,Low,0.009204369248605014,4.080298572565076e-6,-1.6613553073867284,0.0966421081970177,0.036,0.018,0.8341056858305349,1.0218584735917151,0.20705882352941177
Queen contiguity,2011,Xinshao,10127,-0.831570836792578,Low,0.00995660573116998,4.445123837658487e-6,-0.2598212666332583,0.7950016457733706,0.944,0.472,0.8424103773859007,0.9429361549435189,0.9773176470588236
Queen contiguity,2011,Shaoshan,45806,3.023967588467006,High,0.016515149682525508,5.823236450674097e-6,1.6606206123908283,0.09678966653760586,0.152,0.076,1.437061559254153,2.5402284915657694,0.4612413793103448
Queen contiguity,2011,Xiangxiang,25635,1.6087623081232836,High,0.011972718929660446,5.1945360208659995e-6,1.5176857917099842,0.12909362757314355,0.168,0.084,1.0073733116619312,1.1480070485230343,0.4928
Queen contiguity,2011,Baojing,13374,-1.4636460745679196,Low,0.010160437620069544,5.026258633421084e-6,-1.1142006106441236,0.2651931335274372,0.232,0.116,0.874978169325409,0.9200508019262412,0.6004705882352942
Queen contiguity,2011,Fenghuang,11974,-0.9191149384721907,Low,0.009702395660915315,5.315612796348937e-6,-0.3750152305000789,0.7076491396088267,0.916,0.458,0.9686904209457298,0.663693122645733,0.9773176470588236
Queen contiguity,2011,Guzhang,10086,-1.2592152756894945,Low,0.00962421851981274,5.028845808466876e-6,-0.6442753736747998,0.5193968817999604,0.56,0.28,1.158628813248962,2.667723530004304,0.864561403508772
Queen contiguity,2011,Huayuan,18850,-0.5590214399320527,Low,0.010788627708395598,5.7120562598241365e-6,-0.4678359295713992,0.6399019244396087,0.752,0.376,1.3835129554092487,2.439352087043935,0.9433600000000001
Queen contiguity,2011,Jishou,28482,-0.6593526395644789,High,0.012361618949280232,4.898838075350596e-6,-1.2042048879449443,0.22851039721678354,0.14,0.07,0.8824528495816564,0.5994121391907652,0.4562962962962963
Queen contiguity,2011,Longshan,8701,-1.9322204799971756,Low,0.008711920833003976,6.032074633593138e-6,-1.30311353853372,0.19253600219815578,0.04,0.02,1.1999610978100104,1.5063943168685103,0.20705882352941177
Queen contiguity,2011,Luxi,17236,-1.1306488939861339,Low,0.010788273092046004,4.429774096467445e-6,-0.9894610114935162,0.32243763648939955,0.28,0.14,1.0725637348535741,1.7431409226864556,0.6160000000000001
Queen contiguity,2011,Yongshun,8667,-2.0266216351580835,Low,0.009519779837890454,4.435708634025425e-6,-1.557806521336427,0.11927911965026264,0.032,0.016,0.9048911885665039,0.6657373323471814,0.20705882352941177
Queen contiguity,2011,Anhua,12374,-0.47164769898039743,Low,0.010471878829355581,4.118562063713383e-6,-0.0724392892876029,0.9422523185774012,0.928,0.464,0.6521101399402389,0.10237057134195826,0.9773176470588236
Queen contiguity,2011,Nan,18812,0.06396471075141398,Low,0.01096150657830126,4.374019884773513e-6,0.2641729621058129,0.791646644327227,0.696,0.348,1.0318810520347939,1.6195405743603892,0.929910447761194
Queen contiguity,2011,Yuanjiang,22897,0.043005331896606644,High,0.011637152853068971,4.608494321503038e-6,-0.07675253464743846,0.9388204111566928,0.94,0.47,0.8639193582284687,0.3760735822514545,0.9773176470588236
Queen contiguity,2011,Jianghua,13981,-1.299629682089056,Low,0.010088216263233585,5.191114328031071e-6,-1.0077902209788243,0.3135551814945215,0.248,0.124,1.0653362237753186,1.6627134074835297,0.6137435897435898
Queen contiguity,2011,Lanshan,17893,-0.5812747455413294,Low,0.010812728029134508,5.977560333478167e-6,-0.42804079166139947,0.668621422213511,0.844,0.422,1.339402529441788,2.2391165460086304,0.9490632911392405
Queen contiguity,2011,Ningyuan,11221,-1.1419520793026703,Low,0.010177246718051968,4.3080259752616e-6,-0.6401451410891279,0.5220782439863858,0.616,0.308,0.8709586705962902,1.0222700950295067,0.9187796610169492
Queen contiguity,2011,Shuangpai,20239,-0.7371727798942673,Low,0.01098867669406059,5.405474126547736e-6,-0.7990422010109266,0.4242659422945013,0.396,0.198,1.0982469678630773,0.766086258030322,0.7553333333333333
Queen contiguity,2011,Xintian,12860,-0.5198579935405279,Low,0.009893872309894221,5.271573707284699e-6,0.01790896121555412,0.9857114801451272,0.772,0.386,1.1786052756666003,1.285337032208357,0.9433600000000001
Queen contiguity,2011,Huarong,28734.07,0.5190073242933368,High,0.013065593611156834,5.26708906393668e-6,0.028793024176544613,0.9770296644756503,0.672,0.336,1.6699458097506588,3.2051097083703954,0.929910447761194
Queen contiguity,2011,Linxiang,28255.98,0.6733232444074803,High,0.013591633654575792,4.283757696715307e-6,0.2107955108264014,0.833046841682195,0.544,0.278,2.1612760975542207,5.782482429744222,0.8548571428571429
Queen contiguity,2011,Miluo,37507.74,4.000785896622046,High,0.013786885567523225,5.610271605704919e-6,3.248180482329558,0.0011614557331102236,0.02,0.01,1.1111345012449203,1.323720728836732,0.14666666666666667
Queen contiguity,2011,Pingjiang,15105.53,3.105395707197998,Low,0.010235398534686066,5.646498400038467e-6,4.066227156811127,4.778036515698889e-5,0.008,0.004,1.047654278810372,1.0662526960625591,0.088
Queen contiguity,2011,Xiangyin,28712.92,2.0796631322159715,High,0.01245593897929394,5.6435551000691855e-6,1.7539010131540205,0.07944746997512964,0.128,0.064,1.0220394935040356,1.181744437316211,0.4562962962962963
Queen contiguity,2011,Cili,16696,-0.5746842462063887,Low,0.01031181018462112,5.934369207079179e-6,-0.2827294033481351,0.7773842748510826,0.976,0.488,1.4188415403440677,2.4810669202735456,0.9912643678160921
Queen contiguity,2011,Chaling,17668,-0.39813755900279163,Low,0.010432263540041004,5.2413852951884335e-6,-0.11989282762019468,0.904568046222377,0.84,0.42,1.3758387151167915,2.7150159788225974,0.9490632911392405
Queen contiguity,2011,Liling,35669,2.5843091279708297,High,0.014403042801868639,6.7392398416955206e-6,1.844296282142483,0.06513997303517062,0.136,0.068,1.3015646012099906,1.6933647904817395,0.4562962962962963
Queen contiguity,2011,Yanling,17961,0.39616684871758545,Low,0.010845379361837906,5.179351531408781e-6,0.6679154633086517,0.5041875561337366,0.46,0.23,1.1106324548626993,1.5699963044805694,0.8261224489795919
Queen contiguity,2011,You,31450,0.7514884679068607,High,0.012770194304520342,4.740793422037293e-6,0.22676830780946777,0.8206039084411386,0.7,0.35,1.03292014587109,1.423238411964613,0.929910447761194
Queen contiguity,2011,Zhuzhou,24082,3.50315702794964,High,0.011565512840681365,4.499695936936144e-6,3.7870177866395633,1.5246619002765661e-4,0.008,0.004,1.0687157715100084,1.542371624327461,0.088
Queen contiguity,2011,Sangzhi,12722,-1.3247532778696194,Low,0.010355937827437899,5.501655921648029e-6,-0.8980705028332757,0.3691479636055349,0.368,0.184,0.9708317443429834,1.027390941627476,0.7196444444444444
Queen contiguity,2011,Yueyang,23151.46,0.8722500538047184,High,0.011436088632559566,4.2928141336090405e-6,0.892225210316527,0.37227223205997695,0.328,0.164,1.106365781965379,1.7556689133529453,0.656
Queen contiguity,2011,Qiyang,18597,-0.7174026521953184,Low,0.011200034315428748,4.884438818162281e-6,-0.6408926107969061,0.521592457014604,0.644,0.322,0.8425602041659261,0.6616071424180765,0.929910447761194
Queen contiguity,2011,Taojiang,16987,1.6102147670562479,Low,0.010806128019809205,4.1697868169147e-6,2.009730939566004,0.044459673500989436,0.072,0.036,0.6348104341798346,0.12122902182051654,0.3168
Queen contiguity,2011,Shaoyang,8792,-2.127530382118551,Low,0.009866285296811507,3.6776550108437245e-6,-1.6625825706877615,0.09639602236351832,0.04,0.02,0.5728645054440736,0.1735228388840957,0.20705882352941177
Queen contiguity,2011,Lianyuan,15624,0.5856316435312108,Low,0.010649104809700957,3.3571893046517965e-6,1.0535505436945123,0.29208874210000374,0.316,0.158,0.5667191499906001,0.374001565844607,0.6466976744186047
Queen contiguity,2011,Hongjiang,15117,-1.3487424448502996,Low,0.010520980607979413,4.574587510462653e-6,-1.088406377194888,0.2764157471073075,0.2,0.1,1.010286769233834,1.2328286310202694,0.55
Queen contiguity,2011,Hengyang,17014,-0.6480417968236156,Low,0.010720864539930207,5.108478064333342e-6,-0.4406473678798684,0.6594683051422396,0.784,0.392,0.9016146779086057,0.5201979036964572,0.9433600000000001
Queen contiguity,2011,Guiyang,28690,1.3734351446518056,High,0.012005001406811405,3.326358829081603e-6,1.1294302771566245,0.2587163665020724,0.272,0.136,0.8519485966222503,0.6328474024930535,0.6137435897435898
Queen contiguity,2011,Changsha,80356,5.750870905429889,High,0.0189329556261503,3.4644053807436753e-6,3.196490767775789,0.0013911027820848441,0.004,0.002,0.6093827994068607,-0.10197750950777129,0.088
Queen contiguity,2011,Taoyuan,20558,-0.48283876953566973,Low,0.011274691007167655,3.12160813249206e-6,-0.43761313981331257,0.6616667444348394,0.764,0.382,0.3624932048621404,-0.3895104829467706,0.9433600000000001
Queen contiguity,2011,Xiangtan,22347,3.951247152413526,High,0.01138572551359646,3.3348533644198538e-6,4.243429726071015,2.2012932783631818e-5,0.008,0.004,0.7553685110650702,0.825687761844704,0.088
Queen contiguity,2011,Dao,16127,-1.1557152063521738,Low,0.010289157071101576,4.6195495294494916e-6,-0.9777976372164777,0.32817441987560586,0.256,0.128,1.1787114702682537,2.4655778688947594,0.6137435897435898
Queen contiguity,2011,Jiangyong,15298,-0.9823989591263311,Low,0.009620413050102784,5.193537039344061e-6,-0.7035716720345662,0.48169955793604047,0.488,0.242,1.3025685488364611,1.3748691353998845,0.8326153846153846
Queen contiguity,2012,Anxiang,23667,0.019357981347106697,Low,0.011191758087477665,4.607905172350914e-6,0.10290101465487728,0.9180415323991096,0.788,0.394,0.7912201486245112,0.42243969749162735,0.9315121951219513
Queen contiguity,2012,Hanshou,20981,-0.40060426969867613,Low,0.010872684201040834,4.864853771281602e-6,-0.23724325579130426,0.8124680807490898,0.976,0.488,1.065413598460845,1.4847885949160684,0.9953103448275863
Queen contiguity,2012,Jinshi,34592,0.54515945542061806,High,0.01307357925973769,5.437960929291125e-6,-0.09004523603972758,0.9282512676467505,0.868,0.434,0.943056629453472,0.5252055523624439,0.9315121951219513
Queen contiguity,2012,Li,24473,0.3798470354436052,High,0.011356333524403382,5.140233999473198e-6,0.4641926440635297,0.6425097309310184,0.548,0.274,1.0533163081197146,1.2099357781166615,0.8611428571428572
Queen contiguity,2012,Linli,25554,0.3881112461675884,High,0.011551571757530542,5.603822299095358e-6,0.37170788662841675,0.7101103524171528,0.628,0.314,1.092956254175022,1.8398825794891804,0.9175081967213116
Queen contiguity,2012,Shimen,27137,-0.2710334088677007,High,0.011711214523263479,5.169848280509327e-6,-0.45465563633290074,0.649357001860176,0.776,0.388,0.7108902891566199,0.04961794687350096,0.9315121951219513
Queen contiguity,2012,Liuyang,63118,4.36607356513328,High,0.017054106855994157,5.176515823642714e-6,2.778851185307427,0.0054551510258064205,0.032,0.016,1.2135216754351812,1.6149063137815984,0.19799999999999998
Queen contiguity,2012,Ningxiang,62202,3.2810433663556657,High,0.015046000383307544,4.111841114740779e-6,1.7519220348367641,0.07978721505429434,0.148,0.074,0.7833785383323647,0.12110908853237623,0.43413333333333326
Queen contiguity,2012,Wangcheng,70666,5.440640142400598,High,0.016665584303427797,4.449673940906143e-6,3.556861714186864,3.7531159093223557e-4,0.008,0.004,0.9417795101705849,0.7713238495950221,0.07822222222222223
Queen contiguity,2012,Anren,12761,0.8444061194492185,Low,0.010278875086677026,3.938074512080323e-6,1.4310966889134136,0.1524025061216561,0.164,0.082,0.9773000615685105,2.139494280966746,0.451
Queen contiguity,2012,Guidong,8497,-0.21550009662140243,Low,0.008352734709852757,5.844782433232257e-6,0.9751121012513388,0.3295046565807131,0.348,0.174,1.3900662299835573,2.342078179844159,0.7121860465116279
Queen contiguity,2012,Jiahe,32091,-0.06835643160498993,High,0.012180486479242534,4.483902882041355e-6,-0.4674853054947976,0.6401527029346048,0.82,0.41,0.9130366852468963,0.6704421175064033,0.9315121951219513
Queen contiguity,2012,Linwu,23986,0.12379753048688882,Low,0.011254635160147679,5.032866858475501e-6,0.20041861967479707,0.8411531985056602,0.688,0.344,0.9614406417977774,0.7300566860824445,0.9315121951219513
Queen contiguity,2012,Rucheng,11286,-0.2283372445822593,Low,0.008921762919604819,5.302041947720197e-6,0.759776849974406,0.4473879829555268,0.42,0.21,1.0703864228241582,0.7646494793763456,0.7846666666666666
Queen contiguity,2012,Yizhang,17814,0.6495762066157895,Low,0.010345442079914911,5.526603926256434e-6,1.1933656399492971,0.2327262055692654,0.268,0.134,1.1471981882927245,1.173149149909321,0.646918918918919
Queen contiguity,2012,Yongxing,37651,1.653005357653989,High,0.013073807266058873,4.516866822097836e-6,1.164455536866306,0.2442394522265915,0.272,0.136,0.7622237347382987,0.275504134441511,0.646918918918919
Queen contiguity,2012,Zixing,65706,1.258823763020628,High,0.015299339425010014,3.859653670215825e-6,-0.5904191713720605,0.5549096607088931,0.624,0.312,0.7580325964223593,0.43051421124576716,0.9175081967213116
Queen contiguity,2012,Changning,24418,-0.06541375316923352,High,0.011315447533817307,4.7529395033707875e-6,-0.05386013566780933,0.957046597667112,0.856,0.428,0.9548637580065046,0.9885450185000031,0.9315121951219513
Queen contiguity,2012,Hengdong,27485,0.2593820149249992,High,0.011496031459219316,4.582513377963158e-6,0.22332917184371387,0.8232793246997495,0.728,0.364,1.086176882946159,1.889758589396192,0.9315121951219513
Queen contiguity,2012,Hengnan,21911,-0.5278518829435408,Low,0.011028955087578871,4.157714222390546e-6,-0.40668839202114043,0.6842368671909848,0.8,0.4,0.763300788049731,0.7189954632665807,0.9315121951219513
Queen contiguity,2012,Hengshan,25172,-0.18120289483332022,High,0.011481656504972002,5.059441430746581e-6,-0.25642355583628806,0.797623800825473,0.96,0.48,0.8065950263136593,0.3988984278490455,0.9953103448275863
Queen contiguity,2012,Leiyang,26105,0.28823313741361467,High,0.011510670369440455,4.813517839025441e-6,0.2655899714171263,0.7905550099458422,0.636,0.318,1.012885680062403,1.1193287645382934,0.9175081967213116
Queen contiguity,2012,Qidong,18001,-0.9735294873124662,Low,0.010662263538694339,3.7891618977203217e-6,-0.7424856094241753,0.4577931675725485,0.52,0.26,0.7679112690224955,0.30775039925043624,0.8611428571428572
Queen contiguity,2012,Chenxi,17026,-0.9632722369647498,Low,0.010375952055044768,4.368903173282335e-6,-0.6942281255339867,0.48753915701420025,0.548,0.274,0.7722609837484453,0.2996142108704354,0.8611428571428572
Queen contiguity,2012,Zhongfang,30846,-0.6898921555000745,High,0.012169721005846377,4.7739995689475136e-6,-1.1683168005304487,0.2426790009987629,0.156,0.078,0.835724786710336,0.36846642015521125,0.4428387096774194
Queen contiguity,2012,Huitong,14334,-1.215455894755987,Low,0.009966630957235791,5.51036564216486e-6,-0.8295177611888316,0.4068114907204481,0.428,0.214,1.0804599049275303,1.6398723254983132,0.7846666666666666
Queen contiguity,2012,Jingzhou,20348,-1.1714376673812157,Low,0.010558582233879881,6.319586383834033e-6,-1.092796157352908,0.2744833091708642,0.128,0.064,1.130021066993129,0.837685700255383,0.4022857142857143
Queen contiguity,2012,Mayang,13744,-1.1587238877110952,Low,0.010017277948700665,5.103912272327182e-6,-0.7025672814635814,0.48232545850381375,0.56,0.28,0.811004414003322,0.32029375527504955,0.864561403508772
Queen contiguity,2012,Tongdao,12781,-1.5328740175040103,Low,0.0092530151187161,6.35718436905241e-6,-1.0064435284813955,0.3142022636801363,0.24,0.12,0.9865912436761101,0.3636188426203484,0.6211764705882353
Queen contiguity,2012,Xinhuang,15412,-0.8569261192746593,Low,0.00858422198758534,5.158229476606591e-6,-0.27096719019188387,0.7864162669606058,0.94,0.466,2.1906313425363755,5.430809089184413,0.9953103448275863
Queen contiguity,2012,Xupu,13863,-1.6967951193272492,Low,0.010489027774096155,3.7702555324634293e-6,-1.3659913779909003,0.17194166961500346,0.12,0.06,0.6417157713928076,0.27845518350923326,0.4022857142857143
Queen contiguity,2012,Yuanling,24194,-1.6590044925713512,Low,0.011321130669544502,3.955586818561741e-6,-1.712491855669686,0.08680606422812319,0.016,0.008,0.8289149267310607,0.6508119169463997,0.128
Queen contiguity,2012,Zhijiang,20518,-0.9912802299336445,Low,0.010910870230500178,5.48703303460176e-6,-0.8780996795703526,0.3798896268625192,0.392,0.196,0.9212294830864524,0.6219508763861756,0.7652173913043478
Queen contiguity,2012,Lengshuijiang,64257,1.5278030229911779,High,0.018551165753033415,4.651197805797797e-6,-1.1845579888460074,0.236192255765154,0.128,0.064,1.2051709716485948,1.750036744343249,0.4022857142857143
Queen contiguity,2012,Shuangfeng,17755,-0.3749457131752964,Low,0.01078128602235569,4.92577272727818e-6,-0.13521958082859595,0.8924382660121648,0.996,0.498,0.7580622350208684,0.3834355951935162,0.996
Queen contiguity,2012,Xinhua,13398,-0.8982846364524291,Low,0.010063066917784726,4.701607624115351e-6,-0.3752209160219313,0.707496175965046,0.856,0.428,1.019845111750539,1.491802308633666,0.9315121951219513
Queen contiguity,2012,Chengbu,10132,-2.1004879906506617,Low,0.009266514224059257,5.448083691853173e-6,-1.577559401066404,0.11466686553213595,0.008,0.004,1.110048045514818,1.4211312388794015,0.07822222222222223
Queen contiguity,2012,Dongan,20901,-1.2862516931081964,Low,0.010687993287045065,5.172268745056368e-6,-1.2590347603495824,0.2080177768138883,0.084,0.042,1.0356163169880142,0.8681742569632847,0.38552380952380955
Queen contiguity,2012,Dongkou,13240,-1.9706666707483715,Low,0.009775162437624286,4.622764489886964e-6,-1.581694724119433,0.11371927771542013,0.024,0.012,0.8441309700875766,0.4648963520816456,0.16246153846153846
Queen contiguity,2012,Longhui,9572,-2.5302503715427447,Low,0.009550697753651015,4.778254921939425e-6,-1.894926362162676,0.05810215808453506,0.004,0.002,0.8584337398308185,0.5487185739536318,0.0704
Queen contiguity,2012,Shaodong,25246,-1.2388679296842913,High,0.011346145157140386,4.244570044197029e-6,-1.4067618588330897,0.15949801597327792,0.092,0.046,0.6714935778812866,0.043272599668856326,0.38552380952380955
Queen contiguity,2012,Suining,16069,-2.037172700729499,Low,0.010585126400557731,4.136709905358032e-6,-1.8258366188851123,0.06787487559666108,0.008,0.004,1.0501883481364986,2.094162458466421,0.07822222222222223
Queen contiguity,2012,Wugang,12112,-2.5129887436981444,Low,0.00991664229971421,4.299227031854926e-6,-2.154603556492547,0.031192870499548005,0.004,0.002,0.7295802831581725,0.4842776681558032,0.0704
Queen contiguity,2012,Xinning,10732,-2.0355025247528564,Low,0.009425915407344379,5.658014280374046e-6,-1.5398601786527526,0.12359443925599894,0.016,0.008,0.9937907982635512,0.9968206230335248,0.128
Queen contiguity,2012,Xinshao,11514,-0.784897009421635,Low,0.009893142172812218,4.644951679917759e-6,-0.1748360025905665,0.861208498040777,0.984,0.492,0.8624456318936463,1.110897346380022,0.9953103448275863
Queen contiguity,2012,Shaoshan,55570,3.3087576818382356,High,0.016825596111655326,4.659600463038484e-6,2.117731353095934,0.03419782596488325,0.092,0.046,1.068244160900546,0.8716438894538086,0.38552380952380955
Queen contiguity,2012,Xiangxiang,29361,1.8082053712255253,High,0.011950053791898644,4.8905099135760416e-6,1.8049190440845897,0.0710873512344934,0.12,0.06,0.9710144583060623,0.8981210960856028,0.4022857142857143
Queen contiguity,2012,Baojing,14563,-1.5477880151814378,Low,0.010156434210927318,4.823520007990641e-6,-1.2345554484643888,0.21699599841863573,0.14,0.07,0.8462816781082125,0.7498353374306959,0.4248275862068966
Queen contiguity,2012,Fenghuang,13382,-1.0316124630190535,Low,0.009620491274970071,5.002851412405307e-6,-0.4896727845693208,0.6243654631285325,0.788,0.394,1.046481463670557,1.2149930174399968,0.9315121951219513
Queen contiguity,2012,Guzhang,11580,-1.3220425408955665,Low,0.009548846085375049,4.799036915545268e-6,-0.699455824897125,0.4842672107968882,0.536,0.268,1.0979429105619274,1.3291259763681742,0.8611428571428572
Queen contiguity,2012,Huayuan,20337,-0.6715873797953026,Low,0.010559279967428515,5.482566086704379e-6,-0.5262178707300631,0.5987368387790193,0.72,0.36,1.1500721043585282,1.3544276889481566,0.9315121951219513
Queen contiguity,2012,Jishou,31537,-0.79940183157357525,High,0.012241394708284453,5.4265897966241105e-6,-1.2456022326125058,0.21291046224182578,0.084,0.042,1.252831992138122,2.9227237676438227,0.38552380952380955
Queen contiguity,2012,Longshan,9754,-1.9574826483815502,Low,0.008800081882417696,6.293896768117293e-6,-1.3441765139767976,0.1788913144200326,0.036,0.018,1.236365807198407,1.6596689223372758,0.19799999999999998
Queen contiguity,2012,Luxi,17472,-1.2076090506075359,Low,0.010548796648138974,4.4443752282621555e-6,-0.9616604379667346,0.336220201372531,0.328,0.164,0.8755182255541384,0.7837125001744276,0.7040000000000001
Queen contiguity,2012,Yongshun,9590,-2.0214804215943767,Low,0.009218363125693067,3.911760707553896e-6,-1.5029644208103219,0.1328482190794395,0.044,0.022,0.7838425225952861,0.16097461055090978,0.22776470588235295
Queen contiguity,2012,Anhua,14567,-0.3781821046719227,Low,0.0103792094918423,4.0295821038009005e-6,0.07498203541674758,0.9402290053106659,0.852,0.426,0.6618077501483127,0.10365250972004958,0.9315121951219513
Queen contiguity,2012,Nan,21311.46,-0.05088412242254697,Low,0.010950569132047325,4.886268145887436e-6,0.13268924899771703,0.894439145735106,0.792,0.396,0.7796706294678944,0.22461043933108193,0.9315121951219513
Queen contiguity,2012,Yuanjiang,26258,0.10054437747645292,High,0.011561209150026959,5.019190581430323e-6,0.025433199833742665,0.9797094300290181,0.772,0.386,0.9116689533368701,0.48067400489805534,0.9315121951219513
Queen contiguity,2012,Jianghua,15801,-1.3204367558981878,Low,0.010010345562444121,5.043147136039902e-6,-1.0151800218845237,0.31002002199636824,0.256,0.128,1.031540900909777,1.135337197395267,0.6436571428571428
Queen contiguity,2012,Lanshan,20088,-0.6114351689740863,Low,0.010816402480274115,6.028264010164674e-6,-0.46230723136776114,0.6438610146077515,0.788,0.394,0.9573154589434101,0.6573841235338862,0.9315121951219513
Queen contiguity,2012,Ningyuan,12697,-1.2014010795015175,Low,0.010148659873166712,3.975992692291006e-6,-0.7192462831162142,0.47198918684135827,0.536,0.268,0.6331074865548251,0.13614855950844973,0.8611428571428572
Queen contiguity,2012,Shuangpai,21942,-0.8213950538456884,Low,0.010889505397057377,5.935622789768163e-6,-0.827737462871781,0.40781919795985855,0.4,0.2,1.0053432782966905,0.4264412765781813,0.7652173913043478
Queen contiguity,2012,Xintian,14426,-0.5443060852775687,Low,0.009912441869773029,5.073508998899113e-6,-0.0206087202916928,0.983557784157468,0.824,0.412,0.9125975041229644,0.60125774641741,0.9315121951219513
Queen contiguity,2012,Huarong,30413,0.3712822487726757,High,0.012641436619296106,5.402445852954022e-6,-0.004944322514764799,0.9960550174752333,0.76,0.38,1.6399847696734378,3.337377521959718,0.9315121951219513
Queen contiguity,2012,Linxiang,31897,0.6636642865646729,High,0.01354643513585365,4.972310527455139e-6,0.20018963464280803,0.8413322734519384,0.484,0.25,2.0565211095243185,4.375509274561252,0.8351372549019608
Queen contiguity,2012,Miluo,42497,3.969392490971641,High,0.01369014400971152,4.8134427948928265e-6,3.5201073600316533,4.3137215226167204e-4,0.02,0.01,1.063634946709388,1.1907963676928723,0.14666666666666667
Queen contiguity,2012,Pingjiang,17252,3.066110397701014,Low,0.01005544271527873,4.997508916418283e-6,4.3588919087507705,1.3072265512802067e-5,0.004,0.002,1.0592940165655684,1.0384841856863662,0.0704
Queen contiguity,2012,Xiangyin,33983,2.1655568837676737,High,0.0127116154503559,5.343848971458819e-6,1.7885922935274656,0.07368049988055185,0.1,0.05,1.0712315127234822,1.8098270278209183,0.4
Queen contiguity,2012,Cili,18714,-0.6128681766824824,Low,0.010157626261408892,5.12091902540171e-6,-0.2883065696399235,0.7731120787216141,0.98,0.49,1.096171213710152,1.0460193569291638,0.9953103448275863
Queen contiguity,2012,Chaling,20078,-0.36306587641068166,Low,0.010496808385529452,5.577148945818995e-6,-0.09913432400727284,0.921031619689584,0.868,0.434,1.1350308606400685,1.1439490758508564,0.9315121951219513
Queen contiguity,2012,Liling,41491,2.700375143310529,High,0.014415990959965366,5.82720277736306e-6,2.1276794126942837,0.03336367297360762,0.112,0.056,1.3565152073367996,1.7942299766190004,0.4022857142857143
Queen contiguity,2012,Yanling,21021,0.41778981033070334,Low,0.010935550975530282,4.735032729038774e-6,0.6828177846364064,0.49472199023998675,0.444,0.222,0.8194086185534036,0.3893191437605634,0.7973877551020409
Queen contiguity,2012,You,36264,0.8170744905823778,High,0.012896565560260802,4.982335660799701e-6,0.23999245037272582,0.8103361093316496,0.684,0.342,1.115835007886975,1.8920037140050763,0.9315121951219513
Queen contiguity,2012,Zhuzhou,27589,3.5614720692950557,High,0.01169888167476107,3.8851333911711455e-6,4.082493835303916,4.455499429029772e-5,0.004,0.002,0.7965435103687732,1.0014164176042515,0.0704
Queen contiguity,2012,Sangzhi,14624,-1.328564096149,Low,0.010251217207851826,4.695000326860962e-6,-0.9296856298887305,0.35253387689657384,0.324,0.162,1.0777667612192885,1.9121931031158423,0.7040000000000001
Queen contiguity,2012,Yueyang,26360,0.8608100821142612,High,0.011524107167295657,3.941495511739892e-6,0.8752522654549881,0.3814366606983398,0.336,0.168,0.8806754928822119,0.9473408430972796,0.7040000000000001
Queen contiguity,2012,Qiyang,20638,-0.7773093343597249,Low,0.010882933587889726,4.196060822809917e-6,-0.6020715728134931,0.5471264960778512,0.628,0.314,0.747691382435546,0.5765918229240543,0.9175081967213116
Queen contiguity,2012,Taojiang,19509,1.6637697895435708,Low,0.010909526682004315,4.443711783226018e-6,1.9557770354282058,0.050491425259569525,0.112,0.056,0.8243938640411331,0.34908883722972117,0.4022857142857143
Queen contiguity,2012,Shaoyang,9653,-2.1646700475123763,Low,0.009758182160667837,4.115160808829432e-6,-1.5615532129209053,0.11839327878271082,0.036,0.018,0.7131786585903077,0.3373690215008658,0.19799999999999998
Queen contiguity,2012,Lianyuan,18346,0.6931764091770963,Low,0.010928479776944793,3.934278700497595e-6,0.9458018255596737,0.34424967428866265,0.36,0.18,0.7225465393420474,0.8076399538584624,0.72
Queen contiguity,2012,Hongjiang,17733,-1.2588251412467455,Low,0.010551273000088996,3.7987204570748342e-6,-1.1032966573727396,0.26989835773820486,0.284,0.142,0.5840390360595769,0.17177842770720098,0.6576842105263158
Queen contiguity,2012,Hengyang,19382,-0.6301715476029864,Low,0.01074765902967066,5.07234061183326e-6,-0.43488994579637796,0.6636423128363752,0.82,0.41,0.8150178553638325,0.3649385540726784,0.9315121951219513
Queen contiguity,2012,Guiyang,32853,1.29170352622292,High,0.011934637312824741,3.6081903984682882e-6,1.0384351768244597,0.2990674997310383,0.296,0.148,0.8220747363092525,0.8968981908870473,0.6678974358974359
Queen contiguity,2012,Changsha,88656,5.694247583011458,High,0.01852295908191741,3.1642649138603847e-6,3.509278955647204,4.49323372855133e-4,0.008,0.004,0.7030163743864121,0.30875421939847225,0.07822222222222223
Queen contiguity,2012,Taoyuan,22879,-0.5340451469655788,Low,0.01122543682696654,3.182883677573004e-6,-0.45765778273142355,0.6471983230401701,0.708,0.354,0.6325795914607337,0.44376566084389957,0.9315121951219513
Queen contiguity,2012,Xiangtan,27060,4.08704501448758,High,0.011461917777766851,3.451436820172165e-6,4.27905395431139,1.87689365758236e-5,0.004,0.002,0.7086471255044178,0.6005947366512783,0.0704
Queen contiguity,2012,Dao,18059,-1.2044557507889104,Low,0.010375881415462552,4.880215386820437e-6,-1.053001815754346,0.29234015988985124,0.232,0.116,0.7459182418604452,-0.020537596514894396,0.6186666666666667
Queen contiguity,2012,Jiangyong,17168,-1.0042394773820362,Low,0.009800899321813727,7.02531451526817e-6,-0.702635389827567,0.4822830018199231,0.476,0.238,1.4938587490130237,2.671611091702288,0.8351372549019608
Queen contiguity,2013,Anxiang,24012,-0.04204984059361024,Low,0.011000147506026087,4.538053838816352e-6,0.1202461443344594,0.9042881650402028,0.764,0.382,0.8275510915126595,0.6389021625269873,0.9125925925925925
Queen contiguity,2013,Hanshou,24034,-0.40533173420023894,Low,0.011038633438871032,5.141897471746694e-6,-0.31293526285685275,0.7543298462005136,0.912,0.456,0.9862347529324731,1.2026216597743664,0.9554285714285715
Queen contiguity,2013,Jinshi,38042,0.4986441651863203,High,0.012910027560813407,5.395866289652465e-6,-0.0702416137342005,0.944001353131442,0.84,0.42,1.072480047256382,0.7650788610055348,0.9125925925925925
Queen contiguity,2013,Li,27721,0.3478030551704952,High,0.011524702546186866,5.371309026619378e-6,0.3467933170825554,0.7287465981316195,0.668,0.334,0.8990467916644451,0.7097617332148922,0.9125925925925925
Queen contiguity,2013,Linli,27994,0.3972226333428505,High,0.011514952556172246,5.483940034484798e-6,0.4059174135241884,0.6848032827916993,0.6,0.3,1.0057881287527635,1.1410086564874842,0.8799999999999999
Queen contiguity,2013,Shimen,30054,-0.26614128132654863,High,0.01166250926921141,5.2656281848102546e-6,-0.42628623089755635,0.6698992898226763,0.832,0.416,0.8701387763132393,0.4629378324914173,0.9125925925925925
Queen contiguity,2013,Liuyang,71634,4.421424452244407,High,0.01767711626082795,6.120354373946018e-6,2.405659495571747,0.01614330343711658,0.064,0.032,1.1230301257880948,1.458468818494124,0.2816
Queen contiguity,2013,Ningxiang,69797,3.365255803784216,High,0.015399880945804415,4.203326828178899e-6,1.680388982990213,0.09288165815678905,0.16,0.08,0.8652978844095517,0.48844235142110426,0.4541935483870968
Queen contiguity,2013,Wangcheng,79195,5.4724086166232535,High,0.016696475048684104,4.490345649677191e-6,3.611251454824979,3.047230308231287e-4,0.008,0.004,0.8774350010442662,0.6749102391531445,0.07822222222222223
Queen contiguity,2013,Anren,15490,0.9157450688125729,Low,0.0104762284835629,3.986163355310956e-6,1.405677725161271,0.15981984425972612,0.184,0.092,0.6895655179770738,0.6743941903979813,0.49066666666666664
Queen contiguity,2013,Guidong,9434,-0.1891480316571192,Low,0.008538747724878126,6.072344385167297e-6,0.9117001703154768,0.3619265743061308,0.4,0.2,1.123572467073269,0.9945835678032657,0.7399183673469387
Queen contiguity,2013,Jiahe,35328,-0.10322571906774569,High,0.012336099408588744,5.634739383402798e-6,-0.5206700984445907,0.6025966079097407,0.724,0.362,1.0003417351380308,0.9063691082363698,0.9125925925925925
Queen contiguity,2013,Linwu,25241,0.19121489379958556,Low,0.011260298596897986,5.811363009531196e-6,0.2628984789081341,0.79262882874283,0.68,0.34,0.8159267022348565,0.3375558007989632,0.9125925925925925
Queen contiguity,2013,Rucheng,12569,-0.07811116813790403,Low,0.00901160771609143,6.255897389656353e-6,0.8448920066560558,0.3981711377929345,0.392,0.196,1.3160366038930005,1.9313444996359026,0.7399183673469387
Queen contiguity,2013,Yizhang,25040,0.8822788311933373,Low,0.011118528540289246,5.495988388947595e-6,1.1485167648728147,0.250755296177382,0.264,0.132,0.9082904734691842,0.7914206913682942,0.6453333333333334
Queen contiguity,2013,Yongxing,42868,1.7207540870495182,High,0.013104791941226155,4.6020205931605e-6,1.235791912098412,0.2165359221179769,0.24,0.12,0.7836185079304074,0.14081542228118904,0.6034285714285714
Queen contiguity,2013,Zixing,72393,1.4320358601046737,High,0.015457366610702478,4.054339273208661e-6,-0.45200862658194724,0.651262767830104,0.76,0.38,0.6761247954421453,0.1507966584279754,0.9125925925925925
Queen contiguity,2013,Changning,27057,-0.10015985006171738,High,0.011331322174898378,4.373488876739307e-6,-0.10679697396585268,0.9149500481719608,0.964,0.482,0.644291196077784,0.0474757056025803,0.975080459770115
Queen contiguity,2013,Hengdong,30326,0.3108209743139905,High,0.011666432526728042,4.391506737686148e-6,0.20745317759848486,0.8356559560495731,0.704,0.352,0.8269693334265156,0.6584583340609163,0.9125925925925925
Queen contiguity,2013,Hengnan,23818,-0.5414726618289945,Low,0.01097811626131876,3.535287334872725e-6,-0.43517981942834416,0.6634319095614145,0.752,0.376,0.4737640861253425,-0.13436791647198332,0.9125925925925925
Queen contiguity,2013,Hengshan,27622,-0.17767916869875966,High,0.011599084873624111,5.315103876127052e-6,-0.29884552211350807,0.7650579155385888,0.872,0.436,0.7517996815424566,0.3571219256166742,0.9245301204819277
Queen contiguity,2013,Leiyang,27600,0.28373411670851817,High,0.011467057086367782,5.198907470609321e-6,0.27227142962304157,0.7854133225177734,0.68,0.34,0.9050512415229407,0.7374673863535994,0.9125925925925925
Queen contiguity,2013,Qidong,19849,-0.9812773558597584,Low,0.01080141235284941,4.69247790270515e-6,-0.7475152963224313,0.45475257300952837,0.52,0.26,0.9697313438561181,1.2615965873584623,0.8474074074074074
Queen contiguity,2013,Chenxi,18986,-1.0007234951709594,Low,0.01048647785565993,4.874853688261816e-6,-0.7596257598839409,0.44747831677330896,0.496,0.248,0.9164111898554025,0.8765380858289009,0.8434716981132075
Queen contiguity,2013,Zhongfang,34218,-0.6561434025011034,High,0.012195180193082342,5.0174415519067675e-6,-1.1189223585323282,0.2631732635364413,0.16,0.08,1.1225455501408732,1.7187075944597048,0.4541935483870968
Queen contiguity,2013,Huitong,16023,-1.1798492741942093,Low,0.009715546270664666,5.282037568501894e-6,-0.7069598288240947,0.4795914421182225,0.5,0.25,1.095920464709224,1.2326730660995695,0.8434716981132075
Queen contiguity,2013,Jingzhou,22774,-1.144814859979901,Low,0.010704841175985563,6.083208357099568e-6,-1.1519327883137525,0.24934869339346588,0.136,0.068,1.195107104999576,2.728383186979543,0.44325925925925924
Queen contiguity,2013,Mayang,15420,-1.1672001821983025,Low,0.010027532862197366,5.336103753957665e-6,-0.7113283189233172,0.4768808068393476,0.556,0.278,0.9372343798574049,0.7393586032252184,0.8678620689655171
Queen contiguity,2013,Tongdao,14134,-1.5326168947337053,Low,0.009341572508941666,6.950968164329509e-6,-1.0102412463218269,0.3123797224812949,0.204,0.102,1.0661864014641136,0.7609278885406878,0.528
Queen contiguity,2013,Xinhuang,17193,-0.8272316036953734,Low,0.008535367514413042,5.5470414273676284e-6,-0.2020140723429722,0.8399057228460631,0.944,0.476,2.2041087005559907,5.44172966515516,0.975080459770115
Queen contiguity,2013,Xupu,15330,-1.6829266506258311,Low,0.010393969255059072,4.018626792362581e-6,-1.27561220248213,0.20209263840043706,0.148,0.074,0.7059108160130105,0.3582584747513615,0.4541935483870968
Queen contiguity,2013,Yuanling,26525,-1.6878931618816437,Low,0.011489076125458781,4.0587195596670555e-6,-1.8180405916387696,0.06905792891810336,0.012,0.006,0.5967725823824857,0.21751996030800003,0.10560000000000001
Queen contiguity,2013,Zhijiang,22994,-0.9467877842725974,Low,0.010844807661775558,4.818359151461166e-6,-0.8645906456750041,0.3872635085822156,0.408,0.204,0.933201995480369,1.2040127427960519,0.7399183673469387
Queen contiguity,2013,Lengshuijiang,70781,1.5173132392697724,High,0.018612879729547067,5.759985657305745e-6,-1.0877081910639332,0.2767239505381793,0.156,0.078,1.3044886327999343,1.6290967983149427,0.4541935483870968
Queen contiguity,2013,Shuangfeng,19797,-0.3210198978925197,Low,0.010540799831775263,4.698307649599426e-6,0.028189569683160914,0.9775109561069165,0.832,0.416,0.8922824286111022,0.5596454292435507,0.9125925925925925
Queen contiguity,2013,Xinhua,15063,-0.8876211578374029,Low,0.010172790275575801,4.677116547041725e-6,-0.4232516219429961,0.6721116869117014,0.78,0.39,0.8589739378965233,0.8257981058389943,0.9125925925925925
Queen contiguity,2013,Chengbu,10595,-2.1364674920438183,Low,0.009169189769324725,5.802637976405004e-6,-1.5493024643788706,0.12130902763503496,0.016,0.008,0.9353470152524495,0.629864879719328,0.11733333333333333
Queen contiguity,2013,Dongan,23002,-1.286486191848902,Low,0.010860415302122306,5.218958060505901e-6,-1.3418496257986974,0.17964475780846367,0.076,0.038,0.8203007885993548,0.4021228072736025,0.31847619047619047
Queen contiguity,2013,Dongkou,14480,-1.9868248855483934,Low,0.00989718431897117,4.99752007388428e-6,-1.612563962685037,0.10683927311884574,0.024,0.012,0.7750920349081162,0.2970176088518177,0.12423529411764707
Queen contiguity,2013,Longhui,10191,-2.5449825631758873,Low,0.009594829449574785,4.3469676166365015e-6,-2.0480559975247976,0.04055451280787684,0.004,0.002,1.1039766485270996,1.797797720588159,0.07822222222222223
Queen contiguity,2013,Shaodong,27817,-1.2265608106522286,High,0.011561590050631218,4.98961680063328e-6,-1.3915670301299972,0.164053548533968,0.092,0.046,0.7102926739580164,0.15285016934356488,0.352
Queen contiguity,2013,Suining,17604,-2.0439649513248885,Low,0.010449549593223204,4.249397472395876e-6,-1.7608853035227812,0.07825781785355962,0.008,0.004,0.8825670990407649,1.145633882549511,0.07822222222222223
Queen contiguity,2013,Wugang,12657,-2.5570360199496416,Low,0.009883927821325524,4.589882321561658e-6,-2.141415025829438,0.0322405842858139,0.004,0.002,1.045215772898285,2.0578321563640154,0.07822222222222223
Queen contiguity,2013,Xinning,11834,-2.0596544796591227,Low,0.009219980608092352,5.244265338968096e-6,-1.5588296823289725,0.11903669688086405,0.02,0.01,1.0787605070358464,1.1492774962201935,0.12423529411764707
Queen contiguity,2013,Xinshao,12649,-0.7869981015658981,Low,0.009978182298890427,4.409676778599825e-6,-0.22952228597888658,0.8184630012014986,0.992,0.496,0.9244385590790731,1.0993340245299308,0.992
Queen contiguity,2013,Shaoshan,61301,3.357057339172682,High,0.01694024031577112,4.705571578650265e-6,2.1605006471765313,0.030733933561277276,0.096,0.048,1.093738064113041,1.0138972524592464,0.352
Queen contiguity,2013,Xiangxiang,33585,1.8992819976313267,High,0.012068702838141133,5.047556442515707e-6,1.843986279776228,0.06518513973362461,0.116,0.058,0.9097076593552219,0.5572123018038235,0.39261538461538464
Queen contiguity,2013,Baojing,12695,-1.7605637529034959,Low,0.009662806487442811,5.138355096620065e-6,-1.2321367023052556,0.2178980232711674,0.112,0.056,1.1028889445424057,1.5847538912687718,0.39261538461538464
Queen contiguity,2013,Fenghuang,15368,-1.1365058736659968,Low,0.009922477972386852,6.051887050445474e-6,-0.6957077175431501,0.48661189140185723,0.568,0.284,1.0272664400198057,0.9330863833914629,0.8678620689655171
Queen contiguity,2013,Guzhang,13345,-1.447373442133823,Low,0.00958539128685272,4.326521292674769e-6,-0.9212218138410561,0.3569346316656792,0.336,0.168,0.877875622579119,0.6426605472345104,0.672
Queen contiguity,2013,Huayuan,19980,-0.9072488992528401,Low,0.010107295312988027,5.8331983166785485e-6,-0.6282334614887624,0.5298510130210197,0.572,0.286,1.1417522005287595,1.1691185596271563,0.8678620689655171
Queen contiguity,2013,Jishou,33904,-1.0070674856526647,High,0.01202351042445084,4.314149928989115e-6,-1.555284521778045,0.11987832201909078,0.02,0.01,1.0285678198444141,0.8967675883108246,0.12423529411764707
Queen contiguity,2013,Longshan,10791,-2.0447978590303846,Low,0.008762461271097012,5.5460248209363015e-6,-1.5499803763850646,0.12114622609658679,0.008,0.004,1.223585996310432,1.5854905459895186,0.07822222222222223
Queen contiguity,2013,Luxi,16876,-1.2972833028827635,Low,0.01034171100592004,5.061477222056067e-6,-0.9140217425146704,0.36070542108525594,0.312,0.156,0.9192072891538329,0.7153437269297176,0.6696585365853659
Queen contiguity,2013,Yongshun,10712,-2.0829516706912536,Low,0.009400954558813665,4.668585010474479e-6,-1.5523005804671133,0.12059031910550869,0.024,0.012,0.8189811087727205,0.19431082669166422,0.12423529411764707
Queen contiguity,2013,Anhua,16071,-0.3378816079959538,Low,0.010389838434039896,4.486643901238429e-6,0.10511206963499298,0.9162868821765832,0.852,0.426,0.6543848166290765,0.12124188209424558,0.9143414634146342
Queen contiguity,2013,Nan,23479,-0.07633250559585146,Low,0.010932763405967947,4.713412281046878e-6,0.11503563916294769,0.9084168735767222,0.808,0.404,0.7816230224350266,0.27743291833439976,0.9125925925925925
Queen contiguity,2013,Yuanjiang,28826,0.11070118672982196,High,0.01148432265850003,5.3596387709055885e-6,0.0699229673609737,0.9442549725571524,0.796,0.398,0.8657655592303315,0.45360799264807916,0.9125925925925925
Queen contiguity,2013,Jianghua,17580,-1.3016766359592573,Low,0.010121787410132888,5.933815432404277e-6,-0.9725068722074756,0.33079844771295247,0.28,0.14,0.9621503427609813,0.6570041999784384,0.6576842105263158
Queen contiguity,2013,Lanshan,22137,-0.6398543034779385,Low,0.010860292575762633,5.846197327697624e-6,-0.5259114727256864,0.598949717272505,0.76,0.38,0.9584676827683479,0.5953267398650381,0.9125925925925925
Queen contiguity,2013,Ningyuan,14110,-1.241436690503346,Low,0.010126134672410851,4.233245542021598e-6,-0.7399158658008406,0.45935104674759347,0.536,0.268,1.1253974567267426,2.5584152919950194,0.8576000000000001
Queen contiguity,2013,Shuangpai,21770,-0.9466686397772888,Low,0.010506739213618178,5.245631152651136e-6,-0.8895071710260068,0.3737305709920808,0.328,0.164,1.044166902075929,1.0032814549084694,0.672
Queen contiguity,2013,Xintian,15881,-0.5433190311566323,Low,0.009864383930029978,5.580806812193398e-6,-0.003344727590856388,0.9973312984710494,0.788,0.394,0.9955753685903491,0.7463299937858325,0.9125925925925925
Queen contiguity,2013,Huarong,33611,0.3676668751047016,High,0.012809893618024462,5.985228608106485e-6,-0.07439271413276587,0.9406979060203383,0.752,0.376,1.4331200300614115,2.253323627159742,0.9125925925925925
Queen contiguity,2013,Linxiang,35394,0.6701315409873472,High,0.013840524042028696,6.112138517897273e-6,0.08077287534471149,0.9356225799061799,0.584,0.302,1.9331225106244527,3.5121373107633405,0.8710508474576271
Queen contiguity,2013,Miluo,47066,3.9542632415489636,High,0.013819573864281478,4.931524705161096e-6,3.4391347979498366,5.835765756384806e-4,0.016,0.008,0.9167687569233044,1.040791437919256,0.11733333333333333
Queen contiguity,2013,Pingjiang,19076,3.075196660371042,Low,0.010416092961398298,5.792096053170834e-6,3.9382366074060187,8.208263268286697e-5,0.004,0.002,0.8291735910603845,0.2571815871761589,0.07822222222222223
Queen contiguity,2013,Xiangyin,37621,2.1752809589971,High,0.012615829133736125,4.7222423036754225e-6,1.9788578462365694,0.04783201345614673,0.092,0.046,0.8050833750774524,0.10445785601171176,0.352
Queen contiguity,2013,Cili,20303,-0.6289400178998114,Low,0.010146193601576063,5.569116257606457e-6,-0.2988941986542456,0.7650207736927241,0.96,0.48,1.2123142312814215,1.2600762887367534,0.975080459770115
Queen contiguity,2013,Chaling,22363,-0.26878693401735126,Low,0.010559090056417796,5.519329748968373e-6,-0.007317890207994235,0.9941612204980208,0.788,0.394,0.98410540052425,0.7618125956716346,0.9125925925925925
Queen contiguity,2013,Liling,46052,2.768352459004767,High,0.014452690217439057,5.5845142537101876e-6,2.2742384854283726,0.022951651472108127,0.048,0.024,0.9968884137870796,0.3891468291111657,0.2346666666666667
Queen contiguity,2013,Yanling,24147,0.5204427875816514,Low,0.010975864575759291,5.153847619525194e-6,0.7559654443729874,0.44966991414465274,0.392,0.196,1.1988551173624364,1.9785442786423006,0.7399183673469387
Queen contiguity,2013,You,40725,0.8892904126146086,High,0.012998757934727668,5.226255081130705e-6,0.27767269399715666,0.7812636236242824,0.708,0.354,0.7281412602635964,0.06421804109421103,0.9125925925925925
Queen contiguity,2013,Zhuzhou,30801,3.6067643661500832,High,0.01175132018229921,4.616841801821566e-6,3.802629798038147,1.4316821362658845e-4,0.008,0.004,0.7953414619703962,0.5525057104046525,0.07822222222222223
Queen contiguity,2013,Sangzhi,15672,-1.3390153447513777,Low,0.010192078827080018,4.402362198806441e-6,-0.9559391754017478,0.3391029652447828,0.336,0.168,0.7571148030238647,0.480834246180172,0.672
Queen contiguity,2013,Yueyang,29171,0.8572760121521005,High,0.011507065276444645,4.491163605725648e-6,0.8316211479070833,0.4056228212976659,0.412,0.206,0.7027082072139883,0.25560210327984434,0.7399183673469387
Queen contiguity,2013,Qiyang,22774,-0.8238928575361507,Low,0.011088067538804784,4.300170024152516e-6,-0.7503777287286906,0.4530272404617733,0.488,0.244,0.8644533961986077,1.3229125969376252,0.8434716981132075
Queen contiguity,2013,Taojiang,21511,1.7174255746481228,Low,0.01093998861545438,4.305804812406425e-6,2.0441489873059786,0.04093883094048097,0.06,0.03,0.7122216028189785,0.5917951000236861,0.27789473684210525
Queen contiguity,2013,Shaoyang,10531,-2.1828794636950897,Low,0.009987052773450923,4.173869178431451e-6,-1.7015270071684074,0.0888440708837703,0.024,0.012,0.6819875105027983,0.36575919070427476,0.12423529411764707
Queen contiguity,2013,Lianyuan,20607,0.7459185341299936,Low,0.010942462264690745,4.007461347790237e-6,0.9912549495588664,0.32156110493971274,0.304,0.152,0.7244709676613458,0.5216508731868417,0.6688000000000001
Queen contiguity,2013,Hongjiang,19786,-1.2324432527241342,Low,0.010590566707664674,4.362344512776811e-6,-1.030028463802432,0.30299664408014715,0.284,0.142,0.7082965645470403,0.011386778074011339,0.6576842105263158
Queen contiguity,2013,Hengyang,21419,-0.6375359359952849,Low,0.01069457624192877,5.141828405039945e-6,-0.42258951906190817,0.6725947748390285,0.824,0.412,0.8880760666557971,0.37993917908000885,0.9125925925925925
Queen contiguity,2013,Guiyang,36372,1.3561220318998486,High,0.012070179952163959,3.7689328914275547e-6,1.0228477264602207,0.30637984829358844,0.3,0.15,0.7248533690569369,0.6105143944854086,0.6688000000000001
Queen contiguity,2013,Changsha,97249,5.708505423705478,High,0.018485147070328008,3.7608896352828726e-6,3.3125078600399003,9.246352781050358e-4,0.008,0.004,0.6484664156404724,0.1920841681710117,0.07822222222222223
Queen contiguity,2013,Taoyuan,25691,-0.5665366823511555,Low,0.01138521822472205,3.330428331061258e-6,-0.571336648226429,0.567771463808009,0.64,0.32,0.6089150807178365,0.5879018987115034,0.9125925925925925
Queen contiguity,2013,Xiangtan,30636,4.135066434286472,High,0.011618350524975245,3.758306601123236e-6,4.1031570670449495,4.075503666943226e-5,0.004,0.002,0.499981455146776,-0.11502765856128283,0.07822222222222223
Queen contiguity,2013,Dao,20073,-1.2478518289948988,Low,0.010384643768766983,5.845954704033142e-6,-1.0267500874659385,0.3045381575438994,0.168,0.084,1.2434425600307253,1.6394939228713126,0.462
Queen contiguity,2013,Jiangyong,18912,-0.9924185722810046,Low,0.00967155098184025,6.464923278635077e-6,-0.6766403711375011,0.49863415801485983,0.508,0.254,1.4448708246005877,1.9730979015674954,0.8434716981132075
Queen contiguity,2014,Anxiang,24818,-0.04414960565621612,Low,0.010949905466728147,5.482726188626644e-6,0.12865301379410654,0.8976322158903385,0.756,0.378,0.9502702601870637,0.9715491366016042,0.90112
Queen contiguity,2014,Hanshou,26745,-0.37909394419258713,Low,0.011107724074599812,4.555131256863308e-6,-0.33264965987553075,0.739398752917665,0.852,0.426,0.9262032713087397,1.1818864705688084,0.9517037037037036
Queen contiguity,2014,Jinshi,41277,0.48904327444197315,High,0.012949944793238664,5.6280335784908494e-6,-0.09786825944419193,0.922036904252985,0.916,0.458,0.9378897202143247,0.7033685012667399,0.9638095238095239
Queen contiguity,2014,Li,31861,0.34606835589729995,High,0.01159738107713087,4.979566875883175e-6,0.32466915762156845,0.7454314797855195,0.596,0.298,1.1627533242598265,2.0402319073900497,0.8436825396825396
Queen contiguity,2014,Linli,29998,0.40076112690896154,High,0.011384799893443959,4.837134324728045e-6,0.49492813060019736,0.6206508528965347,0.58,0.29,0.7528311008411543,0.2921737459479483,0.8436825396825396
Queen contiguity,2014,Shimen,32286,-0.23981993649029415,High,0.011655152376778445,5.146291512392497e-6,-0.3978515046939898,0.6907396490702411,0.856,0.428,0.9825060719753523,1.0003748265302193,0.9517037037037036
Queen contiguity,2014,Liuyang,78127,4.465793803697304,High,0.017551286561031994,4.980887030001822e-6,2.768118508676357,0.005638094994912586,0.028,0.014,1.072183170869761,1.3942081832275646,0.154
Queen contiguity,2014,Ningxiang,75076,3.3288216272895874,High,0.015161840736529214,4.436524760946501e-6,1.70380788348891,0.0884169846935372,0.136,0.068,0.8242585065027963,0.5949150650455244,0.4126896551724138
Queen contiguity,2014,Wangcheng,84780,5.445771718140135,High,0.016504672398253088,3.701449506966836e-6,4.032158907919977,5.5266795166112957e-5,0.004,0.002,0.6390823557911439,0.15359830768549232,0.088
Queen contiguity,2014,Anren,17947,1.0487077330198993,Low,0.010363216865319061,3.549473982733184e-6,1.6954058890657708,0.08999844952756929,0.124,0.062,0.6515643177076945,0.420450349536595,0.40414814814814815
Queen contiguity,2014,Guidong,10583,-0.11243837832108372,Low,0.008542279134276964,5.935075956890683e-6,1.0172532688458826,0.3090329610804927,0.316,0.158,1.2162424959968274,1.8260774142647334,0.6257777777777778
Queen contiguity,2014,Jiahe,38064,-0.1477652690378938,High,0.01222160681293727,5.316341731578889e-6,-0.5353885116597216,0.592381232546953,0.712,0.356,1.3715303420744893,3.4866762504966085,0.9001142857142856
Queen contiguity,2014,Linwu,26275,0.15993687979450696,Low,0.010980391165506675,5.930483379197515e-6,0.3392250425539909,0.7344402053159459,0.632,0.316,1.1385850426331823,2.036552328031436,0.8556307692307693
Queen contiguity,2014,Rucheng,14018,2.9866029535857147e-5,Low,0.009078391888766859,5.386123631061195e-6,0.9847178921358852,0.32476266160630546,0.352,0.176,0.9595596744381593,0.4267276619181084,0.659063829787234
Queen contiguity,2014,Yizhang,28354,0.9588775741702688,Low,0.011181946035062316,5.367310814247165e-6,1.2244604952206166,0.2207785602520233,0.256,0.128,0.9889320688338513,0.6098849260862895,0.592842105263158
Queen contiguity,2014,Yongxing,48646,1.8944845755542499,High,0.013494538363777722,4.740671809728714e-6,1.238216547851157,0.21563577732472772,0.244,0.122,0.6273901642758821,-0.07238345552926573,0.592842105263158
Queen contiguity,2014,Zixing,80663,1.6061993394476688,High,0.01551670575635021,4.079642142952427e-6,-0.29149894964125944,0.7706697470798098,0.876,0.438,0.8485996332151468,0.722951028394903,0.9517037037037036
Queen contiguity,2014,Changning,29665,-0.0660683700752151,High,0.011329800349158795,4.937717776694101e-6,-0.06052701537418233,0.9517359001316599,0.912,0.456,0.9051438025033681,1.0888351472550903,0.9638095238095239
Queen contiguity,2014,Hengdong,33307,0.39470528180185427,High,0.011675384605958267,4.892219168025158e-6,0.28172514860982645,0.7781542694362028,0.676,0.338,0.7705361418368373,0.30286611171873457,0.8748235294117648
Queen contiguity,2014,Hengnan,26001,-0.5133078471614159,Low,0.011172558331044942,4.220596413694754e-6,-0.4614450042332315,0.644479369518577,0.716,0.358,0.7004284686764353,0.6201266799077243,0.9001142857142856
Queen contiguity,2014,Hengshan,30462,-0.15667726567592533,High,0.011521228461172615,5.7564394833483e-6,-0.23206499410730352,0.8164875333729572,0.996,0.498,1.1498712304753818,1.6785685125119443,1
Queen contiguity,2014,Leiyang,30360,0.3707489372944384,High,0.011362843029345494,4.790541785886212e-6,0.4319442825561033,0.6657819091162471,0.624,0.312,0.783193736032468,0.24138402238111167,0.8556307692307693
Queen contiguity,2014,Qidong,21906,-0.9684074128141739,Low,0.010718568079501148,3.679259145266627e-6,-0.7840472974262258,0.4330123580272267,0.472,0.236,0.6495881099234068,0.244038360656313,0.7552
Queen contiguity,2014,Chenxi,20132,-1.1289912039641827,Low,0.010253400904126572,4.614407889768233e-6,-0.8222437204925006,0.41093820034647544,0.424,0.212,0.9661928547823627,1.010810454460639,0.7310769230769231
Queen contiguity,2014,Zhongfang,35747,-0.8110077113297308,High,0.01193150685549978,4.664352296269981e-6,-1.219702228425044,0.2225777765297008,0.152,0.076,0.9218566403073296,0.8423078727711069,0.43148387096774193
Queen contiguity,2014,Huitong,17040,-1.2307096383639133,Low,0.009890465253207931,5.4412657399012865e-6,-0.8293515154896716,0.40690552830583027,0.432,0.216,0.9975020312136965,1.2632767574521155,0.7310769230769231
Queen contiguity,2014,Jingzhou,25078,-1.163773063457327,Low,0.010748592609356396,6.916580042449963e-6,-1.1165260382889308,0.26419703092784674,0.152,0.076,1.076719711073978,0.8275860018290344,0.43148387096774193
Queen contiguity,2014,Mayang,16700,-1.2403803725973974,Low,0.00999360155968966,4.396395879221661e-6,-0.853832556411476,0.3931977728691437,0.444,0.222,0.7539431557839403,0.5574664437803629,0.7365925925925926
Queen contiguity,2014,Tongdao,14871,-1.5568444067988938,Low,0.009044791689045178,5.300007924805269e-6,-1.056442286789754,0.2907661950825173,0.2,0.1,1.1539519562682985,1.3938557566829486,0.5176470588235295
Queen contiguity,2014,Xinhuang,18328,-0.8942292052674343,Low,0.008353788913300577,4.767858126445884e-6,-0.25431993690193283,0.7992483986201799,0.988,0.488,2.1713445474716755,5.348078681418979,1
Queen contiguity,2014,Xupu,15331,-1.7964968413466567,Low,0.010327324069966849,3.9731386723484285e-6,-1.365432074677928,0.17211728851812172,0.092,0.046,0.6702076188889474,0.12112694102783861,0.3373333333333333
Queen contiguity,2014,Yuanling,27798,-1.7366851394735925,Low,0.011268349556233091,3.2829103493707778e-6,-1.9524402490424038,0.05088595839291783,0.012,0.006,0.4348281300379659,-0.20424370953108406,0.132
Queen contiguity,2014,Zhijiang,24134,-1.0636509477415226,Low,0.010781672880071699,4.613119972182048e-6,-0.9908058385906979,0.321780397784759,0.312,0.156,0.8762234084022548,1.1835743399403977,0.6257777777777778
Queen contiguity,2014,Lengshuijiang,75181,1.4018094462111925,High,0.018049603542004765,4.7330547663795666e-6,-1.106898223022671,0.2683379342605766,0.132,0.066,1.2691405919075265,1.5460784449393605,0.4126896551724138
Queen contiguity,2014,Shuangfeng,21252,-0.2987655244497206,Low,0.010712187778572501,5.26228689576644e-6,-0.02449541127182381,0.9804574438928392,0.92,0.46,0.6889818431665085,0.06498554023842873,0.9638095238095239
Queen contiguity,2014,Xinhua,16620,-0.9527318724475008,Low,0.010190451952525497,4.75458057781121e-6,-0.4968612756573255,0.6192868809508385,0.748,0.374,0.6810349546580692,0.12136000726376528,0.90112
Queen contiguity,2014,Chengbu,11663,-2.135653772023606,Low,0.009068795249024302,4.901956233684099e-6,-1.634414770751477,0.10217178883817818,0.016,0.008,0.9418876222174974,0.9003382608049875,0.1408
Queen contiguity,2014,Dongan,24876,-1.283734523093135,Low,0.01076791298035586,5.022429796875703e-6,-1.3202838831541148,0.18674025451658585,0.088,0.044,0.9314603202870946,0.886726142456447,0.336695652173913
Queen contiguity,2014,Dongkou,16024,-2.005668413197346,Low,0.00987612189834045,4.479469535731594e-6,-1.711641475641958,0.08696275996020142,0.028,0.014,0.7526058291915378,0.15981944560662598,0.154
Queen contiguity,2014,Longhui,11486,-2.545137289421287,Low,0.009616303548527338,4.736460214963415e-6,-1.9670378364375802,0.04917884891240364,0.008,0.004,0.7697385608647325,0.5168541450812585,0.10057142857142858
Queen contiguity,2014,Shaodong,30800,-1.219310800252671,High,0.011368140217011623,4.2645046478349145e-6,-1.400680029246764,0.16130977727702867,0.08,0.04,0.7720246788883727,0.39424393482722797,0.32
Queen contiguity,2014,Suining,19428,-2.0572972445599653,Low,0.01051374924502053,4.735934794483574e-6,-1.7072879120592024,0.08776855176207006,0.008,0.004,0.8224106791167762,0.19966551493774976,0.10057142857142858
Queen contiguity,2014,Wugang,14135,-2.526593551433773,Low,0.009834326539193234,3.901680300797882e-6,-2.255414615977023,0.024107316172474514,0.004,0.002,0.6758135595336888,0.5953740041175304,0.088
Queen contiguity,2014,Xinning,13209,-2.0461902050405336,Low,0.009392551140890241,5.555390531197269e-6,-1.5675475773337375,0.11698675450642564,0.028,0.014,1.2157045619884506,2.60596543417026,0.154
Queen contiguity,2014,Xinshao,14085,-0.813948343785198,Low,0.009856809926234623,4.561697780095505e-6,-0.1971374127043739,0.843720006753381,0.996,0.498,0.7639815411482509,0.5301435738672264,1
Queen contiguity,2014,Shaoshan,67578,3.3984171507527186,High,0.017361537976830318,6.554780651717569e-6,1.7080144878946972,0.08763365426064126,0.176,0.088,1.2284478376226362,1.1954251343876265,0.46933333333333327
Queen contiguity,2014,Xiangxiang,37651,1.9237884289064204,High,0.01222143439116663,4.588026425761122e-6,1.8878646058132404,0.05904412922585627,0.104,0.052,0.7611238067447802,0.22064182527092457,0.36553846153846153
Queen contiguity,2014,Baojing,13954,-1.8052455929212334,Low,0.009875090131013137,5.127012102723091e-6,-1.3739254852341938,0.16946481678572634,0.108,0.054,0.707780193776425,0.4647789246265295,0.36553846153846153
Queen contiguity,2014,Fenghuang,17265,-1.1848196005095724,Low,0.009732906723544479,5.472264699943526e-6,-0.7053273707926825,0.48060653089510474,0.548,0.274,0.9991814150093746,1.1080810970173323,0.831448275862069
Queen contiguity,2014,Guzhang,15258,-1.4772280120623638,Low,0.009905882399252046,5.2458690893820974e-6,-1.0068240951645868,0.31401931343244877,0.268,0.134,0.9588201273934911,0.9787040912282841,0.6047179487179487
Queen contiguity,2014,Huayuan,20450,-1.0015907779281767,Low,0.010186705425507758,6.463285160125012e-6,-0.7393241713474165,0.45971017519994417,0.452,0.226,1.2675076017405376,1.939351392533644,0.7365925925925926
Queen contiguity,2014,Jishou,35806,-1.0707503348938536,High,0.012040773999558134,5.3537051071859314e-6,-1.4717125282553374,0.14109852301377068,0.056,0.028,0.920996159573851,0.5848815085145334,0.2737777777777778
Queen contiguity,2014,Longshan,11980,-2.0323184759295336,Low,0.008839094312152325,6.3063462786730046e-6,-1.464374753138577,0.14309158242841835,0.02,0.01,1.1593090532117418,1.269094468308106,0.154
Queen contiguity,2014,Luxi,18529,-1.344547041688608,Low,0.010270872432599163,4.281833075430853e-6,-1.010921884118187,0.312053818959487,0.304,0.152,0.7996759908258787,0.8151634102569596,0.6257777777777778
Queen contiguity,2014,Yongshun,11628,-2.0915084195559133,Low,0.009420284033674758,5.0045327335912995e-6,-1.5133639076546115,0.13018724758217987,0.028,0.014,0.8591270258204673,0.3862257999946572,0.154
Queen contiguity,2014,Anhua,17840,-0.38917051380260387,Low,0.010461870409816169,4.325055775543977e-6,0.018350300734629715,0.9853594000258628,0.864,0.432,0.7182757166264615,0.12507552174196812,0.9517037037037036
Queen contiguity,2014,Nan,26081.76,-0.045398349860452665,Low,0.01095819111827558,4.568473555443838e-6,0.13938302525181462,0.8891474853076438,0.768,0.384,0.8584390132160368,0.5283788471051705,0.90112
Queen contiguity,2014,Yuanjiang,31834,0.175413507641528,High,0.011470943789023033,4.806531094266166e-6,0.1549099971723614,0.8768922721874365,0.744,0.372,0.9388629023208912,0.968204607904831,0.90112
Queen contiguity,2014,Jianghua,20033,-1.2810937031459388,Low,0.010188562406023715,5.3447059532251834e-6,-1.0260976103890875,0.304845576562002,0.244,0.122,1.0288870975581632,0.9910308956446126,0.592842105263158
Queen contiguity,2014,Lanshan,24207,-0.6758594684057163,Low,0.010967721332651826,6.3386723762998595e-6,-0.5860566647414871,0.5578374364794616,0.652,0.326,1.0391814965929205,0.9345340884750399,0.856358208955224
Queen contiguity,2014,Ningyuan,15200,-1.257919877325628,Low,0.010386361976649883,4.2433206375390246e-6,-0.8806888714747095,0.37848624174510237,0.416,0.208,0.6045203943725311,-0.11058228478427079,0.7310769230769231
Queen contiguity,2014,Shuangpai,23077,-0.9770742644702708,Low,0.010298773252133202,5.700264294050437e-6,-0.8028552232621101,0.4220584191742951,0.388,0.194,1.096379163583862,0.9510684393183912,0.6968163265306123
Queen contiguity,2014,Xintian,17140,-0.546412960818609,Low,0.00990289892777789,4.901743906452886e-6,-0.023598410794255068,0.9811729398018744,0.872,0.436,0.7574919819432492,0.2082747181046427,0.9517037037037036
Queen contiguity,2014,Huarong,36875,0.3988020241986282,High,0.012616383252550068,5.757454419966438e-6,0.04837805020924299,0.9614149522138611,0.652,0.326,1.5542096784640644,2.530472409860221,0.856358208955224
Queen contiguity,2014,Linxiang,38903,0.6991467801687965,High,0.013696926924744727,5.129975632481384e-6,0.20049456450628803,0.8410938085925062,0.528,0.27,2.067246703733939,4.756222326261791,0.8297142857142857
Queen contiguity,2014,Miluo,51832,3.977086559887599,High,0.013677677454410599,5.187544453613339e-6,3.4329803029184562,5.969854660540417e-4,0.028,0.014,1.2416269678112433,2.182956859346395,0.154
Queen contiguity,2014,Pingjiang,20521,3.1019029613196833,Low,0.010429994049371769,6.287909295207202e-6,3.7975491106810715,1.4613383034677396e-4,0.016,0.008,1.39629460956097,3.906436529295701,0.1408
Queen contiguity,2014,Xiangyin,41965,2.202002406277212,High,0.012560170081943706,4.568889360656008e-6,2.0649675144362556,0.038926074127837856,0.072,0.036,0.8725871631931291,0.7367903956959578,0.3017142857142857
Queen contiguity,2014,Cili,22584,-0.5957819455987051,Low,0.010248319982756408,6.2418367419364494e-6,-0.2813067111674474,0.7784751633010745,1,0.5,1.3795098288049077,2.2276593816451964,1
Queen contiguity,2014,Chaling,24910,-0.18608880969668548,Low,0.010729742914724387,6.391185666261199e-6,0.02611220717111525,0.9791678404687547,0.76,0.38,1.161685374526237,1.252957068270688,0.90112
Queen contiguity,2014,Liling,50629,2.8221025252386363,High,0.014532251169057946,5.650719475832978e-6,2.2899441419545346,0.022024554908908586,0.072,0.036,1.222953397797654,1.3374491453006954,0.3017142857142857
Queen contiguity,2014,Yanling,27330,0.6629027447576477,Low,0.011102920835002987,4.757641840593185e-6,0.8938644442441035,0.37139442362426134,0.336,0.168,0.9660475529600087,1.2337821880591724,0.6427826086956522
Queen contiguity,2014,You,45160,0.9796994097526519,High,0.012995786147000938,5.026362909774601e-6,0.3853721390334194,0.6999617214027514,0.596,0.298,1.1259600010830493,1.65041429620472,0.8436825396825396
Queen contiguity,2014,Zhuzhou,34977,3.7171013086600713,High,0.011843690909719725,4.467471984476659e-6,3.938266438148109,8.207243061048782e-5,0.004,0.002,0.5357155442360142,-0.26993507503616376,0.088
Queen contiguity,2014,Sangzhi,17518,-1.3377023103613441,Low,0.010314580877134783,4.691362934219156e-6,-0.9784853443999061,0.32783433629920783,0.32,0.16,0.9112667808785291,1.2917966090170712,0.6257777777777778
Queen contiguity,2014,Yueyang,32503,0.9109909618404254,High,0.011497483539774648,4.192837653479801e-6,0.9218999802867217,0.3565807494428646,0.372,0.186,0.7409195773320564,0.37864190857995617,0.6819999999999999
Queen contiguity,2014,Qiyang,25139,-0.8230152705924663,Low,0.0110416086014926,4.188046213447985e-6,-0.7350772682019653,0.462292437562264,0.54,0.27,0.7659544652804653,0.221772892332472,0.831448275862069
Queen contiguity,2014,Taojiang,23855,1.719834523368333,Low,0.010815159707657002,3.838159956925549e-6,2.2280075896601317,0.025880008893283617,0.068,0.034,0.9035162149884552,1.3170287546501633,0.3017142857142857
Queen contiguity,2014,Shaoyang,11739,-2.1537628593991784,Low,0.009929281241141967,4.655278063316514e-6,-1.550341920585834,0.12105947065306068,0.036,0.018,0.8668616955174637,0.6563685987611159,0.18635294117647058
Queen contiguity,2014,Lianyuan,22145,0.6903894599716673,Low,0.010882334392429902,3.894546487158841e-6,0.9756917804757292,0.32921722666396036,0.316,0.158,0.5819451310460216,0.2487092509476434,0.6257777777777778
Queen contiguity,2014,Hongjiang,21314,-1.3381491474212843,Low,0.010584505855652048,5.381270591562889e-6,-1.0304266407038638,0.302809772690276,0.252,0.126,1.0986571264389222,2.030436077690342,0.592842105263158
Queen contiguity,2014,Hengyang,23456,-0.633458296468421,Low,0.010694159702015706,5.506188360805127e-6,-0.40250394706969367,0.6873131841042904,0.836,0.418,0.9805893350059449,1.0403779049258155,0.9517037037037036
Queen contiguity,2014,Guiyang,40891,1.4352231020355604,High,0.012155274643347418,3.169583714762147e-6,1.1528737499057609,0.24896220789981013,0.284,0.142,0.4988953433682254,-0.29758699629383045,0.6248
Queen contiguity,2014,Changsha,107562,5.760812156173352,High,0.018629170029434802,3.5113478414129577e-6,3.4043233151369057,6.632819453491831e-4,0.008,0.004,0.8166254539868727,0.6946510928258998,0.10057142857142858
Queen contiguity,2014,Taoyuan,29042,-0.5753831946258502,Low,0.01133721409949934,3.23543993245083e-6,-0.560792315313942,0.5749391260285002,0.588,0.294,0.832162357151962,1.818065835654357,0.8436825396825396
Queen contiguity,2014,Xiangtan,34488,4.181202885862599,High,0.011651581647164296,3.4827485569714893e-6,4.285586273751923,1.822578994042635e-5,0.004,0.002,0.7753672987667228,0.6502164868743718,0.088
Queen contiguity,2014,Dao,22404,-1.2523458298611145,Low,0.010530680213831385,5.560622497017269e-6,-1.117304565987977,0.2638641238757479,0.168,0.084,0.8601479830311406,0.37151734596179953,0.462
Queen contiguity,2014,Jiangyong,19982,-1.0009178293230618,Low,0.00937548874594047,6.040703500202992e-6,-0.5888855966881134,0.5559380204221551,0.604,0.302,1.5728742948289596,2.465343980305647,0.8436825396825396
Queen contiguity,2015,Anxiang,27038,-0.05840348121481207,Low,0.011030408281266044,5.658298757154101e-6,0.07612615665457098,0.9393187305162124,0.792,0.396,1.2181477182579952,1.7773405410051017,0.92928
Queen contiguity,2015,Hanshou,27488,-0.4474303697453606,Low,0.010841971188356496,4.909511725165317e-6,-0.2906134499682756,0.7713469722717068,0.972,0.486,0.8496061279228037,0.15862407100028175,0.9831724137931035
Queen contiguity,2015,Jinshi,44464,0.4776157856086264,High,0.012686965523350397,5.047298665478279e-6,0.012844883680307527,0.9897515474440842,0.792,0.396,1.0702732312201777,1.1064527367490395,0.92928
Queen contiguity,2015,Li,35530,0.3588533599249503,High,0.011780369612500211,5.492680350273908e-6,0.2556797440270329,0.7981981373248425,0.668,0.334,1.1868859091872406,1.859908932079632,0.8773731343283583
Queen contiguity,2015,Linli,32103,0.39016913638154077,Low,0.011216291268295485,4.858525740467912e-6,0.5679867537077942,0.5700439624809559,0.508,0.254,0.9170397480662699,0.5494360998950873,0.8113898305084747
Queen contiguity,2015,Shimen,35202,-0.21202290960831152,High,0.01189184898897834,5.812107415810179e-6,-0.4482056292484547,0.6540048004605747,0.844,0.422,0.84121484968621,0.2744839417384024,0.9490632911392405
Queen contiguity,2015,Liuyang,85426,4.649052227938001,High,0.01728949855012846,4.64305611000439e-6,3.3581944168899565,7.845341246895341e-4,0.012,0.006,0.999941173553525,0.6378410143454234,0.096
Queen contiguity,2015,Ningxiang,81677,3.238391427492213,High,0.015030728766852791,4.245270970081252e-6,1.786325684342266,0.07404654058493082,0.116,0.058,0.8500499757126936,0.5822884955739518,0.37807407407407406
Queen contiguity,2015,Wangcheng,91430,5.505364061840765,High,0.016523512413794912,4.679675656227035e-6,3.7779439327614135,1.581284660091816e-4,0.012,0.006,1.018924729899761,1.2301627440933238,0.096
Queen contiguity,2015,Anren,19235,1.0294852340419958,Low,0.010756811698779012,4.531748457843142e-6,1.3193910905317037,0.18703839878880818,0.212,0.106,0.7343526235942502,0.4051111841527688,0.5653333333333332
Queen contiguity,2015,Guidong,11909,-0.1078625472917872,Low,0.008584660223643707,6.354610324435372e-6,0.9688950275402356,0.3325975666738693,0.328,0.164,1.5525767038793328,3.3708154678139906,0.6492444444444444
Queen contiguity,2015,Jiahe,40607,-0.20249326471365367,High,0.01222714452711095,5.1331852415581544e-6,-0.6139589840561264,0.5392424312806441,0.636,0.318,1.0925584190099638,1.4106481288902364,0.8533333333333333
Queen contiguity,2015,Linwu,27477,0.08474134724171524,Low,0.010649375008028221,5.863161515348348e-6,0.39405941225668406,0.693537175868735,0.544,0.272,1.280080007006963,1.7949098525279084,0.8113898305084747
Queen contiguity,2015,Rucheng,15164,-0.02020287869620995,Low,0.008939960174666976,5.801506624385977e-6,0.9800748787128309,0.32704915845759025,0.312,0.156,1.3489353846604657,2.1549177655865543,0.6385116279069768
Queen contiguity,2015,Yizhang,30839,0.8825331506501287,Low,0.011137067697561006,5.0284269141164975e-6,1.2152629135226063,0.22426583190572444,0.26,0.13,0.9683374320253739,0.681964644327429,0.6021052631578948
Queen contiguity,2015,Yongxing,52963,1.831998581391226,High,0.013443996541573215,5.481753924501592e-6,1.1498382324682948,0.2502105050756082,0.248,0.124,1.0556794422532907,1.30094985124214,0.5898378378378378
Queen contiguity,2015,Zixing,86570,1.536081549139995,High,0.01534154513916766,3.4166570923152716e-6,-0.2665325907825769,0.7898290630475513,0.928,0.464,0.7389028661280982,0.40768559285929173,0.9607529411764707
Queen contiguity,2015,Changning,32424,-0.03711219720373519,High,0.011421764791031784,4.912318281572655e-6,-0.06984759881413055,0.9443149612869627,0.892,0.446,0.9942256669635707,1.4259916057339623,0.9607529411764707
Queen contiguity,2015,Hengdong,36790,0.4846116333867035,High,0.011763129659564683,4.302822121769397e-6,0.3731855188296596,0.7090103732524836,0.592,0.296,1.081666971965491,1.9423805974313808,0.8269206349206348
Queen contiguity,2015,Hengnan,29475,-0.41967607604978296,Low,0.011311152437829835,4.594819052998727e-6,-0.4197363551071446,0.6746780636343777,0.788,0.394,0.7794667127005055,0.7196326807496258,0.92928
Queen contiguity,2015,Hengshan,34386,-0.045166785047488334,High,0.011571226163700904,5.498392482195456e-6,-0.1387084679519329,0.889680526333408,0.92,0.46,1.2018912793764036,1.9824884158159426,0.9607529411764707
Queen contiguity,2015,Leiyang,33069,0.3803289482021235,High,0.011611268122623837,5.983930031926882e-6,0.3037982823172343,0.761281575443489,0.64,0.32,1.1322005823532075,2.041659907187241,0.8533333333333333
Queen contiguity,2015,Qidong,23976,-0.9077662079442288,Low,0.01076259371682493,4.2177608499132746e-6,-0.7102264097427698,0.4775637461267254,0.544,0.272,0.6658776305004389,0.21212204411142155,0.8113898305084747
Queen contiguity,2015,Chenxi,21550,-1.2177400972892114,Low,0.010375254209254094,5.357551515834075e-6,-0.9435260664042693,0.34541188889700186,0.3,0.15,1.1174222791670838,1.3871814394757216,0.6385116279069768
Queen contiguity,2015,Zhongfang,37870,-0.8372336040921746,High,0.011830331688061455,5.212708652594369e-6,-1.1596995360373636,0.24617115915397372,0.14,0.07,1.3568129482970148,3.3874144340166836,0.418
Queen contiguity,2015,Huitong,18404,-1.2172073709505427,Low,0.00967253514821814,5.529141546498803e-6,-0.7463414226380943,0.4554611948650597,0.484,0.242,0.98000578808941,0.8789112466407754,0.7887407407407406
Queen contiguity,2015,Jingzhou,27127,-1.1508855605811954,Low,0.010932358114964217,7.011092595384199e-6,-1.1933095561673548,0.2327481612962234,0.104,0.052,1.1447663636674419,1.730885812362506,0.352
Queen contiguity,2015,Mayang,18334,-1.2515111402967523,Low,0.009921531602463575,5.08721414841478e-6,-0.8061126497272528,0.42017789840189085,0.436,0.218,0.9071821907129649,0.7952787254290885,0.730566037735849
Queen contiguity,2015,Tongdao,16106,-1.5265698545622426,Low,0.00899409012248908,5.554288580338681e-6,-1.015650603025757,0.30979579858637196,0.228,0.114,1.3442920628513215,2.711855929256803,0.5898378378378378
Queen contiguity,2015,Xinhuang,19851,-0.8811127963333496,Low,0.008583659724356546,5.964241767995384e-6,-0.33240023833115007,0.7395870586049493,0.904,0.444,2.048860934026188,4.7054598647216395,0.9607529411764707
Queen contiguity,2015,Xupu,16743,-1.8264446007207464,Low,0.010213728968532041,3.892889979349593e-6,-1.397095634713155,0.16238481434987018,0.068,0.034,0.8445309178885844,0.5928233242092662,0.2992
Queen contiguity,2015,Yuanling,27318,-1.8115185129449818,Low,0.01099713672012915,4.268193474672657e-6,-1.6980043683697685,0.08950693735824287,0.016,0.008,1.017625209982513,1.7338142291157368,0.10057142857142858
Queen contiguity,2015,Zhijiang,26175,-1.0649552406481972,Low,0.010601668063250708,4.872761069597014e-6,-0.9116107008805089,0.36197368725512885,0.368,0.184,0.8543833504129357,0.4240680367136975,0.6890212765957446
Queen contiguity,2015,Lengshuijiang,78672,1.2195779776908815,High,0.017787420764451434,5.479475403748285e-6,-1.1186093611588985,0.26330682809193484,0.152,0.076,1.2834314771819082,1.865682921839066,0.418
Queen contiguity,2015,Shuangfeng,22900,-0.25263982932772744,Low,0.010397815446901416,4.227378686776494e-6,0.17217117271123744,0.8633029602813398,0.744,0.372,0.8679870005136902,0.694253965055172,0.92928
Queen contiguity,2015,Xinhua,17929,-0.9976735633486566,Low,0.010128755807280053,4.383518065573104e-6,-0.5641826227499572,0.5726298528125009,0.7,0.35,0.7811332058457117,0.12603882829731905,0.9058823529411765
Queen contiguity,2015,Chengbu,12865,-2.07115088264273,Low,0.009060627155154885,4.9374889463313916e-6,-1.602425638815206,0.10906151901574775,0.012,0.006,1.082453975398016,1.5737964549584138,0.096
Queen contiguity,2015,Dongan,27068,-1.2425016840698382,Low,0.010754154836252585,5.232840685199446e-6,-1.2713164169943252,0.20361610420558013,0.1,0.05,0.9273748668250902,0.6064163857750087,0.352
Queen contiguity,2015,Dongkou,17523,-1.9483009190402778,Low,0.010011434075931618,6.175980531230648e-6,-1.4982050023816353,0.13407999636294976,0.012,0.006,1.0470754887076652,0.6110537559750884,0.096
Queen contiguity,2015,Longhui,12777,-2.4718111239274476,Low,0.009935413894841469,5.468964857519357e-6,-1.9489803966145365,0.051297765840964155,0.004,0.002,0.9329965277423772,1.013870992504721,0.0704
Queen contiguity,2015,Shaodong,33525,-1.1896727920606192,High,0.011486508380950809,4.4789890529386805e-6,-1.419390655857797,0.1557851551123187,0.056,0.028,0.8819721625441745,0.5340691643341087,0.2593684210526316
Queen contiguity,2015,Suining,21042,-2.0122042387164987,Low,0.010495925043453988,4.379343641086943e-6,-1.7670177296735399,0.07722525911452975,0.016,0.008,0.8314724778415771,0.5604800286424116,0.10057142857142858
Queen contiguity,2015,Wugang,15688,-2.4431299831969264,Low,0.009899525433597265,4.688210457519211e-6,-2.0563674442992443,0.03974711185331483,0.004,0.002,0.964481818922642,0.9658062467580639,0.0704
Queen contiguity,2015,Xinning,14673,-1.9754325346443427,Low,0.009369062422072343,6.377845392277445e-6,-1.4247455850542543,0.15423075688131013,0.032,0.016,1.1835764795170447,1.2529157785889984,0.15644444444444447
Queen contiguity,2015,Xinshao,15249,-0.8552908812762461,Low,0.009991429105755702,4.790337718199969e-6,-0.3194069874597339,0.7494179128932407,0.872,0.436,0.9200847662880483,0.7808898456077573,0.9592
Queen contiguity,2015,Shaoshan,72777,3.3193945577990753,High,0.017088073181269987,6.4296205664232315e-6,1.8270115305290744,0.0676980357399835,0.148,0.074,1.5492496929792652,3.0105813075122905,0.418
Queen contiguity,2015,Xiangxiang,41058,1.883742030045309,High,0.012228860155104125,5.346433118964845e-6,1.7481199052555905,0.08044326688547201,0.14,0.07,0.9773262198711227,1.1725391440948227,0.418
Queen contiguity,2015,Baojing,15331,-1.7754087057579926,Low,0.009670751717185427,5.541422252862418e-6,-1.2456072959812297,0.21290860243048956,0.088,0.044,1.187454756301285,1.7144619422682892,0.32266666666666666
Queen contiguity,2015,Fenghuang,19362,-1.1984970800270442,Low,0.009818750182281464,5.392384488579078e-6,-0.7959003530081427,0.42608995606550737,0.404,0.202,1.2362977329007738,1.938684885428418,0.71104
Queen contiguity,2015,Guzhang,16893,-1.5020379352055682,Low,0.009889516375076395,5.108177922505028e-6,-1.0790544682848502,0.2805634470607402,0.24,0.12,0.8179932146301823,0.5484568567235106,0.5898378378378378
Queen contiguity,2015,Huayuan,20056,-1.051905453416986,Low,0.009550920674714676,5.611219226932266e-6,-0.6203251214531101,0.535043758978504,0.592,0.296,1.3922681817841165,2.523019923116834,0.8269206349206348
Queen contiguity,2015,Jishou,39364,-1.0817825362157478,High,0.012132870708091194,5.660610817117337e-6,-1.5077979655412157,0.13160624301843507,0.024,0.012,1.011724121378885,1.1673587193829116,0.132
Queen contiguity,2015,Longshan,13383,-1.9611476525997382,Low,0.008776164270101226,6.650640696446228e-6,-1.3694596087178255,0.17085565230772573,0.02,0.01,1.4828262966681462,3.1316295388667754,0.11733333333333333
Queen contiguity,2015,Luxi,18644,-1.4020776476490096,Low,0.010178163704872322,4.8926359126011564e-6,-0.9991220744938856,0.31773555890417565,0.304,0.152,0.8717799869166517,0.5589083899559615,0.6385116279069768
Queen contiguity,2015,Yongshun,12918,-2.0750781908364035,Low,0.009482376128303275,4.940226297685617e-6,-1.5856992745429195,0.1128075438241711,0.016,0.008,0.9863356174524929,0.8107666048271689,0.10057142857142858
Queen contiguity,2015,Anhua,19174,-0.4425198242773622,Low,0.010368626849143043,4.328420597776901e-6,-0.0043413459029856966,0.99653611801170106,0.912,0.456,0.8605162865686503,0.7675363121199652,0.9607529411764707
Queen contiguity,2015,Nan,28216,-0.10600064675199775,Low,0.010912183595815248,4.721859952743077e-6,0.08962202964244248,0.9285875777282675,0.784,0.392,1.031818971245283,1.3969745009315382,0.92928
Queen contiguity,2015,Yuanjiang,33822,0.08642383080948221,High,0.01165496769667184,5.5625483056475456e-6,-0.02806471968589114,0.9776105325950124,0.964,0.482,0.7828711322039545,0.4865190700762616,0.9831724137931035
Queen contiguity,2015,Jianghua,22078,-1.233771604006424,Low,0.01001883218969808,5.126769208310066e-6,-0.9487297560948662,0.3427580759687774,0.276,0.138,1.0766726470288255,1.5198631894327166,0.6227692307692309
Queen contiguity,2015,Lanshan,26199,-0.6959444997655938,Low,0.010686427030225628,5.763779056865828e-6,-0.5386115822285373,0.5901548940373367,0.78,0.39,0.8253068736600894,-0.05196393697302648,0.92928
Queen contiguity,2015,Ningyuan,16682,-1.2348581780131889,Low,0.010316547438614161,4.627016532439036e-6,-0.8157430718161786,0.41464709889158713,0.44,0.22,0.7188557031946791,0.1376099630144223,0.730566037735849
Queen contiguity,2015,Shuangpai,24885,-0.9558291862062535,Low,0.010302639778217352,6.489666215935245e-6,-0.7542230960405925,0.450715271437664,0.388,0.194,1.343132497059816,1.822146586271785,0.6968163265306123
Queen contiguity,2015,Xintian,18634,-0.5545547066621856,Low,0.00981158062301988,6.2338500465472875e-6,-0.0071909608770644624,0.994262492786567,0.82,0.41,1.2329299467216972,1.8532377823372306,0.93714285714285706
Queen contiguity,2015,Huarong,38676,0.32198400086515566,High,0.012440578802186124,6.2669953662590225e-6,0.02118611156007031,0.983097193166766,0.728,0.364,1.670689982931806,3.5319090871361247,0.9284637681159419
Queen contiguity,2015,Linxiang,41901,0.6688915173149624,High,0.0136995605012415,5.571832814866839e-6,0.1655334816757931,0.8685240987580277,0.54,0.274,2.1750691370519517,5.59513113761844,0.8113898305084747
Queen contiguity,2015,Miluo,56180,4.07911213792577,High,0.013705501634923511,4.993188365810185e-6,3.7074792007434194,2.0933260346779208e-4,0.004,0.002,0.6599060778379874,-0.0022304544178481933,0.0704
Queen contiguity,2015,Pingjiang,22238,3.2875347772844044,Low,0.010139316958172044,5.511441454212104e-6,4.486076304169299,7.2546769353720635e-6,0.008,0.004,1.2212893308814932,2.0016157788304634,0.096
Queen contiguity,2015,Xiangyin,44546,2.07833310889221,High,0.012314128751002367,4.530203482997301e-6,2.09719180853206,0.03597659934050928,0.084,0.042,1.172807068645649,1.6601164410321063,0.3213913043478261
Queen contiguity,2015,Cili,24747,-0.5625630487568908,Low,0.01028638042357473,6.480616594593304e-6,-0.2663491252611114,0.7899703425247746,0.992,0.496,1.4419700897533334,2.6524445275021806,0.992
Queen contiguity,2015,Chaling,26919,-0.19132525970460607,Low,0.010787731708650349,6.687566887848644e-6,-0.008146103176012293,0.993500421929479,0.808,0.404,1.2444060149521599,1.6154130026781326,0.9355789473684212
Queen contiguity,2015,Liling,54625,2.7741759202841902,High,0.014609074972397062,5.8111419843576215e-6,2.2444377672708717,0.024804248822710998,0.084,0.042,0.9789949683112793,0.45633748079455083,0.3213913043478261
Queen contiguity,2015,Yanling,30230,0.6464020680816529,Low,0.01126044884638714,4.907903422550015e-6,0.8066851441612397,0.41984790519628673,0.416,0.208,0.9197883154890252,0.6368624656169151,0.7178039215686275
Queen contiguity,2015,You,48800,0.965829554184016,High,0.012991239152846895,6.253853735637656e-6,0.3552726322668488,0.72238535616507,0.564,0.282,1.3408238064933418,2.1927200713581527,0.8269206349206348
Queen contiguity,2015,Zhuzhou,39345,3.9231515786111673,High,0.011933204076617968,4.234873806580793e-6,4.3400312589625525,1.4246244916413073e-5,0.004,0.002,0.7285403637112828,-0.02393271986895229,0.0704
Queen contiguity,2015,Sangzhi,19075,-1.3367321442139302,Low,0.010068511472544674,4.1698639929546336e-6,-0.9510594565622609,0.34157419446729914,0.312,0.156,0.8616382637894284,0.9654215711987262,0.6385116279069768
Queen contiguity,2015,Yueyang,35632,0.8298145563284174,High,0.011500578695182175,3.843696343414087e-6,0.890491581950438,0.37320198652860964,0.356,0.178,0.786337436461825,0.4140299913234249,0.6810434782608695
Queen contiguity,2015,Qiyang,27359,-0.8053679799256078,Low,0.010999661311281411,4.469219052590274e-6,-0.6921963648588045,0.4888140212540358,0.528,0.264,0.6775463060083566,0.2481019450070141,0.8113898305084747
Queen contiguity,2015,Taojiang,25678,1.6031395627154927,Low,0.0109016854519321,4.2651430969650734e-6,1.984941135106085,0.04715102106866821,0.08,0.04,0.7147063420455932,0.3045229208333593,0.3213913043478261
Queen contiguity,2015,Shaoyang,12866,-2.0846698770621073,Low,0.010024830740648942,4.989758446476666e-6,-1.5181201262806918,0.1289841183146101,0.032,0.016,1.172395332955196,2.1992314908770414,0.15644444444444447
Queen contiguity,2015,Lianyuan,23773,0.6065904455747497,Low,0.010804134194411752,4.233267470913649e-6,0.9025019355781668,0.36679029369669586,0.332,0.166,0.9909048930031633,1.5890649076509087,0.6492444444444444
Queen contiguity,2015,Hongjiang,23072,-1.3328044720756735,Low,0.010510322144974975,4.791177671754175e-6,-1.0847511245533898,0.2780318979031002,0.248,0.124,0.8893783675662104,0.6254324217905078,0.5898378378378378
Queen contiguity,2015,Hengyang,25922,-0.5559635148592511,Low,0.010722428029316772,5.000407562656903e-6,-0.36093950502194055,0.7181446706851858,0.852,0.426,1.092461674564734,1.7116923805443163,0.9490632911392405
Queen contiguity,2015,Guiyang,44112,1.3495547947795121,High,0.012208001695649437,4.540363017643783e-6,0.8870141458985655,0.3750712845494324,0.376,0.188,0.6551401520219287,0.02405098525489313,0.6893333333333334
Queen contiguity,2015,Changsha,128715,6.097127241257188,High,0.01961083034293499,3.459356472035499e-6,3.504658325216968,4.5719362899074246e-4,0.008,0.004,0.6958839848363748,0.051050315360507525,0.096
Queen contiguity,2015,Taoyuan,31968,-0.635781908988979,Low,0.011298262404733157,3.482093978761614e-6,-0.5916864439857141,0.5540605757803371,0.612,0.306,0.5980224442542775,0.16593305086326193,0.8415
Queen contiguity,2015,Xiangtan,38565,4.335624294414646,High,0.011656103047937474,3.714158440538959e-6,4.406483414891506,1.0506234871556107e-5,0.004,0.002,0.5112983150408174,-0.015730418795186107,0.0704
Queen contiguity,2015,Dao,24593,-1.2087481525597406,Low,0.010578603833440845,5.596211079854649e-6,-1.1147453124568887,0.26495957745861376,0.152,0.076,1.072224549060647,0.9191017265990005,0.418
Queen contiguity,2015,Jiangyong,21799,-0.9621173999093092,Low,0.009560265406146887,6.471027734204381e-6,-0.6184045682173539,0.5363086872715986,0.592,0.296,1.4451165793214675,2.070553658678567,0.8269206349206348
Queen contiguity,2016,Anxiang,30104,0.07614733970357697,Low,0.0107588363168276,4.563333251138641e-6,0.37417132914322393,0.7082768533090806,0.636,0.318,0.6873106877193128,0.04127225198297957,0.8353432835820895
Queen contiguity,2016,Hanshou,31328,-0.36392722114586595,Low,0.010889980214174502,4.2821667713785146e-6,-0.22032322154109515,0.8256194362916722,0.984,0.492,0.7750448085783542,0.2167556375687698,0.984
Queen contiguity,2016,Jinshi,51473,0.6636856298013759,High,0.013250704295182074,5.889416552226658e-6,-0.018426275343787598,0.9852987913058705,0.848,0.424,0.974723739133802,0.6419293077874997,0.9302857142857144
Queen contiguity,2016,Li,39741,0.5076345394768377,High,0.01186822508355832,5.584772511967944e-6,0.3827729680169609,0.7018881062274724,0.604,0.302,1.0627930097085692,1.0998065238827461,0.8353432835820895
Queen contiguity,2016,Linli,35898,0.5508439051244695,High,0.011385920848875668,5.0430979479091335e-6,0.6709868343347791,0.5022289167105546,0.46,0.23,1.086004514725933,1.3749628490429124,0.7496296296296296
Queen contiguity,2016,Shimen,39871,-0.11270683213652564,High,0.01184388432599763,5.385220834601012e-6,-0.3310060146191528,0.7406399424039563,0.86,0.43,1.1709139915533822,1.906769007208621,0.9302857142857144
Queen contiguity,2016,Liuyang,92823,4.600361927577581,High,0.017319949627276798,5.207442982994834e-6,2.986005189512125,0.0028264784652860288,0.02,0.01,1.122091380128959,1.2499040036807063,0.12571428571428572
Queen contiguity,2016,Ningxiang,87826,3.261042276793128,High,0.015166497693236008,4.2356070971952025e-6,1.677294091408498,0.09348498741062423,0.124,0.062,0.9002431603508836,0.9802616995396822,0.3762758620689655
Queen contiguity,2016,Wangcheng,98877,5.452819219022512,High,0.016234543585636616,4.3562587248974415e-6,3.8698441253556064,1.0890496044423858e-4,0.004,0.002,0.9625679010427171,0.7562224724240658,0.0704
Queen contiguity,2016,Anren,21192,1.0650171511406687,Low,0.010479845903831551,4.26600759590973e-6,1.5092597720558394,0.13123241069061592,0.156,0.078,0.7695913211975949,0.5920215088917349,0.44
Queen contiguity,2016,Guidong,13191,-0.11514868567608909,Low,0.008589892092028206,5.8529518310575576e-6,1.0008985454443307,0.3168758598418027,0.304,0.152,1.2853322062796422,2.0548422391195347,0.5944888888888888
Queen contiguity,2016,Jiahe,43764,-0.07527986257588044,High,0.012140805135414651,5.565298956074659e-6,-0.4109452357305827,0.6811126917257344,0.852,0.426,0.990511721023015,0.7786029873679956,0.9302857142857144
Queen contiguity,2016,Linwu,37554,0.37818130057838206,High,0.011656304601799703,5.39123853757639e-6,0.32608581551429544,0.7443594285893984,0.584,0.292,1.0071282212340724,0.8199020579974516,0.8289032258064516
Queen contiguity,2016,Rucheng,16448,-0.029388570620262587,Low,0.009138043355861781,5.598463337518626e-6,0.9026143657427813,0.3667305994700569,0.336,0.168,1.0538754403789528,0.9006865070080452,0.6291063829787235
Queen contiguity,2016,Yizhang,33840,1.047518466012975,Low,0.011274277776185553,4.7808777902588155e-6,1.370764237418555,0.17044846262513821,0.216,0.108,0.8276596896020659,0.6101939382974422,0.528
Queen contiguity,2016,Yongxing,58464,1.8967667095740919,High,0.01359166376621881,6.264297604448924e-6,1.0455591952032601,0.29576459697082336,0.296,0.148,1.1947723763131883,2.0347999616014603,0.5944888888888888
Queen contiguity,2016,Zixing,94267,1.573018681739437,High,0.015513108678101658,4.262131244524204e-6,-0.31483858790335356,0.7528842116052102,0.872,0.436,0.891233481359971,0.7935872365031726,0.9302857142857144
Queen contiguity,2016,Changning,35619,-0.004461810404311181,High,0.01120730661625305,4.612434574062038e-6,0.06748418258457448,0.9461962537870671,0.808,0.404,0.9634087222172296,0.9147518090542306,0.9302857142857144
Queen contiguity,2016,Hengdong,41012,0.5297775151924662,High,0.011708028866018705,3.958543838631581e-6,0.4591770987525416,0.646106994777601,0.568,0.284,0.7874849130419556,0.8411204552684479,0.8194098360655737
Queen contiguity,2016,Hengnan,32506,-0.3688751285577188,Low,0.011306588139231117,4.1351347243345575e-6,-0.3755033639451759,0.7072861451060484,0.812,0.406,0.7140714605001327,0.43626151655253187,0.9302857142857144
Queen contiguity,2016,Hengshan,38492,0.015970998412887353,High,0.011573123722793864,4.928355227894806e-6,-0.07598801126483237,0.9394286362448486,0.88,0.44,0.888555624825332,0.7134535053585283,0.9302857142857144
Queen contiguity,2016,Leiyang,36524,0.4285544728200589,High,0.011480264027917497,5.500471665814473e-6,0.41701531622426674,0.6766672048040228,0.564,0.282,1.1058567061364086,1.5599038800617375,0.8194098360655737
Queen contiguity,2016,Qidong,26598,-0.9102645142354306,Low,0.010842575340429058,4.3176106308837076e-6,-0.7238134457540368,0.4691802734835287,0.532,0.266,0.8727663925209296,0.7643402638695744,0.8193103448275862
Queen contiguity,2016,Chenxi,23466,-1.2781370569226709,Low,0.01015608916092459,4.307892839003182e-6,-0.9911606019995757,0.32160716506538206,0.264,0.132,0.824491285526742,0.3907110040989572,0.5666341463414635
Queen contiguity,2016,Zhongfang,41634,-0.8437815107643122,High,0.011927024257449823,5.409144497890399e-6,-1.168935663290098,0.24242955347852654,0.184,0.092,0.963769930841005,0.9815276913275626,0.48658823529411765
Queen contiguity,2016,Huitong,20455,-1.2408681902102996,Low,0.009876293044593554,5.813547842047086e-6,-0.8117484718745168,0.4169359746609188,0.42,0.21,0.9574252982304577,0.6751370854941103,0.7175384615384615
Queen contiguity,2016,Jingzhou,29475,-1.181628814049162,Low,0.01059642468223317,5.870795047047237e-6,-1.1753471032099163,0.2398558768822615,0.144,0.072,1.1183695678530785,1.105307053449038,0.42239999999999994
Queen contiguity,2016,Mayang,20272,-1.2936109732545618,Low,0.010088276121141946,5.316021455718691e-6,-0.879973936621551,0.37887342897575227,0.352,0.176,1.04211894332738,1.699093974106864,0.6453333333333333
Queen contiguity,2016,Tongdao,17587,-1.575080313783577,Low,0.009073717750668482,6.402412893393623e-6,-0.9994242483775144,0.31758921814824015,0.212,0.106,1.654068021857098,4.7876193937624665,0.528
Queen contiguity,2016,Xinhuang,21709,-0.8971292901729384,Low,0.008521262497500055,6.027286921773177e-6,-0.30280263819690384,0.7620402727635679,0.94,0.466,2.1299506105583332,5.0935312929182075,0.9508045977011494
Queen contiguity,2016,Xupu,18475,-1.8590669789634358,Low,0.010267562613160204,4.1012158110140214e-6,-1.3839183152284626,0.16638346796582063,0.092,0.046,0.6501358306951994,-0.033332229689593706,0.32384
Queen contiguity,2016,Yuanling,29374,-1.8780927135633496,Low,0.01106831960409956,4.26290315811348e-6,-1.7645800293178169,0.07763437429329921,0.012,0.006,0.7707932202214077,0.47366391792235607,0.096
Queen contiguity,2016,Zhijiang,28689,-1.0740261465237553,Low,0.010793988309368749,4.734295077866086e-6,-0.9990324154305451,0.3177789886792951,0.26,0.13,0.7657138099490844,0.38434371586957816,0.5666341463414635
Queen contiguity,2016,Lengshuijiang,83756,1.1425041510737732,High,0.017610730616596893,5.8678557926493066e-6,-1.1359746310538572,0.25596718177423666,0.108,0.054,1.2205232659087992,1.2257005766933213,0.352
Queen contiguity,2016,Shuangfeng,25017,-0.22615639016795613,Low,0.010587648074373268,4.668878699125304e-6,0.11059631923171838,0.9119364664085658,0.764,0.382,0.8597528102188405,0.5861676962391305,0.9302857142857144
Queen contiguity,2016,Xinhua,19720,-1.0479295902872126,Low,0.010122181818839742,4.576478770436103e-6,-0.5828580913665075,0.5599888348667018,0.636,0.318,0.8237388529845365,0.7002309927389674,0.8353432835820895
Queen contiguity,2016,Chengbu,13744,-2.1261356118534227,Low,0.009083028023115938,5.55772081857526e-6,-1.5361366967154713,0.12450485772796863,0.012,0.006,0.9955074406181594,0.6418265669922452,0.096
Queen contiguity,2016,Dongan,29134,-1.2763255158878755,Low,0.010759334573824648,6.364103575703989e-6,-1.1648945994663515,0.24406165981497666,0.116,0.058,1.3417555976161082,2.2740285303415524,0.3645714285714286
Queen contiguity,2016,Dongkou,19132,-1.99344824885446,Low,0.009985070035572478,5.147086628617208e-6,-1.6367389095850478,0.10168503521902553,0.02,0.01,1.191883388768616,2.2579765773102407,0.12571428571428572
Queen contiguity,2016,Longhui,13887,-2.5248421014362266,Low,0.009884329222020304,4.7587596765389145e-6,-2.070183824870715,0.03843513340013993,0.008,0.004,0.8903220987610774,0.7838193838027698,0.07822222222222223
Queen contiguity,2016,Shaodong,36527,-1.2128089004995692,High,0.011601190676855878,4.354595749841804e-6,-1.4938956052829235,0.1352029072945226,0.032,0.016,0.6368653621843765,-0.11033572924099966,0.15644444444444447
Queen contiguity,2016,Suining,22734,-2.066757447274418,Low,0.010422705229384762,3.889088306867385e-6,-1.8543789566338562,0.06368496323376156,0.04,0.02,0.498469395476172,0.3382259751306331,0.18526315789473685
Queen contiguity,2016,Wugang,17286,-2.500022475960516,Low,0.01004945675174714,4.2368988034260195e-6,-2.24556587576525,0.024731828288370512,0.004,0.002,0.7427419498002331,0.5756802525958404,0.0704
Queen contiguity,2016,Xinning,16172,-2.025631093645152,Low,0.009389163823172888,5.433752035441323e-6,-1.565204495932407,0.11753496768102017,0.028,0.014,0.7808026513930619,0.2964628406989913,0.154
Queen contiguity,2016,Xinshao,16397,-0.9259267367134042,Low,0.010013336226812232,5.107087828931038e-6,-0.3753929468107998,0.7073682496459965,0.804,0.402,1.0194061561950984,1.9989367622699463,0.9302857142857144
Queen contiguity,2016,Shaoshan,79293,3.357078251896234,High,0.017034671427141553,5.142249975481364e-6,2.0283196156114798,0.042527638244948665,0.088,0.044,0.9761726323143648,0.8061023804237117,0.32384
Queen contiguity,2016,Xiangxiang,45462,1.911317620370396,High,0.0122923020050374,4.539029349431795e-6,1.8556280876375433,0.06350658732615594,0.08,0.04,0.7436065245031569,0.7381578347638547,0.32
Queen contiguity,2016,Baojing,16272,-1.9011476952958093,Low,0.00953716058793385,4.748821045629229e-6,-1.390261233349164,0.16444956521979268,0.048,0.024,0.9927137168417631,0.8507080076829618,0.21120000000000003
Queen contiguity,2016,Fenghuang,21499,-1.3019519337337495,Low,0.009951491590198458,5.457788273239032e-6,-0.9425575229259802,0.34590727531677323,0.316,0.158,0.9078836152156865,0.5685267579583617,0.6045217391304348
Queen contiguity,2016,Guzhang,17913,-1.631159527062876,Low,0.009792685829293867,4.8158758559415924e-06,-1.1827340679600247,0.23691455791283525,0.16,0.08,0.9435370574302165,1.0530012803198572,0.44
Queen contiguity,2016,Huayuan,19868,-1.1853519961532137,Low,0.009513015705435592,6.579890877440193e-6,-0.6922905717671145,0.4887548697715677,0.552,0.276,1.3026457362975947,2.071095378097456,0.8194098360655737
Queen contiguity,2016,Jishou,42043,-1.224729422892949,High,0.011917579731993711,4.685805670677274e-6,-1.7010756763614747,0.08892877770249477,0.024,0.012,0.6726837366587233,-0.02731961385982462,0.14079999999999998
Queen contiguity,2016,Longshan,14736,-2.013167689879065,Low,0.00901844429702018,6.505469614321734e-6,-1.4952829540177544,0.13484061185559207,0.004,0.002,1.1351071973868785,0.9414727088870962,0.0704
Queen contiguity,2016,Luxi,18507,-1.5220917557754803,Low,0.009901958116601132,4.371277147058284e-6,-1.0295693005304418,0.3032122326103604,0.26,0.13,1.0109333033307777,1.412763808128382,0.5666341463414635
Queen contiguity,2016,Yongshun,13666,-2.1569650138353254,Low,0.009484564752256236,4.504658651695061e-6,-1.7105332290074642,0.08716731420973896,0.016,0.008,0.8069318884337766,0.5201509339312214,0.11733333333333333
Queen contiguity,2016,Anhua,21499,-0.43391038104942276,Low,0.010522273549934397,4.681681151917714e-6,-0.057288576249403124,0.9543153202408812,0.936,0.468,0.6727438832628737,-0.0036099511773572956,0.9508045977011494
Queen contiguity,2016,Nan,31103,-0.05512753651240682,Low,0.0112796329310656,5.1284580955013785e-6,-0.020709458487063903,0.9834774238573687,0.864,0.432,0.8781489978596883,0.7211957670470022,0.9302857142857144
Queen contiguity,2016,Yuanjiang,36998,0.11545651663090876,High,0.011353665401666883,4.4638391896151375e-6,0.1443035647840289,0.885260763481333,0.8,0.4,0.8929688299675005,1.2367119344257578,0.9302857142857144
Queen contiguity,2016,Jianghua,23836,-1.2381093188425107,Low,0.01015878401021876,5.4783706151624505e-6,-0.9536320957578336,0.34026990336135876,0.304,0.152,0.9839673635406437,0.9029649392728087,0.5944888888888888
Queen contiguity,2016,Lanshan,28786,-0.5695687289436879,Low,0.010787585205148416,5.473400589974507e-6,-0.42958923101248614,0.667494472107828,0.804,0.402,1.1402075592150613,1.4554197214444446,0.9302857142857144
Queen contiguity,2016,Ningyuan,18658,-1.2609926490074173,Low,0.010108240071071146,4.357682457355909e-6,-0.7424794567219251,0.4577968940368178,0.532,0.266,0.9397230997308235,1.090976146294433,0.8193103448275862
Queen contiguity,2016,Shuangpai,26379,-0.9876002557630149,Low,0.010229077285940875,5.7404117540843715e-6,-0.7875402890720494,0.4309656532292223,0.424,0.212,1.1789266537542864,1.323496350152224,0.7175384615384615
Queen contiguity,2016,Xintian,20464,-0.5565515189689074,Low,0.00996271620709965,5.334990024814417e-6,-0.062358395898744756,0.9502774257102791,0.888,0.444,0.9450147851006161,0.6761873928862161,0.9302857142857144
Queen contiguity,2016,Huarong,41942,0.3166447702307107,High,0.012404110157203314,5.745110128077643e-6,0.020488947121410032,0.9836533291464943,0.748,0.374,1.608527677408734,3.6621750390422125,0.9302857142857144
Queen contiguity,2016,Linxiang,45267,0.6512532565272208,High,0.013308119497345242,3.777450511536187e-6,0.33882865604957935,0.7347388124557599,0.516,0.264,2.4010880451988967,8.174482562842837,0.8193103448275862
Queen contiguity,2016,Miluo,60517,4.00454938989855,High,0.01360287672572822,4.2497365228945365e-6,3.875638094062742,1.0634564670190558e-4,0.004,0.002,0.8082636368733881,0.20706654486995246,0.0704
Queen contiguity,2016,Pingjiang,24369,3.2258999836135502,Low,0.010195541434051577,5.6092759086154805e-6,4.274208325630821,1.9181762561574417e-5,0.008,0.004,0.9810366360387976,1.036297972850262,0.07822222222222223
Queen contiguity,2016,Xiangyin,48145,2.072047270596746,High,0.012373294969168874,4.837127021666994e-6,1.9473845252101745,0.05148865189886586,0.096,0.048,0.9400614815798957,1.0323477341929745,0.3249230769230769
Queen contiguity,2016,Cili,27029,-0.5177600595642216,Low,0.01018565266469501,5.6838695586574405e-6,-0.1703118804952501,0.8647648684739281,0.912,0.456,1.3195752352143555,2.2791451144334642,0.9441882352941178
Queen contiguity,2016,Chaling,29527,-0.20803784828342334,Low,0.010769827196075471,6.6194357475865075e-6,-0.01657964513066725,0.9867719631601011,0.784,0.392,1.1365674678912916,1.2315071012913963,0.9302857142857144
Queen contiguity,2016,Liling,58799,2.7554458709915206,High,0.014406928614377415,5.886107282764221e-6,2.2202638471957648,0.026400862508731915,0.08,0.04,1.1764231295028291,1.500538330048192,0.32
Queen contiguity,2016,Yanling,33043,0.6680110657876102,Low,0.01103750739449012,4.305838147333271e-6,0.9794603037959864,0.3273525933961345,0.3,0.15,0.8651398287823416,0.569465294681561,0.5944888888888888
Queen contiguity,2016,You,52460,0.9517719244633145,High,0.01295461895790978,4.7605305341599406e-06,0.38505130113160124,0.7001994074386473,0.624,0.312,0.9213989232562476,0.7883306268350352,0.8353432835820895
Queen contiguity,2016,Zhuzhou,42956,3.887121609740757,High,0.012088387368326523,5.001294970578631e-6,3.8032184580996886,1.42828298135622e-4,0.008,0.004,0.933656467599051,1.1345218163277124,0.07822222222222223
Queen contiguity,2016,Sangzhi,21008,-1.3299057471159286,Low,0.010172186366866924,4.9333699764808636e-6,-0.8853456221532044,0.3759702510391185,0.368,0.184,0.9865836935817216,1.0848889477170092,0.65472
Queen contiguity,2016,Yueyang,38948,0.8111171228517812,High,0.01167155767876156,4.438772368895016e-6,0.7103382728350931,0.477494391429369,0.436,0.218,0.7990383895383586,0.5384475274423774,0.7239245283018868
Queen contiguity,2016,Qiyang,30037,-0.8154753104919293,Low,0.010999460868996381,4.081708530888627e-6,-0.7177117346218808,0.47293504633673417,0.54,0.27,0.6553530439493453,0.41488231649539875,0.8193103448275862
Queen contiguity,2016,Taojiang,28676,1.6508702749930482,Low,0.010940229604743031,4.090383416201492e-6,2.0252928278097926,0.04283730455801393,0.092,0.046,0.6056075450383428,0.1429604313773627,0.32384
Queen contiguity,2016,Shaoyang,13932,-2.1363503392300043,Low,0.009797666937586973,3.8770029295901146e-6,-1.6184590988989473,0.10556369453638934,0.032,0.016,0.9771561994806385,1.3407643788238373,0.15644444444444447
Queen contiguity,2016,Lianyuan,25962,0.5703326211012087,Low,0.010740206152654438,4.318618271979409e-6,0.8755442100477551,0.3812778660825455,0.372,0.186,1.0355780364563776,1.5192629883764788,0.65472
Queen contiguity,2016,Hongjiang,25024,-1.358796676976467,Low,0.0105291273037019,4.61047611828362e-6,-1.114008651155625,0.26527547529113354,0.232,0.116,0.6368586792365478,0.03448466340122547,0.5517837837837838
Queen contiguity,2016,Hengyang,28777,-0.5270639250238431,Low,0.010753640239024599,4.961091186919731e-6,-0.3305648669302505,0.7409731877025026,0.852,0.426,0.7577316936862056,0.48182112693714485,0.9302857142857144
Queen contiguity,2016,Guiyang,48667,1.5042108922672965,High,0.012180008863965449,3.9371137610349945e-6,1.0946444755722515,0.27367242271115394,0.26,0.13,0.7608722991079092,0.5709978257632389,0.5666341463414635
Queen contiguity,2016,Changsha,135712,6.003654777967315,High,0.01930190379967122,3.4788404537118017e-6,3.3871654136876836,7.061879591793823e-4,0.008,0.004,0.7158621121262421,0.22371154263882698,0.07822222222222223
Queen contiguity,2016,Taoyuan,36171,-0.5080493817275976,High,0.011409945540873545,2.968158731681741e-6,-0.5587428399354843,0.5763372376777132,0.656,0.328,0.647775333999945,0.800168560274805,0.8489411764705883
Queen contiguity,2016,Xiangtan,42403,4.341135039981909,High,0.011784073298921498,3.4736248249863156e-6,4.401841380862149,1.0733601802397292e-5,0.004,0.002,0.5930907876163252,0.004992809791093844,0.0704
Queen contiguity,2016,Dao,27445,-1.2147560555743222,Low,0.010510087941916843,5.704444195541705e-6,-1.0544894403999983,0.29165889264275663,0.188,0.094,0.9117924962145134,0.5396468212960479,0.48658823529411765
Queen contiguity,2016,Jiangyong,24413,-0.9488613914052092,Low,0.009464904993344752,5.525775507551987e-6,-0.5812436887649286,0.5610762266162015,0.616,0.308,1.654184425358763,3.5213104377292943,0.8353432835820895
Queen contiguity,2017,Anxiang,33070,0.21886798174719438,Low,0.01097262230321188,4.691740436000054e-6,0.43298776630058183,0.6650236574622953,0.572,0.286,0.9399508932414998,0.641851254794231,0.7865
Queen contiguity,2017,Hanshou,33863,-0.1843898336677068,Low,0.011166410707328602,5.160653215077618e-6,-0.11598516559386904,0.9076642985835942,0.904,0.452,1.0448121149490843,1.2569094405045593,0.9386666666666668
Queen contiguity,2017,Jinshi,55037,0.7836141287966074,High,0.013320714300901381,5.62300054311739e-6,0.0719953622487096,0.9426055986645129,0.808,0.404,1.3259085883944137,3.4263445206771452,0.9386666666666668
Queen contiguity,2017,Li,41246,0.5822766656705983,High,0.011853488532741045,5.00474316792121e-6,0.4877871276360541,0.6257006300455236,0.536,0.268,1.0775276371496525,1.3433407035009486,0.7861333333333334
Queen contiguity,2017,Linli,37346,0.6136509585027455,High,0.011357424361379247,5.58032949826258e-6,0.7080044992109996,0.47894246347181985,0.428,0.214,1.2837519541682914,2.568011424868944,0.7235555555555555
Queen contiguity,2017,Shimen,41855,-0.03429398243438758,High,0.011828233052051773,4.947228158880879e-6,-0.2474028385757783,0.8045964775931588,0.928,0.464,0.8885015250609544,0.7738307538377569,0.9386666666666668
Queen contiguity,2017,Liuyang,98683,4.889524319946834,High,0.01754792190971186,4.023352963141775e-6,3.5359756635388413,4.0627211834813376e-4,0.004,0.002,0.9136289984597709,0.6551662288332154,0.05028571428571429
Queen contiguity,2017,Ningxiang,85867,3.2504774470544175,High,0.014676643053785533,3.908868430645088e-6,1.9020569975854436,0.05716370349892389,0.1,0.05,0.8985898269004701,0.956951358158864,0.32592592592592595
Queen contiguity,2017,Wangcheng,99573,5.290926190018085,High,0.015984780969857268,3.857426002717945e-6,3.9043150539417204,9.449262027951201e-5,0.004,0.002,0.8521966310205228,0.5893064549574509,0.05028571428571429
Queen contiguity,2017,Anren,22670,1.0115558484695013,Low,0.010554674752533737,3.734460820078017e-6,1.4924067200751359,0.13559255441094517,0.16,0.08,0.8511677646635524,1.219847830765091,0.4022857142857143
Queen contiguity,2017,Guidong,14717,-0.14279080728093313,Low,0.008707518522333254,5.680416111022443e-6,0.9351492758290121,0.34971137510085765,0.328,0.164,1.2545730173942249,2.0660853788720424,0.6013333333333334
Queen contiguity,2017,Jiahe,43409,-0.05797320171373142,High,0.011798481251543898,4.452032192284125e-6,-0.2747389167823769,0.7835168299539179,0.916,0.458,1.030743230648327,1.4296581795760899,0.9386666666666668
Queen contiguity,2017,Linwu,41595,0.4818369435443233,High,0.01176811508489958,4.930466219954342e-6,0.40707016844093646,0.6839564528168769,0.548,0.274,1.0854061026984518,0.7813646765994009,0.7865
Queen contiguity,2017,Rucheng,17609,-0.02050470496905045,Low,0.009046268326750467,6.228447388857399e-6,0.903962085060495,0.3660155062779151,0.328,0.164,1.4338586107971003,2.7289627784520736,0.6013333333333334
Queen contiguity,2017,Yizhang,36914,1.111841903991324,High,0.011459087102255041,5.015375955465186e-6,1.3054713022323048,0.19173241290097295,0.232,0.116,0.9696446486355007,0.7941142850167164,0.4979512195121952
Queen contiguity,2017,Yongxing,59964,1.804578721961551,High,0.013329908249288938,4.531521633999159e-6,1.1944102095037563,0.23231754510595043,0.284,0.142,0.9080009901545814,0.47523630584880117,0.568
Queen contiguity,2017,Zixing,94905,1.5285235645058872,High,0.015101190948131185,3.83894454752259e-6,-0.20989564485757006,0.8337491214208498,0.976,0.488,0.9577289150424286,0.9598837858453364,0.976
Queen contiguity,2017,Changning,37591,-0.03320957374366574,High,0.011344909262192115,4.523350529541303e-6,-0.0302090762251203,0.9759003100553895,0.872,0.436,0.8327573187402784,0.248360432286582,0.9386666666666668
Queen contiguity,2017,Hengdong,43995,0.671694417665621,High,0.011835304529022228,4.389326247252906e-6,0.5195482671027248,0.6033784631304844,0.568,0.284,0.7941414534662821,0.2973145510803481,0.7865
Queen contiguity,2017,Hengnan,33691,-0.3326877899026923,Low,0.011190978524008572,4.0203194919302115e-6,-0.2749633621435312,0.7833443865018923,0.904,0.452,0.7255205350586786,0.28209133573081724,0.9386666666666668
Queen contiguity,2017,Hengshan,41912,0.13535375749262843,High,0.011705216559288757,4.2733973104417796e-06,-0.0016399013802597374,0.9986915485939161,0.84,0.42,0.8665235359918817,0.8823013273552252,0.9386666666666668
Queen contiguity,2017,Leiyang,36312,0.3611418686540048,Low,0.011162974081495487,4.858157779702989e-6,0.5004252293439511,0.6167756922731096,0.524,0.262,1.1903262772234904,2.195135126080423,0.7861333333333334
Queen contiguity,2017,Qidong,27371,-0.8717945485546978,Low,0.010834276265963644,3.8012234368249512e-6,-0.7015528140521682,0.4829580870950403,0.524,0.262,0.8458622393848598,1.279610481897433,0.7861333333333334
Queen contiguity,2017,Chenxi,22699,-1.4555804549445872,Low,0.010195309337294348,4.7964545262717715e-6,-1.1271434251844779,0.2596818457072313,0.188,0.094,0.787491436956775,0.2572985323864794,0.4595555555555556
Queen contiguity,2017,Zhongfang,43240,-0.9390285971368466,High,0.011848452464127681,4.857996481732397e-6,-1.284450638616952,0.1989843243913827,0.08,0.04,1.0780559380757913,1.3530805986313714,0.29333333333333333
Queen contiguity,2017,Huitong,21574,-1.2864975904136033,Low,0.009895616475223237,5.2603136307409945e-6,-0.8830432190326286,0.3772129208333432,0.36,0.18,0.9619261635300206,0.7371431125578485,0.6465306122448979
Queen contiguity,2017,Jingzhou,31094,-1.1598329954976034,Low,0.010845583848544013,6.257199011217608e-6,-1.1804739153835424,0.23781177902794454,0.116,0.058,1.185552058026334,1.281551322139154,0.34026666666666666
Queen contiguity,2017,Mayang,21572,-1.3856449829889257,Low,0.009973815695575055,4.4842680519904e-6,-0.9786052708965459,0.3277750539140947,0.284,0.142,0.980201157291959,1.0352566407212649,0.568
Queen contiguity,2017,Tongdao,18919,-1.5668161050779836,Low,0.009122458783492441,5.4992727741712215e-6,-1.0437733463870136,0.29659026596463245,0.2,0.1,1.4758577228410505,3.4300439601088257,0.47242105263157896
Queen contiguity,2017,Xinhuang,20545,-1.1305720570508895,Low,0.008040194453464981,5.351961227421292e-6,-0.4740932026843159,0.6354334455758004,0.692,0.34,2.3870290584592584,7.121940844892123,0.882550724637681
Queen contiguity,2017,Xupu,18872,-1.9708770575325467,Low,0.010415663279642806,3.931118165938915e-6,-1.5610136945605917,0.11852051972462864,0.048,0.024,0.7695368849779509,0.48051205543041986,0.22231578947368422
Queen contiguity,2017,Yuanling,25623,-2.031170788856496,Low,0.010558629944390724,3.669807328596386e-6,-1.7548291737656219,0.07928853183479496,0.02,0.01,0.9082835812671214,1.2437387915088474,0.11
Queen contiguity,2017,Zhijiang,25905,-1.2374543133848608,Low,0.010533604927609398,4.8598784346843545e-6,-1.0259991124498424,0.3048920024230425,0.248,0.124,1.0975019538714506,2.056376481246189,0.5196190476190476
Queen contiguity,2017,Lengshuijiang,74509,0.6233830524376293,High,0.01601056675742476,5.021232453636568e-6,-1.241239802464282,0.2145171751861243,0.092,0.046,1.1791571738129083,1.3918002049830376,0.31138461538461537
Queen contiguity,2017,Shuangfeng,25791,-0.10309415437826919,Low,0.010621903696247792,4.7052894517722955e-6,0.23155129826499227,0.816886537784154,0.692,0.346,0.9655518622478174,1.3255924474378942,0.882550724637681
Queen contiguity,2017,Xinhua,19891,-1.2781946173511949,Low,0.009969521960804344,4.204503782354646e-6,-0.7680002714918746,0.44248702360040887,0.4,0.2,1.115412675291146,1.889634472508594,0.7040000000000001
Queen contiguity,2017,Chengbu,14163,-2.152802121327548,Low,0.009093880254721954,5.263044664181605e-6,-1.55871139793116,0.11906470285152859,0.012,0.006,1.0559822018731129,0.7173481798913812,0.096
Queen contiguity,2017,Dongan,29552,-1.3114023666580996,Low,0.010548749141715117,4.914351277707831e-6,-1.2387266498677683,0.21544674586763812,0.088,0.044,1.0537031820296046,0.9645331460550897,0.30976
Queen contiguity,2017,Dongkou,19764,-2.0102466116524145,Low,0.010034974381374313,5.269545494932306e-6,-1.6092314803992807,0.10756573527222645,0.016,0.008,0.7683885441263406,0.3249231283680065,0.10830769230769231
Queen contiguity,2017,Longhui,14860,-2.583692612760584,Low,0.009630403982504436,4.0100697541344175e-6,-2.1313021152033174,0.033064260929357284,0.004,0.002,0.8117548678061179,0.5921338559035303,0.05028571428571429
Queen contiguity,2017,Shaodong,40829,-1.1365025469454484,High,0.011762318551170568,4.573290649402163e-6,-1.4208207627786202,0.15536887303063374,0.068,0.034,0.7132714177561861,0.2369079529263849,0.272
Queen contiguity,2017,Suining,24243,-2.058689854772739,Low,0.010345238234043451,3.6613777043095344e-6,-1.8090805597188209,0.0704384887785484,0.02,0.01,0.7404570821345627,0.5454504469589474,0.11
Queen contiguity,2017,Wugang,17767,-2.5354189208474316,Low,0.009968807820927638,4.216020101776847e-6,-2.1887960118192007,0.0286116697414046,0.004,0.002,0.7784612852691886,0.3084006296896282,0.05028571428571429
Queen contiguity,2017,Xinning,17228,-2.066484647799686,Low,0.009452333485677006,5.163393959141451e-6,-1.6282813261253677,0.10346524721724899,0.012,0.006,1.0145138279842223,1.0610693159137252,0.096
Queen contiguity,2017,Xinshao,16893,-1.1127756508855353,Low,0.009920287927099987,5.1623372301715075e-6,-0.5023241924714001,0.6154394942977035,0.732,0.366,1.134416200375857,1.7922719279268238,0.9072676056338027
Queen contiguity,2017,Shaoshan,85484,3.4974077564242267,High,0.017332953986376458,5.7195157170124795e-6,1.880405665232669,0.06005281204967636,0.124,0.062,1.271708711600006,1.643065538440509,0.34099999999999997
Queen contiguity,2017,Xiangxiang,48812,1.9781374440518193,High,0.012374848543566314,5.078704878336252e-6,1.744451501293274,0.08108039125342162,0.112,0.056,1.0094457228536813,1.2027959002502282,0.33986206896551724
Queen contiguity,2017,Baojing,17599,-1.8548384022379785,Low,0.009663867895398867,4.638716648044838e-6,-1.362572850245564,0.17301717018300117,0.06,0.03,0.9683390547131583,0.7773462636857928,0.264
Queen contiguity,2017,Fenghuang,23651,-1.2229093034812932,Low,0.01002909862633063,5.0002369748800855e-6,-0.8881940154489931,0.3744363973820781,0.312,0.156,1.1758269279138702,1.5217308155777758,0.6013333333333334
Queen contiguity,2017,Guzhang,18797,-1.7144341425771203,Low,0.009722085418430348,5.141774034452731e-6,-1.1651679030023059,0.2439510351835996,0.136,0.068,1.0168136207137113,0.8906056673291562,0.3626666666666667
Queen contiguity,2017,Huayuan,22265,-1.0835106753970858,Low,0.009555542010212224,5.5206557578678385e-6,-0.6105013526367851,0.5415297476521295,0.596,0.298,1.320900810585998,1.7599031051628993,0.8068923076923077
Queen contiguity,2017,Jishou,44817,-1.1490838936869472,High,0.011970272044971874,4.854181519272116e-6,-1.5784603151136831,0.1144598981932482,0.02,0.01,1.086369662601083,1.5597596680975405,0.11
Queen contiguity,2017,Longshan,15911,-1.9838148308545107,Low,0.008651757402813032,4.90898310192802e-6,-1.4555367216212405,0.14552073175597685,0.032,0.016,1.3481998748069142,2.3938421942513592,0.16564705882352943
Queen contiguity,2017,Luxi,19253,-1.6183861009859635,Low,0.010095599339438169,4.510074384468196e-6,-1.1729674078295391,0.2408088759004201,0.152,0.076,0.9233178964926346,0.9010123362355977,0.39341176470588235
Queen contiguity,2017,Yongshun,14511,-2.23187485996742,Low,0.009265375318898917,4.27868244334792e-6,-1.6815215468573939,0.09266165482423339,0.008,0.004,1.1106278605543127,1.5662991293842232,0.07822222222222223
Queen contiguity,2017,Anhua,24141,-0.5278419282492024,Low,0.010700570200621033,4.298787795094979e-6,-0.23420950187115971,0.8148223387233429,0.928,0.464,0.918169196822223,1.3487470902305398,0.9386666666666668
Queen contiguity,2017,Nan,33248.83,0.06514694064131564,Low,0.011151700612188717,3.8853389706813105e-6,0.18428750833944774,0.8537879129998804,0.776,0.388,0.8419535451509037,1.090736422322574,0.9354520547945205
Queen contiguity,2017,Yuanjiang,41210,0.1561856039852054,High,0.01183203040558843,4.584502000053144e-6,-0.03650110559886024,0.9708827971578792,0.884,0.442,0.8878237468427398,0.6355673826484183,0.9386666666666668
Queen contiguity,2017,Jianghua,25827,-1.1454086932675756,Low,0.010191256626336114,4.639144066036485e-6,-0.899695517451495,0.36828230952485713,0.328,0.164,0.9941363947119768,1.0802314456889093,0.6013333333333334
Queen contiguity,2017,Lanshan,31412,-0.47912482121843764,Low,0.010743321689805057,4.634276685951849e-6,-0.31619506911803574,0.7518544501810009,0.864,0.432,1.1048235809901157,1.8590588124866922,0.9386666666666668
Queen contiguity,2017,Ningyuan,20528,-1.1854572399604018,Low,0.010311667747053268,3.940651060727116e-6,-0.769614744226566,0.44152845626277637,0.444,0.222,0.7527337238308096,0.4444306877659323,0.7235555555555555
Queen contiguity,2017,Shuangpai,29085,-0.8973074871529431,Low,0.01044026886760882,5.331592722796383e-6,-0.7630628362802536,0.44542592240614715,0.464,0.232,1.020662309523678,0.9183475761083066,0.7424000000000001
Queen contiguity,2017,Xintian,22611,-0.5480375775547438,Low,0.009839538518214633,5.000701992992943e-6,0.016087356462216568,0.9871647002928126,0.808,0.404,0.9568886137973244,0.9500431368438713,0.9386666666666668
Queen contiguity,2017,Huarong,42786,0.2971223964935715,High,0.01228099018892236,6.1615780996834555e-6,0.03333397271861126,0.9734082624935206,0.708,0.354,1.9090390371304917,5.555650421588025,0.8900571428571428
Queen contiguity,2017,Linxiang,44893,0.5402300353462762,High,0.013003285538866836,4.94522469392934e-6,0.21247576264282436,0.831735884706215,0.664,0.34,2.4262405826596027,7.775414988245695,0.8721194029850747
Queen contiguity,2017,Miluo,59092,3.837187260971824,High,0.013339079923369305,5.270034938374077e-6,3.315836206255544,9.136936353006795e-4,0.016,0.008,1.0868572692309515,1.6737033042601857,0.10830769230769231
Queen contiguity,2017,Pingjiang,26209,3.3467259129294953,Low,0.010204614774863311,4.984368075363173e-6,4.58960296078793,4.44089906646248e-6,0.004,0.002,0.8958569850877854,0.7785260726720349,0.05028571428571429
Queen contiguity,2017,Xiangyin,43257,1.8201337646563145,High,0.011907042042652392,4.404180972016524e-6,1.9080768074569205,0.056381289805176045,0.112,0.056,0.825526692323431,0.4255293434932397,0.33986206896551724
Queen contiguity,2017,Cili,29654,-0.4078098300312746,Low,0.010452654811182079,5.388902160430065e-6,-0.1332976399063097,0.8939579940273084,0.88,0.44,1.2370943434306478,1.7731243602236386,0.9386666666666668
Queen contiguity,2017,Chaling,28907,-0.2732431692714173,Low,0.010404882030258569,5.462267764555275e-6,0.060347896753974145,0.951878555337682,0.772,0.386,1.0692939908786752,1.0799983326287963,0.9354520547945205
Queen contiguity,2017,Liling,62025,2.9267877639711064,High,0.014417562357613921,5.597421661292382e-6,2.411285898341265,0.015896382006629187,0.072,0.036,1.458582589399768,3.0071399496022213,0.27547826086956523
Queen contiguity,2017,Yanling,33921,0.5896321129463581,Low,0.011198713394157466,5.971259390153024e-6,0.6703823715985414,0.5026140693588803,0.42,0.21,1.1996197529343116,1.9402018062037243,0.7235555555555555
Queen contiguity,2017,You,55186,1.027608783655973,High,0.01297081936519237,5.151447231404157e-6,0.42312763529805036,0.6722021405805958,0.568,0.284,1.0996731061096292,1.4105295179157782,0.7865
Queen contiguity,2017,Zhuzhou,45673,4.157741012397827,High,0.011982350152633586,3.974317605750115e-6,4.533859034002899,5.79156888899353e-6,0.004,0.002,0.790649638933037,0.35844607783333604,0.05028571428571429
Queen contiguity,2017,Sangzhi,23338,-1.3309359265055303,Low,0.010562655147969667,4.414965504944086e-6,-1.090059069603491,0.27568712465082323,0.204,0.102,1.0614667894654732,2.4729657606485507,0.47242105263157896
Queen contiguity,2017,Yueyang,40238,0.6705443419287629,High,0.011534948694680363,3.822551221455637e-6,0.6587243904933516,0.5100727676421221,0.444,0.222,0.9129079445278699,1.4041797777583476,0.7235555555555555
Queen contiguity,2017,Qiyang,31801,-0.777590964649371,Low,0.011051958497812561,3.878530926811777e-6,-0.7009648158986503,0.48332497284253634,0.528,0.264,0.7896075387420515,0.7607998061707608,0.7861333333333334
Queen contiguity,2017,Taojiang,31596,1.5999620760619984,Low,0.010847659528855523,3.727234016434379e-6,2.070718862955685,0.0383850764062517,0.068,0.034,0.9573665080232339,1.2887019668056157,0.272
Queen contiguity,2017,Shaoyang,15068,-2.1320016428541,Low,0.010034443249825609,4.057992199671134e-6,-1.6433148972801845,0.10031779761556145,0.04,0.02,0.6974503170202264,0.18358665476827118,0.19555555555555557
Queen contiguity,2017,Lianyuan,26939,0.3808816000055683,Low,0.010959349705251262,4.6920421979304875e-6,0.5473477133937261,0.5841398697383026,0.484,0.242,0.9280646273450994,1.0941942680379437,0.7605714285714286
Queen contiguity,2017,Hongjiang,27487,-1.4024178023644516,Low,0.010701537480631131,4.176186841845112e-6,-1.2699954541679193,0.20408624941460318,0.12,0.06,0.7958562712047054,0.7598951479489853,0.3406451612903226
Queen contiguity,2017,Hengyang,30744,-0.44007615906375247,Low,0.01107077685761803,6.246101089907689e-6,-0.32278044555057117,0.7468615231856923,0.908,0.454,1.0509853725800888,1.1409903566930115,0.9386666666666668
Queen contiguity,2017,Guiyang,49612,1.4878967066265643,High,0.011937330971575236,3.253098611739787e-6,1.2850590154195023,0.19877166206073646,0.224,0.112,0.5695729638902989,-0.06760754719667661,0.49280000000000007
Queen contiguity,2017,Changsha,144225,6.202805354035791,High,0.0193824916488721,3.043161011076966e-6,3.6621724858703533,2.500853756024621e-4,0.008,0.004,0.9338186381834637,1.1451952415406046,0.07822222222222223
Queen contiguity,2017,Taoyuan,38614,-0.39485386938366135,High,0.011354723681282191,3.02359797718186e-6,-0.395492409932459,0.6924795220334755,0.836,0.418,0.7355129791750179,0.6055786669451395,0.9386666666666668
Queen contiguity,2017,Xiangtan,45406,4.510604318539835,High,0.011916067964883884,3.7423595344529648e-6,4.245581542926646,2.180271985099306e-5,0.004,0.002,0.7756236399587451,0.5845879958699673,0.05028571428571429
Queen contiguity,2017,Dao,29059,-1.128137564914112,Low,0.010647051330944972,5.444513537102369e-6,-1.0057316000602905,0.3145446980191195,0.212,0.106,1.1212491790351338,1.1422561194657082,0.47835897435897434
Queen contiguity,2017,Jiangyong,26617,-0.8792207071480923,Low,0.009675012984201812,5.701337900404756e-6,-0.5322102832677781,0.5945803615628997,0.648,0.324,1.8651167852388912,4.699326721535889,0.864
Queen contiguity,2018,Anxiang,36358,0.37584367576964245,Low,0.011104031097766521,4.0809802344307e-6,0.5704328954436682,0.5683841235830756,0.58,0.29,0.5451914437815517,-0.2743994448671394,0.8367213114754098
Queen contiguity,2018,Hanshou,36743.3,-0.0987482415377916,Low,0.011137839028193085,3.907597495931977e-6,-0.004432440828863941,0.9964634354761855,0.88,0.44,0.7619662204591043,0.6243733519772707,0.9486829268292684
Queen contiguity,2018,Jinshi,60435.19,1.0081832789067648,High,0.013513519110858518,5.009767645913253e-6,0.20224517272528092,0.8397250599892775,0.7,0.35,1.0680755145944043,1.3987853630683285,0.8799999999999999
Queen contiguity,2018,Li,45765.96,0.8011200486991308,High,0.012023367290238585,4.821186243161653e-6,0.6413874776549442,0.5212709667969795,0.444,0.222,1.03777215703529,1.0794978096840069,0.7104
Queen contiguity,2018,Linli,41142.96,0.8420898472193176,High,0.011764708628516004,5.185580622318447e-6,0.7784722029109705,0.4362906875956408,0.404,0.202,0.9011090310327364,0.6837547715628665,0.6836923076923077
Queen contiguity,2018,Shimen,46830.37,0.12355921349489464,High,0.011910132084311966,4.36900357852778e-6,-0.12104124076993299,0.9036583699071304,0.932,0.466,0.9319611062990105,0.7874521031327455,0.9536744186046513
Queen contiguity,2018,Liuyang,100200.1,4.6287538463585,High,0.017177521274143397,5.068150628188774e-6,2.7251177459167617,0.0064278559274282086,0.04,0.02,1.169185990074241,2.0424058839570947,0.18526315789473685
Queen contiguity,2018,Ningxiang,86096.34,3.383466918834467,High,0.014353911106115858,3.4178907639693284e-6,2.168756622135095,0.030101166092831085,0.052,0.026,0.6200980952225694,0.7069154877384847,0.208
Queen contiguity,2018,Wangcheng,103407.3,5.283469557513522,High,0.015986614772016034,4.174344227698336e-6,3.447541029871671,5.65714474324678e-4,0.028,0.014,1.1960363005112613,2.1932744829199606,0.154
Queen contiguity,2018,Anren,23797.66,0.8824677254526657,Low,0.010673727844646477,3.474644044776157e-6,1.2933675101228748,0.19588398156608217,0.216,0.108,0.8423758057411828,1.7867530038508912,0.49641025641025643
Queen contiguity,2018,Guidong,15813.21,-0.18268379087894826,Low,0.00882271670935967,6.189938480542987e-6,0.8123858947968771,0.41657023731192466,0.368,0.184,1.464354002815065,3.1132619186794273,0.6746666666666666
Queen contiguity,2018,Jiahe,45731.97,-0.029403936464219987,High,0.011872259660436863,4.676680525959392e-6,-0.2674914482803781,0.7890907976540423,0.988,0.494,1.0424407227016057,1.0346711340300354,0.988
Queen contiguity,2018,Linwu,44286.73,0.5025793148084924,High,0.011892198445910858,4.620686998680606e-6,0.3576576146264512,0.7205995561969161,0.62,0.31,1.019658134398421,1.2501082262723218,0.8525
Queen contiguity,2018,Rucheng,18562.16,-0.08581907833484473,Low,0.009029238001603056,4.603801124080557e-6,0.974178073405056,0.3299681296934846,0.328,0.164,1.1090766754835624,1.4492099818633433,0.6274782608695653
Queen contiguity,2018,Yizhang,38803.83,1.0887826200322843,Low,0.01141974784138564,5.335590239744093e-6,1.1924849188776654,0.23307116067195321,0.248,0.124,1.186183570827907,2.003440730151115,0.5456000000000001
Queen contiguity,2018,Yongxing,62761.83,1.7977599642088864,High,0.013303088610232846,4.160106967401375e-6,1.1427604159518954,0.25313807789643983,0.26,0.13,1.0736552782614444,1.484976497043907,0.5580487804878049
Queen contiguity,2018,Zixing,98871.2,1.502608678048781,High,0.015003514995057494,3.31094139545115e-6,-0.29196381915042163,0.7703142874159996,0.884,0.442,0.9117620071805679,1.0366595444620375,0.9486829268292684
Queen contiguity,2018,Changning,40762.36,-0.03350966691902959,High,0.01140021015023623,4.442722438512566e-6,-0.05511502182319369,0.956046828650986,0.924,0.462,0.8915253816648737,0.9218027689209038,0.9536744186046513
Queen contiguity,2018,Hengdong,45690.89,0.5680550016077144,High,0.011976461492551254,4.111891813250183e-6,0.31636995257076955,0.7517217209626567,0.68,0.34,0.6353697662326054,-0.10527612425620214,0.8799999999999999
Queen contiguity,2018,Hengnan,35273.61,-0.3826438340307737,Low,0.011335161763500324,4.028354008111817e-6,-0.380227379507219,0.7037766368724286,0.832,0.416,0.8575984516710872,0.6741358909095867,0.9486829268292684
Queen contiguity,2018,Hengshan,46481.11,0.2420845734845207,High,0.012028116831615934,4.303403787793445e-6,-0.04311993439995681,0.9656059287237866,0.86,0.43,1.0240427124940428,1.348271135280231,0.9486829268292684
Queen contiguity,2018,Leiyang,37932.34,0.31556706191331174,Low,0.011208043503359504,4.210626339029152e-6,0.441118776956904,0.659127010572958,0.576,0.288,0.9758753238736356,1.4873761214962808,0.8367213114754098
Queen contiguity,2018,Qidong,28171.6,-0.8430607326380877,Low,0.010702017982730065,3.5708448940175156e-6,-0.5728622882516156,0.5667379404590608,0.58,0.29,0.6174213106654587,0.35752703981877954,0.8367213114754098
Queen contiguity,2018,Chenxi,25075.84,-1.5607238639821908,Low,0.010128428948907758,3.845977708226299e-6,-1.2605166565121664,0.2074830430310061,0.132,0.066,0.7752358441214836,0.2824697231597657,0.34164705882352947
Queen contiguity,2018,Zhongfang,44407.66,-1.0010078134733533,High,0.011828864655221982,4.523803886489363e-6,-1.3366478319093287,0.18133761798069922,0.104,0.052,0.9456193417173908,1.015105173858772,0.31679999999999997
Queen contiguity,2018,Huitong,23701.32,-1.292598665260009,Low,0.00996718350207745,5.2218217832552335e-6,-0.8491001806608268,0.3958255498954622,0.388,0.194,1.071845729213238,1.6583275872557017,0.6836923076923077
Queen contiguity,2018,Jingzhou,34146.72,-1.167595293993708,Low,0.010790571192210791,5.034280747993762e-6,-1.2250878244086612,0.22054213213709364,0.136,0.068,0.9854490929078886,0.6729367478820838,0.34194285714285716
Queen contiguity,2018,Mayang,22964.36,-1.4904036914221803,Low,0.010152922465840177,4.519133364257443e-6,-1.0958003525064361,0.2731661542037426,0.22,0.11,1.1193937850449096,2.153246407029626,0.49641025641025643
Queen contiguity,2018,Tongdao,20627.71,-1.6194723244281015,Low,0.009399137948326858,5.540169467980569e-6,-1.1228500529383982,0.2615011833738362,0.192,0.096,0.914491570264789,0.5244805579943961,0.4693333333333334
Queen contiguity,2018,Xinhuang,22646.38,-1.1328802687154882,Low,0.008199338614426226,4.725032335450303e-6,-0.4814257378140769,0.6302139478530571,0.752,0.372,2.0802899506261237,5.629262901588465,0.9065205479452054
Queen contiguity,2018,Xupu,20461.71,-2.044168391463365,Low,0.010329889903402624,3.757540394115513e-6,-1.5232734916206785,0.12769029625765452,0.048,0.024,0.8535707939530821,0.7568044811343628,0.208
Queen contiguity,2018,Yuanling,25896.41,-2.1329074884102632,Low,0.010647098755496895,3.434496261600615e-6,-1.8578482678822488,0.06319056448834477,0.02,0.01,0.5954232597579169,0.07063562933172429,0.11733333333333333
Queen contiguity,2018,Zhijiang,28276.74,-1.2697664205236643,Low,0.010341134841310787,4.03682217302415e-6,-0.9922469614188644,0.32107706920759477,0.284,0.142,0.9344747570717639,0.922740304197494,0.5893953488372092
Queen contiguity,2018,Lengshuijiang,76852.12,0.5909115740063768,High,0.015690390855754757,4.254287693513743e-6,-1.28266031774289,0.19961110811522134,0.128,0.064,1.008412347415843,1.2286146075406013,0.3413333333333333
Queen contiguity,2018,Shuangfeng,28263.26,0.11273409302171192,Low,0.010695826570723542,4.611384992440247e-6,0.42690621983106974,0.6694476350579162,0.596,0.298,1.0041608516802623,1.9091490515460956,0.8459354838709677
Queen contiguity,2018,Xinhua,21889.43,-1.308680941377283,Low,0.010235794777493944,4.49993300376317e-6,-0.8305877063784041,0.40620658200473103,0.396,0.198,0.8370670928718199,0.9006653650792775,0.6836923076923077
Queen contiguity,2018,Chengbu,15182.39,-2.251891026382896,Low,0.00909833110264192,4.1928598576148965e-6,-1.7326234742578572,0.08316261415653348,0.008,0.004,0.7695389838841378,0.3134252271623805,0.088
Queen contiguity,2018,Dongan,32449.15,-1.3084502939846046,Low,0.010877983777828759,5.436462421062349e-6,-1.2403488457604261,0.2148463928819425,0.124,0.062,0.8114397520055078,0.007432014233093476,0.34099999999999997
Queen contiguity,2018,Dongkou,21365.84,-2.0838290081415285,Low,0.009900601782542321,4.476518271034804e-6,-1.6479692806092046,0.0993589751313091,0.02,0.01,0.9738137615596183,1.0402652235628151,0.11733333333333333
Queen contiguity,2018,Longhui,16191.74,-2.657883627352083,Low,0.009674989696929953,3.8895285044290364e-06,-2.119662108811036,0.03403455061513318,0.004,0.002,0.7879133025934757,0.28605144637117874,0.088
Queen contiguity,2018,Shaodong,46661.11,-1.0604513548555161,High,0.011867127083085582,3.5258505815188837e-6,-1.5152019021199368,0.12972128153888246,0.052,0.026,0.6532770310276318,0.0723141384953001,0.208
Queen contiguity,2018,Suining,25232.11,-2.127947162834251,Low,0.01053142014016775,3.6121571596808976e-6,-1.8784471561381715,0.06032001968917029,0.008,0.004,0.776964074971771,1.0784876260945477,0.088
Queen contiguity,2018,Wugang,19249.76,-2.6361579556215995,Low,0.009866307242782875,3.253047764119258e-6,-2.397243267201641,0.016518952520079615,0.004,0.002,0.7722215650248991,0.8228886036266561,0.088
Queen contiguity,2018,Xinning,18703.7,-2.1209163673234688,Low,0.009424266825158945,4.843057990183391e-6,-1.606599487453939,0.1081422550324658,0.02,0.01,1.17614374128094,1.8854839847896407,0.11733333333333333
Queen contiguity,2018,Xinshao,18509.28,-1.1014043616471283,Low,0.010026393307114363,4.44925818534162e-6,-0.5190420244746359,0.6037314359204994,0.668,0.334,0.8856020754678918,0.7761439239231311,0.8799999999999999
Queen contiguity,2018,Shaoshan,93691.87,3.7969679443368314,High,0.017690585128996485,4.641032776782704e-6,2.077449288881711,0.03776011105471718,0.088,0.044,1.2470925841721574,2.029120055803725,0.31679999999999997
Queen contiguity,2018,Xiangxiang,54994.68,2.2162308177024577,High,0.01271828156234189,3.6272181362130575e-6,2.0528074862461625,0.04009125220150616,0.084,0.042,0.6830312062152204,0.41994356645304043,0.31679999999999997
Queen contiguity,2018,Baojing,19069.44,-2.004192397268147,Low,0.009837414164494915,4.405844652148519e-6,-1.5409105758924486,0.12333855151148135,0.032,0.016,0.9603245893512266,1.605138187848329,0.15644444444444447
Queen contiguity,2018,Fenghuang,24201.51,-1.393046863162494,Low,0.009794117874686897,4.740056748780716e-6,-0.9308148571794685,0.3519493430145903,0.296,0.148,1.1366540719483094,1.1249301300343468,0.592
Queen contiguity,2018,Guzhang,19185.73,-1.8683627999367476,Low,0.009711476573295989,4.306463644439775e-6,-1.342428405342839,0.17945712972157205,0.108,0.054,0.8897627136041352,0.8706798573408827,0.31679999999999997
Queen contiguity,2018,Huayuan,21065.99,-1.2694194309373326,Low,0.00913018397548147,4.766604907339373e-6,-0.6311940004142245,0.5279136843379906,0.572,0.286,1.1150086918120148,1.1488745358018129,0.8367213114754098
Queen contiguity,2018,Jishou,47485.71,-1.3043938406842068,High,0.012142970079483836,5.059648902934434e-6,-1.7239049718417387,0.08472499964059123,0.016,0.008,0.868747310813504,0.4084798536754439,0.11733333333333333
Queen contiguity,2018,Longshan,17068.8,-2.0761133713382236,Low,0.008879860427546297,4.9517281535116396e-6,-1.5381594718627905,0.1240096276562033,0.016,0.008,1.173345388994713,1.4943606199949082,0.11733333333333333
Queen contiguity,2018,Luxi,19865.15,-1.768976893396264,Low,0.010097269500380687,3.931156144845669e-6,-1.331411798039128,0.183053549479374,0.12,0.06,0.6614835393795705,0.30694443234669544,0.3406451612903226
Queen contiguity,2018,Yongshun,15521.63,-2.3793375761853808,Low,0.009471327815599468,4.239290791416032e-6,-1.8258753081807715,0.06786904629848568,0.012,0.006,0.9737621316356067,0.823435798534248,0.10560000000000001
Queen contiguity,2018,Anhua,27110.04,-0.5512860376269664,Low,0.010666639919767979,3.2906333454281557e-6,-0.24449318606836082,0.806848878606635,0.896,0.448,0.7531768961813737,0.8132241945395533,0.9499759036144579
Queen contiguity,2018,Nan,35325.32,0.18042017727849796,Low,0.011083700470775929,3.942296923841212e-6,0.3416390076846789,0.7326225777259563,0.652,0.326,0.7458830074472047,0.6839120460367609,0.8799999999999999
Queen contiguity,2018,Yuanjiang,44550.83,0.24091521654319295,High,0.011866841279706084,5.0032492204291374e-6,0.030868803346325736,0.9753741693842436,0.82,0.41,1.1237597819664125,1.8528779477541244,0.9486829268292684
Queen contiguity,2018,Jianghua,28426.16,-1.075120910272377,Low,0.010356034554747285,5.255984763968375e-6,-0.7710706183638787,0.4406650749242045,0.444,0.222,1.0838970507742631,1.6628932715826474,0.7104
Queen contiguity,2018,Lanshan,35090.04,-0.4164375745552125,Low,0.011033868537571885,4.705113887161495e-6,-0.3435658566060019,0.7311728057545825,0.88,0.44,0.7283228641299963,0.0134801998131171,0.9486829268292684
Queen contiguity,2018,Ningyuan,23019,-1.099794360712525,Low,0.010400263975467035,3.7755178250629683e-6,-0.6751690811886514,0.4995683479835463,0.56,0.28,0.6850825536053685,0.42815365869855837,0.8367213114754098
Queen contiguity,2018,Shuangpai,31967.03,-0.8120338654844121,Low,0.010707638896650521,5.42972615180044e-6,-0.7099230282586444,0.4777518692443165,0.5,0.25,1.1150879419475312,1.2943285374353861,0.7857142857142857
Queen contiguity,2018,Xintian,24935.12,-0.5128209384093412,Low,0.01005224253076471,4.8057755734433735e-6,-0.0056652377221269945,0.9954798184673928,0.824,0.412,1.0246102091129758,1.3247767533173898,0.9486829268292684
Queen contiguity,2018,Huarong,46936.05,0.40032358817762886,High,0.012469219698687944,5.236211814030173e-6,0.07666059286597185,0.9388935545835588,0.696,0.348,1.2413641997977507,1.3431060436368574,0.8799999999999999
Queen contiguity,2018,Linxiang,51344.05,0.7851997913264651,High,0.013868092664978016,5.806828414005535e-6,0.17181831421934,0.8635803669784949,0.716,0.36,2.0618730455894423,4.828500015500868,0.8874366197183098
Queen contiguity,2018,Miluo,64462.19,3.8829452982652253,High,0.013494999783329508,4.663346604318472e-6,3.2840783426532605,0.0010231647618560821,0.008,0.004,0.7172366574726705,0.2699185275969831,0.088
Queen contiguity,2018,Pingjiang,28944.92,3.290352482613154,Low,0.010263451986597685,4.127112269085971e-6,4.722555451184642,2.3289956024083707e-6,0.004,0.002,0.7622717156668499,0.1949818918945656,0.088
Queen contiguity,2018,Xiangyin,46861.46,1.961997778034332,High,0.01199696356255256,4.178546008353753e-6,1.9700403156175117,0.04883375026865257,0.1,0.05,0.8853194441232279,0.6685801704793923,0.31679999999999997
Queen contiguity,2018,Cili,31216.77,-0.36005431252966735,Low,0.010392221083145511,4.946957259320809e-6,-0.02380325588132019,0.9810095429686906,0.848,0.424,1.0641194799193734,1.2735697602533138,0.9486829268292684
Queen contiguity,2018,Chaling,31356.85,-0.3930696397587059,Low,0.010567444203465275,5.312200139422121e-6,-0.13974822742182566,0.8888589202826257,0.924,0.462,1.2976898089497333,2.3440732898622434,0.9536744186046513
Queen contiguity,2018,Liling,63128.86,2.6513519804798165,High,0.014222139336853299,5.037523503594412e-6,2.0872077087333296,0.03686936296357096,0.096,0.048,1.2517681109902967,1.9046717337471142,0.31679999999999997
Queen contiguity,2018,Yanling,36828.71,0.5883808781464406,Low,0.01120475756931194,4.34161322272012e-6,0.746993069947447,0.45506774402496675,0.424,0.212,0.7814617741454506,0.342842167266701,0.704
Queen contiguity,2018,You,52287.95,0.7225778314554976,High,0.012489659144236805,4.5128361938529034e-6,0.27789045735038925,0.7810964494412248,0.676,0.338,1.1079969832845489,2.3202655932608875,0.8799999999999999
Queen contiguity,2018,Zhuzhou,45358,3.856533613510845,High,0.0118557465439538,3.963549687288218e-6,4.030263007566756,5.571447774078392e-5,0.008,0.004,0.8921991274934629,1.2079302177045204,0.088
Queen contiguity,2018,Sangzhi,24817.69,-1.359724711979024,Low,0.010447425179343032,4.246536859351099e-6,-1.012403360512131,0.3113452322389711,0.312,0.156,0.6626872365331572,0.44938252114697175,0.6101333333333333
Queen contiguity,2018,Yueyang,44208.33,0.880470815526781,High,0.0115162685105456,3.6092669998322824e-6,0.8784577797391905,0.37969534021537543,0.36,0.18,0.8109696513930126,0.738964926758904,0.6740425531914893
Queen contiguity,2018,Qiyang,35658.51,-0.716983479475547,Low,0.01102003813422823,3.4637218448645238e-6,-0.6123820569146102,0.5402850104830428,0.608,0.304,0.7577754635296214,0.7996731632409535,0.8492698412698412
Queen contiguity,2018,Taojiang,34210.58,1.6559892834038104,Low,0.011216256412425067,3.729974960009138e-6,1.850200009151788,0.06428472765527118,0.1,0.05,0.8383464488309996,1.2553347042280398,0.31679999999999997
Queen contiguity,2018,Shaoyang,16844.35,-2.146321298109314,Low,0.010139744048349627,3.965966449874833e-6,-1.615111878168159,0.10628646911741488,0.032,0.016,0.7703143522752103,0.5792674366617057,0.15644444444444447
Queen contiguity,2018,Lianyuan,29513.61,0.44581339760832855,Low,0.010788046635477819,3.1383230100207247e-6,0.8156845233634511,0.41468059297506715,0.404,0.202,0.5981850204379772,0.10266694430775747,0.6836923076923077
Queen contiguity,2018,Hongjiang,30060,-1.4548393329602076,Low,0.010678817708065011,3.950336722478698e-6,-1.271766105750974,0.20345623504178434,0.108,0.054,0.9072987536644368,0.9656775598932299,0.31679999999999997
Queen contiguity,2018,Hengyang,32826.89,-0.38965656709299157,Low,0.01088268952707688,5.15303857252072e-6,-0.19586273420500452,0.8447176060719283,0.988,0.494,0.9883067023583461,1.1894768327541847,0.988
Queen contiguity,2018,Guiyang,52246.09,1.5167951076688129,High,0.01195271310682578,2.98264227867102e-6,1.2814840681847026,0.20002369237282214,0.208,0.104,0.6461398970120147,0.4091001359051818,0.4947027027027027
Queen contiguity,2018,Changsha,141720.7,6.037181620273832,High,0.018642328586741422,2.910296823760015e-6,3.547765840776588,3.885134575771129e-4,0.012,0.006,0.6292384489183487,0.7032645072505561,0.10560000000000001
Queen contiguity,2018,Taoyuan,43156.57,-0.2685490780705174,High,0.011648714843768818,3.0756267977549752e-6,-0.4193838134593695,0.6749356518060915,0.752,0.376,0.6062899131879038,0.13837722209203118,0.9065205479452054
Queen contiguity,2018,Xiangtan,51500.44,4.594989613951103,High,0.012000007393543516,3.3237920231292956e-6,4.307302571132353,1.652574847352724e-5,0.004,0.002,0.685313902035024,0.5461968806942572,0.088
Queen contiguity,2018,Dao,32583.66,-1.0556396493287394,Low,0.010715331098792866,4.903284775152258e-6,-0.9378695177830105,0.3483114699088665,0.288,0.144,1.1017565421526905,1.0866889327524456,0.5893953488372092
Queen contiguity,2018,Jiangyong,29121.65,-0.8336993514683053,Low,0.009659998021880025,4.57956634722719e-6,-0.45053158027851015,0.6523271883885804,0.776,0.388,1.4009370886606127,2.15794423824355,0.9228108108108108
Queen contiguity,2019,Anxiang,39667.81,0.4683681345029986,Low,0.011352836870473972,4.777689137301256e-6,0.499972131384351,0.6170947007352392,0.528,0.264,1.3001262628076908,2.904469771217025,0.8011034482758621
Queen contiguity,2019,Hanshou,37430.75,-0.3059844179303995,Low,0.010966071745755097,4.091557260347114e-6,-0.15292389038308316,0.8784582956960042,0.968,0.484,1.2566262419441272,2.3986825917452954,0.9791264367816093
Queen contiguity,2019,Jinshi,66238.08,1.2309950940673626,High,0.013641807035302322,3.904867715130534e-6,0.4111534462608913,0.6809600218984084,0.56,0.28,1.0182593067416108,1.0590610657836486,0.8078688524590165
Queen contiguity,2019,Li,47873.93,0.9413362713646496,High,0.011862858966811746,4.387208305920893e-6,0.8900055630762232,0.37346289896123924,0.364,0.182,1.1616728357708896,1.6061416454285924,0.6963478260869566
Queen contiguity,2019,Linli,45571.98,1.0531736964601832,High,0.011793417393238286,4.578204318797959e-6,1.034926772415437,0.30070311053321674,0.256,0.128,1.2602876536010599,2.0197752782644605,0.5531428571428572
Queen contiguity,2019,Shimen,50646.03,0.15555798142381191,High,0.012142427334820658,4.825513886003984e-6,-0.19093003173040482,0.8485804110512017,0.984,0.492,1.056011743263502,1.0520352253503757,0.984
Queen contiguity,2019,Liuyang,103409.33,4.954163324321458,High,0.016935130603383558,3.5641671061843487e-6,3.6372932187907168,2.755182222739159e-4,0.008,0.004,1.0051887740349734,1.1693903102593097,0.0704
Queen contiguity,2019,Ningxiang,80888.5,3.107433768713657,High,0.013552656869850147,3.0789485444036266e-6,2.3157883239563013,0.020569829060192505,0.06,0.03,0.911420567799938,1.0355009402553375,0.25142857142857145
Queen contiguity,2019,Wangcheng,116352.94,5.6007000804678215,High,0.016427577735190026,3.6731343357367376e-6,3.633798267200805,2.7927925373241047e-4,0.02,0.01,1.2650164885484534,2.3837976615288543,0.11
Queen contiguity,2019,Anren,27186.84,0.6587181477995714,Low,0.010581788846692043,3.223137748125985e-6,1.1314288897049432,0.25787461767464936,0.264,0.132,0.6507915950245984,0.33655020782387,0.5531428571428572
Queen contiguity,2019,Guidong,19513.82,-0.1822100558403061,Low,0.008955431590272157,4.629478112881174e-6,0.8849243652848824,0.3761974257682751,0.316,0.158,1.2179876334989979,1.5831959260700508,0.632
Queen contiguity,2019,Jiahe,42095.78,-0.31718876255580397,High,0.011288138703209561,3.79715076983453e-6,-0.3373039101693586,0.7358878123604577,0.824,0.412,1.1233935638881405,1.9241664848296258,0.9202891566265061
Queen contiguity,2019,Linwu,40893.65,-0.017904763089567108,Low,0.011442812651976275,4.549775682536885e-6,-0.05819424096969471,0.9535939079904401,0.916,0.458,1.007064431872614,1.0682290742596336,0.9373023255813955
Queen contiguity,2019,Rucheng,24712.22,-0.1957413996371288,Low,0.009542955733040238,4.404417629250332e-6,0.6094606489646982,0.5422191482900882,0.436,0.218,1.267160680394302,2.075973115787356,0.7431111111111111
Queen contiguity,2019,Yizhang,36143.58,0.5968759154522033,Low,0.010793092244194375,4.354131733227476e-6,0.9915920770311392,0.3213965557632239,0.28,0.14,1.2376774469244298,1.7149440567221603,0.5730232558139535
Queen contiguity,2019,Yongxing,58195.37,1.2308397729277682,High,0.01276922997152842,4.328327353265861e-6,0.6911554281591772,0.489467870693713,0.44,0.22,0.8017815930127131,0.4186172196075719,0.7431111111111111
Queen contiguity,2019,Zixing,90613.01,1.0644718607444867,High,0.014232378841391046,3.4098437338396672e-6,-0.3936480289494606,0.6938409163526953,0.8,0.4,0.867523848277014,0.6936010957597678,0.9188571428571428
Queen contiguity,2019,Changning,41584.05,-0.26675621723222775,High,0.011477982452116134,4.177521359144655e-6,-0.3574605115118875,0.7207470832279348,0.832,0.416,0.8661271102145132,0.8342419140653607,0.9202891566265061
Queen contiguity,2019,Hengdong,45032.22,0.5261786032372887,High,0.011748280278848415,3.767674359768761e-6,0.3840172444434629,0.7009656664010275,0.624,0.312,0.7596513040786456,0.5195606754210171,0.8716190476190475
Queen contiguity,2019,Hengnan,37014.91,-0.6303525370029652,Low,0.011099035135761706,3.940976481963228e-6,-0.5056150154434749,0.6131269385277296,0.7,0.35,1.0963010382450724,1.9190564268426114,0.912225352112676
Queen contiguity,2019,Hengshan,44780.22,0.07063903441772634,High,0.011549794140123845,3.7293699742854488e-6,-0.011892192060560096,0.9905116272089429,0.864,0.432,0.9509548654960973,1.060953209389428,0.9202891566265061
Queen contiguity,2019,Leiyang,32863.04,-0.12615323335938522,Low,0.010749711839928941,4.58456091148084e-6,0.15061103659001784,0.8802825547712144,0.764,0.382,0.9899161609533151,1.2373786397788784,0.9180540540540542
Queen contiguity,2019,Qidong,29668.12,-0.6201548551651029,Low,0.010711187066901565,3.5716059340665416e-6,-0.31503475898505345,0.7527352627138512,0.888,0.444,0.9791935636377052,1.4032242195820155,0.9302857142857144
Queen contiguity,2019,Chenxi,23798.83,-1.6389339915062906,Low,0.010038588636308635,4.083737631416589e-6,-1.2179469847055906,0.22324411982533038,0.104,0.052,0.9380887116774411,0.7395714109944609,0.30506666666666665
Queen contiguity,2019,Zhongfang,45025.68,-1.1498063007666952,High,0.011751028876433676,4.0553827833966665e-6,-1.511424617499241,0.1306803012028435,0.048,0.024,0.7560381085198024,0.3276210169946956,0.21120000000000003
Queen contiguity,2019,Huitong,26558.73,-1.4107305048926086,Low,0.010089530380557633,4.4130013720249445e-6,-1.0795342043594836,0.2803496544097098,0.204,0.102,1.0894346039400844,1.432012414781986,0.47242105263157896
Queen contiguity,2019,Jingzhou,32058.85,-1.280336382867155,Low,0.010258004441065394,4.239696009103513e-6,-1.1836054744679465,0.23656927231711727,0.116,0.058,1.1958690314866707,1.3152890696498591,0.32929032258064517
Queen contiguity,2019,Mayang,25230.63,-1.5359796915355028,Low,0.0101159070140101,4.383365509440486e-6,-1.0989090473386445,0.27180773994823226,0.204,0.102,1.1784260112545664,2.0247869987604377,0.47242105263157896
Queen contiguity,2019,Tongdao,25082.37,-1.5620140094594086,Low,0.009501438066510869,5.124454635410097e-6,-1.086682544071491,0.27717713111767417,0.088,0.044,1.864230964431261,5.3017155150384205,0.30506666666666665
Queen contiguity,2019,Xinhuang,27218.85,-1.0090433510467935,Low,0.008804054992987217,4.711548027364275e-6,-0.5012976865824549,0.6161616331801485,0.716,0.352,2.301999858489059,6.679354248063703,0.912225352112676
Queen contiguity,2019,Xupu,22470.2,-2.140142052381787,Low,0.010245492325271645,2.960408992257145e-6,-1.7093918242234767,0.08737839435147292,0.028,0.014,0.827957741085047,0.7743613533318165,0.14494117647058824
Queen contiguity,2019,Yuanling,27727.93,-2.0806665788962544,Low,0.01052293793478226,2.943213594954916e-6,-1.810343257632245,0.0702425727553662,0.04,0.02,0.6686722674444794,0.6063083827743174,0.19555555555555557
Queen contiguity,2019,Zhijiang,29278.8,-1.2906655842365697,Low,0.010451176575722922,3.856813523549633e-6,-1.0536648752389446,0.2920363756270876,0.264,0.132,0.8952065436109399,0.7319430219928984,0.5531428571428572
Queen contiguity,2019,Lengshuijiang,67826.44,0.07727593509402356,High,0.014172489498576536,4.326618167104172e-6,-1.247578068036373,0.2121856143537083,0.104,0.052,1.2510802114206272,1.9278552418605779,0.30506666666666665
Queen contiguity,2019,Shuangfeng,31075.68,0.36144767705756575,Low,0.010892952632392353,3.836286994809048e-6,0.6366353159587865,0.5243624158075355,0.488,0.244,0.8337957917554657,0.44042306354059857,0.759578947368421
Queen contiguity,2019,Xinhua,24109.44,-1.510144692943365,Low,0.010185636214689103,3.8150120777877165e-6,-1.057360334564797,0.2903471670198551,0.252,0.126,0.8302017807445167,0.6864259956721703,0.5531428571428572
Queen contiguity,2019,Chengbu,19441.07,-2.1483476810103865,Low,0.009457257749741991,4.873708942943099e-6,-1.579710511519815,0.11417317727963719,0.016,0.008,1.2206524351081136,1.8320095339936486,0.09386666666666667
Queen contiguity,2019,Dongan,33158.95,-1.3425257564324073,Low,0.010742981772298795,5.328435817413013e-6,-1.1913337522863072,0.2335225886634653,0.096,0.048,1.304614420021815,2.082297262219634,0.30506666666666665
Queen contiguity,2019,Dongkou,22122.67,-2.1422533961570394,Low,0.01001503571025309,4.374911973670932e-6,-1.721379421805576,0.08518199592259505,0.008,0.004,1.0289976780097223,1.4064622916888583,0.0704
Queen contiguity,2019,Longhui,19852.45,-2.578611496239495,Low,0.01002055645986398,4.011157038633928e-6,-2.0945014559112933,0.03621533350905163,0.004,0.002,1.1051307739369285,1.570197094538961,0.0704
Queen contiguity,2019,Shaodong,66620.27,-0.5218231876010396,High,0.013154618846433742,4.150317561400204e-6,-1.429227488408739,0.15293885941882146,0.048,0.024,0.9740282820805504,0.8939553372764766,0.21120000000000003
Queen contiguity,2019,Suining,25666.8,-2.1853446503794545,Low,0.01047821819120791,3.6293986992977587e-6,-1.8433433316653849,0.06527889827354626,0.012,0.006,0.8451506486264202,0.8241614702346118,0.08123076923076923
Queen contiguity,2019,Wugang,20550.53,-2.605673193770472,Low,0.009928408279650709,3.3063559120081984e-6,-2.2882487678094976,0.022123038169968325,0.004,0.002,0.920260904919479,1.4638702001964425,0.0704
Queen contiguity,2019,Xinning,19360.98,-2.1179201687743383,Low,0.009443186533322365,4.34942440201264e-6,-1.6288347195892785,0.1033480125876342,0.008,0.004,1.0955087313802552,1.5589484739284591,0.0704
Queen contiguity,2019,Xinshao,20268.83,-0.9846534681238561,Low,0.009912759422178945,3.732840989477096e-6,-0.34357233714218166,0.7311679313788766,0.856,0.428,0.7722752904523859,0.44147058131214933,0.9202891566265061
Queen contiguity,2019,Shaoshan,89948.04,3.4017006309373214,High,0.016530283012013366,4.003635304881763e-6,2.1220273735335984,0.03383543941112474,0.092,0.046,1.5003867850306023,3.094630211037373,0.30506666666666665
Queen contiguity,2019,Xiangxiang,59232.66,2.0124068427038933,High,0.012673003052821536,4.4117656886554535e-6,1.5900371210133204,0.11182643789716054,0.152,0.076,0.9521182717007088,0.729922014525088,0.39341176470588235
Queen contiguity,2019,Baojing,23898.43,-1.6923551029783093,Low,0.010032503029454982,4.762814662931289e-6,-1.1815446355220018,0.23738643260932907,0.084,0.042,1.2796864941805517,1.7761269167754108,0.30506666666666665
Queen contiguity,2019,Fenghuang,25508.94,-1.2440895275332529,Low,0.010036297315513032,5.0109739184198205e-6,-0.8023947924855105,0.4223246244474382,0.416,0.208,1.4599251269392584,3.398532580217574,0.7431111111111111
Queen contiguity,2019,Guzhang,23179.7,-1.5864178792117827,Low,0.009841767672841997,3.348691512670242e-6,-1.1711369448259292,0.24154373572692156,0.188,0.094,0.9371577157911825,1.3726032421983918,0.4595555555555556
Queen contiguity,2019,Huayuan,25016.13,-1.0449162624019421,Low,0.009538909525632534,4.843106734989108e-6,-0.48466016200674117,0.6279174300280814,0.736,0.368,1.4796701279397801,2.8532076785976965,0.912225352112676
Queen contiguity,2019,Jishou,53765.55,-1.0049011084478823,High,0.01239595159531126,4.165751011003033e-6,-1.643231223922227,0.10033510193406533,0.012,0.006,1.0876261393471474,1.6050487520947359,0.08123076923076923
Queen contiguity,2019,Longshan,19574.68,-1.9570108945352918,Low,0.009145351156203107,5.087854794580686e-6,-1.4172709785975166,0.1564037167252404,0.008,0.004,1.2009809692744053,1.5487251685914618,0.0704
Queen contiguity,2019,Luxi,23777.48,-1.6417834023663966,Low,0.010242066065802777,4.233653677251685e-6,-1.1685469948845548,0.24258619455557182,0.188,0.094,0.9403242641908444,1.41169601320152,0.4595555555555556
Queen contiguity,2019,Yongshun,19372.26,-2.2126952629895,Low,0.00961663188046495,4.152021035544876e-6,-1.6513230846776625,0.09867262100507412,0.012,0.006,1.0413759012618922,1.2837663643164028,0.08123076923076923
Queen contiguity,2019,Anhua,26984.9,-0.7517024773386582,Low,0.010423183369919627,3.3692910264075617e-6,-0.3116537009218375,0.7553037178698335,0.868,0.434,0.6750417821238258,0.14023700623561774,0.9202891566265061
Queen contiguity,2019,Nan,36136.61,0.055663401865137095,Low,0.010994384382852928,3.671631497405257e-6,0.25509313167244657,0.7986511688591882,0.704,0.352,0.9460822371237768,1.5678396650186928,0.912225352112676
Queen contiguity,2019,Yuanjiang,36964.45,-0.18035863185714396,Low,0.011080646513865814,4.035748203700224e-6,-0.0665429173468084,0.9469455903036987,0.904,0.452,0.910820757096957,1.0281358772882667,0.9359058823529413
Queen contiguity,2019,Jianghua,29197.69,-0.977475821112303,Low,0.01021974317851408,4.163964536048564e-6,-0.6420921977561432,0.5208133215427361,0.604,0.302,0.9741783042324291,0.7230604662682447,0.8572903225806452
Queen contiguity,2019,Lanshan,34985.54,-0.6036846664353859,Low,0.010802312210384453,4.353089464271561e-6,-0.45740742914395277,0.6473782255102285,0.792,0.396,1.084445896993983,1.2216507317729013,0.9188571428571428
Queen contiguity,2019,Ningyuan,31539.34,-0.9664860741946643,Low,0.010962026042097405,3.548606442050031e-6,-0.8191385080828558,0.4127073936564251,0.436,0.218,0.6958257929472125,0.14388747150808934,0.7431111111111111
Queen contiguity,2019,Shuangpai,35275.67,-0.5670675264449757,Low,0.010734232557725275,4.963537253384575e-6,-0.42178410064127864,0.6731826118360388,0.772,0.386,1.4706962880641676,3.049036881562259,0.9180540540540542
Queen contiguity,2019,Xintian,26924.21,-0.5457758089812456,Low,0.010079960151417783,4.641095263729827e-6,-0.040195799245891034,0.9679370266414847,0.852,0.426,1.3552995109379682,2.8579937113154292,0.9202891566265061
Queen contiguity,2019,Huarong,49204.21,0.41738542278100527,High,0.012592721545975292,5.350574608527492e-6,0.03022338303683513,0.9758889000811675,0.728,0.364,1.5034615542085148,2.97653979905526,0.912225352112676
Queen contiguity,2019,Linxiang,57679.5,1.0377689333067415,High,0.014370246508057776,4.662573470739117e-6,0.34498984597539656,0.7301020043963569,0.456,0.23,2.4225089007602976,7.993148430236541,0.7431111111111111
Queen contiguity,2019,Miluo,70953.25,4.355941110905028,High,0.01367354622186126,4.137858466614557e-6,3.8115226068452475,1.3811342147412934e-4,0.016,0.008,1.0441773609139642,1.1727118078214334,0.09386666666666667
Queen contiguity,2019,Pingjiang,33079.13,3.6368024823852796,Low,0.01054762204202007,4.8070226953276245e-6,4.536790169469093,5.711688412932439e-6,0.008,0.004,1.3751097114796125,2.505416744587918,0.0704
Queen contiguity,2019,Xiangyin,46906.22,1.9343370279579102,High,0.0119028846114351,4.066015112564796e-6,1.948738001098652,0.051326721142683815,0.08,0.04,0.6912022412631,0.4888834610147961,0.30506666666666665
Queen contiguity,2019,Cili,28834.75,-0.4789225310795207,Low,0.009950328220754923,4.448631772751095e-6,0.0417755452837667,0.9666776300262354,0.804,0.402,1.1758836060240672,2.052220772672661,0.9188571428571428
Queen contiguity,2019,Chaling,36308.86,-0.07836169877143433,Low,0.010863100775355001,5.029045638032509e-6,0.1265102171545833,0.8993280619077192,0.696,0.348,1.145442603998545,0.99391277331221906,0.912225352112676
Queen contiguity,2019,Liling,74026.04,3.0522367796926178,High,0.015069969531175708,4.622007148186931e-6,2.2044510773489767,0.02749263693085178,0.104,0.052,1.1876450459526202,1.3430500513001258,0.30506666666666665
Queen contiguity,2019,Yanling,42019.04,0.4816741700201399,High,0.011468856569776953,4.247029255482424e-6,0.4889071603939062,0.6249074261141646,0.544,0.272,1.0382908631070369,1.3524466145624192,0.8078688524590165
Queen contiguity,2019,You,59744.51,1.049211584510987,High,0.012749548364938225,3.852757533062113e-6,0.5288259929881773,0.5969261645654944,0.492,0.246,1.047176089342594,1.467005737466728,0.759578947368421
Queen contiguity,2019,Zhuzhou,47006.13,4.163154782352906,High,0.011948139374472866,4.2130586401927985e-6,4.071201641588837,4.677124044259371e-5,0.008,0.004,1.0603930606125367,1.4453552229714672,0.0704
Queen contiguity,2019,Sangzhi,25147.18,-1.3561860456623518,Low,0.01043995169597027,4.6545186092943585e-6,-0.9218872773085783,0.3565873761046861,0.332,0.166,1.1454834092532113,1.7551194482526666,0.6492444444444444
Queen contiguity,2019,Yueyang,48638.04,0.8904597526355122,High,0.011840747367313413,3.5696218705474954e-6,0.6957957607641446,0.48655674446249864,0.388,0.194,0.9372961225053759,1.1740337326894306,0.7113333333333334
Queen contiguity,2019,Qiyang,38769.74,-0.6655836130535747,Low,0.011252049098766813,3.585803765959192e-6,-0.6483049885796243,0.5167877081329011,0.556,0.278,0.8882475484274941,1.079905408100931,0.8078688524590165
Queen contiguity,2019,Taojiang,34095.65,1.403220168575721,Low,0.011024434579621423,4.140293618725267e-6,1.5542997234465996,0.12011293946851437,0.144,0.072,1.2871042233842602,3.1978126647160705,0.38399999999999995
Queen contiguity,2019,Shaoyang,19328.03,-1.858878206530879,Low,0.010107601773811946,3.418574589686603e-6,-1.343605827002091,0.1790758842313714,0.132,0.066,0.6074219296827661,-0.045298095050501086,0.363
Queen contiguity,2019,Lianyuan,29324.51,0.3597445166713392,Low,0.010628076088716522,3.2321187701552726e-6,0.7886834816100062,0.4302970247595649,0.384,0.192,0.8393917405084161,0.6939701260057456,0.7113333333333334
Queen contiguity,2019,Hongjiang,29607,-1.5843244890115273,Low,0.01060504789824563,3.489902423430247e-6,-1.415301832587421,0.1569800179299525,0.084,0.042,0.6243502264132661,0.023630785783726793,0.30506666666666665
Queen contiguity,2019,Hengyang,33452.1,-0.19870089461282012,Low,0.010707820494676135,3.378723370629908e-6,0.10705010473937211,0.9147492302634507,0.764,0.382,0.878839920745726,0.6015901371280554,0.9180540540540542
Queen contiguity,2019,Guiyang,50599.19,0.8002567841035988,High,0.011784392075253955,2.859621304894657e-6,0.6015104684971756,0.5475000413687685,0.484,0.242,0.6282929303903692,0.2394134131413499,0.759578947368421
Queen contiguity,2019,Changsha,155564.46,6.579432171885526,High,0.01905617184747973,3.1021898831208877e-6,3.6550742631363473,2.5710754262591736e-4,0.008,0.004,0.855286934498413,0.5013022758712751,0.0704
Queen contiguity,2019,Taoyuan,48062.77,-0.256397850391188,High,0.011614856184795748,2.4498448377307524e-6,-0.42772102637615883,0.6688542397055743,0.728,0.364,0.5782686907774405,0.4310403354040777,0.912225352112676
Queen contiguity,2019,Xiangtan,55680.73,4.604808944471169,High,0.012052091435714079,2.8780422732631072e-6,4.471412022114925,7.770482599119863e-6,0.004,0.002,0.8722523738568917,0.9471444959691944,0.0704
Queen contiguity,2019,Dao,36254.6,-0.8426206287404062,Low,0.011025920863804764,4.722551050018479e-6,-0.8180956793288904,0.4133025558215503,0.448,0.224,1.0297996886976375,1.186019252896437,0.7431111111111111
Queen contiguity,2019,Jiangyong,32158.18,-0.769002448744428,Low,0.010110313454682985,4.9259006176187895e-6,-0.5136360832305789,0.6075064470246541,0.724,0.362,1.4311815381832882,1.9629246492908665,0.912225352112676
Queen contiguity,2020,Anxiang,52289.88,1.1796876355699368,High,0.011939315169259987,3.232340448109387e-6,0.9630184337360782,0.3355382725820996,0.364,0.182,0.6787707463783739,0.15420348083188884,0.5826206896551724
Queen contiguity,2020,Hanshou,44998.41,0.13707136159712383,Low,0.011418981447171777,3.261015016143378e-6,0.11779592330288097,0.9062293597920072,0.804,0.402,0.8133648320656501,0.8241709967905004,0.9070769230769231
Queen contiguity,2020,Jinshi,85563.81,2.0599244543177373,High,0.014601615677929362,3.2348276882791206e-6,0.6338820679865331,0.5261577890802164,0.456,0.228,0.7731344226726599,0.7467001211892277,0.6369523809523809
Queen contiguity,2020,Li,52856.66,1.4843978449235238,High,0.011845088984462921,3.51821575966022e-6,1.425293113393179,0.15407248998764533,0.18,0.09,0.9102801294555145,1.0823661947897385,0.40615384615384614
Queen contiguity,2020,Linli,54799.84,1.535944935183851,High,0.012077230355527132,3.2530483983195606e-6,1.4142790225568125,0.15727999371785822,0.204,0.102,0.9255274432923977,0.9510295180421164,0.42567441860465116
Queen contiguity,2020,Shimen,55881.31,0.15067462332507162,High,0.011903632016378144,2.846260300326364e-6,-0.14541526128382404,0.8843830159716471,1,0.5,0.5694407780004451,0.11660353294153847,1
Queen contiguity,2020,Liuyang,105244.85,4.673322573054796,High,0.01618006633703894,2.980201818051049e-6,2.9635223262712698,0.0030413999795265772,0.02,0.01,0.8067797169346967,0.5425419030886078,0.14666666666666667
Queen contiguity,2020,Ningxiang,88100.29,3.0744135532878074,High,0.013595441296842158,2.354982122982333e-6,1.9580682502370834,0.05022200469618206,0.072,0.036,0.33609710216650396,-0.14930622766825596,0.23466666666666663
Queen contiguity,2020,Wangcheng,99736.87,5.004484808677977,High,0.01452512209607917,2.499403673404877e-6,3.755190226057943,1.732098729563475e-4,0.004,0.002,0.639116213836157,0.3857092424363757,0.05028571428571429
Queen contiguity,2020,Anren,32825.27,0.9085663705117302,Low,0.010801749817889108,2.3276089660756833e-6,1.3244907589060702,0.1853401101412069,0.208,0.104,0.5564515754590328,0.3278587799615167,0.42567441860465116
Queen contiguity,2020,Guidong,28143.54,0.16779976698803592,Low,0.009557754800762415,3.015225720887989e-6,1.2663423722082743,0.20539053307809263,0.248,0.124,0.6834845490033232,0.14903924102050814,0.47443478260869565
Queen contiguity,2020,Jiahe,42149.43,-0.7154040776463445,Low,0.011139554606959885,2.8860215915983446e-6,-0.6916536876439886,0.48915483741527577,0.556,0.278,0.6076891610136826,0.1446276689726238,0.6989714285714286
Queen contiguity,2020,Linwu,44728.37,-0.28462768463784655,Low,0.01133867208761309,3.5469748486720655e-6,-0.3079465838619579,0.7581229782311295,0.864,0.432,0.6699160626171162,0.3245250286254664,0.9160481927710844
Queen contiguity,2020,Rucheng,26668.9,-0.1896774104534408,Low,0.00946386657084037,3.3733042518858853e-6,0.792460939325503,0.428091958769888,0.376,0.188,1.0763508101909156,1.581814772402196,0.5826206896551724
Queen contiguity,2020,Yizhang,38855.12,0.5160210980379764,Low,0.010746000857800758,3.434619113342542e-6,0.9250446338968755,0.3549426908103893,0.376,0.188,0.8151336695576491,0.7782503431929526,0.5826206896551724
Queen contiguity,2020,Yongxing,58581.29,1.264557582551482,High,0.012267189178277378,2.976777309896145e-6,0.9096704390030175,0.3629963384328982,0.336,0.168,0.5866100433512957,0.5178171303912107,0.579764705882353
Queen contiguity,2020,Zixing,101688.21,1.2862607322523818,High,0.014326027598014756,2.6321165610106625e-6,-0.47553846618646073,0.6344032226609668,0.728,0.364,0.6746392535829936,0.31930559073042186,0.832
Queen contiguity,2020,Changning,44122.94,-0.4027514379117062,Low,0.011256179796887178,3.217523419349096e-6,-0.3791988156087691,0.7045402310190909,0.84,0.42,0.6367526687711474,0.07758800488580508,0.9100487804878049
Queen contiguity,2020,Hengdong,50975.21,0.7965193199173679,High,0.011693459117648393,2.6740534364005738e-6,0.683848470608599,0.494070855630606,0.48,0.24,0.5767063320433435,0.3307024783948358,0.6599999999999999
Queen contiguity,2020,Hengnan,44000.4,-0.5514909050308252,Low,0.011230043472021492,2.605833784980553e-6,-0.49915224217362886,0.6176721361841447,0.696,0.348,0.7177565757172861,0.7247467048760208,0.8151578947368421
Queen contiguity,2020,Hengshan,51263.33,0.2859285513190598,High,0.011807156518575258,2.996171213682879e-6,0.06681747900095805,0.946727008275141,0.832,0.416,0.7174640373829568,0.4666302367574291,0.9100487804878049
Queen contiguity,2020,Leiyang,34563.84,-0.38781802758880957,Low,0.01070158995134267,2.9548114951818465e-6,-0.05607575288516225,0.9552814599322365,0.932,0.466,0.6708634075630524,0.3226020987353575,0.9536744186046513
Queen contiguity,2020,Qidong,39532.38,-0.7224821824044684,Low,0.011015506872696777,2.3632855090141558e-6,-0.5740422061315845,0.5659392407910115,0.628,0.314,0.4870526492039209,-0.13910961468716554,0.7675555555555557
Queen contiguity,2020,Chenxi,28878.67,-1.687090649318176,Low,0.010209150213118733,2.6423432566166907e-6,-1.3194974176231102,0.18700287288238326,0.152,0.076,0.5045471134867919,-0.06828972386523136,0.3922285714285714
Queen contiguity,2020,Zhongfang,53078.04,-1.156901323022999,High,0.011892796929998598,3.1231367855716877e-6,-1.579672484889183,0.11418188998853923,0.048,0.024,0.6260885870760956,0.2182439876051605,0.21120000000000003
Queen contiguity,2020,Huitong,30976.92,-1.4058824263195207,Low,0.01014919199008097,2.712645155619966e-6,-1.076826321680261,0.28155786375979813,0.276,0.138,0.5766071309723015,0.4095522240110223,0.5167659574468085
Queen contiguity,2020,Jingzhou,37487.94,-1.322314966673845,Low,0.010587059719639235,3.436631869111175e-6,-1.2518800975874305,0.2106135579236384,0.156,0.078,0.8517659062246168,0.6334220053232085,0.3922285714285714
Queen contiguity,2020,Mayang,29171.01,-1.676065774211685,Low,0.010312672067960833,3.144860866880468e-6,-1.2557079614211701,0.2092218716419,0.168,0.084,0.6534346526489875,0.2902127132887742,0.40615384615384614
Queen contiguity,2020,Tongdao,27748.29,-1.6563583939636013,Low,0.009641952373669596,3.7111693997572536e-6,-1.1202509400915095,0.2626068419300179,0.208,0.104,0.8192580009256638,0.3428642441451335,0.42567441860465116
Queen contiguity,2020,Xinhuang,32327.93,-1.0728221378315208,Low,0.009087310582877369,3.1700138880262175e-6,-0.5654219784224258,0.5717867788520498,0.68,0.34,1.5828399742047776,2.8309526633332105,0.8086486486486487
Queen contiguity,2020,Xupu,24327.69,-2.3714406879269845,Low,0.01037587699293033,2.4876791405465193e-6,-1.7878734805604006,0.07379642233369207,0.036,0.018,0.5074112993888275,0.11997317066799562,0.16673684210526316
Queen contiguity,2020,Yuanling,34614.24,-2.2757355155598518,Low,0.010922676150527522,2.353409496983528e-6,-2.0944331755551877,0.03622141004077489,0.004,0.002,0.495500512655577,-0.016380621134429063,0.05028571428571429
Queen contiguity,2020,Zhijiang,33926.61,-1.319517871586862,Low,0.010595879091069281,2.7107394299049483e-6,-1.101025635312305,0.2708855001862549,0.228,0.114,0.5689674668060404,0.35738044441850114,0.456
Queen contiguity,2020,Lengshuijiang,72335.86,-0.016475858549860327,High,0.013954064415667966,3.4870631284639315e-6,-1.4078748324350152,0.15916813666072482,0.052,0.026,1.010083419988663,1.1814211849656333,0.2179047619047619
Queen contiguity,2020,Shuangfeng,38528.83,0.42314694236694456,Low,0.010917285111222117,2.5021849423195455e-6,0.7685030933128346,0.44218835362759296,0.38,0.19,0.8703723324215956,1.1719577050039014,0.5826206896551724
Queen contiguity,2020,Xinhua,23998.17,-1.859769021334274,Low,0.010064113921663552,3.2050866941083324e-6,-1.1627121971924954,0.2449462912071867,0.18,0.09,1.01065104264759,1.6987972100384452,0.40615384615384614
Queen contiguity,2020,Chengbu,24806.93,-2.244324013803791,Low,0.00969963142803075,3.1048888735343904e-6,-1.7626797529371034,0.07795451749037306,0.024,0.012,0.6069956354217219,0.053240210604165394,0.16246153846153846
Queen contiguity,2020,Dongan,38903.75,-1.3920236247276803,Low,0.01078923785928434,3.085947839112024e-6,-1.3571776865216651,0.17472475886893227,0.112,0.056,0.6284097474421946,0.28391088435383915,0.32853333333333334
Queen contiguity,2020,Dongkou,28000,-2.20416961432356,Low,0.010057112577860192,3.150695669425243e-6,-1.6924154607501343,0.09056678653294913,0.032,0.016,0.7294462584173746,0.61701547744368,0.16564705882352943
Queen contiguity,2020,Longhui,22952.22,-2.8880649785507986,Low,0.009888668342582207,2.8081731603411414e-6,-2.2530621801436737,0.02425522866112744,0.004,0.002,0.5468351583711053,0.2905738432648466,0.05028571428571429
Queen contiguity,2020,Shaodong,59433.18,-0.7998082227949295,High,0.012127284400989738,2.7121609075287013e-6,-1.3466294851909553,0.17809959303444464,0.136,0.068,0.6180851813862606,0.3734643725194875,0.374
Queen contiguity,2020,Suining,34378.93,-2.1657209533273853,Low,0.01081807408294291,2.660932432655062e-6,-1.9269486996111156,0.05398602349971624,0.02,0.01,0.4812239294336456,-0.11082532491620167,0.14666666666666667
Queen contiguity,2020,Wugang,26499.3,-2.710220003560283,Low,0.010161146716503647,2.631518412901216e-6,-2.296113527568441,0.021669391028794383,0.004,0.002,0.63568054960332665,0.15960374325981963,0.05028571428571429
Queen contiguity,2020,Xinning,22643.65,-2.278482086652637,Low,0.009405017080980727,3.3353984530914885e-6,-1.5791140964751484,0.1143098889161921,0.028,0.014,1.040514390717744,1.3438419286014485,0.16564705882352943
Queen contiguity,2020,Xinshao,26531.96,-1.3394533104101942,Low,0.010057337838252833,3.2103512275687432e-6,-0.6300307818520823,0.5286744449088161,0.604,0.302,0.8413521175368092,0.8637766303733501,0.7486197183098591
Queen contiguity,2020,Shaoshan,93706.42,3.697613023855059,High,0.01592624533315655,3.153815954630197e-6,2.307853674183092,0.02100727641789977,0.068,0.034,1.012522902149122,1.560614097655935,0.23466666666666663
Queen contiguity,2020,Xiangxiang,68526.22,2.3729834297840293,High,0.012731427573232887,2.6876397346296096e-6,1.996425991358736,0.045887574035695676,0.096,0.048,0.7435005466208153,0.43381734392496885,0.3017142857142857
Queen contiguity,2020,Baojing,31410.56,-2.0216170033950265,Low,0.010344159597003784,3.268507322847973e-6,-1.622936033437628,0.10460307969257178,0.036,0.018,0.718547694952615,0.618891248217162,0.16673684210526316
Queen contiguity,2020,Fenghuang,25336.74,-1.7216862350792048,Low,0.009677104299810895,3.338334528607498e-6,-1.0796552805277848,0.28029571474610926,0.244,0.122,0.7919351240405443,0.4515492852149787,0.47443478260869565
Queen contiguity,2020,Guzhang,28687.74,-1.8048008065055672,Low,0.010249928501638833,2.755388542210877e-6,-1.4553929060334152,0.14556051920752847,0.108,0.054,0.5369225618833394,0.07087377712788712,0.32772413793103444
Queen contiguity,2020,Huayuan,30024.62,-1.4016406328595594,Low,0.009693061567240103,3.3608254667184033e-6,-0.8796185333903304,0.37906599535972113,0.412,0.206,0.8367530603318665,1.0481229676352992,0.6042666666666666
Queen contiguity,2020,Jishou,47505.4,-1.48012024645793,High,0.011354456269750252,2.8633200626503133e-6,-1.7051976311604427,0.0881575716759181,0.032,0.016,0.7057602845282962,0.5184877145955635,0.16564705882352943
Queen contiguity,2020,Longshan,20409.02,-2.32098002071647,Low,0.008872689791898307,3.6925771236112517e-6,-1.5328897254496514,0.12530302785586656,0.032,0.016,0.8311588105920915,0.5946053840130272,0.16564705882352943
Queen contiguity,2020,Luxi,30612.48,-1.9320902244856106,Low,0.010416067707263365,2.7855532636676805e-6,-1.5368568153652935,0.12432837667430126,0.072,0.036,0.8380780328849669,1.307216150242029,0.23466666666666663
Queen contiguity,2020,Yongshun,21489.66,-2.4893479045989158,Low,0.009619448865478393,2.693158938356056e-6,-1.903690741193753,0.056950472984027174,0.012,0.006,0.6665497547563375,0.810271062631708,0.11733333333333335
Queen contiguity,2020,Anhua,30480.21,-0.8838150046516707,Low,0.010422094825076304,2.4152130136843525e-6,-0.36282200142174315,0.7167378554552625,0.828,0.414,0.6810932598886551,0.46776105427671943,0.9100487804878049
Queen contiguity,2020,Nan,48137.23,0.8854498384241549,High,0.01138734621944141,2.510514539382602e-6,1.001006989397356,0.3168234293197542,0.328,0.164,0.5669332718081548,0.5352637055191782,0.57728
Queen contiguity,2020,Yuanjiang,46953.47,0.48218034556226597,High,0.011343745686189566,2.6268982748264955e-6,0.5940808774390012,0.5524580201502105,0.536,0.268,0.6098286202543398,0.007988729457880428,0.6937971014492753
Queen contiguity,2020,Jianghua,30996.53,-1.3796880205335211,Low,0.010099471928911115,3.1292021930379054e-6,-0.943015723994793,0.34567286022499605,0.384,0.192,0.6730460924330963,0.3445895882071821,0.5826206896551724
Queen contiguity,2020,Lanshan,38814.37,-0.9233676609555493,Low,0.010739403488959664,3.5063235043720545e-6,-0.7146764928094268,0.47480896644656395,0.524,0.262,0.7231773642061025,0.4158950512878774,0.6937971014492753
Queen contiguity,2020,Ningyuan,33883.14,-1.2836382487994198,Low,0.010754870525834634,2.501486739303467e-6,-0.9974997366567253,0.31852200156231086,0.288,0.144,0.8420815459741513,1.2119255514835796,0.524408163265306
Queen contiguity,2020,Shuangpai,49903.17,-0.41597249275883524,High,0.011694061161003489,3.296598587267659e-6,-0.7186282771592785,0.47236998570917665,0.54,0.27,0.7960425240652347,0.5132807957617498,0.6937971014492753
Queen contiguity,2020,Xintian,28695.97,-0.9473491013869729,Low,0.00990396254562269,2.79130993590918e-6,-0.331457136971058,0.7402992125131354,0.848,0.424,0.8275694131135336,0.8770294221343189,0.9100487804878049
Queen contiguity,2020,Huarong,63966.45,1.3017110504452838,High,0.013483119603402335,3.308453564311181e-6,0.7201844892230567,0.4714114126233294,0.396,0.198,1.0550956962950981,1.3563316889606396,0.5906440677966102
Queen contiguity,2020,Linxiang,70845.89,1.8111785769389177,High,0.015292441371789324,2.7768546868972046e-6,0.9684017934050476,0.33284374415793283,0.292,0.154,1.5640850290263384,2.9082788664214823,0.524408163265306
Queen contiguity,2020,Miluo,81856.24,4.161820789545915,High,0.013768010393148912,3.1298552254821134e-6,3.241525180050076,0.0011889193041417958,0.02,0.01,0.8136509840809835,0.882990315751333,0.14666666666666667
Queen contiguity,2020,Pingjiang,34746.77,3.4381456244852577,Low,0.01044927966745544,3.142656180354142e-6,4.637762898493008,3.5220047780621325e-6,0.004,0.002,0.710342494952663,0.6201277854381213,0.05028571428571429
Queen contiguity,2020,Xiangyin,58005.32,2.2696507328990947,High,0.012108409131030215,2.836366065632036e-6,2.1933185659762624,0.02828443490835013,0.056,0.028,0.7292744535340321,0.822686090198018,0.224
Queen contiguity,2020,Cili,32633.23,-0.631842286814325,Low,0.009974708369595096,3.3564824250540048e-6,-0.04970937578497708,0.960353984902209,0.9,0.45,0.8081505167018039,0.5040516453428276,0.931764705882353
Queen contiguity,2020,Chaling,45190.05,0.2716772358083157,Low,0.011323824791094506,3.6450586798634457e-6,0.35416659374587695,0.723214037439629,0.644,0.322,0.7842503711886947,0.446346465201358,0.7763287671232877
Queen contiguity,2020,Liling,82722.1,3.4280300988574948,High,0.015042234518064072,3.537436790262096e-6,2.313403188568665,0.02070048194743273,0.064,0.032,0.9026580787357458,0.7869042089866749,0.23466666666666663
Queen contiguity,2020,Yanling,54406.21,0.9297360989484319,High,0.01196579780790142,2.986911587823338e-6,0.7036415463180665,0.4816560312076824,0.436,0.218,0.6850703448874941,0.19879294166223271,0.6289836065573771
Queen contiguity,2020,You,66386.24,1.4056783550099705,High,0.012589935253446545,3.0302383903985565e-6,0.8747469547472527,0.38171160539900195,0.356,0.178,0.8561640723482219,1.0462837188715373,0.5826206896551724
Queen contiguity,2020,Zhuzhou,57251.6,4.187527709515836,High,0.012055296533190795,2.547085665087274e-6,4.336796373494659,1.4457444436356756e-5,0.004,0.002,0.5095400670771209,0.027072213470589634,0.05028571428571429
Queen contiguity,2020,Sangzhi,26797.88,-1.6577797823627307,Low,0.010207606840563358,2.3525429667990427e-6,-1.2112709965025628,0.2257915606795279,0.204,0.102,0.6623578015828628,0.4408347663821437,0.42567441860465116
Queen contiguity,2020,Yueyang,64561.71,1.8884997612180003,High,0.012376847543701653,2.546154954854405e-6,1.380907564826694,0.16730738368333026,0.172,0.086,0.6077254650098067,0.6163337567891509,0.40615384615384614
Queen contiguity,2020,Qiyang,41483.73,-0.7164268599124322,Low,0.011231030935613224,2.623981400690583e-6,-0.6714634533365625,0.5019253338837791,0.544,0.272,0.5767440092687274,0.20192145460489908,0.6937971014492753
Queen contiguity,2020,Taojiang,40715.53,1.3926827563629152,Low,0.010987003800304953,2.4891669621782615e-6,1.742265282174035,0.08146203543538778,0.12,0.06,0.449498834434844,0.2204596793522282,0.3406451612903226
Queen contiguity,2020,Shaoyang,23615.38,-2.1202714662512805,Low,0.010341400249348246,2.6163990432349463e-6,-1.600726532932566,0.10943750177770793,0.064,0.032,0.502742687193835,0.07264364368959875,0.23466666666666663
Queen contiguity,2020,Lianyuan,35071.97,0.24445341755499772,Low,0.010839093618152284,2.5451670191740887e-6,0.574820822096973,0.5654124830288931,0.488,0.244,0.5859550014767317,0.7089453672634014,0.660676923076923
Queen contiguity,2020,Hongjiang,36616.63,-1.5516284081069516,Low,0.010676721648283576,2.6853459705516264e-6,-1.3022358173411102,0.19283578463660053,0.156,0.078,0.6968787217616543,0.6959070893185002,0.3922285714285714
Queen contiguity,2020,Hengyang,40241.52,-0.18395340044857103,Low,0.010972224628368905,3.090998896672642e-6,0.018009189117954336,0.9856315227445791,0.876,0.438,0.7822261003001497,0.7419326815247165,0.9177142857142858
Queen contiguity,2020,Guiyang,53234.34,0.4851265418260486,High,0.011631403833598307,2.2661510595826443e-6,0.31230873185090663,0.7548059046500472,0.704,0.352,0.5471558555494337,0.11368031320890504,0.8151578947368421
Queen contiguity,2020,Changsha,134409.31,5.76691556641955,High,0.016684302413284842,2.3882019938016144e-6,3.3413789912709166,8.336334609995772e-4,0.008,0.004,0.5425134965146282,0.431013853783341,0.088
Queen contiguity,2020,Taoyuan,53019.83,0.167105606850429,High,0.01170317106665063,2.1274301307841733e-6,-0.07458051391721032,0.9405484785783658,0.992,0.496,0.4287120414268612,0.27430776084687336,1
Queen contiguity,2020,Xiangtan,63127.09,4.415285952341917,High,0.011927057818830087,2.133622588958343e-6,4.2120534080448975,2.5305968931353326e-5,0.004,0.002,0.5085201506020697,0.108077191421319,0.05028571428571429
Queen contiguity,2020,Dao,36073.6,-1.0679547490402814,Low,0.010507309832606572,3.316755456540784e-6,-0.7761101154893936,0.43768397154056904,0.456,0.228,0.8762904311724959,0.8633451439047772,0.6369523809523809
Queen contiguity,2020,Jiangyong,34958.17,-1.1167934182907577,Low,0.010008747743903004,3.1298586278560274e-6,-0.8972562197814499,0.3695822120929693,0.364,0.182,0.8728927936362333,0.5960775583506672,0.5826206896551724
Queen contiguity,2021,Anxiang,56557.5,1.1877122382650822,High,0.011791120142847129,2.9416107969985207e-6,1.095241894132411,0.27341067624866494,0.276,0.138,0.5814415746494745,0.3193723127482806,0.506
Queen contiguity,2021,Hanshou,51498.49,0.21595061468111362,High,0.011524092812153587,3.342609586303691e-6,0.1415605027709415,0.8874271668887123,0.796,0.398,0.8098179437546819,0.898306797316546,0.8756000000000002
Queen contiguity,2021,Jinshi,91429.24,1.9846151193058876,High,0.01429476655418795,2.9227735816278653e-6,0.7348708912218666,0.4624181277051155,0.408,0.204,0.7448213960051097,0.7078343927027975,0.5983999999999999
Queen contiguity,2021,Li,58025.99,1.461741155578509,High,0.011897667658995699,3.1803907731572398e-6,1.4299909039900425,0.15271962972809822,0.208,0.104,0.7338745806076076,0.28405034081678915,0.43022222222222223
Queen contiguity,2021,Linli,59191.87,1.4986281122659344,High,0.011985842452740335,2.986984107893737e-6,1.469575241858673,0.14167682975078147,0.192,0.096,0.7799619607131609,0.8139518762977729,0.42240000000000005
Queen contiguity,2021,Shimen,61489.87,0.11206628832430149,High,0.011999311650675578,2.9513183415941597e-6,-0.24337184213386298,0.8077173548648899,0.952,0.476,0.6742904653142429,0.19377521121096963,0.952
Queen contiguity,2021,Liuyang,112990.98,4.677522253723574,High,0.015966638270630804,2.9962434800480106e-6,3.0424746318667,0.002346415940950115,0.02,0.01,0.9724609436350841,1.3030460648907418,0.13538461538461538
Queen contiguity,2021,Ningxiang,92094.64,3.0126131925402784,High,0.013251920256490439,2.1945820437958932e-6,2.1641281649551187,0.03045451447585093,0.052,0.026,0.4027280345216818,-0.005884752181927411,0.2288
Queen contiguity,2021,Wangcheng,109828.34,4.974135385635895,High,0.01461873151782809,2.6833532140183233e-06,3.493415577800333,4.768837412136217e-4,0.012,0.006,0.6961299042926744,0.4196688493927727,0.11733333333333335
Queen contiguity,2021,Anren,35381.33,0.9784852276156291,Low,0.01076046750577697,2.221224159362626e-6,1.4512346787084645,0.14671452342032532,0.164,0.082,0.5341400923119538,0.28915881947290867,0.3983157894736842
Queen contiguity,2021,Guidong,31444.43,0.26163904823103373,Low,0.009671038044122508,3.5807191437241733e-6,1.216002130726743,0.22398411033710777,0.252,0.126,0.7309420805810245,0.4211150985815926,0.48208695652173916
Queen contiguity,2021,Jiahe,45982.28,-0.7735138544241735,Low,0.011096468876947005,3.143681104848139e-6,-0.6963237871689035,0.48622607961126907,0.512,0.256,0.7710307135473604,0.7722681806478531,0.6724776119402985
Queen contiguity,2021,Linwu,50764.49,-0.21087376781762437,High,0.01135445875985673,3.319107583726838e-6,-0.23918613189526186,0.810961255758589,0.896,0.448,0.8333993262717927,0.6965229198546234,0.9276235294117648
Queen contiguity,2021,Rucheng,29078.93,-0.14698706835908731,Low,0.009461878268426151,3.4155238716078034e-6,0.8440788636503876,0.39862533787355436,0.384,0.192,0.7965446989335744,0.25816358041042164,0.5886896551724138
Queen contiguity,2021,Yizhang,42720.2,0.5923168964226895,Low,0.010950205720218428,3.516258207981082e-6,0.8869603049657313,0.37510027218819414,0.384,0.192,0.7225563650651714,0.2727187650804752,0.5886896551724138
Queen contiguity,2021,Yongxing,64680.42,1.3378232495174034,High,0.012297631785121796,2.6983309989202772e-6,1.012621378253214,0.3112410445015889,0.316,0.158,0.557211343668751,0.15391668728790497,0.55616
Queen contiguity,2021,Zixing,112253.71,1.3872689952782797,High,0.01429114813494047,1.9872745918540424e-6,-0.41262209569768615,0.6798835100622604,0.756,0.378,0.5164131447853743,0.26154745979366467,0.842126582278481
Queen contiguity,2021,Changning,50831.75,-0.2999871501590031,High,0.011455688176232135,2.9853561918947995e-6,-0.3903638110964539,0.6962675439500513,0.748,0.374,0.7509536111084961,0.6639087304888425,0.842126582278481
Queen contiguity,2021,Hengdong,56094.09,0.8503319172970613,High,0.011732135362456804,3.056887400836834e-6,0.6670313717700064,0.5047520947874629,0.48,0.24,0.647804506446076,0.5379572730117466,0.6599999999999999
Queen contiguity,2021,Hengnan,48598.98,-0.49056302830277126,Low,0.011208310937732677,2.2322912167921716e-6,-0.4512484720578498,0.6518104779609575,0.72,0.36,0.47689488799200463,0.07714813761108452,0.842126582278481
Queen contiguity,2021,Hengshan,55985.48,0.30281849008891415,High,0.01170726737856824,2.7631946983336722e-6,0.14696146075448596,0.8831624398270039,0.812,0.406,0.6079256300490096,0.44824151470542883,0.8757073170731707
Queen contiguity,2021,Leiyang,36945.49,-0.35326347206286046,Low,0.010442819286797097,3.0490457258182797e-6,0.1345558952709513,0.8929630148573202,0.816,0.408,0.6050670275379849,0.2724077194035206,0.8757073170731707
Queen contiguity,2021,Qidong,43733.1,-0.6063511992537274,Low,0.011034630627472437,2.5198103443867318e-6,-0.43865574409441166,0.6609109989232359,0.748,0.374,0.470461860283998,-0.08664076658799225,0.842126582278481
Queen contiguity,2021,Chenxi,33211.21,-1.6560423598543126,Low,0.010405287211361953,3.239113222470601e-6,-1.2539838248558328,0.2098478847266799,0.148,0.074,0.7200631638891823,0.4495835367950227,0.3830588235294118
Queen contiguity,2021,Zhongfang,55189.81,-1.2123512712570754,High,0.011693445149897029,2.934816649881825e-6,-1.56648434434821,0.11723527088095156,0.06,0.03,0.7717667454369058,0.829623366324336,0.22956521739130434
Queen contiguity,2021,Huitong,34465.96,-1.432605946899497,Low,0.01031645070405794,3.573005414623696e-6,-1.0451411123374454,0.29595775522688333,0.272,0.136,0.8535653489700138,1.235037248377373,0.506
Queen contiguity,2021,Jingzhou,39509.88,-1.3754932687252903,Low,0.010142920106354147,3.0210651583537678e-6,-1.137931445137456,0.2551491096118419,0.212,0.106,0.7826440652338909,0.431421394110445,0.43022222222222223
Queen contiguity,2021,Mayang,33604.97,-1.6640839530767002,Low,0.010298135183569637,2.6298516643939923e-6,-1.3352328448726454,0.18180015013050596,0.16,0.08,0.4786881549848099,-0.09688077719091126,0.3983157894736842
Queen contiguity,2021,Tongdao,30252.86,-1.6967332757005607,Low,0.009684843456302666,3.6746032777581668e-6,-1.182518168137057,0.2370001609615321,0.172,0.086,0.9906965249027595,1.4233303614604207,0.3983157894736842
Queen contiguity,2021,Xinhuang,36768.8,-1.0122632071606343,Low,0.009342942400110361,3.181796873609232e-6,-0.5912241607454565,0.5543702363408867,0.64,0.316,1.3521081356007105,1.6711677773444489,0.7610810810810812
Queen contiguity,2021,Xupu,26490.79,-2.3972660157482246,Low,0.010335026214675472,2.208335406887798e-6,-1.8792563677438652,0.060209496297035106,0.028,0.014,0.45570805611514215,0.1415955642875395,0.154
Queen contiguity,2021,Yuanling,38385.63,-2.274423133415299,Low,0.010851293907368522,2.372071887619492e-6,-2.0213038829212473,0.043248317464645164,0.012,0.006,0.5132904551063346,0.2358588252996734,0.11733333333333335
Queen contiguity,2021,Zhijiang,36814.16,-1.3258035068828162,Low,0.01053820901350378,2.7298577671523623e-6,-1.058343000747484,0.2898990954163536,0.304,0.152,0.3792241717017709,-0.28350970911647977,0.5459591836734694
Queen contiguity,2021,Lengshuijiang,78220.18,-0.04028741963056437,High,0.01386767965569922,3.832896979101677e-6,-1.3268752061910267,0.18454996727548453,0.076,0.038,0.9720255573038274,0.9255269329377098,0.24770370370370368
Queen contiguity,2021,Shuangfeng,40536.86,0.44092552368971877,Low,0.010883355221246662,3.0404180059958657e-6,0.7318385853658803,0.4642670949234943,0.396,0.198,0.7365729531410098,0.8719338053163161,0.5906440677966102
Queen contiguity,2021,Xinhua,26067.63,-1.873362892423846,Low,0.010075816860641606,2.9412167928746782e-6,-1.2206118392434444,0.22223302156875724,0.172,0.086,0.7989458660170002,0.8624541505841665,0.3983157894736842
Queen contiguity,2021,Chengbu,27146.64,-2.2499398030608564,Low,0.009588628653030186,2.80643143416123e-6,-1.774248459035897,0.07602206181192812,0.028,0.014,0.6489463949472043,0.4009762294815231,0.154
Queen contiguity,2021,Dongan,42636.79,-1.3648016377056074,Low,0.010887623195317135,3.4144333815998735e-6,-1.300817442498669,0.19332095007329428,0.12,0.06,0.7424220883392989,0.36715078570596926,0.3406451612903226
Queen contiguity,2021,Dongkou,30503.87,-2.2210840297367604,Low,0.010331857613874902,3.5900443776488377e-6,-1.7313511576741814,0.08338915230358067,0.036,0.018,0.6922870875624088,0.44897505860167675,0.16673684210526316
Queen contiguity,2021,Longhui,25459.21,-2.88285796631015,Low,0.010099691365117491,2.7803488757839483e-6,-2.3624404520891864,0.018155057860795167,0.004,0.002,0.7331676220831773,0.7138735584705072,0.0704
Queen contiguity,2021,Shaodong,66843.24,-0.733826262739056,High,0.012242084279875765,2.620604314074409e-6,-1.3608021849097254,0.1735762112648145,0.132,0.066,0.6284570723602099,0.6641516789303759,0.3626666666666667
Queen contiguity,2021,Suining,37445.34,-2.1980990911395097,Low,0.010759363383380936,2.5995391155489345e-6,-1.9305576755512488,0.05353777622518508,0.02,0.01,0.5223164924032454,0.07832134386949319,0.13538461538461538
Queen contiguity,2021,Wugang,29255.79,-2.701935924092113,Low,0.010201500539574457,2.6592874083583108e-6,-2.2778062841969944,0.022738121755766134,0.004,0.002,0.32070456630560557,-0.21137497815672202,0.0704
Queen contiguity,2021,Xinning,24933.77,-2.2669958912855885,Low,0.00947793332787157,3.37214843497026e-6,-1.5779126264629075,0.11458568385580874,0.036,0.018,0.6267638340800363,0.04678405614783365,0.16673684210526316
Queen contiguity,2021,Xinshao,29170.36,-1.3078389356117754,Low,0.010285651859383831,2.715438930189231e-6,-0.7782749865085272,0.43640691835683254,0.448,0.224,0.4923053671927982,0.3995937273871695,0.6313650793650794
Queen contiguity,2021,Shaoshan,102405.23,3.6736241769434943,High,0.01596425666322685,3.3462461426686323e-6,2.154976366160878,0.031163683692417565,0.072,0.036,1.021547558608788,1.20700782385061,0.24369230769230768
Queen contiguity,2021,Xiangxiang,75317.08,2.330278011498574,High,0.012775740377233077,2.787145510027662e-6,1.864141915759409,0.062301777607943955,0.104,0.052,0.7793403400299529,0.6165859378016099,0.3155862068965517
Queen contiguity,2021,Baojing,34373.07,-2.0145172307078383,Low,0.010318335204357789,2.6824532818155373e-6,-1.7498202227900246,0.08014933999912618,0.016,0.008,0.7780214316851622,0.6066833545787222,0.128
Queen contiguity,2021,Fenghuang,27183.47,-1.7058162554585459,Low,0.009710662574851802,3.028475015432695e-6,-1.1183693784314077,0.26340926697569506,0.216,0.108,0.7349447409854273,0.9352777875168772,0.43022222222222223
Queen contiguity,2021,Guzhang,31346.95,-1.8182904519437963,Low,0.010252818279714427,2.850663993071657e-6,-1.4329608874181963,0.1518690151978826,0.096,0.048,0.7224093149580357,0.4652321671175277,0.3017142857142857
Queen contiguity,2021,Huayuan,34107.49,-1.3713567295683426,Low,0.009834530334216418,3.3182894749602514e-6,-0.9111978941434431,0.36219111341191146,0.34,0.17,0.9433230428559124,1.0148736313562958,0.5645283018867925
Queen contiguity,2021,Jishou,51625.85,-1.4874436258088577,High,0.011459449186488162,3.207630691711801e-6,-1.665947742637903,0.09572382326987137,0.032,0.016,0.6593146878413707,0.41866548226232014,0.16564705882352943
Queen contiguity,2021,Longshan,22463.74,-2.350749863837706,Low,0.00887585770787941,3.45182354392097e-6,-1.6032367131745306,0.10888240285477585,0.028,0.014,0.8348417833565311,0.7235806053893992,0.154
Queen contiguity,2021,Luxi,33047.17,-1.9039376259606198,Low,0.010534979807682789,2.5041209007292914e-6,-1.647891995583723,0.09937483625669381,0.06,0.03,0.35316986125593763,-0.24797697403290364,0.22956521739130434
Queen contiguity,2021,Yongshun,23229.15,-2.5145860172643917,Low,0.009648660060740662,2.9658001533469486e-6,-1.8390384787533438,0.0659095266640972,0.016,0.008,0.6832582594496814,0.09931683249711964,0.128
Queen contiguity,2021,Anhua,33532.19,-0.9435813285661483,Low,0.010490999748486173,2.4519617289102712e-6,-0.46168117981341195,0.6443099693268886,0.728,0.364,0.5437285598249203,0.10848953013909268,0.842126582278481
Queen contiguity,2021,Nan,53129.49,0.938175990027907,High,0.011595293366140963,2.931814856076921e-6,0.8536251727769429,0.39331270623633185,0.34,0.17,0.77332274782202,0.6993811913464762,0.5645283018867925
Queen contiguity,2021,Yuanjiang,51714.27,0.5179945671266005,High,0.011394118277303507,3.221818088417052e-6,0.5433077328271999,0.5869179409785263,0.544,0.272,0.7897518710229342,0.938691004911834,0.7040000000000001
Queen contiguity,2021,Jianghua,32449.03,-1.4129776249352501,Low,0.010025205636510374,3.4552780672583132e-6,-0.8838354827091558,0.37678502903346633,0.388,0.194,0.8453344572004844,0.6685685403185966,0.5886896551724138
Queen contiguity,2021,Lanshan,42179.1,-0.917210362983433,Low,0.01076292954988062,3.2495843972221977e-6,-0.7403378442390679,0.4590950233129869,0.488,0.244,0.5943433354323091,0.17965505345719812,0.660676923076923
Queen contiguity,2021,Ningyuan,37505.95,-1.3747395404102272,Low,0.010884487491846622,2.4495853282710043e-6,-1.1791462061446518,0.23833996220292275,0.22,0.11,0.6021696491080905,0.6823161125106543,0.43022222222222223
Queen contiguity,2021,Shuangpai,53948.38,-0.40528055764369536,High,0.011554637462095164,2.979631383848065e-6,-0.6566262521784061,0.5114212645410778,0.6,0.3,0.6529755788220726,0.2351906763035223,0.7333333333333334
Queen contiguity,2021,Xintian,25621.89,-1.1367994228246943,Low,0.009524188072727226,3.1108596639052343e-6,-0.31702792391734347,0.7512224140777546,0.852,0.426,0.7079833827976291,0.7606413355291028,0.8925714285714286
Queen contiguity,2021,Huarong,71324.08,1.3527190742593147,High,0.013742380441349846,3.5635814130820803e-6,0.614112845845711,0.5391407601572611,0.496,0.248,1.1185565037237495,1.5424389605310012,0.6613333333333333
Queen contiguity,2021,Linxiang,71581.61,1.4988190942689703,High,0.014542939530858627,2.7168447445316547e-6,0.8336956001018404,0.40445253815154003,0.332,0.172,1.4283160411538374,2.434740414333911,0.5645283018867925
Queen contiguity,2021,Miluo,89186.75,4.139506502636401,High,0.01377134143064544,2.584382581015041e-6,3.501588557932734,4.6249323873273797e-4,0.012,0.006,0.5937249455314676,0.3756749639491912,0.11733333333333335
Queen contiguity,2021,Pingjiang,38165.79,3.3636225186169546,Low,0.010532103467727044,3.451848179227802e-6,4.267508844338529,1.976679367100629e-5,0.004,0.002,0.6309126479312042,0.002841258009640857,0.0704
Queen contiguity,2021,Xiangyin,63264.98,2.274399027276819,High,0.012201538339644859,2.7637472526298823e-6,2.152152395719651,0.03138535356536169,0.06,0.03,0.6299588130641778,0.33976365842086365,0.22956521739130434
Queen contiguity,2021,Cili,33792.95,-0.7226807245226549,Low,0.00984053351356302,3.6790047427836316e-6,-0.08207327510244988,0.9345884447888775,0.916,0.458,0.9660873040287057,0.854625989624139,0.9373023255813955
Queen contiguity,2021,Chaling,50017.34,0.3380742300088827,Low,0.011411718566626424,3.581132490230327e-6,0.39002429720612763,0.6965185803136582,0.628,0.314,0.7894253983437164,0.30971169969386914,0.7570410958904109
Queen contiguity,2021,Liling,93399.58,3.5642741974812924,High,0.015170270338746357,3.6790201051632205e-6,2.336583338634188,0.01946085963043214,0.072,0.036,0.8293163652200279,0.30274536012889675,0.24369230769230768
Queen contiguity,2021,Yanling,61440.26,1.0550000030544648,High,0.01198481020967836,2.8991973099356656e-6,0.8381448905775397,0.401949333653216,0.38,0.19,0.7737561025465424,0.4221468398829753,0.5886896551724138
Queen contiguity,2021,You,72749.63,1.5072158138073526,High,0.012795208531351663,3.054226223204157e-6,0.8552656804655346,0.3924040824222027,0.368,0.184,0.651242349575612,0.2518589745500952,0.5886896551724138
Queen contiguity,2021,Zhuzhou,63541.62,4.255139137807198,High,0.01204607347849663,2.5427902426678325e-6,4.388219781104622,1.1428225775116203e-5,0.004,0.002,0.4095938245856567,0.0924293225413293,0.0704
Queen contiguity,2021,Sangzhi,28329.9,-1.71616059752308,Low,0.010132834683519385,2.6986149365502058e-6,-1.136289609795356,0.25583537780987003,0.192,0.096,0.770025193419185,0.4346519912480016,0.42240000000000005
Queen contiguity,2021,Yueyang,68758.67,1.8062222403182702,High,0.012280640268629545,2.5327753153693784e-6,1.342954018224229,0.17928686340380737,0.2,0.1,0.7525147553056508,0.9034257992382595,0.4292682926829269
Queen contiguity,2021,Qiyang,45655.76,-0.73977760079325094,Low,0.011055710673662926,2.479992492056366e-6,-0.59881843418221,0.5492939681121207,0.576,0.288,0.6339507636147844,0.57142692701921,0.7333333333333334
Queen contiguity,2021,Taojiang,44188.01,1.3900138321123658,Low,0.011068287942067438,2.5193803085080958e-6,1.6669182250380516,0.0955306664224314,0.136,0.068,0.7602920981002548,0.6935454420652905,0.3626666666666667
Queen contiguity,2021,Shaoyang,26315.99,-2.0613351788435295,Low,0.010246539898353049,2.622402608489149e-6,-1.4626351784796998,0.1435672319635216,0.064,0.032,0.7846386276742124,0.4872562250991246,0.23466666666666666
Queen contiguity,2021,Lianyuan,38403.67,0.2016845275881106,Low,0.010916281942950282,2.4687459785333956e-6,0.4893267991590075,0.6246103509484722,0.592,0.296,0.5045039186279121,0.11225103945365511,0.7333333333333334
Queen contiguity,2021,Hongjiang,39401.34,-1.6189799670822462,Low,0.010834704274030863,2.7980741763352326e-6,-1.4306471308430055,0.1525313725565295,0.108,0.054,0.6751482273128626,0.4807669265239034,0.31679999999999997
Queen contiguity,2021,Hengyang,44587.12,-0.1351791710655475,Low,0.010967213832979892,2.875938913302486e-6,0.07899934146351854,0.9370331468637866,0.836,0.418,0.7069751537717612,0.6798598973935039,0.8863614457831326
Queen contiguity,2021,Guiyang,58334.65,0.5069460713045966,High,0.011550537662952474,2.0866302213127143e-6,0.4005605167070973,0.6887437199458717,0.588,0.294,0.6796059243319339,0.5601866894166281,0.7333333333333334
Queen contiguity,2021,Changsha,144308.98,5.748653479415649,High,0.01642844699901341,2.3090148199348664e-6,3.494948531967773,4.7415317877432585e-4,0.004,0.002,0.5802055637298411,0.27301963395381623,0.0704
Queen contiguity,2021,Taoyuan,57464.1,0.13699102351998685,High,0.011572188515601179,1.8452609261037205e-6,-0.015276851419106199,0.9878113102207107,0.932,0.466,0.44101542985076764,0.4339095694667612,0.9427126436781611
Queen contiguity,2021,Xiangtan,69501.79,4.4000053007032305,High,0.012162980694470641,2.1470010288085606e-6,3.9889841631154153,6.635685110776318e-5,0.008,0.004,0.5486938098261205,0.425124334985028,0.11733333333333333
Queen contiguity,2021,Dao,40189.5,-1.0657340794088732,Low,0.010595040195575245,3.4771658762307765e-6,-0.7937233325522806,0.42735651385724704,0.452,0.226,0.7371579881909514,0.39310887854899335,0.6313650793650794
Queen contiguity,2021,Jiangyong,38432.84,-1.1247855643542908,Low,0.010173057009670977,4.231541969365185e-6,-0.8513530366089515,0.3945732714263837,0.448,0.222,0.9839404788704152,0.8055134772049395,0.6313650793650794
Rook contiguity,2005,Anxiang,8184,0.5410433311437488,High,0.01177488456562875,2.9577471160059588e-6,0.4194271494104673,0.67490398589513,0.612,0.306,0.6411781114239293,0.2961577519138845,0.8548571428571428
Rook contiguity,2005,Hanshou,6560,-0.336520976306695,Low,0.01076120136492336,2.9702855685044974e-6,-0.05919232649959869,0.9527989214937941,0.88,0.44,0.9306385740236145,0.8331195504211739,0.992
Rook contiguity,2005,Jinshi,9956,1.0530864875865928,High,0.01260178466259863,3.364704063468956e-6,0.5267973935141881,0.5983342931426263,0.532,0.266,0.798818244188057,0.870459519585304,0.7934915254237289
Rook contiguity,2005,Li,8394,0.9656556612980725,High,0.011826539925965735,3.1614467517316342e-6,0.8765434013680724,0.3807346927210617,0.308,0.154,1.013154000083847,1.5950523008885495,0.6365957446808511
Rook contiguity,2005,Linli,8850,1.0475391524013904,High,0.012027828176231147,3.0265530258097513e-6,0.8786895076734905,0.37956964917821034,0.34,0.17,0.8587183908647681,0.9942549658820221,0.6365957446808511
Rook contiguity,2005,Shimen,9244,0.2100740460854186,High,0.01209482095982116,3.07043687645337e-6,-0.18635352349768886,0.8521675368128995,0.992,0.496,1.0662972568738358,1.7843260919101391,0.992
Rook contiguity,2005,Liuyang,13406,3.9145466892059577,High,0.014291393425235353,3.312112827863284e-6,2.8939103863718953,0.003804767323115258,0.028,0.014,1.2584880520735315,2.387229210457569,0.224
Rook contiguity,2005,Ningxiang,11687,1.6064973251842707,High,0.012678193847390025,2.309135415384632e-6,0.9085175317723643,0.3636048553774921,0.34,0.17,0.69447137765281175,0.3625056517815777,0.6365957446808511
Rook contiguity,2005,Wangcheng,14659,3.8758927571178403,High,0.014041198618820677,2.9352568159013746e-6,2.4880898823575968,0.012843126969088002,0.064,0.032,1.0629307339588427,1.66071718279768,0.33129411764705885
Rook contiguity,2005,Anren,7423,0.8459945137223422,Low,0.01125645677375289,2.5424307078558024e-6,0.9573250119947775,0.3384032346238283,0.296,0.148,0.8688130156940264,1.2443384782758287,0.6365957446808511
Rook contiguity,2005,Guidong,4528,0.5162823665742117,Low,0.009637254160342078,3.5058623151186176e-6,1.558155337231832,0.11919642948872458,0.152,0.076,1.2397445236881928,2.158621451233328,0.512
Rook contiguity,2005,Jiahe,9622,0.3485839011363257,High,0.012293890913652076,2.7454561743245816e-6,-0.1561997651997807,0.8758755618074988,0.988,0.494,0.7094169515680386,0.7820701515130284,0.992
Rook contiguity,2005,Linwu,11651,1.3860471929419154,High,0.01346113719189273,3.4847676808866874e-6,0.43067076216801947,0.6667077809408464,0.52,0.26,1.197378323376827,2.249457688616106,0.7889655172413793
Rook contiguity,2005,Rucheng,8534,1.179509747967762,High,0.012005537036148173,3.4583830433967924e-6,1.1181059928216683,0.2635217272500445,0.228,0.114,1.0234719410547042,1.4215931007653033,0.5732571428571429
Rook contiguity,2005,Yizhang,8428,2.1020152145625386,High,0.011886824917633184,3.3848688474277865e-6,2.107307478062255,0.03509093557242656,0.068,0.034,0.9698747795637016,1.6164742498676512,0.3324444444444445
Rook contiguity,2005,Yongxing,9494,1.9012257997068314,High,0.012435052374207917,3.3094856759487765e-6,1.5987697889980934,0.10987176416035292,0.172,0.086,0.9841873419938164,0.9868044596360455,0.512
Rook contiguity,2005,Zixing,16471,2.1382422826279903,High,0.01478562118382594,2.327032580612976e-6,0.26668932821784547,0.789708371274791,0.692,0.346,0.7421946545414173,0.5151773857292534,0.942276923076923
Rook contiguity,2005,Changning,7906,0.5501140552006613,High,0.01173161629401344,2.723722470119606e-6,0.4190859856081643,0.6751532924614635,0.576,0.288,0.8844880116837335,1.1735943390555006,0.8309508196721311
Rook contiguity,2005,Hengdong,8066,0.6897772801917946,High,0.011488019138002912,2.631883855360363e-6,0.6846761986054737,0.4935482716208593,0.444,0.222,0.6546634840568829,0.35770272294221694,0.7513846153846154
Rook contiguity,2005,Hengnan,8217,0.4567647408068606,High,0.011739755925675374,2.719406574078512e-6,0.23659978973651494,0.812967283337337,0.696,0.348,1.1389869395304097,2.8845350648360117,0.942276923076923
Rook contiguity,2005,Hengshan,8035,0.02202416988491816,High,0.011505061261430196,2.783876778606766e-6,-0.05933612416778812,0.9526843888647977,0.96,0.48,0.6305851884064633,0.37244941007898147,0.992
Rook contiguity,2005,Leiyang,8965,0.8297174852263741,High,0.01196429762333739,3.0019340379274347e-6,0.5757424440012955,0.5647892819645732,0.508,0.254,0.952050535430131,0.9661863136012077,0.7889655172413793
Rook contiguity,2005,Qidong,8000,-0.2940073263321795,High,0.011513219250011864,2.523290686958039e-6,-0.4046754762618625,0.6857160708694847,0.784,0.392,0.6652677277390746,0.14836252707600428,0.9631111111111113
Rook contiguity,2005,Chenxi,4432,-1.8194941219638279,Low,0.009993203708933763,2.593203852013348e-6,-1.3253502135334783,0.18505502167007737,0.108,0.054,0.6887384098115494,0.2775232787619877,0.39599999999999996
Rook contiguity,2005,Zhongfang,7420,-1.5242760367458388,Low,0.011264182627916952,2.9213411588456166e-6,-1.6596131573529578,0.09699229971799417,0.048,0.024,0.7053961146453849,0.584634483380936,0.264
Rook contiguity,2005,Huitong,4439,-1.4528618852071689,Low,0.00976552716973455,3.0170996910667895e-6,-0.8308748325646542,0.4060443425730037,0.38,0.19,1.113347138060067,2.7987181644020946,0.6824489795918367
Rook contiguity,2005,Jingzhou,5891,-1.31793329184719,Low,0.010444596086766643,3.276267001830903e-6,-1.1720831613422134,0.24116366968906972,0.184,0.092,1.0094667068631211,1.3177129758824568,0.512
Rook contiguity,2005,Mayang,4177,-2.193347161387522,Low,0.010014622765240896,2.9252280388637075e-6,-1.6814307448936299,0.09267927788906954,0.032,0.016,0.8644216392032845,1.5331369074409507,0.22628571428571426
Rook contiguity,2005,Tongdao,3885,-1.389889063972248,Low,0.009202484045601037,3.551215158968613e-6,-0.5547561662429643,0.5790614529358908,0.596,0.298,1.1749172072420833,2.034209443465289,0.8459354838709677
Rook contiguity,2005,Xinhuang,4245,-1.4577100909060539,Low,0.008117351564910285,2.971567026336554e-6,-0.6656011050824268,0.5056660998733291,0.508,0.25,1.6663587661102923,4.107817771536185,0.7889655172413793
Rook contiguity,2005,Xupu,4670,-2.2964678748493492,Low,0.010535033591075197,2.2632024976871697e-6,-1.863297918640461,0.062420362825415916,0.016,0.008,0.8135403963724536,0.7343778450256453,0.19555555555555557
Rook contiguity,2005,Yuanling,7488,-2.171670272390893,Low,0.01130015346022097,2.1352217805732513e-6,-2.306872728838993,0.02106191624726749,0.004,0.002,0.6677287136740261,0.46442647978277796,0.176
Rook contiguity,2005,Zhijiang,5315,-1.807698878832972,Low,0.01042945214833848,2.919344690469117e-6,-1.491152539860684,0.1359214508472776,0.076,0.038,0.7024671482302024,0.2791946455125478,0.33440000000000003
Rook contiguity,2005,Lengshuijiang,18478,1.7266624896559262,High,0.017939652784734528,3.012915025588724e-6,-1.493560194781186,0.13529060996012252,0.036,0.018,1.4001231017228755,3.6604795776505643,0.22628571428571426
Rook contiguity,2005,Shuangfeng,5868,-0.5476404819449155,Low,0.010705872669313162,2.1832834050072097e-6,-0.21850383831008502,0.8270365680311853,0.952,0.476,0.5197965934688745,0.03934962113346474,0.992
Rook contiguity,2005,Xinhua,3390,-1.2357644498151812,Low,0.009827748491213076,2.308724632097175e-6,-0.4454996047346249,0.6559587453735327,0.728,0.364,0.900787293598806,1.1267790511437248,0.9561791044776119
Rook contiguity,2005,Chengbu,5897,-1.5741796938226897,Low,0.010630541218797628,3.66273763022607e-6,-1.3387752167140148,0.1806438611936036,0.1,0.05,1.1761662880904662,2.094707174395433,0.39599999999999996
Rook contiguity,2005,Dongan,7374,-0.8618294994967629,Low,0.011227623882736307,2.9650704186886584e-6,-0.9687240544242551,0.3326828875371399,0.3,0.15,0.9666594058179375,1.4605784862755868,0.6365957446808511
Rook contiguity,2005,Dongkou,5375,-1.7578218507367824,Low,0.010401254618740668,3.0186943301268694e-6,-1.394884193535044,0.1630507643676128,0.104,0.052,0.9137912513428756,1.4960972812934195,0.39599999999999996
Rook contiguity,2005,Longhui,3677,-2.788801456588146,Low,0.00994238933401608,2.612704741779924e-6,-2.210161848993302,0.02709393167745457,0.008,0.004,0.6992803209579327,0.6954684534477131,0.176
Rook contiguity,2005,Shaodong,6752,-1.2134543457554658,Low,0.011119599444749547,2.596943672987029e-6,-1.196904324723248,0.2313438483343797,0.188,0.094,0.7236092882800733,0.2488685374382782,0.512
Rook contiguity,2005,Suining,7369,-1.6947329240690077,Low,0.011324801416802057,2.212927989900962e-6,-1.8851406386855618,0.0594108526554547,0.024,0.012,0.6045667364245166,0.33771246057000637,0.21120000000000003
Rook contiguity,2005,Wugang,4889,-2.1454034319276407,Low,0.010414566836505278,2.7115187121180284e-6,-1.756614485820542,0.07898354218170307,0.044,0.022,0.6728567377662391,0.5546539593403663,0.2581333333333333
Rook contiguity,2005,Xinning,4024,-1.832733751150401,Low,0.009467107759511643,2.8940150495059125e-6,-1.1403795925460058,0.2541281911730025,0.188,0.094,0.8974717201477465,0.8325186798502964,0.512
Rook contiguity,2005,Xinshao,4357,-0.9981777018427641,Low,0.010214122932276363,2.7184750308525075e-6,-0.38686631776796665,0.6988551778358016,0.816,0.408,0.8689744253407378,0.6892027054750836,0.9751351351351352
Rook contiguity,2005,Shaoshan,14381,2.369931335715521,High,0.01532508879057423,2.7473058614375577e-6,0.9086854202770401,0.3635162023287705,0.292,0.146,1.1471510860139498,1.9570322343040552,0.6365957446808511
Rook contiguity,2005,Xiangxiang,7866,0.9386830646257078,High,0.011511096496285598,2.9599849304758887e-6,0.9652220946283719,0.3344335826286059,0.332,0.166,0.8228762026219107,0.46657333151988034,0.6365957446808511
Rook contiguity,2005,Baojing,4612,-1.4448547329980757,Low,0.010238563888087944,2.942971194223005e-6,-0.9664768406763738,0.33380563012979625,0.328,0.164,0.8939152574357045,1.1129081318401752,0.6365957446808511
Rook contiguity,2005,Fenghuang,3770,-1.1869515790469076,Low,0.009442401658230456,3.2580767089893074e-6,-0.31215760960152567,0.7549207461570574,0.86,0.43,0.8910528188709321,1.251451997806588,0.9828571428571428
Rook contiguity,2005,Guzhang,3893,-1.4204778971943086,Low,0.009745871823148778,2.6221625310796484e-6,-0.6906359057254896,0.48979437731333797,0.52,0.26,0.7962193626275954,0.6843067442879085,0.7889655172413793
Rook contiguity,2005,Huayuan,6784,-0.340358978943809,Low,0.010909494329799504,3.3542305537341935e-6,-0.18077972580419813,0.8565404773622013,0.972,0.486,0.8513084535016395,0.7859184368113592,0.992
Rook contiguity,2005,Jishou,12970,-0.4287787890115023,High,0.013750231937332038,3.1090257634750603e-6,-1.8219311042473607,0.06846544006100652,0.012,0.006,1.05077605956606,2.001603691323516,0.19555555555555557
Rook contiguity,2005,Longshan,3469,-2.376917419928556,Low,0.009046234599086558,3.859682035599176e-6,-1.6116777887803122,0.10703207344093447,0.02,0.01,1.3030038416971714,2.6828249253257956,0.19555555555555557
Rook contiguity,2005,Luxi,3701,-1.6798518292028746,Low,0.009908143994350133,2.4105306347620074e-6,-0.9999477560852136,0.31733579151918057,0.328,0.164,0.6085854500434362,0.22319159381801867,0.6365957446808511
Rook contiguity,2005,Yongshun,3315,-2.4578976144652875,Low,0.009672392253386404,3.2469095271466525e-6,-1.688837072007888,0.09125065729717352,0.036,0.018,0.9157849670413237,1.119912018083416,0.22628571428571426
Rook contiguity,2005,Anhua,4411,-1.1495102911319837,Low,0.010376199302356483,2.3919954735822336e-6,-0.6084469785868047,0.5428910615851246,0.572,0.286,0.8394623095775586,0.9779888939628028,0.8309508196721311
Rook contiguity,2005,Nan,6376,-0.13142632646507105,Low,0.0109239845306168,2.5713885213941937e-6,0.11630351413484785,0.9074120006380443,0.784,0.392,0.7082422188579343,0.3875718652462945,0.9631111111111113
Rook contiguity,2005,Yuanjiang,8681,0.09582869118941567,High,0.011841670653193394,2.6782225536270183e-6,-0.17931230057087136,0.8576924889259527,0.964,0.482,0.9695101923836281,1.4888980374137724,0.992
Rook contiguity,2005,Jianghua,5420,-1.4034182455129702,Low,0.010352800950928104,2.993144218871787e-6,-1.113818625691567,0.2653570047925505,0.184,0.092,0.8962654460708067,1.4021046100255257,0.512
Rook contiguity,2005,Lanshan,6223,-0.19036075360091745,Low,0.010708404189724558,2.9346296225016793e-6,0.1498730447950984,0.8808647786215321,0.764,0.382,0.786941570364884,0.6858474417956457,0.9631111111111113
Rook contiguity,2005,Ningyuan,4297,-1.0203020572363288,Low,0.010244143717155055,2.2676197901853186e-6,-0.39326859283820836,0.6941211125756369,0.788,0.394,0.697544452063597,0.5339288933666109,0.9631111111111113
Rook contiguity,2005,Shuangpai,8693,-0.30228019442507414,High,0.012141333376144562,3.5473123018785933e-6,-0.7831870155812299,0.43351729861469,0.436,0.218,1.1789660948363603,2.2991113544517026,0.7513846153846154
Rook contiguity,2005,Xintian,5272,-0.49823785637967066,Low,0.010245665125172084,3.0785282313438986e-6,0.04274201955953455,0.9659071833939714,0.844,0.422,0.9503914740696562,1.2999667842517084,0.9772631578947368
Rook contiguity,2005,Huarong,7234,-0.1794453631292123,Low,0.011163517074332666,3.558925949817558e-6,-0.1407460237809397,0.8880705852363864,0.956,0.478,1.2417594939343446,1.8710190456856255,0.992
Rook contiguity,2005,Linxiang,7708,0.14150161468960254,High,0.011770120005429999,3.880871510739617e-6,0.010159626422742976,0.9918939303827363,0.82,0.42,1.9460394008615194,4.998142837788833,0.9751351351351352
Rook contiguity,2005,Miluo,8677,3.07317272871514,High,0.012028649323168291,3.1015304199886134e-6,2.983629012749085,0.002848519193347522,0.02,0.01,0.7635053932821821,0.4682391489886557,0.19555555555555557
Rook contiguity,2005,Pingjiang,5817,2.5626852234206803,Low,0.010522811467189691,3.284328518499003e-6,3.424086981236575,6.168687330386593e-4,0.02,0.01,0.9939935927102099,1.5129290160836044,0.19555555555555557
Rook contiguity,2005,Xiangyin,9496,1.355672993213676,High,0.012121050685440393,3.0039651955440895e-6,1.0696294214755904,0.284786146540504,0.256,0.128,1.2667931254712244,2.5375760385612995,0.6257777777777779
Rook contiguity,2005,Cili,5703,-0.5134204892737819,Low,0.010388203889515987,3.6235571288691026e-6,-0.10982803705077154,0.9125457551929624,0.908,0.454,1.1222018962293003,1.7779220196053744,0.992
Rook contiguity,2005,Chaling,8040,0.5669665418301826,High,0.01171083527798266,3.6379078557858223e-6,0.5037580220188856,0.6144314296768125,0.512,0.256,1.1504393446094894,1.917814391476493,0.7889655172413793
Rook contiguity,2005,Liling,11688,2.4632900108631763,High,0.014031619060256703,3.916633148675676e-6,1.5234597192467143,0.12764373096534687,0.164,0.082,1.2615562145936705,2.0804992808829708,0.512
Rook contiguity,2005,Yanling,7383,0.7493095890751652,Low,0.011315689832011977,2.840138865934834e-6,0.9591929637603466,0.33746154447767185,0.34,0.17,0.857444393462802,1.0703596838663954,0.6365957446808511
Rook contiguity,2005,You,10944,1.475422794904078,High,0.012822242379247525,2.7265535109308037e-6,0.837768225087278,0.4021608877090609,0.364,0.182,0.9572788351936261,1.840172164004076,0.6673333333333333
Rook contiguity,2005,Zhuzhou,8546,3.4929202599411178,High,0.011715516769506041,2.6149399404196898e-6,3.6502027036211677,2.62033439182408e-4,0.008,0.004,0.9607339232199806,1.7107558417497124,0.176
Rook contiguity,2005,Sangzhi,4545,-1.4066323557891132,Low,0.010350438780328399,2.691537576770438e-6,-0.9176975489827278,0.35877723122432476,0.32,0.16,0.8947739115757468,1.3614504462872814,0.6365957446808511
Rook contiguity,2005,Yueyang,7936,0.23466300956075636,High,0.011601394136283654,2.2832546878550864e-6,0.10318861896785209,0.917813272440458,0.84,0.42,0.6783371789079745,0.5097788209477487,0.9772631578947368
Rook contiguity,2005,Qiyang,7487,-0.20793538170293213,Low,0.011372981585782921,2.3928077814342047e-6,-0.2315554110047199,0.8168833430956886,0.924,0.462,0.7937450686527188,0.8406131777301193,0.992
Rook contiguity,2005,Taojiang,5640,0.7683491930428126,Low,0.01072769851688887,2.3716180664948324e-6,1.249964157435414,0.21131264085030055,0.2,0.1,0.6457342472058072,0.9455878950361103,0.5176470588235295
Rook contiguity,2005,Shaoyang,3609,-2.1298075439490205,Low,0.010115968717332465,2.6614872609795134e-6,-1.4253867858552982,0.15404542567689014,0.088,0.044,0.8291263746538253,0.6578470977454924,0.36876190476190474
Rook contiguity,2005,Lianyuan,5959,-0.028465398858390552,Low,0.010956133495594685,2.481332092734977e-6,0.2301173033030702,0.8180006195730178,0.74,0.37,0.6094522223779394,0.3433114183873669,0.9576470588235294
Rook contiguity,2005,Hongjiang,5514,-1.522940955152556,Low,0.01060180335254469,2.2516335998170245e-6,-1.309655773280844,0.19031231151697903,0.156,0.078,0.6656795555325136,0.5024603413818292,0.512
Rook contiguity,2005,Hengyang,7246,-0.12951662043436124,Low,0.011277419123387651,2.5319475978920075e-6,-0.10259934425454159,0.9182809633034663,0.936,0.468,0.851855113084247,0.6695702363311962,0.992
Rook contiguity,2005,Guiyang,8933,1.8966176510757091,High,0.011931309292475182,2.2904483252569894e-6,1.5023880594280672,0.1329969182963433,0.192,0.096,0.7597694475327905,0.5727951297037088,0.512
Rook contiguity,2005,Changsha,24612,5.028299506628905,High,0.01761945453341837,1.7510822472900494e-6,2.076669875590067,0.037832038788938586,0.076,0.038,0.5074369102903161,0.3242745670492062,0.33440000000000003
Rook contiguity,2005,Taoyuan,8407,-0.23331087024579425,High,0.011609556653869141,1.7515341183002073e-6,-0.4370336176963874,0.6620869678853458,0.708,0.354,0.5369775794202709,0.43526658603001067,0.944
Rook contiguity,2005,Xiangtan,7246,3.2798779818760653,Low,0.0113675523351426,2.326846101478078e-6,3.218721739544822,0.001287633715657569,0.008,0.004,0.7393362644680626,0.6235569989997374,0.176
Rook contiguity,2005,Dao,6040,-1.0307820341591336,Low,0.010568003457267678,3.1204091155300143e-6,-0.7711071331372702,0.44064343290952734,0.432,0.216,1.1441861731265404,2.3703799757281416,0.7513846153846154
Rook contiguity,2005,Jiangyong,5977,-0.9624965592305592,Low,0.010156151797819472,3.7101048580716864e-6,-0.669763443151898,0.5030086010458388,0.504,0.252,1.6130717363502798,5.352579925602326,0.7889655172413793
Rook contiguity,2006,Anxiang,10995,0.7880675128554395,High,0.012309917521873314,2.9982363882873617e-6,0.4227879098143303,0.6724500094602774,0.524,0.262,0.9692418547895741,0.8885207893027296,0.7875254237288136
Rook contiguity,2006,Hanshou,7422,-0.47179373211749437,Low,0.010683693462169663,2.917394731128331e-6,-0.19018390137827398,0.849165025732605,0.992,0.496,0.9929862363089085,1.6234383753525767,1
Rook contiguity,2006,Jinshi,11223,1.1014505968018746,High,0.012497386602998114,3.810642545086829e-6,0.6208849031234761,0.5346753549711487,0.448,0.224,0.9939777916569823,1.186646062883848,0.7360000000000001
Rook contiguity,2006,Li,10304,1.119416532559065,High,0.012110920186443636,3.0207586625865056e-6,0.9417254164728827,0.34633323885463013,0.312,0.156,1.1013507322617764,1.7482952438565382,0.6864
Rook contiguity,2006,Linli,9855,0.9169935177493638,High,0.01184981857971257,3.0427730513034225e-6,0.8408547847648024,0.40042929136277233,0.348,0.174,0.9485273621016299,1.337952748696443,0.6883555555555555
Rook contiguity,2006,Shimen,10556,0.12678652596153905,High,0.012010626608354058,3.3896851048090262e-6,-0.2164621337270739,0.8286275383541928,0.992,0.496,1.385183889031392,3.167445054192031,1
Rook contiguity,2006,Liuyang,15631,3.9896789281310094,High,0.0143527820416257,3.3721777939582385e-6,2.9992758208382346,0.002706221944941836,0.032,0.016,1.1294529448977257,2.2548698731366335,0.21661538461538463
Rook contiguity,2006,Ningxiang,13647,1.5992688004572302,High,0.012696452774230678,2.091557030005485e-6,0.965833585898799,0.3341274595249773,0.388,0.194,0.5687746087861175,0.2938561095264607,0.726468085106383
Rook contiguity,2006,Wangcheng,17082,3.9347085528268493,High,0.013968404225318289,2.450595450152872e-6,2.915029385241176,0.003556550536340755,0.028,0.014,0.8913200254012854,1.3845657108660347,0.20533333333333334
Rook contiguity,2006,Anren,8832,0.7330498649366246,High,0.011296629379773188,2.2097032275064513e-6,0.8867591114700532,0.37520860582403387,0.368,0.184,0.7610057536866701,0.6975916093330796,0.704
Rook contiguity,2006,Guidong,5548,0.3588881654365048,Low,0.009888118965080751,3.218804777823286e-6,1.2919475731288557,0.1963753011122463,0.212,0.106,1.029738327319629,1.2571703540029153,0.5653333333333332
Rook contiguity,2006,Jiahe,11021,0.23062321577105957,High,0.012327494862393483,3.250649878606274e-6,-0.2839299631694461,0.7764640537373659,0.86,0.43,1.0038877261533512,1.861206825778969,0.9713417721518987
Rook contiguity,2006,Linwu,12031,1.1369741515944995,High,0.012823823407069834,3.4208097025846448e-6,0.5197171495659235,0.6032607321071068,0.496,0.248,0.9545559788464302,0.9235807675838701,0.7794285714285714
Rook contiguity,2006,Rucheng,9461,0.9819752812752338,High,0.011799881951477551,3.52663312415429e-6,0.9950360840392548,0.31971871479171327,0.28,0.14,1.3061781646367712,2.80922880422321,0.665945945945946
Rook contiguity,2006,Yizhang,9752,1.769660911952808,High,0.011790733499006122,3.2343436447815823e-6,1.8581610805067237,0.0631461430437094,0.132,0.066,1.2076684086964475,2.048937705755206,0.46030769230769236
Rook contiguity,2006,Yongxing,10978,1.8001825869039438,High,0.012298191909222187,3.0551426741163482e-6,1.6587439858433275,0.09716739186794117,0.136,0.068,1.0519453936957852,2.073289581981273,0.46030769230769236
Rook contiguity,2006,Zixing,18172,1.8693746731289322,High,0.014322961108373465,2.496591310309e-6,0.2824025783864133,0.7776348381592949,0.66,0.33,0.7587924380001446,0.631347058699153,0.8721194029850747
Rook contiguity,2006,Changning,9000,0.417662381389491,High,0.011491466236124386,2.7583123778517664e-6,0.41584984340173814,0.6775198834083176,0.616,0.308,0.7634303608792811,0.7939386311690346,0.8525
Rook contiguity,2006,Hengdong,9249,0.6106272435886525,High,0.01152993108839931,2.885507272623728e-6,0.5569724850852096,0.5775462284976124,0.46,0.23,1.0506986463601482,1.9135675552858729,0.7360000000000001
Rook contiguity,2006,Hengnan,9173,0.2987091282257255,High,0.011507512363834543,2.469267045507248e-6,0.2328890688165253,0.8158475469078623,0.704,0.352,0.6566364286591383,0.31629479147958417,0.8850285714285714
Rook contiguity,2006,Hengshan,8964,-0.13698909448865404,High,0.011380516116438089,2.8296464672506083e-6,-0.1696235274195292,0.8653062184717528,0.972,0.486,0.809733424015951,0.7980661329403382,1
Rook contiguity,2006,Leiyang,10507,0.8038169576866194,High,0.011951915394435983,2.76132272619923e-6,0.5939237347008562,0.5525631234663224,0.456,0.228,0.8193390609074936,0.5359050297972221,0.7360000000000001
Rook contiguity,2006,Qidong,8958,-0.46246982854387847,High,0.011405935987613603,2.4424730441992518e-6,-0.5321342163211891,0.5946330406645708,0.632,0.316,0.8199148299742585,1.2858912329880887,0.8556307692307693
Rook contiguity,2006,Chenxi,5311,-1.7943824126021575,Low,0.010036490094371558,2.737128535936888e-6,-1.3232680889382304,0.18574623984431926,0.148,0.074,1.0003968436601371,1.594603552644453,0.48237037037037034
Rook contiguity,2006,Zhongfang,8467,-1.5123497917458943,Low,0.011307146237385329,2.7935856750784217e-6,-1.7393871998437285,0.08196667822984043,0.036,0.018,0.6140604387761348,-0.14681831921179933,0.22628571428571426
Rook contiguity,2006,Huitong,5580,-1.2881209380848047,Low,0.010033291843555184,3.221688081149626e-6,-0.7872170721095645,0.4311548050279534,0.436,0.218,0.9940016852379902,1.3726908885528069,0.7360000000000001
Rook contiguity,2006,Jingzhou,7162,-1.2006079676946466,Low,0.010423885968532857,3.1768397148904807e-6,-1.0538070953655705,0.2919712443468579,0.208,0.104,1.0064622281670872,1.149774118191699,0.5653333333333332
Rook contiguity,2006,Mayang,4807,-2.1225329771925017,Low,0.009983936759601365,3.2794995304984707e-6,-1.5349848694967108,0.12478754468016862,0.044,0.022,0.9533082048966551,1.1326420516463118,0.22776470588235295
Rook contiguity,2006,Tongdao,4353,-1.4300142836224277,Low,0.009092609034232266,3.5048688218643624e-6,-0.5797945717309948,0.5620531586338551,0.62,0.31,1.1751042383093109,1.8540489097952406,0.8525
Rook contiguity,2006,Xinhuang,5334,-1.2690919020776255,Low,0.008387156374362251,2.6313975954989615e-6,-0.5641543084944105,0.5726491205299792,0.676,0.332,1.8131238272841614,6.242760117363019,0.8748235294117648
Rook contiguity,2006,Xupu,5196,-2.3706402731485956,Low,0.010503592861641153,2.1093312195565923e-6,-2.0340407073782267,0.04194749130257607,0.012,0.006,0.7559253107410493,1.0059019597783507,0.15085714285714286
Rook contiguity,2006,Yuanling,8552,-2.225115517902218,Low,0.011329217584913056,2.4773522368161215e-6,-2.2526816494015915,0.02427922880218442,0.004,0.002,0.8286085722302843,0.6541768927249043,0.11733333333333333
Rook contiguity,2006,Zhijiang,6517,-1.6590714148009227,Low,0.010547050347936845,2.8056401532355397e-6,-1.4535159522065952,0.14608055383711874,0.084,0.042,0.8004162039856538,1.2373054422701841,0.3213913043478261
Rook contiguity,2006,Lengshuijiang,22520,1.918940030922129,High,0.01855632442910942,3.016137929655211e-6,-1.5481179574894444,0.12159389933697608,0.044,0.022,1.088396600572099,1.7640332028351917,0.22776470588235295
Rook contiguity,2006,Shuangfeng,6546,-0.6042645090122978,Low,0.01074870081810733,2.84734428189827e-6,-0.2879475136556288,0.7733869157692006,0.868,0.434,0.8297547959116929,0.9521167942524964,0.9713417721518987
Rook contiguity,2006,Xinhua,3768,-1.19953819742757,Low,0.00994980599556933,3.310281592718088e-6,-0.4239989538934629,0.671566576207757,0.732,0.366,1.2332223372890132,2.7260054153184816,0.9072676056338027
Rook contiguity,2006,Chengbu,6325,-1.7049102318155194,Low,0.010381167079199198,2.798761391071922e-6,-1.5831297251360434,0.11339189974091604,0.06,0.03,0.8037019756583315,0.7157566646157307,0.29333333333333333
Rook contiguity,2006,Dongan,8436,-0.9744316165970537,Low,0.011424151916092976,3.607633222362383e-6,-1.1244598514039736,0.2608179935664563,0.196,0.098,0.8975494486187129,0.6330858290774684,0.5563870967741936
Rook contiguity,2006,Dongkou,6050,-1.8413561532302736,Low,0.01032129032452104,2.654472650758037e-6,-1.5750163396868841,0.1152526730243736,0.064,0.032,0.6882246466312019,0.6230983792619411,0.296421052631579
Rook contiguity,2006,Longhui,3976,-2.8783156103888214,Low,0.009823757729000489,2.529300523943953e-6,-2.328818138094333,0.01986870210178661,0.004,0.002,0.8221260844423236,0.813281186772782,0.11733333333333333
Rook contiguity,2006,Shaodong,8005,-1.2559240677781376,Low,0.011114906744874664,2.9324984957359696e-6,-1.190836785665132,0.233717664708271,0.188,0.094,0.8213195130540994,1.1961776808647109,0.5514666666666667
Rook contiguity,2006,Suining,8500,-1.7059665535476765,Low,0.011344180687692667,2.41014553706967e-6,-1.863026029580745,0.06245860414128849,0.028,0.014,0.8285396944802664,1.3747422101528617,0.20533333333333334
Rook contiguity,2006,Wugang,5533,-2.2536854688386496,Low,0.010292261283075334,2.7094717733283727e-6,-1.8433746952932515,0.06527432206286055,0.02,0.01,1.0128366121133467,2.3160321535527304,0.19555555555555557
Rook contiguity,2006,Xinning,4533,-1.9238700738562708,Low,0.00958991564479939,3.260835419853555e-6,-1.2867395814953482,0.198185072015029,0.084,0.042,1.2264888291270533,1.7649680285296752,0.3213913043478261
Rook contiguity,2006,Xinshao,4972,-0.9284385128373045,Low,0.010163141872307158,2.7072598965942335e-6,-0.29834570543610034,0.765439323799967,0.832,0.416,0.6041038636212909,0.6692379270479853,0.9713417721518987
Rook contiguity,2006,Shaoshan,16565,2.332738342065118,High,0.015349607331782575,3.1724523033517397e-6,0.8361778956677217,0.40305483169687883,0.324,0.162,1.1040496481557585,1.5008223000479504,0.6883555555555555
Rook contiguity,2006,Xiangxiang,9192,0.9300945438285997,High,0.011539337118096807,2.8906323714242637e-6,0.9687041671732091,0.3326928128069252,0.304,0.152,1.00227614127486,1.3291700161809974,0.6859487179487179
Rook contiguity,2006,Baojing,5555,-1.235547040797621,Low,0.010211942224334102,2.7383235370640482e-6,-0.767209928230526,0.44295671092248007,0.44,0.22,1.1241090241802207,2.1167249044456593,0.7360000000000001
Rook contiguity,2006,Fenghuang,4284,-0.9514638009983731,Low,0.009377257452184278,2.7151614510986686e-6,-0.024253301146918285,0.9806505624477634,0.92,0.46,0.8370537670883822,1.427595644042043,0.9873170731707318
Rook contiguity,2006,Guzhang,4297,-1.477357207634262,Low,0.00979278371825176,2.8012719053901872e-6,-0.7912285995262697,0.4288106051906272,0.404,0.202,1.2225747951017558,3.117498589486229,0.7360000000000001
Rook contiguity,2006,Huayuan,10496,0.20928501561150784,High,0.012214737037347632,3.2710324125089664e-6,-0.19897961625264238,0.8422786896371417,0.944,0.472,1.0485609479603855,1.5645900583105332,1
Rook contiguity,2006,Jishou,14611,-0.2529971179022216,High,0.013401821088458674,2.732767550472183e-6,-1.5328549578474073,0.12531159595430955,0.044,0.022,0.9809496813495622,1.6734911058690942,0.22776470588235295
Rook contiguity,2006,Longshan,3809,-2.400656413950582,Low,0.008890866980079912,3.4125040493301867e-6,-1.7116714792027559,0.08695722745481266,0.008,0.004,1.143714779146117,1.8286229556911318,0.11733333333333333
Rook contiguity,2006,Luxi,4468,-1.6912587874371194,Low,0.01017248208476998,3.385770634845663e-6,-1.027093999484906,0.30437620391194126,0.272,0.136,0.730117399405809,0.7812863453638323,0.664888888888889
Rook contiguity,2006,Yongshun,3666,-2.5024117096000436,Low,0.009448732666217633,2.7698179816175603e-6,-1.7959729191889071,0.07249882406802816,0.004,0.002,1.0139966892620913,1.2949437341352796,0.11733333333333333
Rook contiguity,2006,Anhua,5048,-1.2062411898050274,Low,0.010384244213856064,3.0294242972242394e-6,-0.6201670231152281,0.5351478299706136,0.54,0.27,0.9535187043259336,1.2993619177598417,0.792
Rook contiguity,2006,Nan,7013,0.13629538033970032,Low,0.0107871195049602,3.062218047332193e-6,0.48208549051138067,0.6297452166570537,0.556,0.278,0.8129030261478118,0.7517101287349965,0.8020983606557378
Rook contiguity,2006,Yuanjiang,9894,-0.026686383701982497,High,0.011831509625392285,2.8477848172578444e-6,-0.30824178637795946,0.7578983584196278,0.856,0.428,0.7345908512510303,0.7235613596774599,0.9713417721518987
Rook contiguity,2006,Jianghua,6241,-1.367436461285581,Low,0.010454387461327425,3.5646360041920206e-6,-1.0608949527039113,0.288737643316808,0.236,0.118,0.9598239636184583,1.1514512475572314,0.6108235294117647
Rook contiguity,2006,Lanshan,8135,-0.18954479820482528,Low,0.011126337735932742,3.01004094185588e-6,-0.09589746031839698,0.9236020116577474,0.892,0.446,1.211323615922713,2.5029085692801445,0.973432098765432
Rook contiguity,2006,Ningyuan,4851,-1.0278345646183993,Low,0.010331459351792256,2.6990917843085525e-6,-0.4395464741020513,0.660265615181387,0.784,0.392,0.8973872545825425,0.8345972690150965,0.9450958904109589
Rook contiguity,2006,Shuangpai,10070,-0.37178873422882186,High,0.011914868413439993,3.6112428297715086e-6,-0.7492821528968395,0.4536871623872275,0.436,0.218,1.3645943436836003,2.484378675763282,0.7360000000000001
Rook contiguity,2006,Xintian,5910,-0.5963303322525596,Low,0.010202236251650112,3.541620195287005e-6,-0.0577129607732519,0.9539772697009238,0.872,0.436,1.0977036242531308,1.6202185671807587,0.9713417721518987
Rook contiguity,2006,Huarong,10802,0.37634846296582547,High,0.012721926813664583,3.817330480589877e-6,-0.186683355096879,0.8519089073744578,1,0.5,1.621047217338519,4.270085314041233,1
Rook contiguity,2006,Linxiang,8973,0.154209335864291,High,0.011469698562782411,2.560450467376683e-6,0.22923954289759835,0.8186827399837708,0.572,0.292,2.243099049778403,8.705921376029144,0.8118709677419355
Rook contiguity,2006,Miluo,10659,3.1794140469826417,High,0.01194926328663075,2.7488093199415032e-6,3.4047846466311578,6.621625018367266e-4,0.024,0.012,1.001631476963664,1.9656656587589518,0.20533333333333334
Rook contiguity,2006,Pingjiang,6570,2.638048499943793,Low,0.010459409425250645,3.338631251958336e-6,3.5696889632753823,3.574053324224228e-4,0.02,0.01,0.9669380294351472,1.4099910209753057,0.19555555555555557
Rook contiguity,2006,Xiangyin,10765,1.3213839014899358,High,0.012236391859805525,3.4224499592756666e-6,0.927963735951771,0.35342638096735834,0.352,0.176,1.1397135902017645,2.4025383217119476,0.6883555555555555
Rook contiguity,2006,Cili,6463,-0.610753646653594,Low,0.01005389945312682,3.19837501369646e-6,-0.06922498709199493,0.9448105339895974,0.896,0.448,0.951174642509625,0.9332613573463009,0.973432098765432
Rook contiguity,2006,Chaling,9053,0.42168592149231604,High,0.011528747657176716,3.8010209993074685e-6,0.4229820947466349,0.67230832481957,0.512,0.256,1.2982292691765949,2.4484975266990245,0.7875254237288136
Rook contiguity,2006,Liling,14000,2.505682250778117,High,0.014002298103320158,2.7988289424666545e-6,1.9382205869317115,0.05259631612657778,0.104,0.052,1.0373716482833366,1.5770860339967978,0.3813333333333333
Rook contiguity,2006,Yanling,8059,0.5565519316207427,Low,0.010946857093299844,2.872309780192181e-6,0.9452940827099804,0.3445087585384236,0.296,0.148,0.9248670647362605,1.2842645369053658,0.6854736842105263
Rook contiguity,2006,You,12356,1.4243647944054214,High,0.012801208667473538,2.904830743345955e-6,0.7942658455884039,0.4270406829224551,0.424,0.212,0.9429422392627796,2.4633655952649223,0.7360000000000001
Rook contiguity,2006,Zhuzhou,10116,3.558444744963699,High,0.011658030051956663,2.653617164267995e-6,3.7987965518597884,1.4540038282949137e-4,0.008,0.004,0.8462935759481264,0.9703051620251135,0.11733333333333333
Rook contiguity,2006,Sangzhi,5121,-1.5166415921133787,Low,0.010091947462915458,2.537737616480334e-6,-0.9361146379134578,0.34921416716969556,0.344,0.172,0.7359373076892302,0.8970085863554864,0.6883555555555555
Rook contiguity,2006,Yueyang,9277,0.4096082488795725,High,0.01162733400362385,2.7244129832261657e-6,0.263798333418295,0.7919353188398799,0.704,0.352,0.7586234779584494,0.7070791193945678,0.8850285714285714
Rook contiguity,2006,Qiyang,8298,-0.3520801984902761,Low,0.011208070812351225,2.399007607482868e-6,-0.2875404083848254,0.7736985662014082,0.864,0.432,0.72033539669495394,0.6726790387648989,0.9713417721518987
Rook contiguity,2006,Taojiang,6437,0.6612116903017431,Low,0.010660377439678563,2.469241473588816e-6,1.165733389359059,0.24372225601316222,0.252,0.126,0.562853927011129,0.320139727711092,0.6335999999999999
Rook contiguity,2006,Shaoyang,4064,-2.19635125628579,Low,0.010126038212765814,2.793852746358813e-6,-1.5023347134314562,0.13301068788878323,0.076,0.038,0.6995805235576165,0.5470044886336249,0.31847619047619047
Rook contiguity,2006,Lianyuan,7044,0.05415076009034987,Low,0.011001652135075785,2.236432105446171e-6,0.30031278128415767,0.7639385848778657,0.664,0.332,0.6170309093049321,0.6682235076029506,0.8721194029850747
Rook contiguity,2006,Hongjiang,6313,-1.499904833771227,Low,0.010684854739591139,2.6272503181493207e-6,-1.2670119618042517,0.20515101279146963,0.16,0.08,0.6944940089396803,0.5469617371633255,0.5028571428571429
Rook contiguity,2006,Hengyang,8068,-0.3043449315442922,Low,0.011055185913248207,2.929526749999134e-6,-0.1682445715541798,0.8663908776403573,0.964,0.482,0.8243662237359195,1.1485431577191791,1
Rook contiguity,2006,Guiyang,10439,1.6117864753022482,High,0.011723795354246364,2.0792749469386524e-6,1.4539186164621067,0.14596887080537693,0.188,0.094,0.6482706151327123,0.34476526493757165,0.5514666666666667
Rook contiguity,2006,Changsha,29407,5.1692011079782345,High,0.017870089854065945,2.0482892379277672e-6,2.0336659901137977,0.04198528342667253,0.076,0.038,0.5312932400381806,0.09918307245790325,0.31847619047619047
Rook contiguity,2006,Taoyuan,9461,-0.29598141917964926,High,0.011511987054080176,2.131978538693234e-6,-0.395486820754565,0.692483646079963,0.768,0.384,0.6924146420650032,0.6039475578290991,0.9386666666666668
Rook contiguity,2006,Xiangtan,8578,3.2749110392818643,Low,0.011313129350769644,2.231092767800479e-6,3.375603123083856,7.365408344965929e-4,0.008,0.004,0.5445312180448073,0.40303203193419446,0.11733333333333333
Rook contiguity,2006,Dao,6925,-1.100091087716944,Low,0.010646578765664142,3.2653928453025342e-6,-0.8997136917778072,0.368272635113305,0.348,0.174,0.8720404503558236,0.6431531813109959,0.6883555555555555
Rook contiguity,2006,Jiangyong,6482,-1.0767836590001807,Low,0.009723764031658881,3.5117698771358174e-6,-0.6418476712903668,0.5209720935878539,0.528,0.264,1.3895348262333629,2.6140081727657174,0.7875254237288136
Rook contiguity,2007,Anxiang,12670,0.6167023086884118,High,0.012178453723575573,4.14319257369157e-6,0.2617526683444382,0.793512132214914,0.596,0.298,1.410626076962357,3.3861691056916143,0.856358208955224
Rook contiguity,2007,Hanshou,8512,-0.4999840831222822,Low,0.010595288417365572,3.0212671885912935e-6,-0.18652353207995803,0.8520342267248538,0.988,0.494,1.0353614208200514,1.2903568944502872,0.996
Rook contiguity,2007,Jinshi,14258,0.9879406967419592,High,0.012799127046293275,3.924636000884924e-6,0.3651288533227831,0.7150152237532464,0.608,0.304,0.9785099081998492,1.1362391829127638,0.856358208955224
Rook contiguity,2007,Li,11048,0.7551119967199373,High,0.011531231350589713,3.7229439265197765e-6,0.7683192673712573,0.44229753059457055,0.348,0.174,1.1448851305229593,2.3377470807852054,0.7291428571428571
Rook contiguity,2007,Linli,11373,0.6747237819657893,High,0.011574912084896078,3.3851473828714255e-6,0.6865256084901178,0.4923817213823443,0.448,0.224,0.7623179866631107,0.46191154559063463,0.8286666666666667
Rook contiguity,2007,Shimen,11760,-0.1662362716716599,High,0.011843847253944769,3.0617274743819705e-6,-0.465467307415574,0.6415968435466101,0.688,0.344,0.8612938455067546,0.8847039723921268,0.8874366197183098
Rook contiguity,2007,Liuyang,19151,3.854432572128303,High,0.014410068450604972,3.208807881167583e-6,3.001275329060051,0.0026885135333529443,0.02,0.01,0.8345612935705066,0.661727486117178,0.19555555555555557
Rook contiguity,2007,Ningxiang,16675,1.8110971664408466,High,0.012787768450633598,2.8620727677880618e-6,1.032982032265174,0.30161230722509075,0.292,0.146,1.0783858276599325,1.9192895144137818,0.6512
Rook contiguity,2007,Wangcheng,21044,4.163383753823145,High,0.014219779173720403,3.0379241513613436e-6,2.8262689919721176,0.004709369856115785,0.032,0.016,1.0404386852342666,1.3491866322510768,0.23466666666666666
Rook contiguity,2007,Anren,7243,0.29248572775374226,Low,0.010748768668763547,2.930249890903691e-6,0.6584221863035585,0.5102668829147006,0.468,0.234,0.8269916162522336,1.3544934374172426,0.8404897959183674
Rook contiguity,2007,Guidong,5876,0.17743082512678604,Low,0.009459635805032276,4.063544370924172e-6,1.156504124750736,0.24747501339054928,0.252,0.126,1.1981974166850407,1.689497848961917,0.6335999999999999
Rook contiguity,2007,Jiahe,13019,0.21302243924171854,High,0.012214554281469494,2.990602039474348e-6,-0.24436551096872922,0.8069477504545806,0.936,0.468,0.6314379528173344,0.18451120279532773,0.9814588235294118
Rook contiguity,2007,Linwu,14108,0.8728881594038873,High,0.012585265078171237,3.0534281507539725e-6,0.3924652217135768,0.6947145033739499,0.536,0.268,1.1075993348965145,1.7414038172344304,0.856358208955224
Rook contiguity,2007,Rucheng,8786,0.2988388179536013,Low,0.010534656785273233,3.8098938674583706e-6,0.7934211573743718,0.4275324880057008,0.368,0.184,1.1676688882455308,1.7085724013383299,0.7352888888888889
Rook contiguity,2007,Yizhang,9437,1.2038499059789718,Low,0.010940182829852511,3.3633855158046584e-6,1.6653050498910302,0.09585191156077728,0.172,0.086,0.9509787430872474,0.7512748338927095,0.5821538461538461
Rook contiguity,2007,Yongxing,14022,1.6664535442715773,High,0.012532929952002109,3.4205864799460482e-6,1.3367093599487438,0.18131752547671434,0.196,0.098,1.4791250883823595,4.012027209439444,0.5866666666666667
Rook contiguity,2007,Zixing,22947,1.7280264828554148,High,0.014715109289171212,2.9650016268488017e-6,-0.07052178859078756,0.9437783589345444,0.936,0.468,1.262344168034246,2.800917255650872,0.9814588235294118
Rook contiguity,2007,Changning,10455,0.3236555803332137,Low,0.01130230325906825,3.1848666913482103e-6,0.3990279142878958,0.689872636166609,0.612,0.306,0.9597105903328519,1.0387602368774962,0.856358208955224
Rook contiguity,2007,Hengdong,11563,0.36113210205938917,High,0.011611151198769857,2.8078115391604323e-6,0.2551340487814729,0.7986195670154665,0.708,0.354,0.6598915172805477,0.3317741540842003,0.8874366197183098
Rook contiguity,2007,Hengnan,10505,-0.06789184092786994,High,0.011308184414398834,2.816679286554933e-6,-0.03780267311162261,0.9698450130624355,0.856,0.428,0.8444726027948237,1.081177203948826,0.9814588235294118
Rook contiguity,2007,Hengshan,10328,-0.13786682826459756,Low,0.011261261258470311,3.118642764952466e-6,-0.09900299538025754,0.9211358918212239,0.968,0.484,0.9163800348777024,1.053293091386271,0.9905116279069768
Rook contiguity,2007,Leiyang,12086,0.4433607927581345,High,0.011778494681167258,2.540445650672042e-6,0.2990285620013883,0.764918252722071,0.632,0.316,1.3925714650037204,4.488456086557468,0.856358208955224
Rook contiguity,2007,Qidong,11343,-0.4851169285403999,High,0.011468753833756444,2.6147371404196106e-6,-0.5903976365813696,0.5549240947214495,0.616,0.308,1.0393580626024825,2.005175618574129,0.856358208955224
Rook contiguity,2007,Chenxi,6556,-1.557569109984937,Low,0.010161013393300266,3.020091152756325e-6,-1.1101178379482337,0.2669482515109443,0.224,0.112,0.8779658194111575,1.5321550629261598,0.616
Rook contiguity,2007,Zhongfang,10660,-1.310624253010729,High,0.011330710255443792,2.838900443563035e-6,-1.544520798267183,0.12246221671974106,0.056,0.028,0.9218441737957592,1.2759440277187277,0.2898823529411765
Rook contiguity,2007,Huitong,6993,-1.111891910829931,Low,0.010194429780831286,3.322988494128358e-6,-0.6914706540288312,0.48926981639813527,0.508,0.254,0.8453654702955172,0.8915698939541001,0.856358208955224
Rook contiguity,2007,Jingzhou,9246,-1.0251463473442952,Low,0.010842436813860332,3.642512046971856e-6,-1.020502306599476,0.307490295884013,0.196,0.098,1.2821441703191427,2.456812227254763,0.5866666666666667
Rook contiguity,2007,Mayang,5962,-1.8825491568186785,Low,0.009992262278184082,3.0641111906209604e-6,-1.3790088005799936,0.16789204050605316,0.088,0.044,1.1171870481882304,2.6782288708926885,0.36876190476190474
Rook contiguity,2007,Tongdao,5331,-1.390808170299371,Low,0.009260256398768563,3.844451311435186e-6,-0.6355351028668997,0.5250794801538821,0.604,0.302,1.4173588472075247,3.2288804374222924,0.856358208955224
Rook contiguity,2007,Xinhuang,6812,-1.1194794206702496,Low,0.008624796697871804,2.4934981493924815e-6,-0.49612958953868824,0.6198029839702501,0.716,0.35,1.959729047807072,7.3352181818354065,0.8874366197183098
Rook contiguity,2007,Xupu,6603,-2.201816043175464,Low,0.010488453067135705,2.0842114027285508e-6,-1.911546742253964,0.05593435597617317,0.012,0.006,0.699126086180208,0.3857890494296017,0.15085714285714286
Rook contiguity,2007,Yuanling,10669,-2.0344028923711943,High,0.011274883022909677,2.448636117449821e-6,-2.0895286386432614,0.0366601627412428,0.004,0.002,0.9821177862374921,1.858091659485729,0.11733333333333333
Rook contiguity,2007,Zhijiang,8115,-1.456623095910486,Low,0.010721539170172972,3.2116370137737987e-6,-1.2760197037881214,0.20194855394609804,0.128,0.064,1.0842864678450608,2.7889785895370993,0.4693333333333333
Rook contiguity,2007,Lengshuijiang,27434,1.956943093044314,High,0.018616918205039124,3.5092854055273656e-6,-1.3560845972640165,0.1750722530116774,0.084,0.042,1.1171130320561882,1.632106090156019,0.36876190476190474
Rook contiguity,2007,Shuangfeng,8357,-0.4731590364973039,Low,0.010838062541940639,3.0181086885604064e-6,-0.20656463027232955,0.8363498854203539,0.94,0.47,1.0391076636230756,1.445815350588533,0.9814588235294118
Rook contiguity,2007,Xinhua,4806,-1.0960008987193057,Low,0.009837406027616917,2.640701223983855e-6,-0.32148634077007804,0.747841861831785,0.9,0.45,0.9096585629781934,1.0295687244432754,0.9814588235294118
Rook contiguity,2007,Chengbu,6839,-1.8151649887766368,Low,0.010037505000753026,3.2404627080241777e-6,-1.4667539501188949,0.14244300085077077,0.056,0.028,0.970992637945591,1.3639273337522866,0.2898823529411765
Rook contiguity,2007,Dongan,10408,-0.8880594278594501,Low,0.011342288754184601,3.4699371780742373e-6,-1.0303056032449704,0.30286656957910296,0.2,0.1,1.0121263338175148,0.9293852779017229,0.5866666666666667
Rook contiguity,2007,Dongkou,7013,-1.8359586887843171,Low,0.01037537134381191,3.3363469511298483e-6,-1.480005363510411,0.13887181530906068,0.064,0.032,0.8341622927089005,0.7458810208469062,0.31288888888888894
Rook contiguity,2007,Longhui,4477,-2.8682092414423015,Low,0.009769621212654154,3.22843297931915e-6,-2.096670020148057,0.03602279616987075,0.004,0.002,1.2292564934230765,3.2372811490129294,0.11733333333333333
Rook contiguity,2007,Shaodong,9197,-1.2380525515067802,Low,0.01105506676451475,2.678848251720878e-6,-1.225383170613952,0.22043088481135092,0.124,0.062,0.8376775774208601,0.4900708712900248,0.4693333333333333
Rook contiguity,2007,Suining,10283,-1.6672432340385943,Low,0.011156040843974164,2.574050983605352e-6,-1.6904767747685427,0.09093677789059164,0.028,0.014,0.6709380219562155,0.2510271861785518,0.23466666666666666
Rook contiguity,2007,Wugang,6334,-2.361801973889197,Low,0.010107339021740594,2.7076188268221603e-6,-1.9194352994745265,0.05492926717310748,0.012,0.006,0.9489306585071586,1.1410476584861797,0.15085714285714286
Rook contiguity,2007,Xinning,5389,-1.976271554690493,Low,0.00962016163618113,3.341563281826477e-6,-1.4086752730890992,0.1589312097369428,0.076,0.038,0.9687810014697106,1.2460012321148293,0.352
Rook contiguity,2007,Xinshao,5961,-0.9278980003875171,Low,0.010184884288398985,2.9368340841291585e-6,-0.3242548944404252,0.7457450653679056,0.868,0.434,0.7815073784239941,0.7134387162051814,0.9814588235294118
Rook contiguity,2007,Shaoshan,20622,2.561376964068112,High,0.015706594226331024,3.5220586553737107e-6,0.9727744932024625,0.3306653923266171,0.28,0.14,1.178932964556539,2.2644184904805433,0.6512
Rook contiguity,2007,Xiangxiang,11950,1.2172546066754373,High,0.011771158726772597,3.159581006798358e-6,1.1476840712843281,0.25109900921115896,0.252,0.126,1.0578437269651721,1.7568948371609538,0.6335999999999999
Rook contiguity,2007,Baojing,7282,-0.9721898630977568,Low,0.010469326393844314,3.587258676641366e-6,-0.5599185243326791,0.5755350128322602,0.648,0.324,1.0163281083464895,1.3835450245815704,0.856358208955224
Rook contiguity,2007,Fenghuang,5524,-0.6352574753009772,Low,0.009571252123963777,3.139893511409375e-6,0.22812244330792789,0.8195510528138388,0.696,0.348,1.191459888582993,2.2590097729356495,0.8874366197183098
Rook contiguity,2007,Guzhang,5085,-1.3150065247565341,Low,0.009839657697825067,3.2259089381080474e-6,-0.6236508265886738,0.5328569233786099,0.6,0.3,0.8264022060218691,0.5588421588818631,0.856358208955224
Rook contiguity,2007,Huayuan,14473,0.613726757898203,High,0.01308695719267509,3.8047580715252032e-6,-0.1257469294010903,0.8999322523859232,0.912,0.456,1.3353118790215284,3.5344737941534223,0.9814588235294118
Rook contiguity,2007,Jishou,17584,0.020510010268051212,High,0.013507855469460268,3.0894935028847324e-6,-1.196441170709681,0.23152444306439263,0.16,0.08,0.9702042237520493,1.1203650444842648,0.5632
Rook contiguity,2007,Longshan,4702,-2.2619621913675707,Low,0.00900424701820437,4.121965203459119e-6,-1.521038215889302,0.12825024741961902,0.032,0.016,1.1873298114017954,1.4707308324278223,0.23466666666666666
Rook contiguity,2007,Luxi,6244,-1.4576066597885917,Low,0.010260525010562876,2.7636831224902253e-6,-0.9753524853793715,0.3293854440572648,0.312,0.156,0.7913320972294096,0.5268915931696978,0.6696585365853659
Rook contiguity,2007,Yongshun,4456,-2.357602790456173,Low,0.009474692727509169,3.168434966447694e-6,-1.601973831320946,0.1091613963580965,0.04,0.02,1.0491516784524326,1.5509221731814327,0.27076923076923076
Rook contiguity,2007,Anhua,6130,-1.062311483675915,Low,0.010452710519099481,3.0141276470536893e-6,-0.546881524764648,0.584460129292361,0.628,0.314,0.8392174944196267,0.608289534868907,0.856358208955224
Rook contiguity,2007,Nan,8463,0.1825771829024318,Low,0.010787487169654306,2.6415482857553537e-6,0.5803664241310721,0.5616675423227085,0.544,0.272,0.5030747518887254,-0.21931793571400604,0.856358208955224
Rook contiguity,2007,Yuanjiang,12085,0.08447580136473352,High,0.011812992254544453,3.0563532574384347e-6,-0.1598741983360933,0.872980173804712,0.996,0.498,1.030365272431413,1.6190249883657657,0.996
Rook contiguity,2007,Jianghua,6931,-1.3845845818234674,Low,0.01002360556672228,3.603025530130478e-6,-0.8879882035046116,0.37454709680183446,0.368,0.184,1.1761192933775688,1.8878152384450777,0.7352888888888889
Rook contiguity,2007,Lanshan,10033,-0.23876365222199936,Low,0.011045636296522218,3.194835288141366e-6,-0.11398806475783704,0.9092472547169776,0.948,0.474,1.064735534603798,1.5183046022385813,0.9814588235294118
Rook contiguity,2007,Ningyuan,5991,-1.0912158381081816,Low,0.010382739998829108,2.8843422705715608e-6,-0.547655591727218,0.5839284100674802,0.64,0.32,0.7675605011765916,0.5512538492234156,0.856358208955224
Rook contiguity,2007,Shuangpai,10869,-0.559374602842904,High,0.01152122059197888,3.652416025534217e-6,-0.7873506968146285,0.43107659985060537,0.376,0.188,1.3213193263352019,2.865181551959501,0.7352888888888889
Rook contiguity,2007,Xintian,7231,-0.5497521462606302,Low,0.01016811891157117,3.3419989624313657e-6,-0.003169613173462632,0.9974710188197237,0.844,0.422,0.9924140470271643,1.057229398131807,0.9814588235294118
Rook contiguity,2007,Huarong,13648,0.5789342025803793,High,0.012815030959642081,3.0628859278152174e-6,0.06673129480088956,0.9467956201830725,0.788,0.394,1.2183641207481029,2.2121632902621062,0.949917808219178
Rook contiguity,2007,Linxiang,11710,0.45387511956466775,High,0.01218622803842076,3.198764076827921e-6,0.3385256418077916,0.7349671071573972,0.544,0.276,2.0120121213113835,6.629642760340378,0.856358208955224
Rook contiguity,2007,Miluo,13949,3.477046070262893,High,0.012425971654315845,2.994153451941184e-6,3.42646261918369,6.114979230535547e-4,0.008,0.004,0.7722546583656816,0.585322097177023,0.1408
Rook contiguity,2007,Pingjiang,8065,2.8504877628167513,Low,0.010391168377757581,3.2472336406243807e-6,3.996274774908024,6.434704261066932e-5,0.004,0.002,1.1070304554152552,1.763798595677481,0.11733333333333333
Rook contiguity,2007,Xiangyin,13413,1.571834208283485,High,0.012174197548233085,3.145906594275916e-6,1.3249097095296059,0.18520110007253515,0.2,0.1,1.0084330968850177,1.7654141978506201,0.5866666666666667
Rook contiguity,2007,Cili,7841,-0.673952834415212,Low,0.010289120285075386,4.345513710031109e-6,-0.2631540706498037,0.7924318297440078,0.928,0.464,1.3974814290298494,2.3350487424927833,0.9814588235294118
Rook contiguity,2007,Chaling,9756,0.054135661427016514,Low,0.01101327830422455,3.75163743699939e-6,0.2481954118655375,0.8039832161147978,0.652,0.326,1.2634879551284317,2.5478149350061203,0.856358208955224
Rook contiguity,2007,Liling,15769,2.232380175216176,High,0.013578051011319741,3.5010272096717284e-6,1.6898259673474754,0.09106125435160309,0.124,0.062,1.2719597388283292,2.3014095485296844,0.4693333333333333
Rook contiguity,2007,Yanling,10996,0.39666639438188434,High,0.011628331494865092,3.5095566260042134e-6,0.32139513727216834,0.7479109677119296,0.62,0.31,0.9831283552669342,1.161278970985884,0.856358208955224
Rook contiguity,2007,You,15358,0.9870700170799273,High,0.012826640541185153,3.160268545533405e-6,0.29347492937703107,0.7691591597462987,0.644,0.322,1.0158855439099204,1.3246097080370278,0.856358208955224
Rook contiguity,2007,Zhuzhou,11301,3.4622434258262844,High,0.011515592183202049,2.659877878042259e-6,3.874943066597255,1.0664963129847938e-4,0.008,0.004,0.8572976118278035,0.8246698787320716,0.1408
Rook contiguity,2007,Sangzhi,6194,-1.5068869326099217,Low,0.010239232658513552,2.901367235722912e-6,-0.9935073076034194,0.32046279104681,0.288,0.144,0.8717458450939987,0.7486043897471824,0.6512
Rook contiguity,2007,Yueyang,12043,0.7488449769491499,High,0.011620121779836262,2.3169712019546265e-6,0.6930509111720546,0.4882776022498652,0.452,0.226,0.6629915115141838,0.7986644008933799,0.8286666666666667
Rook contiguity,2007,Qiyang,9996,-0.3668905667058141,Low,0.0112212542497865,2.878365462319558e-6,-0.2947924958108698,0.7681523993118676,0.86,0.43,0.9253687744611232,1.0326824857626589,0.9814588235294118
Rook contiguity,2007,Taojiang,8007,0.7368301027789687,Low,0.01079178654424025,2.8786305724274e-6,1.0975896547698696,0.2723837122534147,0.268,0.134,1.0870131047012679,1.954877950909884,0.6512
Rook contiguity,2007,Shaoyang,4704,-2.1966529181887036,Low,0.010031544331277117,2.584276845086169e-6,-1.5643570063518515,0.1177337514877815,0.056,0.028,0.7755181053338437,0.9053892314705556,0.2898823529411765
Rook contiguity,2007,Lianyuan,8648,0.1830675377610157,Low,0.011007677978398134,2.5919369797429115e-6,0.4088162685884609,0.6826745000420287,0.568,0.284,0.8522637563475669,0.8670631736065304,0.856358208955224
Rook contiguity,2007,Hongjiang,7906,-1.3410273359777816,Low,0.01067795448533988,2.805810355033215e-6,-1.0871142833358847,0.2769863061860637,0.232,0.116,0.8268659137306058,0.730255559821642,0.6186666666666667
Rook contiguity,2007,Hengyang,9495,-0.3682051817810135,Low,0.011149408400446235,3.306062844109118e-6,-0.2893585631569099,0.7723070010895609,0.912,0.456,0.9508168693873504,1.2103335037267753,0.9814588235294118
Rook contiguity,2007,Guiyang,12879,1.4810296237196647,High,0.011814621637381919,2.3412999561462205e-6,1.218970384701133,0.22285543314215955,0.22,0.11,0.871485267255328,0.9633169218150894,0.616
Rook contiguity,2007,Changsha,36272,5.295889289291289,High,0.018093247784411348,2.0173978546631578e-6,2.2314936542582404,0.025648447393263683,0.048,0.024,0.5122429339713188,0.46706901331952233,0.2898823529411765
Rook contiguity,2007,Taoyuan,11371,-0.35522432717582725,High,0.011493100884341,2.2967759367627016e-6,-0.43409828599965367,0.6642170701036143,0.744,0.372,0.8740365726542629,1.0052662438046367,0.9093333333333334
Rook contiguity,2007,Xiangtan,11140,3.451982551155298,High,0.011529055193003339,2.453418686628524e-6,3.3409789482774337,8.348355276523516e-4,0.016,0.008,0.9582298910166962,1.2108982156671964,0.176
Rook contiguity,2007,Dao,8557,-1.1813856242005596,Low,0.01057950522094649,3.309998335291034e-6,-0.9879509159440366,0.3231766876214954,0.296,0.148,1.1823827745714597,1.98366652273858,0.6512
Rook contiguity,2007,Jiangyong,7789,-1.092533568548118,Low,0.009810234959875557,3.236246892949014e-6,-0.7815566891687111,0.43447514869517123,0.396,0.198,1.502182332980376,4.732186156556717,0.7575652173913044
Rook contiguity,2008,Anxiang,14128,0.3366097228750633,High,0.011733308269683294,3.998400861222488e-6,0.20815439182559473,0.8351084185981463,0.66,0.33,1.4446632262550367,3.7038106814664253,0.903641791044776
Rook contiguity,2008,Hanshou,11478,-0.33735776712006,Low,0.011049270798709153,4.234507250504556e-6,-0.22999332698660782,0.8180969550328735,0.984,0.492,1.2181771193802693,2.423880547947287,0.9953103448275863
Rook contiguity,2008,Jinshi,16969,0.8031040853087412,High,0.012569449676249891,3.7409684535064106e-6,0.34600526878066357,0.7293387551149693,0.592,0.296,1.149696945164472,1.7121910849351814,0.8829830508474577
Rook contiguity,2008,Li,12723,0.5123215321431488,High,0.011457917436072012,3.861426183986849e-6,0.560727605830198,0.5749832450295113,0.472,0.236,1.1263145173511897,1.6822744883472307,0.8144313725490196
Rook contiguity,2008,Linli,14564,0.5705933056249128,High,0.012164668300596471,4.097903281299924e-6,0.2623869670413003,0.7930231195878994,0.672,0.336,0.8754741141747339,0.6567745988859532,0.903641791044776
Rook contiguity,2008,Shimen,12902,-0.3826165492302932,High,0.011372556987406851,3.7750128250260193e-6,-0.42765518988842904,0.6689021784624434,0.756,0.378,1.0919552756754622,1.7786124118384699,0.9089620253164555
Rook contiguity,2008,Liuyang,25545,4.153090711351005,High,0.015169247891791856,3.7447475720541615e-6,3.0441241520123126,0.0023335881537465283,0.024,0.012,1.1702611491964365,1.8763483830787937,0.21120000000000003
Rook contiguity,2008,Ningxiang,22659,2.1591822091123825,High,0.013302425157516165,2.9800470775367854e-6,1.2172332702472066,0.22351547505210925,0.272,0.136,0.9193598104666904,1.8350471209366317,0.6564324324324325
Rook contiguity,2008,Wangcheng,28581,4.560895930282463,High,0.014705546891678745,3.1563524819761117e-6,3.2459664373045225,0.0011705263839544263,0.024,0.012,1.1252888200887576,1.74882082028968,0.21120000000000003
Rook contiguity,2008,Anren,8804,0.18587731179065617,Low,0.010613648323805616,2.5317310055088576e-06,0.6899359463427093,0.49023446923395575,0.392,0.196,0.9184486487667913,1.987305558998421,0.7788936170212766
Rook contiguity,2008,Guidong,5932,-0.3256256787258935,Low,0.008860262746487262,3.883963540416599e-6,0.8450959220253168,0.39805728500293,0.324,0.162,1.358788980656957,3.1108618637553827,0.7040000000000001
Rook contiguity,2008,Jiahe,15285,-0.16674448289785926,High,0.011908333442192151,3.7174240039682016e-6,-0.4683041793651494,0.6395670801042935,0.732,0.366,1.0511742489632592,1.1413933611852984,0.9072676056338027
Rook contiguity,2008,Linwu,13441,0.3878376556062835,High,0.011688032785362542,4.132568880314789e-6,0.28585425902642286,0.7749897484896263,0.58,0.29,1.137929555888448,1.3516483081343678,0.8799999999999999
Rook contiguity,2008,Rucheng,6366,-0.15891826164410744,Low,0.00919181285761472,4.27304945015091e-6,0.852825502270918,0.39375607935823304,0.388,0.194,0.9906522706331534,1.0612576514824097,0.7788936170212766
Rook contiguity,2008,Yizhang,13391,0.9304054981458252,High,0.011604738957185036,3.782195845536748e-6,0.9929910258124158,0.32071432787592175,0.328,0.164,0.9544298909116943,1.0557434853943892,0.7040000000000001
Rook contiguity,2008,Yongxing,16973,1.6278738022813952,High,0.012851381883313015,4.01113679096618e-6,1.154854821328455,0.24814988298083573,0.264,0.132,1.0151834701337639,1.2245174843480253,0.6564324324324325
Rook contiguity,2008,Zixing,29006,1.443288417374866,High,0.014834086992254154,2.8836018196603314e-6,-0.34626907242153926,0.7291405092076612,0.816,0.408,0.8282289174710092,0.6963925262439785,0.9089620253164555
Rook contiguity,2008,Changning,12898,0.24507666823757004,High,0.01146326443779185,3.826671815173068e-6,0.21821930389973604,0.8272582451609429,0.68,0.34,1.0903809661505648,1.496602911157554,0.903641791044776
Rook contiguity,2008,Hengdong,13874,0.3492511749653171,High,0.011570631865090619,3.3147502994244116e-6,0.2694138092869237,0.7876112606273699,0.68,0.34,0.9479300919101787,1.2935507055351767,0.903641791044776
Rook contiguity,2008,Hengnan,12351,-0.09857263156736959,Low,0.01131151546807997,3.106447494465933e-6,-0.07507452227056809,0.940155418887619,0.896,0.448,0.6976422515223837,0.3439628738476559,0.9856000000000001
Rook contiguity,2008,Hengshan,12627,-0.19442191831599964,Low,0.011481708653272402,3.6973314212820337e-6,-0.27862633047099256,0.7805316038109673,0.92,0.46,0.8404936825986222,1.2511466303201253,0.9873170731707318
Rook contiguity,2008,Leiyang,14731,0.40290962969532645,High,0.011881893249306628,3.6300776741534975e-6,0.18229734679917034,0.8553493807467849,0.7,0.35,0.9638046151655079,0.9580618812129402,0.9058823529411765
Rook contiguity,2008,Qidong,13469,-0.5386710270774802,High,0.011439141909591513,2.8891846365082646e-6,-0.6373960293643778,0.5238669140830925,0.58,0.29,0.6520041685139406,0.5692231665558438,0.8799999999999999
Rook contiguity,2008,Chenxi,7868,-1.4038184767271864,Low,0.010141907086122618,3.446296466384535e-6,-0.9664508612190514,0.3338186241411016,0.304,0.152,0.8516332331706448,0.6160770970903657,0.6859487179487179
Rook contiguity,2008,Zhongfang,14660,-1.0212256517876375,High,0.011722498616990082,3.497023655542346e-6,-1.3651064058426765,0.17221960897518251,0.04,0.02,1.4327525835998343,3.9810414249270867,0.242
Rook contiguity,2008,Huitong,8168,-1.1242188138716098,Low,0.01008099143130532,4.064557848557763e-6,-0.6657084028622469,0.5055975015235026,0.524,0.262,1.1179653860935308,1.7712607207265476,0.8640000000000001
Rook contiguity,2008,Jingzhou,11398,-1.0379843906977082,Low,0.011063899110999574,4.912147699097089e-6,-1.0698434030220285,0.2846898020287682,0.136,0.068,1.659934566530589,3.681243151082964,0.544
Rook contiguity,2008,Mayang,7130,-1.6254169090081998,Low,0.009862123121725717,2.837783212463232e-6,-1.1815594465016044,0.23738055267963346,0.164,0.082,0.9465508785896468,1.4145597447025482,0.5550769230769231
Rook contiguity,2008,Tongdao,6655,-1.3982425354327923,Low,0.009242412581896233,4.321071356724967e-6,-0.7103597448074637,0.47748107951749247,0.448,0.224,1.140501940941558,1.3039842643752841,0.8045714285714286
Rook contiguity,2008,Xinhuang,8479,-0.9696219429992019,Low,0.008872544217837442,4.38154794396967e-6,-0.3671240705296278,0.7135264733230013,0.812,0.4,2.307890181908734,7.444469290955164,0.9089620253164555
Rook contiguity,2008,Xupu,7354,-2.097378122668475,Low,0.010431244902980114,2.6540257880928033e-6,-1.6984737144127362,0.08941838968641876,0.052,0.026,0.7129829731233746,0.6690795083829539,0.2691764705882353
Rook contiguity,2008,Yuanling,12259,-2.015904954362412,Low,0.011231157952478336,2.7355963414897962e-6,-2.0697085037761913,0.03847964993458864,0.004,0.002,1.2106537960549677,2.187580037731034,0.11733333333333333
Rook contiguity,2008,Zhijiang,10145,-1.2055430557575797,Low,0.010602212259056434,2.9825887910743434e-6,-1.0587518383940735,0.2897128127086659,0.252,0.126,0.8408256347591705,0.750584423246297,0.6564324324324325
Rook contiguity,2008,Lengshuijiang,33518,1.8663920902553974,High,0.018720418512621254,3.551614625616069e-6,-1.355378764466979,0.17529691182083404,0.084,0.042,1.2471038490435917,2.2563327794682806,0.3872
Rook contiguity,2008,Shuangfeng,9517,-0.5069567664667691,Low,0.010804714348102479,3.986974445019559e-6,-0.22714026477860852,0.8203146754123817,0.984,0.492,0.9620847226674433,1.015563547787072,0.9953103448275863
Rook contiguity,2008,Xinhua,5622,-1.0786229474281783,Low,0.009914860529579876,3.461186074582301e-6,-0.3791509062181969,0.70457580567210365,0.788,0.394,1.139974764503462,2.2685580624107144,0.9089620253164555
Rook contiguity,2008,Chengbu,7744,-1.8560738678530115,Low,0.009926301566419464,3.713576819605896e-6,-1.502867424811001,0.1328732346948393,0.044,0.022,0.9632774972649386,1.0110829685172558,0.242
Rook contiguity,2008,Dongan,11989,-0.9613139877863278,Low,0.01118746985902565,3.9634131854458e-6,-1.0388898084942735,0.29885598675787733,0.228,0.114,1.273750469881397,2.1771198238914957,0.649
Rook contiguity,2008,Dongkou,8018,-1.8865034064763018,Low,0.01019408407447228,3.3554032499080057e-6,-1.574037209180322,0.11547884742013842,0.036,0.018,0.9829541275592812,1.1556751249700845,0.242
Rook contiguity,2008,Longhui,5336,-2.7574642500316036,Low,0.009683631531907516,3.1137459693667764e-6,-2.1688038420669074,0.030097579434694686,0.004,0.002,1.0918137679236217,1.5889820103619146,0.11733333333333333
Rook contiguity,2008,Shaodong,11413,-1.1939443318020475,Low,0.011113685710173241,3.650055487063914e-6,-1.1172504155710847,0.2638872698258571,0.16,0.08,1.083338316913066,1.7132520924618504,0.5550769230769231
Rook contiguity,2008,Suining,10834,-1.7509924242470072,Low,0.011031611517225847,3.2163748729465163e-6,-1.6417082604461624,0.10065047893623116,0.04,0.02,1.1157257895069455,2.380112678658395,0.242
Rook contiguity,2008,Wugang,7751,-2.35002155947602,Low,0.01036266065616044,3.7085394891544875e-6,-1.9173448934972521,0.05519413009805325,0.012,0.006,1.008127570363102,1.198607202792739,0.132
Rook contiguity,2008,Xinning,6295,-1.9322754177907029,Low,0.009420028982505888,3.8669872046769624e-6,-1.3057744784647833,0.19162926154903806,0.088,0.044,1.2500908536127338,2.2110214154475507,0.3872
Rook contiguity,2008,Xinshao,7055,-0.8528647748053317,Low,0.010011077637523257,2.9888746828402196e-6,-0.20287020360029215,0.8392364840703419,0.976,0.488,0.7800755699008411,0.5517470177180277,0.9953103448275863
Rook contiguity,2008,Shaoshan,25249,2.6219092677954365,High,0.015695542777040092,4.005074906029243e-6,1.206540259603697,0.2276092455675816,0.232,0.116,1.2635946087855434,2.2756461555844103,0.649
Rook contiguity,2008,Xiangxiang,14424,1.2739137503325704,High,0.01182479170858294,3.399762315264912e-6,1.234179208710171,0.21713613308794288,0.264,0.132,1.0341464908758797,1.3187372335764191,0.6564324324324325
Rook contiguity,2008,Baojing,8754,-0.9663479781137383,Low,0.010293463934831775,3.0782670699951376e-6,-0.5733054898328452,0.5664378689610085,0.648,0.324,0.75808242445869,0.5798033673536143,0.903641791044776
Rook contiguity,2008,Fenghuang,6491,-0.6682902125637453,Low,0.009626076104244853,4.0201446092310174e-6,0.08841455858380866,0.9295471905342272,0.776,0.388,1.7610474016694768,5.871093522460908,0.9089620253164555
Rook contiguity,2008,Guzhang,6354,-1.2880981648496175,Low,0.0099048470034375,3.7395871770089965e-6,-0.676632774799628,0.4986389788944248,0.54,0.27,0.997626327359312,1.2632072520699706,0.8640000000000001
Rook contiguity,2008,Huayuan,17460,0.4756297111126188,High,0.013083587008622718,4.3566517705732765e-6,-0.23767667535766512,0.8121318756940671,0.976,0.488,1.4426758502532293,3.299148631728732,0.9953103448275863
Rook contiguity,2008,Jishou,19997,-0.09665614967304309,High,0.013135741141050327,3.389067615143054e-6,-1.0754028309503618,0.28219441490241803,0.18,0.09,1.0707359722572287,1.3689206545751906,0.5866666666666666
Rook contiguity,2008,Longshan,5796,-2.1248944387478796,Low,0.008922545801782802,4.065442061523627e-6,-1.5010419871012195,0.13334470208161134,0.044,0.022,0.9539727902955011,0.7616836923462205,0.242
Rook contiguity,2008,Luxi,8003,-1.4170636996217927,Low,0.010391284520531435,3.182072538264127e-6,-1.041417759422477,0.29768170371297686,0.228,0.114,1.0706106047980635,1.710209033816188,0.649
Rook contiguity,2008,Yongshun,5361,-2.2448784754249775,Low,0.009584225926534696,3.218444782551762e-6,-1.696393491166042,0.08981138554179544,0.028,0.014,0.8412700643370521,1.333808732331586,0.224
Rook contiguity,2008,Anhua,7230,-0.9631086953690036,Low,0.010276422690606532,2.870017611189045e-6,-0.4219745279220721,0.6730436098860435,0.792,0.396,0.8850375734441827,1.1294061026275557,0.9089620253164555
Rook contiguity,2008,Nan,10120,0.19288322860206925,Low,0.010675544586135115,3.314211478102776e-6,0.6055866355600726,0.5447892790835243,0.468,0.234,1.020532387523957,1.4252061144867465,0.8144313725490196
Rook contiguity,2008,Yuanjiang,14482,0.1670549321881578,High,0.011884281564757111,3.6432701483131744e-6,-0.08474497888922972,0.9324641365769147,0.936,0.468,1.0632220495313736,1.896320355265563,0.9923855421686748
Rook contiguity,2008,Jianghua,8578,-1.2841139989089327,Low,0.010320921387454066,4.4499779365071425e-6,-0.9269328893902579,0.35396137955279683,0.288,0.144,1.1807541739962375,1.8983753185166368,0.6669473684210526
Rook contiguity,2008,Lanshan,11564,-0.5459194882520426,Low,0.011138680554898037,4.021903910325946e-6,-0.5233821087271107,0.6007083720992309,0.68,0.34,0.8941623548692395,0.6364988539414451,0.903641791044776
Rook contiguity,2008,Ningyuan,7051,-1.1085297338273197,Low,0.010207844680657226,3.0111694718585585e-6,-0.5292505193991914,0.5966316754261087,0.688,0.344,0.8221080565291482,0.9978132568768059,0.903641791044776
Rook contiguity,2008,Shuangpai,13854,-0.4932394933074973,High,0.011716255098147917,4.153787851285783e-6,-0.795741738813379,0.4261821613905291,0.416,0.208,1.3455765038333547,2.320585137971121,0.7788936170212766
Rook contiguity,2008,Xintian,8312,-0.679432287932786,Low,0.010117908410768312,3.750324769942574e-6,-0.1758632008559141,0.8604014161751293,1,0.5,1.1030042514266658,2.114325387415451,1
Rook contiguity,2008,Huarong,16722,0.600662870902451,High,0.013175118748848275,3.862770349201358e-6,-0.0371873589077507,0.9703356177720271,0.8,0.4,1.2881618519210525,2.0973413775182568,0.9089620253164555
Rook contiguity,2008,Linxiang,15351,0.6722431686832998,High,0.012905535694913501,3.301960813553108e-6,0.3951116373050558,0.6927605008318419,0.448,0.232,2.2848968179484843,8.913099390249334,0.8045714285714286
Rook contiguity,2008,Miluo,16968,3.6320431778871676,High,0.012406061206962018,3.2549953556117487e-6,3.7471222137008353,1.7887494740555828e-4,0.008,0.004,0.9697758915830487,1.1122937048045065,0.132
Rook contiguity,2008,Pingjiang,9748,3.0244753183663007,Low,0.010410626858185017,3.934642367667845e-6,4.040336556914379,5.3374551300604886e-5,0.008,0.004,1.098894127741376,1.52649209807465,0.132
Rook contiguity,2008,Xiangyin,16070,1.690447223446522,High,0.01211213071085487,3.489298928590726e-6,1.5434686164312126,0.12271711641332397,0.156,0.078,0.8968487907008983,0.6498783287870182,0.5550769230769231
Rook contiguity,2008,Cili,8817,-0.8680697209242606,Low,0.010080257268272004,4.0365990753266495e-6,-0.47298030254934614,0.6362272322084714,0.728,0.364,1.1833721730079563,1.601408803105925,0.9072676056338027
Rook contiguity,2008,Chaling,12069,-0.035020695707539996,Low,0.011083683402575149,4.108930287738583e-6,0.09365340763042052,0.9253844828555297,0.72,0.36,1.3969840463661982,2.7716336872073786,0.9072676056338027
Rook contiguity,2008,Liling,19447,2.354522005349326,High,0.013716056597289776,3.962594817910295e-6,1.8617625958931443,0.06263656096649126,0.124,0.062,1.6365359062737068,3.8518829165343362,0.5196190476190476
Rook contiguity,2008,Yanling,11434,0.17101543032139163,Low,0.010896470870329236,3.4524970533592396e-6,0.46630835128722015,0.6409948018453111,0.56,0.28,1.1767361292050058,3.0161465487454295,0.8799999999999999
Rook contiguity,2008,You,18462,0.9932025195615205,High,0.012670731500295282,3.2014644648720946e-6,0.46199659900248585,0.6440837593707835,0.54,0.27,0.9649951995642002,1.4095212861591069,0.8640000000000001
Rook contiguity,2008,Zhuzhou,14209,3.6009324297837217,High,0.01168782111127544,3.3107771705521186e-6,3.774205886499622,1.6051815653184002e-4,0.012,0.006,1.0921797210321673,2.8195843555852917,0.132
Rook contiguity,2008,Sangzhi,7157,-1.6112685041735033,Low,0.010261448084702841,3.6935661670440756e-6,-1.1008764370790918,0.27095043850658984,0.148,0.074,1.128387861586902,1.8917109499311655,0.5550769230769231
Rook contiguity,2008,Yueyang,14860,0.8079917103821104,High,0.011721275953564304,3.0884267808536577e-6,0.6567714495095146,0.5113278846822318,0.416,0.208,1.0335080450477472,1.6062363872953798,0.7788936170212766
Rook contiguity,2008,Qiyang,11495,-0.453122972951452,Low,0.011209043438300852,2.8283571089875084e-6,-0.41221506501982674,0.6801817960322203,0.808,0.404,0.5784556676628222,0.017409023321112826,0.9089620253164555
Rook contiguity,2008,Taojiang,9985,1.0469509699147128,Low,0.01090819978192989,3.3213294300466085e-6,1.3248095169803942,0.1852343374801485,0.236,0.118,0.9662125049915067,0.9772662574666895,0.649
Rook contiguity,2008,Shaoyang,5759,-2.0873784527687156,Low,0.010003103756316337,2.846254450508476e-6,-1.5086322254810436,0.13139279414625887,0.068,0.034,0.7504531611807246,0.3767607015826653,0.3324444444444445
Rook contiguity,2008,Lianyuan,10396,0.28222833490995136,Low,0.010944134721462096,2.750742150132559e-6,0.5530797361295616,0.5802088117503852,0.516,0.258,0.6639105871129746,0.24868014611151734,0.8640000000000001
Rook contiguity,2008,Hongjiang,9739,-1.2737822132916492,Low,0.010675157897319034,2.8499557853098453e-6,-1.0990760589588444,0.2717348916098454,0.204,0.102,1.016619642438502,1.7726367518505368,0.6411428571428571
Rook contiguity,2008,Hengyang,11057,-0.428606425754832,Low,0.010997149238110536,3.6949689963477947e-6,-0.28836391059585226,0.7730681900966778,0.92,0.46,1.0596764108371788,1.4164065376608859,0.9873170731707318
Rook contiguity,2008,Guiyang,14943,1.2722964315407501,High,0.011673646873471734,2.6753249708652994e-6,1.110207061603497,0.26690981051422663,0.276,0.138,0.7668736459708512,0.9590989669443402,0.6564324324324325
Rook contiguity,2008,Changsha,46371,5.603953709687399,High,0.01852878492812764,2.0291214330471263e-6,2.826812783538985,0.004701380516838195,0.012,0.006,0.5266963902216035,0.45464355506563736,0.132
Rook contiguity,2008,Taoyuan,13197,-0.47661668291298465,High,0.011506941184606077,2.8236562219181605e-6,-0.536085171380356,0.5918996880033125,0.608,0.304,0.9171298210173824,0.982779775504163,0.8917333333333333
Rook contiguity,2008,Xiangtan,13364,3.654968976787842,High,0.011413482955519838,2.3517815919577854e-6,3.949870979059551,7.819333092271496e-5,0.004,0.002,0.5599013634202826,0.1750982007085451,0.11733333333333333
Rook contiguity,2008,Dao,10012,-1.0456479720450993,Low,0.010715415372513318,4.360571616943972e-6,-0.8586824532278345,0.3905157337828454,0.416,0.208,0.963913239070207,1.0745210401426926,0.7788936170212766
Rook contiguity,2008,Jiangyong,10172,-0.9095619209959005,Low,0.010386811051607813,4.71805415994465e-6,-0.7621914670502924,0.44594573811874527,0.384,0.192,1.599553345653587,3.1699655595099276,0.7788936170212766
Rook contiguity,2009,Anxiang,16763,0.5438115383855249,High,0.012048467252543472,5.39044432745167e-6,0.33225840028718295,0.7396941489826794,0.556,0.278,1.483203767577798,2.939108928397858,0.8154666666666667
Rook contiguity,2009,Hanshou,12140,-0.38490285280572306,Low,0.010668481155694458,4.882711632350437e-6,-0.1518574348477506,0.8792993809179857,0.956,0.478,1.2856451342032948,2.4859680979016874,0.9791264367816093
Rook contiguity,2009,Jinshi,20528,0.9146754870439145,High,0.012988299949717343,5.293358571088493e-6,0.3584518613481729,0.7200051867013558,0.544,0.272,1.666438698712125,4.64979297055499,0.8154666666666667
Rook contiguity,2009,Li,15786,0.8087707586578999,High,0.011739721149463412,4.829299123813317e-6,0.8143929089867995,0.41541989958941555,0.304,0.152,1.396407932398146,3.1750515992229182,0.7610810810810812
Rook contiguity,2009,Linli,16160,0.7283305409182887,High,0.01176210241882101,5.314835448283589e-6,0.6731584246947756,0.5008465078703679,0.36,0.18,1.4395918295998291,2.5545226511104246,0.8108571428571428
Rook contiguity,2009,Shimen,17355,0.0013305246589236665,High,0.01215565053659351,5.920148306799428e-6,-0.3241643157219388,0.7458136365255075,0.868,0.434,1.3693137643027824,2.4082001753160984,0.9713417721518987
Rook contiguity,2009,Liuyang,31397,4.392061685083136,High,0.01572082965790019,4.694320392258191e-6,3.417318783687328,6.324118057881582e-4,0.02,0.01,1.2010755344256723,1.669625950637573,0.176
Rook contiguity,2009,Ningxiang,29326,2.25177058680462,High,0.013902876266357918,3.855145555837775e-6,1.1679713707221566,0.24281831324777858,0.252,0.126,0.9101667853064378,0.9335375753433759,0.6930000000000001
Rook contiguity,2009,Wangcheng,37231,5.185431953677713,High,0.01578905623413061,4.529969829498156e-6,3.501496893893096,4.626523642567057e-4,0.012,0.006,1.216553365681917,1.9895318537601163,0.176
Rook contiguity,2009,Anren,6386,-0.14241794451787626,Low,0.010076345260242061,4.782722664047058e-6,0.4488683343903608,0.6535266401381603,0.496,0.248,1.3567323317900124,3.0281597786428147,0.8108571428571428
Rook contiguity,2009,Guidong,5615,-0.48327249776765735,Low,0.00867129702875711,5.610180498608634e-6,0.5345270386527611,0.592976947590307,0.432,0.216,1.5652352870504604,3.2035774072964625,0.8108571428571428
Rook contiguity,2009,Jiahe,17190,-0.19482443699299298,High,0.011917809205257198,4.774646211885924e-6,-0.4733104505255982,0.6359917073799182,0.716,0.358,1.365877739635421,2.5068192472443807,0.9691428571428571
Rook contiguity,2009,Linwu,15375,0.09043467926049306,High,0.01166783895619406,5.4962159590299875e-6,-0.02645964124389257,0.9788907239409277,0.848,0.424,1.4720378458090901,3.3328639015316295,0.9691428571428571
Rook contiguity,2009,Rucheng,5707,-0.6114266020422415,Low,0.008621467076801078,4.614204831004987e-6,0.43652372442855936,0.6624567900521684,0.516,0.258,1.403579827785016,2.8927124991153503,0.8108571428571428
Rook contiguity,2009,Yizhang,10292,0.28714308902128305,Low,0.010285838277621917,5.109138049056043e-6,0.8170117102631933,0.41392173596494225,0.32,0.16,1.3237881775066853,2.0378679806645525,0.7610810810810812
Rook contiguity,2009,Yongxing,19164,1.313816886478253,High,0.012585869572945321,5.1146866451258726e-6,1.0152129774175664,0.310004315791479,0.264,0.132,1.5802178942045244,4.307167836403398,0.704
Rook contiguity,2009,Zixing,32958,0.9516770549012737,High,0.014906620975031568,3.941336170618599e-6,-0.6865751840496628,0.49235047102268614,0.504,0.252,1.2291746247612785,2.3467452305737213,0.8108571428571428
Rook contiguity,2009,Changning,14905,0.15868661412096166,High,0.011418931745258518,4.07876362716215e-6,0.1662291378899117,0.8679766297157265,0.788,0.394,0.94552990418124,1.853307469066662,0.9691428571428571
Rook contiguity,2009,Hengdong,16461,0.1637461351314396,High,0.011853649162247062,4.783107711644132e-6,-0.05255107506672762,0.9580895995064233,0.908,0.454,1.0765197114398644,1.4738792743321847,0.9791264367816093
Rook contiguity,2009,Hengnan,13334,-0.2355236798283029,Low,0.011287659286299092,3.816788482342383e-6,-0.2198321250841818,0.8260018993637712,0.98,0.49,1.0909213041228665,1.5968935146841412,0.98
Rook contiguity,2009,Hengshan,15357,-0.15754258231764642,High,0.011477136657984827,4.267705330691968e-6,-0.2428511596392126,0.8081207019628528,0.948,0.474,1.0760792124526182,1.3753918751876242,0.9791264367816093
Rook contiguity,2009,Leiyang,17756,0.2833578716789647,High,0.012065569461998788,4.532922823928295e-6,-0.001750367816191776,0.9986034092568773,0.832,0.416,1.0764908417343986,1.03155809257827,0.9691428571428571
Rook contiguity,2009,Qidong,13516,-0.674450717720317,Low,0.011252515644815192,3.6675709424812126e-6,-0.6977787712264648,0.4853155571376066,0.516,0.258,1.0531981418355556,1.2002777654098056,0.8108571428571428
Rook contiguity,2009,Chenxi,9099,-1.1316057373311157,Low,0.010265467049999713,4.99926845623324e-6,-0.7559168277045566,0.4496990640478127,0.46,0.23,1.0918105053011178,1.6346763999724203,0.8108571428571428
Rook contiguity,2009,Zhongfang,16912,-0.9106728229418223,High,0.012080363239024982,4.831816502769745e-6,-1.3468961412682343,0.17801368448600424,0.068,0.034,1.1316884854814295,1.499813875611184,0.3324444444444445
Rook contiguity,2009,Huitong,8069,-1.2595791836136125,Low,0.009756798841622977,4.931023364490526e-6,-0.7953413582948473,0.42641496165651477,0.42,0.21,1.4047517553140159,2.7720742642650738,0.8108571428571428
Rook contiguity,2009,Jingzhou,11994,-1.153381443012248,Low,0.010647695926590916,5.584317415809429e-6,-1.137481623748134,0.25533700233189455,0.128,0.064,1.4358889799793244,2.5900433403067913,0.512
Rook contiguity,2009,Mayang,8044,-1.2525993766720682,Low,0.009971392749608763,4.73882722190784e-6,-0.778276013387733,0.4364063131127281,0.456,0.228,1.1195638686174982,1.4313629008783888,0.8108571428571428
Rook contiguity,2009,Tongdao,7491,-1.469441166845836,Low,0.009171500482972862,5.799985789810217e-6,-0.8904909640949902,0.3732023181439953,0.292,0.146,1.4097364551436087,2.16100856680288,0.7557647058823529
Rook contiguity,2009,Xinhuang,8029,-1.0607704594564225,Low,0.007937778792573996,4.3156860087932185e-6,-0.31970453958633344,0.7491923181707488,0.848,0.418,2.856123939104097,12.864241194559778,0.9691428571428571
Rook contiguity,2009,Xupu,7855,-1.898790168255232,Low,0.01040360266894774,3.7255205593324167e-6,-1.4927649538557548,0.13549872407587482,0.064,0.032,0.8218842127939011,0.9138299819479672,0.33129411764705885
Rook contiguity,2009,Yuanling,13596,-1.7005855193115276,Low,0.011179318434010219,4.010904347886091e-6,-1.6257945263854812,0.10399337315982529,0.024,0.012,1.011852051092029,1.107341194208952,0.176
Rook contiguity,2009,Zhijiang,11462,-1.2005610789008077,Low,0.010902099995773566,5.808311223612656e-6,-1.0359561598128297,0.30022259561263037,0.192,0.096,1.5474632334988743,3.9644582497280556,0.6034285714285714
Rook contiguity,2009,Lengshuijiang,35033,1.2066422105911259,High,0.01772976334875608,4.664799482062815e-6,-1.2987218406372465,0.1940394059466779,0.084,0.042,1.7597352777643374,4.4504207298486484,0.36960000000000004
Rook contiguity,2009,Shuangfeng,9553,-0.5839444905480075,Low,0.010312789101382266,3.974735851033453e-6,-0.1438319128798672,0.8856332020485198,0.96,0.48,1.0089520075733507,1.1619739334865393,0.9791264367816093
Rook contiguity,2009,Xinhua,7037,-1.1364047861889324,Low,0.00993364280836171,4.823560987635998e-6,-0.5341306665877,0.5932511340294122,0.644,0.322,1.46499186202804,3.2331779130545106,0.9140645161290323
Rook contiguity,2009,Chengbu,6690,-1.970463439159068,Low,0.009493545685617836,5.3469542429397064e-6,-1.4731849311112746,0.14070117716253436,0.036,0.018,1.2145614396576883,1.650633702054562,0.22628571428571426
Rook contiguity,2009,Dongan,13364,-1.0177650321264389,Low,0.011220467278689866,5.289767383996168e-6,-1.122743764515066,0.2615463351027659,0.136,0.068,1.4974552386480866,3.180493075133776,0.5203478260869566
Rook contiguity,2009,Dongkou,7873,-1.9382453230133727,Low,0.010124697693368228,4.553943023019149e-6,-1.6574458291195422,0.09742937235957277,0.012,0.006,1.2036803425070821,1.9108786176752446,0.176
Rook contiguity,2009,Longhui,5888,-2.571598672945969,Low,0.009781573337138914,4.13223756260244e-6,-2.1195099878598533,0.034047390573790984,0.004,0.002,1.0124641888403882,1.052058308687288,0.088
Rook contiguity,2009,Shaodong,13348,-1.2754717810346357,Low,0.011111688075452113,4.145948681073932e-6,-1.3111377384963325,0.18981123279506573,0.104,0.052,1.1352989248361696,2.11199074931484,0.4358095238095238
Rook contiguity,2009,Suining,10645,-1.9521504116364268,Low,0.010664078401702113,3.831397744645207e-6,-1.7829441654256337,0.07459539270997834,0.02,0.01,0.924416385431756,0.907066647810721,0.176
Rook contiguity,2009,Wugang,7797,-2.380392372316485,Low,0.010118162749901096,3.821488701805515e-6,-2.152133774555854,0.03138681972646473,0.004,0.002,0.9542940397634434,1.1992015757434809,0.088
Rook contiguity,2009,Xinning,6748,-1.897080246656736,Low,0.009501393735411864,5.0632645179634545e-6,-1.4300499539992628,0.1527026823331334,0.056,0.028,1.0363713610054985,0.9765561367303155,0.308
Rook contiguity,2009,Xinshao,6681,-1.0148185212491616,Low,0.009784523506292353,3.976282466018931e-6,-0.37384079268758,0.7085227681582363,0.824,0.412,1.2744784104623086,2.818848966592543,0.9691428571428571
Rook contiguity,2009,Shaoshan,26459,2.2247822390166325,High,0.015056982633393994,4.816138568659053e-6,1.3089531401869887,0.19055022436517163,0.184,0.092,1.5832341885566563,3.9896463166897824,0.5997037037037036
Rook contiguity,2009,Xiangxiang,16184,1.0273860072159409,High,0.011821614129182931,4.621566434996204e-6,0.9645379789550954,0.3347762769709263,0.316,0.158,1.1792826957798788,2.0091172584664596,0.7610810810810812
Rook contiguity,2009,Baojing,10974,-0.8205711766240916,Low,0.01073791837640363,4.755975793551445e-6,-0.6402206724666369,0.5220291449339372,0.556,0.278,1.2621893334344538,2.4491974303483133,0.8154666666666667
Rook contiguity,2009,Fenghuang,8412,-0.4538445608929841,Low,0.009879708454012724,4.979457025646176e-6,0.12036903822928303,0.9041908169583657,0.724,0.362,1.2040803770887007,1.8560134320950583,0.9691428571428571
Rook contiguity,2009,Guzhang,7061,-1.0022914867740864,Low,0.009686501255405239,4.328335958300757e-6,-0.3809512539679713,0.7032394196652997,0.796,0.398,1.0106360869492215,1.426349699658469,0.9691428571428571
Rook contiguity,2009,Huayuan,18150,0.36018032185421345,High,0.01233607695846887,4.455564799666887e-6,0.04289764179588249,0.9657831285961314,0.784,0.392,1.7239263358072954,4.868507503122275,0.9691428571428571
Rook contiguity,2009,Jishou,22675,0.03337177337497443,High,0.013294812908498177,4.887682010815401e-6,-0.8363209803694734,0.4029743532940446,0.384,0.192,1.216299519800828,2.2675015477509115,0.8108571428571428
Rook contiguity,2009,Longshan,6586,-1.7828142218267085,Low,0.008856853591370473,4.888975129335333e-6,-1.2458876792951825,0.21280563395346724,0.072,0.036,1.5547510139779785,3.3373769213328384,0.3334736842105263
Rook contiguity,2009,Luxi,11100,-1.0196646641933804,Low,0.010770256992772459,4.741102871062468e-6,-0.8001699065881281,0.42361236285059567,0.46,0.23,1.2284206149902537,2.3622697195751243,0.8108571428571428
Rook contiguity,2009,Yongshun,6051,-1.9178805121364564,Low,0.009527859783065442,3.909417893462822e-6,-1.4616277583232737,0.14384324346075764,0.04,0.02,1.0815863486386903,1.442278623097181,0.23466666666666666
Rook contiguity,2009,Anhua,8528,-0.7063891048770683,Low,0.010491249694697205,3.944831633526798e-6,-0.3240353145054869,0.7459112982909428,0.872,0.436,0.8290062119643568,0.3683520160655238,0.9713417721518987
Rook contiguity,2009,Nan,12410,0.2207923917613974,Low,0.010772907607860312,3.904334959365899e-6,0.574294583361563,0.5657684739906169,0.48,0.24,1.0219830369698704,1.5066624392988954,0.8108571428571428
Rook contiguity,2009,Yuanjiang,14923,0.04238193800674707,High,0.011589076865514662,5.502975091595955e-6,-0.05158468029689896,0.9588596264391129,0.816,0.408,1.474062137173661,2.851291022850039,0.9691428571428571
Rook contiguity,2009,Jianghua,9605,-1.32284566161495,Low,0.01014588589178292,5.478426245835797e-6,-0.9931765900375374,0.32062390457644624,0.244,0.122,1.3209822237832518,2.832694763562536,0.6926451612903226
Rook contiguity,2009,Lanshan,12406,-0.5605388865083447,Low,0.010793926540399039,4.4458449149066776e-6,-0.4416988879522553,0.6587071145089909,0.7,0.35,1.2730659832401343,2.47741516928831,0.9691428571428571
Rook contiguity,2009,Ningyuan,7649,-1.1189608155780355,Low,0.010326470133720726,3.7958178232923815e-6,-0.7002161950514548,0.4837922991526896,0.504,0.252,0.5072904845168869,-0.13570343095537707,0.8108571428571428
Rook contiguity,2009,Shuangpai,14984,-0.5849360471544558,High,0.011515442032681063,5.9553842166011944e-6,-0.7696021539235804,0.4415359269498918,0.372,0.186,1.6472885271060003,3.5427509372708004,0.8108571428571428
Rook contiguity,2009,Xintian,9089,-0.6719214456729473,Low,0.010169986719327489,5.451291768843397e-6,-0.2594036905321921,0.7953237825175445,0.956,0.478,1.2219801604686829,1.784197845145715,0.9791264367816093
Rook contiguity,2009,Huarong,19538,0.6628405596501451,High,0.013241805146728809,5.340583502582417e-6,0.13937445711519178,0.8891542556097441,0.644,0.322,2.113284960496184,6.042106179031997,0.9140645161290323
Rook contiguity,2009,Linxiang,20713,1.0536772453664422,High,0.014761793947614189,6.2943865058196915e-6,0.26486601703231605,0.7911126780938238,0.5,0.256,2.9190107705973856,11.538365592689772,0.8108571428571428
Rook contiguity,2009,Miluo,22143,4.177036158980905,High,0.013077156816619957,4.587854700486891e-6,4.005215849104013,6.196087606582201e-5,0.016,0.008,1.202414278793421,2.515121538205599,0.176
Rook contiguity,2009,Pingjiang,10617,3.4419788188727147,Low,0.010446233358056676,5.165860559987473e-6,4.458937354579766,8.2366988047161e-6,0.004,0.002,1.1961426473608745,1.8889966659532895,0.088
Rook contiguity,2009,Xiangyin,18089,1.7887908888284796,High,0.012158677573414246,5.2608071642515525e-6,1.5750560773787816,0.11524350117196164,0.164,0.082,1.1715013121358127,1.5467794347532875,0.5686153846153846
Rook contiguity,2009,Cili,10653,-0.5349640064939255,Low,0.010235972202496828,5.057566029086008e-6,-0.20061322262756787,0.8410010181037597,0.964,0.482,1.586356944902571,5.1544542166239555,0.9791264367816093
Rook contiguity,2009,Chaling,13154,-0.3272307708018729,Low,0.011012006243399302,6.046516662433176e-6,-0.24974582962989467,0.802783914033819,0.968,0.484,1.3932820495251093,2.1322199350125075,0.9791264367816093
Rook contiguity,2009,Liling,21856,2.1093092117268704,High,0.013824343049071201,5.787462493592907e-6,1.5647895442295783,0.11763226417505898,0.144,0.072,1.413030614966433,2.2195066987409087,0.5279999999999999
Rook contiguity,2009,Yanling,12769,-0.11540344846460977,Low,0.011010181970395279,5.312725610200646e-6,0.01927220004069237,0.9846239609628801,0.772,0.386,1.360581105305981,2.2949575719335655,0.9691428571428571
Rook contiguity,2009,You,20105,0.6180670996582489,High,0.012673643387941084,4.914393959332349e-6,0.09605456335324258,0.9234772375690316,0.792,0.396,1.147073172414877,1.4206473501096983,0.9691428571428571
Rook contiguity,2009,Zhuzhou,15699,3.687411285179557,High,0.011613069452185038,4.784389943818146e-6,3.747529593045388,1.7858477272008583e-4,0.024,0.012,1.5784490085496619,4.196687846683475,0.176
Rook contiguity,2009,Sangzhi,8282,-1.2586400881301618,Low,0.010233766160032706,4.1612950035672165e-6,-0.8594479034076187,0.3900934505394733,0.38,0.19,1.0751595995146968,1.7402528537792206,0.8108571428571428
Rook contiguity,2009,Yueyang,16940,0.9576911801950103,High,0.011889833397294207,3.6884133101896125e-6,0.7961845947654762,0.42592475026536863,0.4,0.2,0.9141375764565104,1.0659633479687658,0.8108571428571428
Rook contiguity,2009,Qiyang,12173,-0.5725598733462075,Low,0.010921095455779855,3.855350584861382e-6,-0.4004179631319124,0.6888486958381304,0.756,0.378,0.7979841581379425,0.5348475559449812,0.9691428571428571
Rook contiguity,2009,Taojiang,11818,1.2170982090427132,Low,0.010977593787117466,3.902806874673919e-6,1.5175713339541803,0.12912249795529832,0.168,0.084,0.9260149508914358,1.2607072741712324,0.5686153846153846
Rook contiguity,2009,Shaoyang,6201,-2.021404986358071,Low,0.009947069159999447,4.095701863707042e-6,-1.4436047584936358,0.14885018563856134,0.028,0.014,1.2628595468040862,1.8337776822574519,0.18953846153846154
Rook contiguity,2009,Lianyuan,10330,0.11892296752129916,Low,0.010815379783297564,3.566206054853534e-6,0.41772113474921774,0.6761510180274801,0.556,0.278,0.7781982879250375,0.7230476237757437,0.8154666666666667
Rook contiguity,2009,Hongjiang,10227,-1.357899480219783,Low,0.010559859263031641,4.355449604989071e-6,-1.1052711108621343,0.2690421319099075,0.2,0.1,1.28953333707712,3.0322489799364893,0.6068965517241379
Rook contiguity,2009,Hengyang,12198,-0.49726256511766354,Low,0.010711710843218192,4.167856651487967e-6,-0.2808436939565206,0.7788302887947801,0.884,0.442,1.0585396674271543,1.735206862034067,0.9724
Rook contiguity,2009,Guiyang,17184,0.9637182866111615,High,0.011791858409857666,3.7508424658213775e-6,0.7325436331277111,0.4638368208975684,0.44,0.22,0.9030573624765762,1.1167469522218365,0.8108571428571428
Rook contiguity,2009,Changsha,64022,6.278886224600474,High,0.020846827780057905,2.6119085054477236e-6,3.031555673208304,0.0024329704920301757,0.016,0.008,0.5874096427583585,0.3546596480866331,0.176
Rook contiguity,2009,Taoyuan,14759,-0.24060521680727173,High,0.011514925529626688,3.3868864872334587e-6,-0.320535253963853,0.7485626101367904,0.832,0.416,0.9595276988517559,1.2835489668579827,0.9691428571428571
Rook contiguity,2009,Xiangtan,14634,3.83313810934851,High,0.011326842283272416,3.4435391563679434e-6,3.978559455590321,6.933407431841512e-5,0.004,0.002,0.7206679278438174,0.5297887205754708,0.088
Rook contiguity,2009,Dao,10982,-1.1276670964860176,Low,0.010539447289019536,5.6557687675120255e-6,-0.9231974317060438,0.35590432702997776,0.228,0.114,1.7526037305502127,4.926134060495323,0.6688
Rook contiguity,2009,Jiangyong,8937,-1.1265816684160375,Low,0.009288274188442252,6.838698374360916e-6,-0.6364052372510767,0.5245123281999042,0.436,0.218,2.702591862931818,11.273457004645788,0.8108571428571428
Rook contiguity,2010,Anxiang,19817,0.4062742686263586,High,0.011925358088551687,5.323609616467283e-6,0.23164076419285404,0.8168170432471853,0.64,0.32,1.2626658095498384,2.015090040881323,0.9051428571428571
Rook contiguity,2010,Hanshou,15906,-0.3466238074725013,Low,0.010932014718496983,4.633616618092263e-6,-0.23395990058249908,0.8150161094464745,0.976,0.488,1.1159457409288083,1.234897881022949,1
Rook contiguity,2010,Jinshi,24824,0.8159405853628987,High,0.012948715084377917,5.708904982793489e-6,0.2579985442959163,0.796408030688321,0.648,0.324,1.1876144168171203,1.4688663147332566,0.9051428571428571
Rook contiguity,2010,Li,18426,0.6828293033336259,High,0.011518621675971183,4.578282721172539e-6,0.7886108303256045,0.43033949898994917,0.392,0.196,1.0795537635845323,1.6702593904333582,0.7499130434782609
Rook contiguity,2010,Linli,19273,0.6195025593967171,High,0.011682252370213845,4.8022926844882915e-6,0.6173592189722175,0.5369978145040348,0.432,0.216,1.1008666106160276,1.1185281209739468,0.7919999999999999
Rook contiguity,2010,Shimen,20501,-0.09025387759661867,High,0.011898026353469671,4.530795199213961e-6,-0.3563264948883772,0.7215960697046042,0.88,0.44,1.0899167267164196,1.189657843106752,0.973432098765432
Rook contiguity,2010,Liuyang,42619.32,4.492187226783604,High,0.01682180210990422,5.439442554463313e-6,2.856622042076684,0.004281753622267347,0.028,0.014,1.2857532238711078,1.876938827000144,0.176
Rook contiguity,2010,Ningxiang,40403.58,2.6257522248275107,High,0.014604836366895824,3.600366682338024e-6,1.2841306470558165,0.19909624637418893,0.236,0.118,0.7741272268444124,0.3698627342001446,0.6211764705882353
Rook contiguity,2010,Wangcheng,46470.71,5.192559470954094,High,0.015757484057573136,3.5457467980054425e-6,4.031040794307045,5.55304034719315e-5,0.008,0.004,0.9785542092921625,0.953091600047784,0.088
Rook contiguity,2010,Anren,9171,0.03093694465425956,Low,0.010287550668051494,4.420287112625153e-6,0.5436435075739048,0.5866868142178332,0.516,0.258,0.809560434286724,0.5468157465517387,0.8591186440677966
Rook contiguity,2010,Guidong,6406,-0.275303399209174,Low,0.008663434900247069,5.89972991645594e-6,0.7746396691007927,0.43855260982835936,0.34,0.17,1.5578259485547234,3.6985895616239883,0.7207619047619047
Rook contiguity,2010,Jiahe,22247,-0.0850278699945621,High,0.01220712453400693,4.895690316524207e-6,-0.4766239992636934,0.6336298907010287,0.728,0.364,1.220345897381223,2.166950931423064,0.9252571428571428
Rook contiguity,2010,Linwu,18416,0.17379367903005577,High,0.011549561905346086,4.6979336247031775e-6,0.13056424774353811,0.8961200267248083,0.712,0.356,1.2059811325442167,2.101846580274948,0.9252571428571428
Rook contiguity,2010,Rucheng,7629,-0.33414754936036883,Low,0.008781909498643352,5.424688074099778e-6,0.68185023411393475,0.4953336562629746,0.368,0.184,1.3142814961171694,1.9686781107453992,0.736
Rook contiguity,2010,Yizhang,12483,0.5786570113634772,Low,0.010197303339294783,4.499695201048702e-6,1.2858612490241341,0.19849148979965914,0.212,0.106,1.0058912467065575,1.3135968753777387,0.583
Rook contiguity,2010,Yongxing,26600,1.897863273682079,High,0.013314877569915914,5.392485729543344e-6,1.3648690500105434,0.17229421142285176,0.2,0.1,1.051666486532503,1.0305711945891725,0.5790967741935483
Rook contiguity,2010,Zixing,45207,1.4832178475175013,High,0.01583485571597484,4.157082598971417e-6,-0.513990783873049,0.6072584341411742,0.696,0.348,0.9801571928699299,1.3187235092208,0.9252571428571428
Rook contiguity,2010,Changning,17739,0.09976225492708014,High,0.011221696999679186,3.795239793299213e-6,0.1999964516642903,0.8414833562242887,0.708,0.354,0.8398530747353115,0.6645478195110464,0.9252571428571428
Rook contiguity,2010,Hengdong,19781,0.22495991546003014,High,0.011641698788312472,4.462890655466386e-6,0.11414711780825902,0.9091211716772103,0.736,0.368,0.9985327952150831,1.3272425359693987,0.9252571428571428
Rook contiguity,2010,Hengnan,16146,-0.32297382556902243,Low,0.011234289065589325,3.7934002058765687e-6,-0.29216240392242415,0.7701624554705371,0.892,0.446,0.6789177958173614,0.20106333259619324,0.973432098765432
Rook contiguity,2010,Hengshan,18130,-0.2292130437635348,High,0.011602414970495918,5.2673224104934595e-6,-0.35199408135056803,0.724842701194822,0.896,0.448,0.8483393791150213,0.41025020277249524,0.973432098765432
Rook contiguity,2010,Leiyang,21325,0.4900209521166324,High,0.012017003794152863,5.097236702259453e-6,0.24946331543624922,0.8030024140776727,0.664,0.332,1.4231836173647245,3.5747554090334024,0.913
Rook contiguity,2010,Qidong,14138,-0.8094374580294278,Low,0.010806228048370932,3.7054947717029375e-6,-0.619687429600815,0.5354635931999908,0.536,0.268,0.7218896269537602,0.6624675890674054,0.8591186440677966
Rook contiguity,2010,Chenxi,11367,-1.073608041854108,Low,0.010224614004533056,4.646975284234293e-6,-0.7081000409366764,0.4788831342058184,0.56,0.28,0.9551576962973549,0.5927057226758796,0.8591186440677966
Rook contiguity,2010,Zhongfang,21265,-0.8415958626289906,High,0.012118657345058088,4.633720872387363e-6,-1.3214034277743874,0.18636688372779017,0.104,0.052,0.8298935038367693,0.4064132309477566,0.39791304347826084
Rook contiguity,2010,Huitong,9679,-1.30895622027539,Low,0.009762170439041293,5.119227362476541e-6,-0.853136801235974,0.3935834453185301,0.344,0.172,1.3056518023952166,2.691453643628501,0.7207619047619047
Rook contiguity,2010,Jingzhou,14104,-1.2303452745532832,Low,0.010713780137645507,6.024781749207795e-6,-1.2257838450941776,0.22028002809153094,0.084,0.042,1.5009546907616544,2.959284906311833,0.35200000000000004
Rook contiguity,2010,Mayang,10097,-1.185309254700945,Low,0.010048192467292981,4.478168974909692e-6,-0.7690034911603498,0.44189123802185337,0.456,0.228,0.9385141652271208,1.3113421504349274,0.8189387755102041
Rook contiguity,2010,Tongdao,8794,-1.5538342881925244,Low,0.009059026041773551,4.986565261892674e-6,-1.037106431635076,0.2996862581011247,0.204,0.102,1.2542146325857901,2.222836168953899,0.5790967741935483
Rook contiguity,2010,Xinhuang,10221,-0.990270766293448,Low,0.008214742731296146,4.352009358144385e-6,-0.33469834776956575,0.7378526479284762,0.828,0.408,2.1442963236499724,6.472407802884852,0.9715199999999999
Rook contiguity,2010,Xupu,9186,-1.9117145638822508,Low,0.010612558592114017,3.8708309511396465e-6,-1.5988686637637692,0.10984978815384679,0.052,0.026,0.5707311839804596,0.006689732382979319,0.24084210526315789
Rook contiguity,2010,Yuanling,16385,-1.7469504663274171,Low,0.011275798440942958,4.142175889711428e-6,-1.706474385454988,0.08791979141764086,0.016,0.008,0.8955231101977658,0.9632545692343792,0.1408
Rook contiguity,2010,Zhijiang,14069,-1.1366961048487196,Low,0.010763613501360656,4.980313283437767e-6,-0.9957017823940357,0.3193950638360452,0.296,0.148,1.049171957923211,1.5307256508067804,0.704
Rook contiguity,2010,Lengshuijiang,43373,1.2509090657653135,High,0.01798854226488799,4.375344562821188e-6,-1.3888780430020506,0.16486983834060334,0.076,0.038,1.0389684361223486,1.164805689597344,0.33440000000000003
Rook contiguity,2010,Shuangfeng,11320,-0.5639461504460677,Low,0.010393633656049044,4.533247389583497e-6,-0.1557329532772538,0.8762435211048214,0.972,0.486,0.8020424138481795,0.22289515793562753,1
Rook contiguity,2010,Xinhua,8582,-1.148238441935575,Low,0.010035966058588076,4.14651356240688e-6,-0.6494375415568037,0.5160556050758839,0.572,0.286,0.7400485366595698,0.416993607741873,0.8591186440677966
Rook contiguity,2010,Chengbu,7628,-2.078240949043711,Low,0.009186682949591707,5.649722955919683e-6,-1.4432297103136387,0.1489557727692248,0.036,0.018,1.161115982123547,1.4159296200713927,0.21119999999999997
Rook contiguity,2010,Dongan,15645,-1.1684991973942909,Low,0.011196946119365718,5.828618838564643e-6,-1.2368567204438092,0.21614028007547012,0.112,0.056,1.076931646399505,1.1372770126071936,0.4106666666666667
Rook contiguity,2010,Dongkou,9331,-2.0231999411716926,Low,0.010001607336465344,4.803080267500189e-6,-1.6704740662218398,0.09482560627938941,0.008,0.004,0.9084547006780026,0.7807120804752219,0.088
Rook contiguity,2010,Longhui,6944,-2.626468567312578,Low,0.009756596604193039,4.599812123220177e-6,-2.0771107881654496,0.037791335106624524,0.004,0.002,0.9876123886525174,1.787596548528616,0.088
Rook contiguity,2010,Shaodong,18090,-1.264063568823417,High,0.011443659708306377,4.015868089116167e-6,-1.4957688304661358,0.13471390652202397,0.052,0.026,0.9634426308023636,0.9173082411919085,0.24084210526315789
Rook contiguity,2010,Suining,12280,-2.067245937763306,Low,0.010705037165860586,4.217373210011756e-6,-1.8559900166695797,0.06345498105546223,0.016,0.008,0.7348268889809492,0.5528969699001629,0.1408
Rook contiguity,2010,Wugang,8749,-2.488490513620034,Low,0.010006035866445332,4.460317533287194e-6,-2.0766640225849096,0.037832579370945155,0.004,0.002,0.8729995893412501,0.6046617910726035,0.088
Rook contiguity,2010,Xinning,7779,-1.994531792303653,Low,0.0094022399348442209,4.829517374421152e-6,-1.5562915311775287,0.11963878433662693,0.028,0.014,1.035956193817112,0.8768327115046959,0.176
Rook contiguity,2010,Xinshao,7825,-0.9509499963505711,Low,0.009984682193916655,4.359543623387856e-6,-0.3907302386892928,0.6959966449409671,0.792,0.396,0.8375917603755865,0.7249243851855929,0.9547397260273972
Rook contiguity,2010,Shaoshan,33571,2.5632601795980707,High,0.015536600874994784,5.5136059488682384e-6,1.4689411846960196,0.14184874264686312,0.188,0.094,1.310065530183221,2.1602919937880314,0.5790967741935483
Rook contiguity,2010,Xiangxiang,19930,1.259205805406443,High,0.011903780603804266,4.4559399010341555e-6,1.225113804759941,0.22053234456745122,0.24,0.12,0.9151048494706303,1.1894055495038813,0.6211764705882353
Rook contiguity,2010,Baojing,11906,-1.2331704610133043,Low,0.010327145264608317,4.667315602694883e-6,-0.9373829776866349,0.34856159382815555,0.256,0.128,1.0604229187385517,1.124124281842315,0.6436571428571428
Rook contiguity,2010,Fenghuang,9801,-0.7622232225893633,Low,0.009637639590256014,5.181093208573174e-6,-0.14523713124457846,0.8845236502338756,0.884,0.442,1.2220746627774135,1.9336892763802833,0.973432098765432
Rook contiguity,2010,Guzhang,8301,-1.1859108095328361,Low,0.009802528393170692,4.684688715176293e-6,-0.639050681584657,0.5227899620044592,0.552,0.276,1.0726252551646187,1.5914104318765876,0.8591186440677966
Rook contiguity,2010,Huayuan,17517,-0.24111314617136248,High,0.011364828257384883,6.435820960692266e-6,-0.28309204315763703,0.7771062808638014,0.964,0.482,1.46030534859931,2.824588766275518,1
Rook contiguity,2010,Jishou,24730,-0.4225001306856433,High,0.01288940043607554,5.267172215986626e-6,-1.12186292820013,0.26192072511561826,0.18,0.09,1.1903462366588844,2.32551158703654,0.5790967741935483
Rook contiguity,2010,Longshan,7524,-1.8920453259547303,Low,0.008877797959072124,5.266466406033043e-6,-1.3684430609002605,0.17117343331201845,0.048,0.024,1.3221491254578897,2.2292542695309683,0.24084210526315789
Rook contiguity,2010,Luxi,13518,-1.1117179619636068,Low,0.010702016375064915,4.632580559434826e-6,-0.8847151680354437,0.37631027280239776,0.38,0.19,0.6740990695741366,0.1161198309238074,0.7431111111111111
Rook contiguity,2010,Yongshun,7057,-2.0158684916580154,Low,0.009397938477078743,4.32575749433872e-6,-1.4612280548002279,0.14395286632540275,0.028,0.014,1.1870367521175846,1.9090218598726407,0.176
Rook contiguity,2010,Anhua,9924,-0.6211311429114226,Low,0.01030814619099896,3.949959379568843e-6,-0.14471387324048496,0.8849367852049936,1,0.5,0.8515300751751262,0.9811048975382053,1
Rook contiguity,2010,Nan,14130,0.1573987272576758,Low,0.010770670819052813,5.208713376207406e-6,0.43103828788911835,0.6664405310510639,0.576,0.288,1.2901709175724243,3.0238673004986634,0.8591186440677966
Rook contiguity,2010,Yuanjiang,18469,0.09246840259039679,High,0.011551281091673343,4.6496260332762575e-6,0.019444400356776654,0.9844865907312127,0.816,0.408,1.1726103568359008,2.0107423672664213,0.9703783783783784
Rook contiguity,2010,Jianghua,11445,-1.2891792256743155,Low,0.01016184634891701,5.354555909082592e-6,-0.9838400458142004,0.3251941659806642,0.276,0.138,0.9835608116250152,0.7951960398576303,0.6746666666666667
Rook contiguity,2010,Lanshan,14625,-0.5607804061527066,Low,0.010835495136404602,5.079786345068947e-6,-0.43699828173228483,0.6621125941665793,0.78,0.39,0.9835240458397744,0.7445249135612331,0.9533333333333335
Rook contiguity,2010,Ningyuan,9097,-1.1534436957400578,Low,0.010186675238345651,3.576089638253357e-6,-0.6965348417031415,0.48609394538024603,0.556,0.278,0.6867038908741531,0.2047890235175438,0.8591186440677966
Rook contiguity,2010,Shuangpai,17322,-0.6706007334959523,Low,0.011341955188438394,5.364156879911181e-6,-0.851633882802756,0.39441732769327853,0.32,0.16,1.325695323565664,2.363739743889858,0.7040000000000001
Rook contiguity,2010,Xintian,10379,-0.6029982354439793,Low,0.010037122940927375,5.605637563856399e-6,-0.1269040232742236,0.8990163622776689,0.936,0.468,1.268028617231042,2.7325430596073295,1
Rook contiguity,2010,Huarong,23666,0.5716727617098615,High,0.013249568813577004,4.786467157970034e-6,0.011920202321697654,0.9904892798380482,0.768,0.384,1.555516679497502,3.10883461334143,0.9518873239436619
Rook contiguity,2010,Linxiang,23986,0.8749467144248739,High,0.014311359512711112,6.092975215363924e-6,0.1828619703463164,0.8549063229672016,0.544,0.276,2.3120448424567366,6.64965498386052,0.8591186440677966
Rook contiguity,2010,Miluo,26689,3.9295129677771894,High,0.01292602567636645,4.069760214864325e-6,4.061472288423754,4.876420739167167e-5,0.004,0.002,0.9063358526140269,0.6938567110079474,0.088
Rook contiguity,2010,Pingjiang,12527,3.2461025676871924,Low,0.010294671121178227,5.3111872179054255e-6,4.264255032885088,2.0057025350513827e-5,0.008,0.004,1.1754943339480795,1.8775722607707754,0.088
Rook contiguity,2010,Xiangyin,23468,1.9017464478534636,High,0.012566588935486744,4.490377398760069e-6,1.66043261208638,0.0968274540208696,0.16,0.08,0.7691364853622545,0.23795926938724898,0.5415384615384615
Rook contiguity,2010,Cili,13345,-0.5481222820610159,Low,0.010190504419781877,5.552965159548907e-6,-0.1938416580920999,0.8462998671611633,0.992,0.496,1.378150361995939,2.432974074703747,1
Rook contiguity,2010,Chaling,15077,-0.327775329963862,Low,0.010908003451241662,5.756527360958168e-6,-0.21633633654689854,0.8287255871490161,0.98,0.49,1.3261114008324304,2.867646190500163,1
Rook contiguity,2010,Liling,27737,2.452503975072268,High,0.014085533378305988,6.553971758864737e-6,1.7854767372009628,0.07418402135732695,0.128,0.064,1.510864946995068,2.778694392911164,0.45056
Rook contiguity,2010,Yanling,15045,0.06465695780290208,Low,0.010935057541951124,5.499002194429981e-6,0.2571572121834269,0.7970574131952665,0.608,0.304,1.0780085769035237,1.0203591562276708,0.8917333333333333
Rook contiguity,2010,You,25129,0.7453809782545364,High,0.012863041444256202,5.2970061927848945e-6,0.1525786936676207,0.8787305282307376,0.716,0.358,1.0911703389770797,1.6328814555788043,0.9252571428571428
Rook contiguity,2010,Zhuzhou,19542,3.667309935374421,High,0.011580979654115404,3.855408375871755e-6,4.199989141361268,2.6692778143960062e-5,0.004,0.002,0.9393545213558369,1.2059135234891851,0.088
Rook contiguity,2010,Sangzhi,9893,-1.3140669004129435,Low,0.010314285446726695,4.829564991914432e-6,-0.9025636265325511,0.3667575384468249,0.356,0.178,0.8410268382038192,0.644564723782433,0.7285581395348837
Rook contiguity,2010,Yueyang,19809,0.8739301728836649,High,0.011756842549747536,4.544157232386813e-6,0.7020374092168128,0.4826558341348388,0.432,0.216,1.0904006407004863,1.3242871831066196,0.7919999999999999
Rook contiguity,2010,Qiyang,14839,-0.6734264030844972,Low,0.010993227427418305,3.784710518803046e-6,-0.5581139610476757,0.5767665678209992,0.64,0.32,0.7785192880033778,0.6499685756621707,0.9051428571428571
Rook contiguity,2010,Taojiang,13949,1.4577029834325306,Low,0.01093761431821955,4.232477167703549e-6,1.7392145537438735,0.08199703042106951,0.1,0.05,1.4342060457569357,5.464142102842029,0.39791304347826084
Rook contiguity,2010,Shaoyang,7352,-2.103439449792592,Low,0.01002253359316966,4.33596297293601e-6,-1.540253382978965,0.1234986020862519,0.052,0.026,0.897285934634079,1.1780930685892628,0.24084210526315789
Rook contiguity,2010,Lianyuan,12269,0.32281292162921416,Low,0.010776633448339996,3.5174113521927784e-6,0.6638374981233736,0.5067943228642102,0.484,0.242,0.553450065699109,0.06776187571800607,0.8489411764705883
Rook contiguity,2010,Hongjiang,12107,-1.383958322839918,Low,0.010590631192497826,4.730465451677121e-6,-1.1131923562422554,0.26562582482215497,0.192,0.096,1.007639648368886,1.3200423173096691,0.5790967741935483
Rook contiguity,2010,Hengyang,14328,-0.5737535737293394,Low,0.010749820044695296,5.417564854167504e-6,-0.3482823129736892,0.7276281755381268,0.848,0.424,1.089539157813219,1.3960563220818143,0.973432098765432
Rook contiguity,2010,Guiyang,22468,1.3185665013635741,High,0.011925578334487902,3.628582342096659e-6,1.0416438321653858,0.29757683887463965,0.32,0.16,0.734204003622419,0.42015122188319953,0.7040000000000001
Rook contiguity,2010,Changsha,70604.01,5.935745576293733,High,0.01981747103574946,3.193652816400712e-6,2.935397548544931,0.003331205957201799,0.02,0.01,0.5269624026888017,0.24899458761495863,0.16
Rook contiguity,2010,Taoyuan,17401,-0.2987930113867188,High,0.011321923382776277,3.154048763451026e-6,-0.2855318919297549,0.7752366746447044,0.876,0.438,0.8162498520788192,0.9964750411950041,0.973432098765432
Rook contiguity,2010,Xiangtan,17809,3.816364690856766,High,0.011339572477405108,2.9863502432110077e-6,4.278363579715887,1.8827232038076305e-5,0.008,0.004,0.944170819598244,1.7361837086406746,0.088
Rook contiguity,2010,Dao,13118,-1.11280072280351,Low,0.01056986213642654,5.477657639516089e-6,-0.943719732118722,0.3453128878812122,0.308,0.154,1.0106305659396335,0.8806677151329394,0.7040000000000001
Rook contiguity,2010,Jiangyong,12678,-0.9595641095559795,Low,0.009730092013321692,4.847485436241903e-6,-0.7157217315389006,0.4741631893918615,0.492,0.246,1.2616533642018972,1.8365303906710881,0.8489411764705883
Rook contiguity,2011,Anxiang,22840,0.2600418468118632,High,0.011552202489280716,4.91273783526508e-6,0.23734438131436988,0.8123896342370999,0.692,0.346,0.8589301636413528,0.4474054300018162,0.9386666666666668
Rook contiguity,2011,Hanshou,18561,-0.4065717989266327,Low,0.010904650045664975,5.511091853820814e-6,-0.2804310840779429,0.7791467917286831,0.932,0.466,0.9287028684963508,0.9620200696370955,0.964894117647059
Rook contiguity,2011,Jinshi,30286,0.6382818959101796,High,0.012848636530463588,5.151834599536888e-6,0.11855461543690132,0.9056282233094808,0.768,0.384,1.0885747815442566,1.7497871238626006,0.9386666666666668
Rook contiguity,2011,Li,21847,0.4912917768806121,High,0.011324760833536496,5.089243173890946e-6,0.6157165882874563,0.5380815871199652,0.484,0.242,0.9990935396101749,1.4205470442713866,0.8873333333333333
Rook contiguity,2011,Linli,23172,0.4606314578066593,High,0.011612834066088252,5.4324834187366585e-6,0.43620130898782494,0.662690678298953,0.576,0.288,1.129929088437789,1.742999239046414,0.9386666666666665
Rook contiguity,2011,Shimen,24409,-0.20187530876048196,High,0.01181536632822938,4.344217528021701e-6,-0.4616548779828545,0.6443288337637612,0.76,0.38,0.6196230766796875,0.07870033855579095,0.9386666666666668
Rook contiguity,2011,Liuyang,54768.72,4.347026176485206,High,0.01716494364129239,4.828173287007258e-6,2.7965787663576616,0.005164682020738753,0.028,0.014,1.078683071512478,1.3974956596654744,0.16426666666666667
Rook contiguity,2011,Ningxiang,54648.25,3.1118439586599895,High,0.014971705151521303,4.058441199666507e-6,1.6110372110203648,0.10717161224074706,0.168,0.084,0.8397544296836705,0.20715721572171164,0.4928
Rook contiguity,2011,Wangcheng,62293,5.423026072918331,High,0.01641560692502818,3.922777862962298e-6,3.885824037644922,1.019833591189271e-4,0.012,0.006,0.8635829577862632,0.755856914613398,0.096
Rook contiguity,2011,Anren,11395,-0.052861537008761623,Low,0.010415072635840761,4.1742322628347486e-6,0.4072942138145235,0.6837919120159793,0.7,0.35,0.4518178965908836,-0.02440487497438726,0.9386666666666668
Rook contiguity,2011,Guidong,7601,-0.21011411619951445,Low,0.008509479137322026,5.4996160516600815e-6,0.9456956933503133,0.34430381973434643,0.336,0.168,1.1204972650486562,1.2212791406141612,0.7040000000000001
Rook contiguity,2011,Jiahe,28612,-0.04077787046183344,High,0.012292077763118272,4.25370250257311e-6,-0.500161060135182,0.6169616746404503,0.728,0.364,0.8521173380258181,0.6224530407771627,0.9386666666666668
Rook contiguity,2011,Linwu,21323,0.1472682594134151,Low,0.011382940106429588,5.223707229036312e-6,0.16862986174730674,0.8660877906406289,0.736,0.368,0.9367879885475006,0.6990854583243338,0.9386666666666668
Rook contiguity,2011,Rucheng,10056,-0.19909084942292174,Low,0.008904075105136782,5.507551871699022e-6,0.79109957932425,0.4288858846516637,0.428,0.214,1.0925612166571566,1.4185816705285212,0.8187826086956522
Rook contiguity,2011,Yizhang,15822,0.6715052510613696,Low,0.010350880890392645,5.437512215510158e-6,1.2257017416726732,0.22031093456440715,0.22,0.11,1.2104898799653634,1.759896374915086,0.5694117647058824
Rook contiguity,2011,Yongxing,32953,1.9431876387336962,High,0.013467504652253093,4.974645092013137e-6,1.4509981076919836,0.14678038713649097,0.192,0.096,0.8665118639808711,0.3562083940568299,0.539
Rook contiguity,2011,Zixing,58313,1.618582676934363,High,0.016093127541678902,3.9301619867644075e-6,-0.46638488330183503,0.6409400298949373,0.76,0.38,0.9851518686559497,1.694486474995668,0.9386666666666668
Rook contiguity,2011,Changning,21594,0.02347607260170667,High,0.011307020047166494,4.914905812252992e-6,0.05231531125245603,0.9582774534081219,0.8,0.4,1.0222055373348449,1.2280124249776607,0.9386666666666668
Rook contiguity,2011,Hengdong,24044,0.18827775384039344,High,0.011622190855142467,4.41992631609577e-6,0.08754029791501622,0.9302420552555558,0.784,0.392,0.9958395415376703,1.2355588822746775,0.9386666666666668
Rook contiguity,2011,Hengnan,19335,-0.45931497786339087,Low,0.011032518133711125,4.598378489398488e-6,-0.3173348579465294,0.7509895303137172,0.916,0.458,0.9426311191022728,0.8461402719104565,0.9638095238095239
Rook contiguity,2011,Hengshan,22094,-0.2644579927383007,High,0.011434140773475139,4.478281651715457e-6,-0.34932807067959015,0.7268430268939595,0.896,0.448,0.8831299603569811,0.7070665565654295,0.9638095238095239
Rook contiguity,2011,Leiyang,25415,0.42436934578913565,High,0.01193502773137967,5.014202786082346e-6,0.22405918846569992,0.8227112480326668,0.692,0.346,0.9360957015730544,0.6340920178708269,0.9386666666666668
Rook contiguity,2011,Qidong,16139,-0.9265592061148721,Low,0.010818246138463149,4.336520809972008e-6,-0.7180475203613086,0.4727279868056745,0.516,0.258,0.8116527799247406,0.47299323973473495,0.8972549019607844
Rook contiguity,2011,Chenxi,14509,-1.0181063086619324,Low,0.010483535091758357,5.265504565942343e-6,-0.7384120953958366,0.46026406671103137,0.52,0.26,0.8278767309815614,0.43800892463122443,0.8972549019607844
Rook contiguity,2011,Zhongfang,26145,-0.814391763677388,High,0.012134612460130005,5.345687230452642e-6,-1.224160586004677,0.2208916543632293,0.12,0.06,1.1960595188899883,2.1251896966080386,0.41718518518518516
Rook contiguity,2011,Huitong,12212,-1.2789331657653638,Low,0.009706636521049512,5.347074854594521e-6,-0.8033708867933709,0.42176039701749063,0.452,0.226,0.9280942067497632,0.6498086106795808,0.8462978723404255
Rook contiguity,2011,Jingzhou,17550,-1.2190569800583626,Low,0.010644822854987636,5.805965289049369e-6,-1.234001369035298,0.21720239409987874,0.128,0.064,0.8645243559753081,0.07688129180038406,0.41718518518518516
Rook contiguity,2011,Mayang,11862,-1.1706982319707484,Low,0.009941362450074568,5.157605355482539e-6,-0.6772687080016404,0.4982354811028077,0.556,0.278,0.9443440215056718,0.785115383969643,0.9231698113207548
Rook contiguity,2011,Tongdao,11003,-1.5504177747129695,Low,0.0090545621566754091,5.0762910879347385e-6,-1.059332615974082,0.28944832592298403,0.212,0.106,1.2315358838131198,1.7723645331952609,0.5653333333333332
Rook contiguity,2011,Xinhuang,13002,-0.9241751481859463,Low,0.008466095118017061,5.542036827916352e-6,-0.3225556397438501,0.7470317936707,0.884,0.436,2.0484904960927124,4.694506609740715,0.9638095238095239
Rook contiguity,2011,Xupu,11749,-1.8242060563771938,Low,0.01020366947235946,3.58053830361535e-6,-1.388483661289134,0.1649898166118718,0.104,0.052,0.7207066830350435,0.983012052852843,0.416
Rook contiguity,2011,Yuanling,20453,-1.6870837321361016,Low,0.011375289921046635,3.97457912668331e-6,-1.762744148566903,0.07794365106594445,0.008,0.004,0.7250143241181329,0.324130514673004,0.096
Rook contiguity,2011,Zhijiang,17762,-1.0957303244112444,Low,0.01079682242524578,4.928087920460852e-6,-0.9928189943480474,0.32079817170244157,0.3,0.15,0.8141397051823844,0.20669526418455586,0.66
Rook contiguity,2011,Lengshuijiang,55692,1.4202828540675687,High,0.018423370779436295,5.323656385940798e-6,-1.1953611362841692,0.2319459630024203,0.096,0.048,1.2948941208698153,1.733923394126073,0.416
Rook contiguity,2011,Shuangfeng,14788,-0.48650886115947506,Low,0.010408016755749079,4.338318025841036e-6,-0.09028254818026124,0.9280626880456868,0.92,0.46,0.7695221070119141,0.3359586778287835,0.9638095238095239
Rook contiguity,2011,Xinhua,11135,-1.0040456438902048,Low,0.009983430224926213,5.057852424702394e-6,-0.4357843617369492,0.6629931910661958,0.764,0.382,0.9854348239147701,1.0324560327795398,0.9386666666666668
Rook contiguity,2011,Chengbu,9260,-2.084431328939164,Low,0.009143866863191574,5.028312423334038e-6,-1.5646478078260877,0.11766551253364611,0.008,0.004,1.094549730126716,1.417170828456177,0.096
Rook contiguity,2011,Dongan,18744,-1.236931412049635,Low,0.010868051020046806,5.372559223683869e-6,-1.252732692891645,0.21030300385898054,0.112,0.056,0.9365079004767143,0.6319294469145569,0.41718518518518516
Rook contiguity,2011,Dongkou,11678,-1.9937634877763102,Low,0.009951228449047786,4.510792640031648e-6,-1.708808543595925,0.08748641964258422,0.02,0.01,0.8964343730517832,1.0300542300783126,0.14666666666666667
Rook contiguity,2011,Longhui,8509,-2.5518244502549026,Low,0.009572433552461379,4.073696764773128e-6,-2.084646258641117,0.03710142220549779,0.004,0.002,0.8795202426089976,0.7510853651736524,0.096
Rook contiguity,2011,Shaodong,22479,-1.254134114181764,High,0.01163221456653786,5.127047605907116e-6,-1.4206373788816815,0.15542220600817533,0.06,0.03,0.888673704900408,0.6067227412415086,0.29333333333333333
Rook contiguity,2011,Suining,14294,-2.0639945482061894,Low,0.010596946583069828,3.6333628050474456e-6,-1.982594212810672,0.04741277433176965,0.008,0.004,0.7080197241905424,0.31224106664719287,0.096
Rook contiguity,2011,Wugang,10746,-2.489407671529996,Low,0.009952885716410051,4.7886825204583665e-6,-2.029538237724925,0.04240349841021308,0.004,0.002,0.8703818201349064,0.5272032670609934,0.096
Rook contiguity,2011,Xinning,9442,-2.006867449651765,Low,0.00933169483807348,5.347373362023244e-6,-1.5062978310712256,0.13199073468388922,0.024,0.012,0.952557465326442,0.7699633372907266,0.16246153846153846
Rook contiguity,2011,Xinshao,10127,-0.831570836792578,Low,0.009992335456357493,4.9076561381043176e-6,-0.2634030817925232,0.7922399155269672,0.996,0.498,0.8662884065683415,0.5395787425965146,0.996
Rook contiguity,2011,Shaoshan,45806,3.023967588467006,High,0.016392776999623236,5.014690952989188e-6,1.8441417558751525,0.06516248396252879,0.14,0.07,1.1095279213133509,1.4327274150815166,0.44000000000000006
Rook contiguity,2011,Xiangxiang,25635,1.6087623081232836,High,0.011920669655833077,5.295291010912034e-6,1.5257965413345953,0.12706054233564926,0.148,0.074,1.1520491015351253,2.125461552123638,0.449103448275862
Rook contiguity,2011,Baojing,13374,-1.4636460745679196,Low,0.010262545810130839,5.2225810373035736e-6,-1.1377385141458316,0.25522968610799485,0.196,0.098,0.8997322965984327,0.8501048025302036,0.539
Rook contiguity,2011,Fenghuang,11974,-0.9191149384721907,Low,0.00967437304004767,5.466572667858159e-6,-0.3578155785055336,0.7204813314670426,0.86,0.43,1.0440194578628021,1.1021619804359002,0.9579746835443037
Rook contiguity,2011,Guzhang,10086,-1.2592152756894945,Low,0.009652532395008155,4.618145276470603e-6,-0.6854890510259731,0.49303536741228843,0.588,0.294,0.6770575509017586,0.02726126859868172,0.9386666666666668
Rook contiguity,2011,Huayuan,18850,-0.5590214399320527,Low,0.01088150966109489,5.884103034570228e-6,-0.4992361170343826,0.6176130535426115,0.752,0.376,1.1308579604054716,1.3148334210408645,0.9386666666666668
Rook contiguity,2011,Jishou,28482,-0.6593526395644789,High,0.012329954318558902,4.611263976130244e-6,-1.2264405253775652,0.2200329435923727,0.116,0.058,0.9932264599382464,1.6515289947755845,0.41718518518518516
Rook contiguity,2011,Longshan,8701,-1.9322204799971756,Low,0.008646167855609772,5.639876556245056e-6,-1.3199741653912593,0.18684364364033187,0.044,0.022,1.2984642114510585,1.7015547575063081,0.22776470588235295
Rook contiguity,2011,Luxi,17236,-1.1306488939861339,Low,0.010883868699479939,5.05226933089168e-6,-0.9690316492251554,0.3325293983938798,0.3,0.15,0.8343522372528164,0.6265186857589797,0.66
Rook contiguity,2011,Yongshun,8667,-2.0266216351580835,Low,0.009524828754225605,4.983558456348894e-6,-1.471949992335418,0.1410343821673281,0.028,0.014,0.9138045638360828,0.674912200389683,0.16426666666666667
Rook contiguity,2011,Anhua,12374,-0.47164769898039743,Low,0.01039231120128339,4.314947572045841e-6,-0.03246723580984472,0.9740994442836483,0.9,0.45,0.7696824326691379,0.6992436922236624,0.9638095238095239
Rook contiguity,2011,Nan,18812,0.09640056748979396,Low,0.010956629357162502,4.860508329953757e-6,0.2951833122302685,0.7678538492459129,0.7,0.35,0.69519155885580175,-0.17347912570005697,0.9386666666666668
Rook contiguity,2011,Yuanjiang,22897,0.043005331896606644,High,0.01157773949131887,5.257022700300315e-6,-0.045949709658144225,0.9633503334139364,0.856,0.428,1.1077174546405868,1.3901758670777857,0.9579746835443037
Rook contiguity,2011,Jianghua,13981,-1.299629682089056,Low,0.01006792991488075,5.527682700720433e-6,-0.967998912691221,0.33304491272682135,0.276,0.138,1.2917721504649895,2.12092091140532,0.66
Rook contiguity,2011,Lanshan,17893,-0.5812747455413294,Low,0.010857692820363366,5.9429316586746945e-6,-0.4477307750000201,0.654347508468695,0.836,0.418,1.0377731251140077,0.9666364742759064,0.9554285714285713
Rook contiguity,2011,Ningyuan,11221,-1.1419520793026703,Low,0.010199258942507816,4.603183605783804e-6,-0.629541708692705,0.5289944719104811,0.616,0.308,0.9318649105391952,0.8815206241254403,0.9386666666666668
Rook contiguity,2011,Shuangpai,20239,-0.7371727798942673,Low,0.011052112604569418,5.650961271533133e-6,-0.8081790581599299,0.418987511461546,0.392,0.196,1.3892681044731168,2.148275446816365,0.784
Rook contiguity,2011,Xintian,12860,-0.5198579935405279,Low,0.009872591983563729,5.631543320531926e-6,0.026294496797234685,0.9790224443148876,0.816,0.408,1.0179838059429223,0.9357544294034597,0.9448421052631579
Rook contiguity,2011,Huarong,28734.07,0.5190073242933368,High,0.013283906777143233,6.917990483505944e-6,-0.05787862164402155,0.9538453120267462,0.748,0.374,1.5658682629694372,2.362892421141649,0.9386666666666668
Rook contiguity,2011,Linxiang,28255.98,0.6733232444074803,High,0.013618115197848866,4.188866707173326e-6,0.2002309000819215,0.8413000017128632,0.552,0.28,1.9993020046340442,4.731569386733836,0.9231698113207548
Rook contiguity,2011,Miluo,37507.74,4.000785896622046,High,0.013621415402017875,4.979767674293722e-6,3.5218354908125873,4.285700055500289e-4,0.012,0.006,1.269188799064506,2.0742110425342073,0.096
Rook contiguity,2011,Pingjiang,15105.53,3.105395707197998,Low,0.010346690874006225,6.337656044624223e-6,3.7938974945054165,1.4830091662856268e-4,0.012,0.006,1.2417033563876747,1.7385577842450637,0.096
Rook contiguity,2011,Xiangyin,28712.92,2.0796631322159715,High,0.012411505422452495,4.8450505103657605e-6,1.9131067570077807,0.05573438691191473,0.1,0.05,0.9129700427179857,0.9504716574608949,0.416
Rook contiguity,2011,Cili,16696,-0.5746842462063887,Low,0.010303450087763651,6.195414535553476e-6,-0.27335012687922317,0.7845840862732315,0.992,0.496,1.1110873235923564,0.9559383603931799,0.996
Rook contiguity,2011,Chaling,17668,-0.39813755900279163,Low,0.010702501297556415,5.903572642096432e-6,-0.22419032654845455,0.8226092102127456,0.996,0.498,1.0265462470986615,0.8652837849825041,0.996
Rook contiguity,2011,Liling,35669,2.5843091279708297,High,0.014405146210678434,6.957806135171346e-6,1.8143001903050955,0.06963152229107943,0.128,0.064,1.312922498013656,1.6275321653948742,0.41718518518518516
Rook contiguity,2011,Yanling,17961,0.05871536294486146,Low,0.010748623045888276,5.149439343571245e-6,0.3421288522317804,0.7322539252437297,0.628,0.314,0.9815606287032919,1.049229198647943,0.9386666666666668
Rook contiguity,2011,You,31450,0.7514884679068607,High,0.012726184228468418,4.543808986047734e-6,0.25227791161307017,0.8008262600681506,0.672,0.336,0.9460555150206242,1.0450067249347654,0.9386666666666668
Rook contiguity,2011,Zhuzhou,24082,3.50315702794964,High,0.011609936717053407,4.468449091723154e-6,3.7792201768009193,1.573202734432972e-4,0.012,0.006,0.9672037952843459,1.2320342170121332,0.096
Rook contiguity,2011,Sangzhi,12722,-1.3247532778696194,Low,0.01011095282200743,4.526022406069466e-6,-0.8749904285056765,0.3815791136725749,0.36,0.18,0.9064298109708137,0.607500899561555,0.7367441860465116
Rook contiguity,2011,Yueyang,23151.46,0.8722500538047184,High,0.011646808592590386,5.2042134953835395e-6,0.7179719126586542,0.4727746053232795,0.42,0.21,1.0280038691764406,1.0984255304174502,0.8187826086956522
Rook contiguity,2011,Qiyang,18597,-0.7174026521953184,Low,0.010996754637525018,4.5845340495736015e-6,-0.5665837049682754,0.5709970484848533,0.684,0.342,0.9217130402003693,0.7837422130515197,0.9386666666666668
Rook contiguity,2011,Taojiang,16987,1.6102147670562479,Low,0.010938551030233628,4.279711412432323e-6,1.9197417888829909,0.05489052294600212,0.092,0.046,0.8228394192506417,0.7390039434822215,0.416
Rook contiguity,2011,Shaoyang,8792,-2.127530382118551,Low,0.00995082219192903,4.316514341851772e-6,-1.5753137351022168,0.1151840451473098,0.04,0.02,0.886725940787243,1.504832430140958,0.22
Rook contiguity,2011,Lianyuan,15624,0.5856316435312108,Low,0.01073086283604311,3.7979906438687364e-6,0.9485749872308075,0.3428368175046131,0.332,0.166,0.8136744016625854,0.9175522184211959,0.7040000000000001
Rook contiguity,2011,Hongjiang,15117,-1.3487424448502996,Low,0.010390038011479577,4.2072309121096895e-6,-1.0710909555939292,0.28412853452012493,0.288,0.144,0.5884222223945182,-0.2008034270920489,0.66
Rook contiguity,2011,Hengyang,17014,-0.6480417968236156,Low,0.010662058623239863,5.081959561188666e-6,-0.4157096815077925,0.6776224559611899,0.792,0.396,1.1008599178549772,1.6479825007801754,0.9386666666666668
Rook contiguity,2011,Guiyang,28690,1.3734351446518056,High,0.012038171277836874,3.544622403389137e-6,1.076486867039729,0.28170957125124263,0.296,0.148,0.689011352979766,0.6357205878434118,0.66
Rook contiguity,2011,Changsha,80356,5.750870905429889,High,0.0188044595625631,2.825594354681501e-6,3.6158690173176002,2.993417155674192e-4,0.008,0.004,0.7316127910056662,0.5480723377767536,0.096
Rook contiguity,2011,Taoyuan,20558,-0.43572449281838915,Low,0.011284289444092224,2.7926737009931015e-6,-0.4403017183870948,0.6597185963238916,0.728,0.364,0.7339930331823428,0.7262711574848808,0.9386666666666668
Rook contiguity,2011,Xiangtan,22347,3.951247152413526,High,0.011485863030340219,3.5544011916992596e-6,4.057172583358943,4.967037858176531e-5,0.004,0.002,0.4841985008171574,-0.0069517440237878425,0.096
Rook contiguity,2011,Dao,16127,-1.1557152063521738,Low,0.010388904056161464,4.947718759259518e-6,-0.9896572154010966,0.32234169394743656,0.26,0.13,1.0657451737816153,1.0576761313230092,0.6537142857142857
Rook contiguity,2011,Jiangyong,15298,-0.9823989591263311,Low,0.009781066510683618,6.328147550498515e-6,-0.7012481058766153,0.48314819310427065,0.512,0.256,1.475936787021759,2.2820427228979403,0.8972549019607844
Rook contiguity,2012,Anxiang,23667,0.11735144612218223,Low,0.011103333349243977,4.761664321793237e-6,0.26725619169778436,0.7892719142544039,0.692,0.346,0.9546084958243978,0.93908974410125,0.9196000000000001
Rook contiguity,2012,Hanshou,20981,-0.40924518942991045,Low,0.010820740092502579,5.514081813670052e-6,-0.24832083305612315,0.8038861812643527,0.984,0.492,1.0892165576012165,0.9212854286857182,0.9953103448275863
Rook contiguity,2012,Jinshi,34592,0.54515945542061806,High,0.012898566984726563,5.919273257122468e-6,-0.014372697763461442,0.9885326411693475,0.808,0.404,1.096259544309754,1.2514107424681296,0.9196000000000001
Rook contiguity,2012,Li,24473,0.3798470354436052,High,0.011306351411220918,5.19439915263642e-6,0.4836965127143937,0.6286012684813853,0.568,0.284,0.9977351972821352,0.9986060536032353,0.8617931034482758
Rook contiguity,2012,Linli,25554,0.3881112461675884,High,0.01155337116462856,4.931927491852642e-6,0.3954090328267939,0.692541043844938,0.56,0.28,0.9738243680740005,0.8046022908890551,0.8617931034482758
Rook contiguity,2012,Shimen,27137,-0.2710334088677007,High,0.011603425376183663,4.717438383392825e-6,-0.42633025825948884,0.6698672124593087,0.828,0.414,0.9856611798023832,0.7583982239983968,0.9196000000000001
Rook contiguity,2012,Liuyang,63118,4.36607356513328,High,0.017091878582308685,5.464644475473758e-6,2.688442455592899,0.007178620738800619,0.024,0.012,1.175194431192681,2.1127181018073857,0.16246153846153846
Rook contiguity,2012,Ningxiang,62202,3.2810433663556657,High,0.015175439452506477,4.599558319828084e-6,1.5960826332054021,0.11047034551781525,0.156,0.078,0.9752208325881324,1.0262840470469046,0.4428387096774194
Rook contiguity,2012,Wangcheng,70666,5.440640142400598,High,0.01648933470819798,4.334606942968518e-6,3.6884180585877795,2.2565267253624104e-4,0.012,0.006,1.2797492406900939,3.0656559269101322,0.132
Rook contiguity,2012,Anren,12761,-0.08461441918289822,Low,0.010085178713739209,3.7973972157380596e-6,0.5603139736459374,0.5752652977483527,0.552,0.276,0.7289132019948298,0.6943291025681586,0.8617931034482758
Rook contiguity,2012,Guidong,8497,-0.21550009662140243,Low,0.008598671270003997,5.9671418066940514e-6,0.8643834879981779,0.3873772605013999,0.34,0.17,1.1310034038950891,1.171636117614498,0.688
Rook contiguity,2012,Jiahe,32091,-0.06835643160498993,High,0.012255307753741122,4.873561779781918e-6,-0.4822998198983289,0.6295929752004814,0.752,0.376,0.9088447237345723,0.5454707835315018,0.9196000000000001
Rook contiguity,2012,Linwu,23986,0.12379753048688882,Low,0.011247993082071884,5.326816264525761e-6,0.19768816920261176,0.8432890466515357,0.668,0.334,1.0371181671084524,0.9852134618842698,0.9196000000000001
Rook contiguity,2012,Rucheng,11286,-0.2283372445822593,Low,0.008967326535762172,5.317885467726921e-6,0.7388859482142124,0.4599762556524881,0.4,0.2,1.111873786061886,1.1930916079517777,0.7652173913043478
Rook contiguity,2012,Yizhang,17814,0.6495762066157895,Low,0.010321723394948034,5.38296474154808e-6,1.2194057549429764,0.22269022672978578,0.26,0.13,0.870968252695792,0.4030791403634604,0.6183783783783784
Rook contiguity,2012,Yongxing,37651,1.8699716660195378,High,0.013386731591037504,5.137183058000421e-6,1.377424599929295,0.1683810115841635,0.22,0.11,0.8049051892334711,0.32479356038581875,0.5694117647058824
Rook contiguity,2012,Zixing,65706,1.6147660224880753,High,0.01598043411455881,3.903283537814921e-6,-0.4131992856672544,0.6794606114488921,0.82,0.41,0.8848847399711586,0.8413227679568034,0.9196000000000001
Rook contiguity,2012,Changning,24418,-0.06541375316923352,High,0.011327198899815294,4.827694841629509e-6,-0.05878983820780967,0.9531195023975889,0.916,0.458,0.8672565963142443,0.7583130387990566,0.9711807228915664
Rook contiguity,2012,Hengdong,27485,0.2593820149249992,High,0.011540556191557376,4.200671379307123e-6,0.2115346567091752,0.8324700918613536,0.716,0.358,1.0948382520674467,2.137411204768564,0.9196000000000001
Rook contiguity,2012,Hengnan,21911,-0.5278518829435408,Low,0.011059203292550683,4.019266482946232e-6,-0.42872129917194723,0.6681260584688518,0.78,0.39,0.7224084372664725,0.2145128613352334,0.9196000000000001
Rook contiguity,2012,Hengshan,25172,-0.18120289483332022,High,0.011340155323568763,4.4919805429920554e-6,-0.20537486535595184,0.8372792562590705,0.996,0.498,0.9496029557525847,0.8833114999891314,0.996
Rook contiguity,2012,Leiyang,26105,0.28823313741361467,High,0.011545279131966965,5.020014698436755e-6,0.2446235034934414,0.806747963719458,0.68,0.34,1.0067455305647401,0.9719083776297306,0.9196000000000001
Rook contiguity,2012,Qidong,18001,-0.9735294873124662,Low,0.010737183754997832,4.365839222973903e-6,-0.7275689782288995,0.466877476230407,0.516,0.258,0.8655184101266361,0.6135767452245826,0.8617931034482758
Rook contiguity,2012,Chenxi,17026,-0.9632722369647498,Low,0.010463726380704898,5.112354757450447e-6,-0.680587931917115,0.4961322651839455,0.532,0.266,1.0992848670796032,2.136904545117477,0.8617931034482758
Rook contiguity,2012,Zhongfang,30846,-0.6898921555000745,High,0.012108658349419325,4.32742517716118e-6,-1.1977664071683625,0.23100796845923666,0.152,0.076,0.9744228439099502,1.1831186944217649,0.4428387096774194
Rook contiguity,2012,Huitong,14334,-1.215455894755987,Low,0.009823165690713936,5.370677499465524e-6,-0.7783302196882226,0.4363743645267155,0.476,0.238,1.0223870368251484,1.2269148349766947,0.8617931034482758
Rook contiguity,2012,Jingzhou,20348,-1.1714376673812157,Low,0.010884942829392601,6.578398034832905e-6,-1.1983278032317093,0.23078942675298192,0.1,0.05,1.1112779341276589,0.9069500297418518,0.3384615384615385
Rook contiguity,2012,Mayang,13744,-1.1587238877110952,Low,0.010015626671705462,5.297511748016404e-6,-0.6888925730710695,0.4908908735184603,0.564,0.282,0.8397749971208514,0.3092966103232979,0.8617931034482758
Rook contiguity,2012,Tongdao,12781,-1.5328740175040103,Low,0.009312677783173934,6.25715173232309e-6,-1.038308023048227,0.2991266746655137,0.212,0.106,1.0591488428303313,0.8227623908787498,0.5694117647058824
Rook contiguity,2012,Xinhuang,15412,-0.8569261192746593,Low,0.008504355426650491,4.498935606502614e-6,-0.25248912313434285,0.8006630203102384,0.972,0.476,2.1569701408660364,5.882464084313721,0.9946046511627907
Rook contiguity,2012,Xupu,13863,-1.6967951193272492,Low,0.010400959658887262,3.893027868529865e-6,-1.2996446197313973,0.19372279934145875,0.1,0.05,0.7637280299224906,0.3440961099212392,0.3384615384615385
Rook contiguity,2012,Yuanling,24194,-1.6590044925713512,Low,0.011259839444431003,3.969456394834397e-6,-1.678734160315207,0.09320386524041975,0.012,0.006,0.8972329408730736,0.7795124490148031,0.132
Rook contiguity,2012,Zhijiang,20518,-0.9912802299336445,Low,0.010971361953770381,5.3728415005142394e-6,-0.9134791537422838,0.36099059248792503,0.336,0.168,0.9034066230533869,0.6188137078717211,0.688
Rook contiguity,2012,Lengshuijiang,64257,1.5278030229911779,High,0.018521225517278396,5.440188508904207e-6,-1.0824600947885987,0.27904813788328736,0.132,0.066,1.503872735787727,2.7344768252279703,0.4126896551724138
Rook contiguity,2012,Shuangfeng,17755,-0.3749457131752964,Low,0.010705624075664397,4.232582455356211e-6,-0.10909583899792773,0.9131264751904827,0.964,0.482,0.8979628832611333,1.292245663878564,0.9946046511627907
Rook contiguity,2012,Xinhua,13398,-0.8982846364524291,Low,0.010089953607209295,4.633209546887197e-6,-0.3904713571085531,0.6961880314313281,0.852,0.426,1.0030902678820528,1.0018982434511523,0.9256296296296296
Rook contiguity,2012,Chengbu,10132,-2.1004879906506617,Low,0.00925374257924088,5.885695464376101e-6,-1.5125152161417075,0.1304028446834227,0.02,0.01,1.365134342425981,2.966337586007584,0.14666666666666667
Rook contiguity,2012,Dongan,20901,-1.2862516931081964,Low,0.010859229836084493,5.005763340328415e-6,-1.35633816000927,0.17499159926124766,0.072,0.036,0.9224272076322962,0.7115467374641682,0.3168
Rook contiguity,2012,Dongkou,13240,-1.9706666707483715,Low,0.009684078623498175,4.84103021374006e-6,-1.5042295224765605,0.13252227867005248,0.032,0.016,1.0800041496002482,1.7832155781451133,0.18773333333333334
Rook contiguity,2012,Longhui,9572,-2.5302503715427447,Low,0.00955094022234845,4.486099776198851e-6,-1.955770777676509,0.05049216275442039,0.008,0.004,0.8838887798552435,0.9416209226359129,0.132
Rook contiguity,2012,Shaodong,25246,-1.2388679296842913,High,0.011426830321897067,4.166671457882829e-6,-1.4593785941604749,0.14446093429573725,0.072,0.036,0.7595610565918365,0.4246795978005289,0.3168
Rook contiguity,2012,Suining,16069,-2.037172700729499,Low,0.010458492043087544,4.266412023053798e-6,-1.7365605954851935,0.08246475991122874,0.02,0.01,0.7826289172417114,0.6051140578890855,0.14666666666666667
Rook contiguity,2012,Wugang,12112,-2.5129887436981444,Low,0.010051200865331913,4.469694625228005e-6,-2.1767636394295806,0.029498207279108218,0.004,0.002,1.1449840924061445,3.173113343136791,0.11733333333333333
Rook contiguity,2012,Xinning,10732,-2.0355025247528564,Low,0.009221288442612543,5.070636183276735e-6,-1.5357325977921419,0.12460397668787604,0.02,0.01,1.0439779223151093,1.075532754949557,0.14666666666666667
Rook contiguity,2012,Xinshao,11514,-0.784897009421635,Low,0.010019814470756661,4.94041720121945e-6,-0.22651745899623002,0.8207989817764775,0.936,0.468,0.7537410488988227,0.4252573775593391,0.9805714285714286
Rook contiguity,2012,Shaoshan,55570,3.3087576818382356,High,0.01704968764046033,5.581754124395105e-6,1.8400553272890856,0.06576011493189628,0.132,0.066,1.1487247868292425,1.2340069064755177,0.4126896551724138
Rook contiguity,2012,Xiangxiang,29361,1.8082053712255253,High,0.01187758294203303,4.613028387888711e-6,1.8921528222646635,0.0584706221190768,0.096,0.048,0.8318570061809261,0.6581136864652097,0.3384615384615385
Rook contiguity,2012,Baojing,14563,-1.5477880151814378,Low,0.010111644014613605,5.117026042396057e-6,-1.1788259641336807,0.23846748326564612,0.136,0.068,0.9096024063303964,0.723680510122187,0.4126896551724138
Rook contiguity,2012,Fenghuang,13382,-1.0316124630190535,Low,0.009700560194086626,5.099003933615302e-6,-0.5204924787946577,0.6027203687101059,0.7,0.35,1.1002115047679504,1.7494960520084053,0.9196000000000001
Rook contiguity,2012,Guzhang,11580,-1.3220425408955665,Low,0.009524951338223519,4.9279762208325874e-6,-0.6794807647415211,0.49683329134120713,0.556,0.278,1.1190409537409935,1.136055555936899,0.8617931034482758
Rook contiguity,2012,Huayuan,20337,-0.6715873797953026,Low,0.010751595177709666,6.571137352287749e-6,-0.5556820146926018,0.5784282537366441,0.676,0.338,1.1160546772011881,0.9400277721859256,0.9196000000000001
Rook contiguity,2012,Jishou,31537,-0.79940183157357525,High,0.012291027786640655,4.370711289623452e-6,-1.4116683985020926,0.15804762241591705,0.076,0.038,0.7162306273632397,0.15864315190260925,0.31847619047619047
Rook contiguity,2012,Longshan,9754,-1.9574826483815502,Low,0.008553854630436711,5.029136100343098e-6,-1.3939317145967305,0.1633382261459892,0.036,0.018,1.2448118398411006,1.9017512973340658,0.19799999999999998
Rook contiguity,2012,Luxi,17472,-1.2076090506075359,Low,0.010646977866356412,4.547094107867238e-6,-0.9967792052612425,0.31887169401934834,0.316,0.158,0.617698604582819,-0.0482987696092958,0.688
Rook contiguity,2012,Yongshun,9590,-2.0214804215943767,Low,0.009319063348484084,4.820053296589226e-6,-1.3998370602175092,0.16156211715435492,0.048,0.024,1.0216885064536545,1.0294541330852969,0.24847058823529414
Rook contiguity,2012,Anhua,14567,-0.3781821046719227,Low,0.010333519253091113,4.215831371872704e-6,0.09555968206567288,0.9238702876536704,0.828,0.414,0.8644704672657522,1.0749297987735682,0.9196000000000001
Rook contiguity,2012,Nan,21311.46,-0.013971530285877942,Low,0.010933428884702055,5.501855947044596e-6,0.16832989729993333,0.8663237547861412,0.74,0.37,0.9982720828747205,1.0729507037175159,0.9196000000000001
Rook contiguity,2012,Yuanjiang,26258,0.10054437747645292,High,0.011477104273701615,4.822040465812779e-6,0.06424852762999768,0.9487723377216817,0.756,0.378,0.9860157029706994,1.0061766946400121,0.9196000000000001
Rook contiguity,2012,Jianghua,15801,-1.3204367558981878,Low,0.009940209254925149,4.926983356610275e-6,-0.9954803088395446,0.3195027166186196,0.22,0.11,1.0221754771916471,1.0792391364112204,0.5694117647058824
Rook contiguity,2012,Lanshan,20088,-0.6114351689740863,Low,0.010515912963050576,4.852350145870526e-6,-0.3788766443043412,0.7047794686306552,0.828,0.414,0.9686756491789693,0.6754777865317547,0.9196000000000001
Rook contiguity,2012,Ningyuan,12697,-1.2014010795015175,Low,0.010247534661988677,4.521271682707062e-6,-0.720981857385153,0.4709206772211358,0.564,0.282,0.7710714604752216,0.37148150558540527,0.8617931034482758
Rook contiguity,2012,Shuangpai,21942,-0.8213950538456884,Low,0.010928399759335287,5.425770290264659e-6,-0.8824527694517977,0.3775320100952752,0.344,0.172,1.074098833581137,1.09164227790367,0.688
Rook contiguity,2012,Xintian,14426,-0.5443060852775687,Low,0.009787446669147635,5.2355309796060385e-06,0.03434037780926562,0.9726057270084355,0.772,0.386,0.912021228636687,0.5278344805985018,0.9196000000000001
Rook contiguity,2012,Huarong,30413,0.3712822487726757,High,0.012796171399520651,6.207430243427957e-6,-0.0667183827283864,0.9468058996178109,0.784,0.392,1.538474241786892,2.5651616543655447,0.9196000000000001
Rook contiguity,2012,Linxiang,31897,0.6636642865646729,High,0.0136482681069628,5.090636708715235e-6,0.1527155148051788,0.8786226252404981,0.548,0.282,2.118896487025522,5.198662942277432,0.8617931034482758
Rook contiguity,2012,Miluo,42497,3.969392490971641,High,0.013575171655069457,4.431278603419407e-6,3.7233770178829033,1.9657563641914977e-4,0.012,0.006,0.8954060949913056,0.7982470022398336,0.132
Rook contiguity,2012,Pingjiang,17252,3.066110397701014,Low,0.010420707961118821,6.1337604244194914e-06,3.7870153905022756,1.5246765975158977e-4,0.004,0.002,1.0780120716208095,1.0248501016571616,0.11733333333333333
Rook contiguity,2012,Xiangyin,33983,2.1655568837676737,High,0.01246573302337108,4.490862185094806e-6,2.0671012224104004,0.0387246169504236,0.08,0.04,0.7441209705606959,0.03129525536326261,0.32
Rook contiguity,2012,Cili,18714,-0.6128681766824824,Low,0.010367490425588217,5.548139164330086e-6,-0.3660814018748089,0.7143043348673979,0.824,0.412,1.1930620694803873,1.646938741855804,0.9196000000000001
Rook contiguity,2012,Chaling,20078,-0.36306587641068166,Low,0.010488949792572382,5.305119619999011e-6,-0.09823228783393986,0.9217478444572943,0.896,0.448,1.1564819620318525,1.2825025710987958,0.9615609756097562
Rook contiguity,2012,Liling,41491,2.700375143310529,High,0.014461029139097662,5.848532061230124e-6,2.105172770312174,0.035276271610709224,0.092,0.046,1.4931526704553144,2.5165591093349535,0.3384615384615385
Rook contiguity,2012,Yanling,21021,0.07488919807942616,Low,0.01068569147439225,5.708215843346553e-6,0.3699988340915117,0.7113833591135895,0.544,0.272,1.2952029216902237,2.156368865037785,0.8617931034482758
Rook contiguity,2012,You,36264,0.8170744905823778,High,0.012875337490886108,4.819358308606723e-6,0.25368641578778095,0.7997378294545627,0.688,0.344,0.8948234639957166,0.5088535039620692,0.9196000000000001
Rook contiguity,2012,Zhuzhou,27589,3.5614720692950557,High,0.01175977946876362,4.617729833179091e-6,3.71633679586996,2.0213210322413196e-4,0.016,0.008,0.9910982116568784,1.3999313798397486,0.14666666666666667
Rook contiguity,2012,Sangzhi,14624,-1.328564096149,Low,0.010230011853150369,4.1791664904503665e-6,-0.9750192306024038,0.32955072095108573,0.288,0.144,0.8053120982086939,0.5333415659701797,0.6669473684210526
Rook contiguity,2012,Yueyang,26360,0.8608100821142612,High,0.011501843412709625,4.4864554203816025e-6,0.8308854343840402,0.40603835280083683,0.372,0.186,0.9599947574259424,1.135928730379904,0.7274666666666666
Rook contiguity,2012,Qiyang,20638,-0.7773093343597249,Low,0.010943593637415561,4.1640296749332416e-6,-0.6341094493723676,0.5260093963923276,0.608,0.304,0.7604801626413529,0.5799459244171445,0.9068474576271186
Rook contiguity,2012,Taojiang,19509,1.6637697895435708,Low,0.010819356390907756,3.967387762916666e-6,2.1151252414504955,0.03441927442166948,0.068,0.034,0.7626716773568536,0.6746320668636971,0.3168
Rook contiguity,2012,Shaoyang,9653,-2.1646700475123763,Low,0.009863244188739264,4.467219841759037e-6,-1.5484661520396854,0.12151010496148679,0.028,0.014,0.9170955314097399,0.8513913063743872,0.176
Rook contiguity,2012,Lianyuan,18346,0.6931764091770963,Low,0.010756583100667407,4.162055435163184e-6,1.0038157284557552,0.3154674417377549,0.324,0.162,0.8042944451073927,0.5811288482758852,0.688
Rook contiguity,2012,Hongjiang,17733,-1.2588251412467455,Low,0.01053994623041749,4.302016348675062e-6,-1.0312911703677863,0.3024042976877243,0.244,0.122,1.0936172325261875,2.0628493612708416,0.5964444444444444
Rook contiguity,2012,Hengyang,19382,-0.6301715476029864,Low,0.010630505687814392,4.184582624901517e-6,-0.4215335125182308,0.6733655450651282,0.836,0.418,0.5265905942869457,-0.3769015022816342,0.9196000000000001
Rook contiguity,2012,Guiyang,32853,1.29170352622292,High,0.011978224932292133,3.455953435183228e-6,1.0376139996406637,0.2994497975850881,0.3,0.15,0.48703778556184907,0.11036726698515009,0.6769230769230768
Rook contiguity,2012,Changsha,88656,5.694247583011458,High,0.018374265886887786,3.3503524305865e-6,3.491664893574118,4.800200714607115e-4,0.008,0.004,0.8556815155498209,0.7737404394723422,0.132
Rook contiguity,2012,Taoyuan,22879,-0.4880989853320558,Low,0.011177753499034033,2.9728036279198882e-6,-0.42242340286552393,0.6727159988680621,0.76,0.38,0.6840935730200665,0.31176927343874095,0.9196000000000001
Rook contiguity,2012,Xiangtan,27060,4.08704501448758,High,0.01149132259847213,3.767806362149003e-6,4.080318414556851,4.497405106334419e-5,0.004,0.002,0.7132949868390044,0.21285092629039504,0.11733333333333333
Rook contiguity,2012,Dao,18059,-1.2044557507889104,Low,0.010463965775189255,5.856116786233062e-6,-0.9976657496909653,0.3184414667705048,0.232,0.116,1.187617935395117,1.3866291739777719,0.5833142857142858
Rook contiguity,2012,Jiangyong,17168,-1.0042394773820362,Low,0.009586872101343935,6.148806560418755e-6,-0.6647351687243743,0.5062198955040516,0.48,0.24,1.6160525674995792,3.0439925959022,0.8617931034482758
Rook contiguity,2013,Anxiang,24012,0.029132855142097545,Low,0.01096143936287198,4.991795253211104e-6,0.21618646295537694,0.828842405055265,0.7,0.35,0.890837013431069,0.3039958328012524,0.9170526315789475
Rook contiguity,2013,Hanshou,24034,-0.36029949703370423,Low,0.010900637036869235,5.460504216974758e-6,-0.22957429026298634,0.8184225867051678,0.98,0.49,1.16341858475114,1.4293349161402205,0.988
Rook contiguity,2013,Jinshi,38042,0.4986441651863203,High,0.013015394333207678,5.841406695650918e-6,-0.11110555687152453,0.9115326422811925,0.916,0.458,0.9568298319099171,0.8011825290279369,0.9711807228915664
Rook contiguity,2013,Li,27721,0.3478030551704952,High,0.011539970155702226,5.609494113688686e-6,0.33290456936032875,0.7392063201446755,0.6,0.3,1.0057559111620546,0.8945814614999503,0.888655737704918
Rook contiguity,2013,Linli,27994,0.3972226333428505,High,0.01165205141108653,5.674432037625451e-6,0.34149226275412387,0.7327330286193299,0.648,0.324,1.04332916116548,1.4823090139825812,0.9170526315789475
Rook contiguity,2013,Shimen,30054,-0.26614128132654863,High,0.011834474473807697,4.9541956778123675e-6,-0.5167405897009284,0.6053372575205938,0.724,0.362,0.7471197036673103,0.36504342711258175,0.9170526315789475
Rook contiguity,2013,Liuyang,71634,4.421424452244407,High,0.01761283959662004,5.250639248163113e-6,2.625316448837244,0.00865684696506044,0.028,0.014,0.9595894602690648,0.8728026922676966,0.154
Rook contiguity,2013,Ningxiang,69797,3.365255803784216,High,0.015272509656134138,4.105621339250177e-6,1.7631274665253294,0.07787899369233954,0.156,0.078,0.7900272220142175,0.2891750997926912,0.4428387096774194
Rook contiguity,2013,Wangcheng,79195,5.4724086166232535,High,0.016739898646599125,4.5144008594181244e-6,3.581179832305432,3.420461129413472e-4,0.016,0.008,1.076744631636391,1.8661311682735011,0.11733333333333333
Rook contiguity,2013,Anren,15490,0.0024757956448631987,Low,0.010267227388354085,4.28187135225504e-6,0.5325133376254475,0.5943705066746197,0.544,0.272,0.7576939759711077,0.16427312398995886,0.8611428571428572
Rook contiguity,2013,Guidong,9434,-0.1891480316571192,Low,0.008431236224903816,5.974559877143959e-6,0.9631154367662504,0.33548959581262966,0.332,0.166,1.173929143722571,1.0827003666726718,0.664
Rook contiguity,2013,Jiahe,35328,-0.10322571906774569,High,0.01226951895105343,5.2632659075191e-6,-0.5097094644719188,0.6102550213446867,0.74,0.37,0.8725584488448266,0.3852870997194038,0.9170526315789475
Rook contiguity,2013,Linwu,25241,0.19121489379958556,Low,0.011286223414449131,6.5544935227309535e-6,0.23742071657912162,0.8123304196197062,0.672,0.336,1.3200800771173133,2.450165722206341,0.9170526315789475
Rook contiguity,2013,Rucheng,12569,-0.07811116813790403,Low,0.009093579748024673,5.894541060743555e-6,0.8366412917548117,0.4027942281412807,0.404,0.202,1.1046378338627554,1.0339932405301688,0.7479999999999999
Rook contiguity,2013,Yizhang,25040,0.8822788311933373,Low,0.010961673556292274,6.0034870514232055e-6,1.162917886945384,0.24486281946008343,0.284,0.142,1.0933886719547394,1.0276976000261264,0.664
Rook contiguity,2013,Yongxing,42868,1.9186721980291621,High,0.013641521138699368,5.786979802606561e-6,1.26556691214694,0.20566817842402246,0.244,0.122,0.9425514485647423,0.5882552007198587,0.6315294117647059
Rook contiguity,2013,Zixing,72393,1.7641615302830949,High,0.01590746263788162,3.955410391660315e-6,-0.17986780163785013,0.8572563534710348,0.988,0.494,0.8281194420702703,0.4017291738432762,0.988
Rook contiguity,2013,Changning,27057,-0.10015985006171738,High,0.01132544192554458,4.716221492543665e-6,-0.10013557875268608,0.9202366895134058,0.916,0.458,0.8538572817641624,0.4464466186828937,0.9711807228915664
Rook contiguity,2013,Hengdong,30326,0.3108209743139905,High,0.011693070198650457,4.446527539040249e-6,0.19353328474105613,0.8465413413171556,0.712,0.356,0.7568553716779558,0.4293489939942585,0.9170526315789475
Rook contiguity,2013,Hengnan,23818,-0.5414726618289945,Low,0.01104435152751062,4.0351784781162155e-6,-0.44030608598506554,0.6597154334278437,0.732,0.366,0.7871628709430314,0.7652877705708963,0.9170526315789475
Rook contiguity,2013,Hengshan,27622,-0.17767916869875966,High,0.01150728463171726,5.213732196156763e-6,-0.2615327750627586,0.7936816779194842,0.98,0.49,0.8401018626777254,0.2543738544521128,0.988
Rook contiguity,2013,Leiyang,27600,0.28373411670851817,High,0.011386303061278984,4.754554706337603e-6,0.32174504417856914,0.7476458504784766,0.68,0.34,0.8104897260782937,0.41012233097233564,0.9170526315789475
Rook contiguity,2013,Qidong,19849,-0.9812773558597584,Low,0.01084352231896121,4.610932567566607e-6,-0.7737068947162408,0.4391041418236393,0.48,0.24,0.7573289872637832,0.5294491342744605,0.8611428571428572
Rook contiguity,2013,Chenxi,18986,-1.0007234951709594,Low,0.010355593088316354,4.809318830020886e-6,-0.7051012779586107,0.4807472113033849,0.54,0.27,0.9578171272282939,0.9608339704745634,0.8611428571428572
Rook contiguity,2013,Zhongfang,34218,-0.6561434025011034,High,0.012291397015677932,4.7411141020551214e-6,-1.1952564689419,0.23198684191040228,0.164,0.082,0.9366598517088206,0.9618210634533493,0.451
Rook contiguity,2013,Huitong,16023,-1.1798492741942093,Low,0.009764000523396398,5.06229700712462e-6,-0.7436760994867246,0.4570724521497996,0.408,0.204,0.9756683673381273,0.5562212555051294,0.7479999999999999
Rook contiguity,2013,Jingzhou,22774,-1.144814859979901,Low,0.010684505699670123,5.993942500304949e-6,-1.1521726525676765,0.2492501330418335,0.092,0.046,1.339784995714396,2.121188819698115,0.368
Rook contiguity,2013,Mayang,15420,-1.1672001821983025,Low,0.010037765393599955,5.212462856443495e-6,-0.7241972102971845,0.4689446710024617,0.54,0.27,0.9726141116383427,1.1272526422003253,0.8611428571428572
Rook contiguity,2013,Tongdao,14134,-1.5326168947337053,Low,0.009240997975706669,5.756167859759736e-6,-1.0682283546420253,0.2854175174010673,0.144,0.072,1.1124403030665375,0.9672527740266395,0.42239999999999994
Rook contiguity,2013,Xinhuang,17193,-0.8272316036953734,Low,0.008564369216912792,5.508411450070248e-6,-0.21507810977720326,0.8297064203980236,0.94,0.474,2.0779828386779604,4.6444999144700585,0.9731764705882353
Rook contiguity,2013,Xupu,15330,-1.6829266506258311,Low,0.010380387838169835,4.074060495378029e-6,-1.260175468274182,0.20760607040633297,0.128,0.064,0.8729239247401086,1.1469301272200259,0.4126896551724138
Rook contiguity,2013,Yuanling,26525,-1.6878931618816437,Low,0.011258043500038985,3.843259453280849e-6,-1.7504586826110178,0.08003919767592754,0.016,0.008,0.6962038881887328,0.31617698616666434,0.11733333333333333
Rook contiguity,2013,Zhijiang,22994,-0.9467877842725974,Low,0.011110643572739129,5.496803531378573e-6,-0.9228636908757687,0.3560782444645486,0.368,0.184,0.89398359411312045,1.0785438440168083,0.7196444444444444
Rook contiguity,2013,Lengshuijiang,70781,1.5173132392697724,High,0.018625817677495448,5.3913630682231415e-6,-1.1298503177492205,0.2585393015892918,0.128,0.064,1.2662654341793462,1.5738444109954788,0.4126896551724138
Rook contiguity,2013,Shuangfeng,19797,-0.3210198978925197,Low,0.010535991759226697,4.330472420554591e-6,0.031672885010433284,0.9747329186612959,0.888,0.444,0.9564028905389867,0.9909598730227978,0.9711807228915664
Rook contiguity,2013,Xinhua,15063,-0.8876211578374029,Low,0.0099846789496291,4.466943892064306e-6,-0.34409027531356995,0.7307783960638431,0.896,0.448,0.8133324851846534,0.48643987009165013,0.9711807228915664
Rook contiguity,2013,Chengbu,10595,-2.1364674920438183,Low,0.009212295432782746,5.860382796018246e-6,-1.559456807524954,0.11888829989242122,0.012,0.006,0.9540362230626737,0.6117908605050482,0.11733333333333333
Rook contiguity,2013,Dongan,23002,-1.286486191848902,Low,0.010839814725610672,5.658524895298759e-6,-1.2800169811901732,0.2005391637764789,0.06,0.03,1.297778912728129,2.783542635670724,0.264
Rook contiguity,2013,Dongkou,14480,-1.9868248855483934,Low,0.009866562363125966,5.0821083963795084e-6,-1.5855041451707266,0.11285183586715629,0.032,0.016,0.8294778280504871,0.5874268736535382,0.16564705882352943
Rook contiguity,2013,Longhui,10191,-2.5449825631758873,Low,0.009648567550610675,4.4593292158602615e-6,-2.04753661727536,0.04060542539059714,0.004,0.002,0.7349803208470918,0.16707644193435955,0.088
Rook contiguity,2013,Shaodong,27817,-1.2265608106522286,High,0.011493576038029338,4.163530681452689e-6,-1.4900425936155326,0.13621303685731656,0.048,0.024,0.5915375491557029,-0.0229423986805255,0.22231578947368422
Rook contiguity,2013,Suining,17604,-2.0439649513248885,Low,0.010498924997358678,4.369377475971244e-6,-1.7601618300668358,0.07838037175384285,0.02,0.01,0.8074118105392012,0.9945758102659403,0.12571428571428572
Rook contiguity,2013,Wugang,12657,-2.5570360199496416,Low,0.009902794676894911,3.952481785198874e-6,-2.3171226545717145,0.02049705125843558,0.004,0.002,0.973901458300224,1.3281493738341839,0.088
Rook contiguity,2013,Xinning,11834,-2.0596544796591227,Low,0.009316723601859742,5.694182744011721e-6,-1.5365201777660984,0.12441085288234992,0.016,0.008,1.104797148560809,1.3521673294018521,0.11733333333333333
Rook contiguity,2013,Xinshao,12649,-0.7869981015658981,Low,0.009781806049288837,4.472872723980348e-6,-0.1350421436205186,0.8925785537046085,0.94,0.47,0.8927634309450806,0.8740338061311621,0.9731764705882353
Rook contiguity,2013,Shaoshan,61301,3.357057339172682,High,0.017199116146262895,5.4918926008691745e-6,1.8893934395689183,0.05883912930825292,0.12,0.06,1.2960702826085433,2.561286724711189,0.4126896551724138
Rook contiguity,2013,Xiangxiang,33585,1.8992819976313267,High,0.012150548492484866,5.073410987253956e-6,1.8029450110000136,0.07139685108632343,0.132,0.066,0.8574873175239127,0.5759683545264238,0.4126896551724138
Rook contiguity,2013,Baojing,12695,-1.7605637529034959,Low,0.009613325004625547,5.016646068849937e-6,-1.2249015397065388,0.2206123202400118,0.116,0.058,1.0094344859541684,1.1122641639290842,0.4126896551724138
Rook contiguity,2013,Fenghuang,15368,-1.1365058736659968,Low,0.009721512995456367,5.472720154548148e-6,-0.645689733457116,0.51848031073067,0.588,0.294,1.224685198250543,2.0878045289994196,0.888655737704918
Rook contiguity,2013,Guzhang,13345,-1.447373442133823,Low,0.00972309581163247,4.953205189232481e-6,-0.9228484238653523,0.35608620161788307,0.312,0.156,0.9188515030733726,0.705635326351147,0.664
Rook contiguity,2013,Huayuan,19980,-0.9072488992528401,Low,0.010145035019703548,5.711255813355581e-6,-0.6506966660389886,0.515242315772878,0.548,0.274,1.0977654529649385,0.8801628559023928,0.8611428571428572
Rook contiguity,2013,Jishou,33904,-1.0070674856526647,High,0.012048750234289978,4.676148072381603e-6,-1.5055437462655408,0.13218433867746204,0.036,0.018,0.9724413963437097,1.1152920788594587,0.176
Rook contiguity,2013,Longshan,10791,-2.0447978590303846,Low,0.008602343905199542,5.687812391126614e-6,-1.463401655886686,0.14335750585106358,0.012,0.006,1.234386892855045,1.522104527145843,0.11733333333333333
Rook contiguity,2013,Luxi,16876,-1.2972833028827635,Low,0.010451796761659124,4.612480027263675e-6,-1.0087343152266264,0.3131020699876318,0.316,0.158,0.6094288980216133,-0.2510934306712196,0.664
Rook contiguity,2013,Yongshun,10712,-2.0829516706912536,Low,0.009439287405403278,4.7747766950896214e-6,-1.5524844576306671,0.1205463487649668,0.02,0.01,1.0014612780260865,0.8126960757542161,0.12571428571428572
Rook contiguity,2013,Anhua,16071,-0.3378816079959538,Low,0.010254928293033951,3.7696274028250355e-6,0.1841594837629035,0.8538883430782944,0.784,0.392,0.6653848102180276,0.41881264468890356,0.9170526315789475
Rook contiguity,2013,Nan,23479,-0.05098802792656922,Low,0.011085253451257637,5.068701556846915e-6,0.06584245358491075,0.9475032564749069,0.848,0.424,0.8480671752963057,0.8609821547838354,0.9567179487179487
Rook contiguity,2013,Yuanjiang,28826,0.11070118672982196,High,0.011473918704269365,4.646420681759639e-6,0.07992457198389272,0.9362972467251609,0.792,0.396,0.9324643778404984,0.7012488050375412,0.9170526315789475
Rook contiguity,2013,Jianghua,17580,-1.3016766359592573,Low,0.009905413378742694,5.181311311439719e-6,-0.9456770019183083,0.3443133561009201,0.28,0.14,0.8255987793863868,0.07899438819281457,0.664
Rook contiguity,2013,Lanshan,22137,-0.6398543034779385,Low,0.010532257401584037,4.7932930165304785e-6,-0.43097613140690716,0.6664857257659098,0.78,0.39,1.065131242064626,1.1431564054621965,0.9170526315789475
Rook contiguity,2013,Ningyuan,14110,-1.241436690503346,Low,0.010185161360039252,4.485314706891843e-6,-0.7466950290613605,0.4552476710419214,0.512,0.256,0.7203480873810111,0.3942841272718396,0.8611428571428572
Rook contiguity,2013,Shuangpai,21770,-0.9466686397772888,Low,0.010540476915078435,5.940099936143547e-6,-0.849737101398653,0.39547126625158213,0.332,0.166,1.0634790405588583,0.7406355391734154,0.664
Rook contiguity,2013,Xintian,15881,-0.5433190311566323,Low,0.009860987421729514,4.984684165506923e-6,-0.002017783892060605,0.9983900424779656,0.784,0.392,0.8496559920395943,0.36068691864801483,0.9170526315789475
Rook contiguity,2013,Huarong,33611,0.3676668751047016,High,0.012863310406813638,6.653864299602485e-6,-0.09126410264653312,0.9272827408540935,0.752,0.376,1.3851437105588216,1.9000411724982103,0.9170526315789475
Rook contiguity,2013,Linxiang,35394,0.6701315409873472,High,0.013740048027660408,5.6577359526865024e-6,0.1261955535837839,0.8995771309550005,0.504,0.26,2.2091208810819674,5.008898267348732,0.8611428571428572
Rook contiguity,2013,Miluo,47066,3.9542632415489636,High,0.013712333745583762,4.9039922788001185e-6,3.497201856312227,4.7016592773341096e-4,0.008,0.004,0.8833866991470555,0.7347110632672971,0.11733333333333333
Rook contiguity,2013,Pingjiang,19076,3.075196660371042,Low,0.010306753204592069,5.946599730646507e-6,3.931576304542652,8.439070168720218e-5,0.008,0.004,0.9823138085779979,0.9957223450352997,0.11733333333333333
Rook contiguity,2013,Xiangyin,37621,2.1752809589971,High,0.012746868676229893,5.576624895043341e-6,1.7654806905520761,0.07748301266978853,0.136,0.068,0.9906107657065883,1.394718217612077,0.4126896551724138
Rook contiguity,2013,Cili,20303,-0.6289400178998114,Low,0.010343246084678752,6.3004033103596e-6,-0.35951810210815527,0.7192075382761892,0.916,0.458,1.2124924497789467,1.4337925302709467,0.9711807228915664
Rook contiguity,2013,Chaling,22363,-0.26878693401735126,Low,0.010487265411459236,5.603075479936792e-6,0.02308012485947178,0.9815863595280674,0.728,0.364,1.1981407270246254,1.5729077428566898,0.9170526315789475
Rook contiguity,2013,Liling,46052,2.768352459004767,High,0.014590483264436429,5.69545209459837e-6,2.19424219698868,0.028218002483957106,0.076,0.038,1.0690972928926314,0.8612427800402052,0.31847619047619047
Rook contiguity,2013,Yanling,24147,0.15615028531151703,Low,0.010872316662703408,5.805494523710511e-6,0.38368641688341026,0.7012108812602229,0.616,0.308,0.9738603349154059,0.40757760331515414,0.888655737704918
Rook contiguity,2013,You,40725,0.8892904126146086,High,0.012963233961557427,5.361117933957851e-6,0.2895003383956344,0.772198520970598,0.616,0.308,1.1958501985013774,1.8087169189839143,0.888655737704918
Rook contiguity,2013,Zhuzhou,30801,3.6067643661500832,High,0.01178981062389025,4.968658574006932e-6,3.648263934853588,2.6401833625852925e-4,0.004,0.002,0.5896898100173239,-0.11438433510248514,0.088
Rook contiguity,2013,Sangzhi,15672,-1.3390153447513777,Low,0.01025055807820573,4.300223165564453e-6,-0.9954257673082036,0.31952923154214186,0.332,0.166,0.6343977338709392,-0.10710014416836344,0.664
Rook contiguity,2013,Yueyang,29171,0.8572760121521005,High,0.011632272528837006,4.2804621168595616e-6,0.7913252042164988,0.428754244250219,0.384,0.192,0.7238675673146583,0.5060934721418131,0.7346086956521739
Rook contiguity,2013,Qiyang,22774,-0.8238928575361507,Low,0.01101284556924658,4.741317525767761e-6,-0.6800710175211427,0.4964594947059056,0.604,0.302,0.739178589123705,0.25652966751269046,0.888655737704918
Rook contiguity,2013,Taojiang,21511,1.7174255746481228,Low,0.011068891732760766,4.392584550890548e-6,1.9623521963067694,0.04972149418300423,0.108,0.054,0.7728666596746603,0.4452159583223474,0.4126896551724138
Rook contiguity,2013,Shaoyang,10531,-2.1828794636950897,Low,0.009865027211315849,4.412764517404789e-6,-1.596738894317641,0.11032392192253106,0.024,0.012,0.8532558727419892,0.9774615667714044,0.14079999999999998
Rook contiguity,2013,Lianyuan,20607,0.7459185341299936,Low,0.01093923883996497,4.062538832957036e-6,0.9861118557389689,0.3240782264632511,0.308,0.154,0.7867364408112955,0.7713506640612309,0.664
Rook contiguity,2013,Hongjiang,19786,-1.2324432527241342,Low,0.010601079550375418,4.2501071591518734e-6,-1.0486398116591802,0.2943439253596396,0.252,0.126,0.8003310039782648,0.808272378196826,0.6335999999999999
Rook contiguity,2013,Hengyang,21419,-0.6375359359952849,Low,0.010687697614443261,4.7571224787522035e-6,-0.4361908852446528,0.6626982404927371,0.808,0.404,0.9135274705108517,0.49273891467241304,0.9234285714285715
Rook contiguity,2013,Guiyang,36372,1.3561220318998486,High,0.011988802856474795,3.898402916621179e-6,1.0469347276142642,0.29512968367608844,0.288,0.144,0.8828334299859775,1.331897723973463,0.664
Rook contiguity,2013,Changsha,97249,5.708505423705478,High,0.01863837321742563,3.769591172156237e-6,3.229762676998992,0.0012389301282018407,0.012,0.006,0.7069810810488915,0.369691085997637,0.11733333333333333
Rook contiguity,2013,Taoyuan,25691,-0.5209039275235828,Low,0.011247495155350916,3.329102354251841e-6,-0.4754616867345603,0.6344579353433932,0.724,0.362,0.6606356741333796,0.505924093576331,0.9170526315789475
Rook contiguity,2013,Xiangtan,30636,4.135066434286472,High,0.011712144452427591,3.339195455740169e-6,4.301718749729726,1.69478345836477e-5,0.004,0.002,0.4461758078089763,-0.35164530708498143,0.088
Rook contiguity,2013,Dao,20073,-1.2478518289948988,Low,0.010501409314780894,5.228133912592509e-6,-1.1367903246255824,0.2556259490067377,0.212,0.106,0.7214394940004947,0.07513944391917082,0.5653333333333332
Rook contiguity,2013,Jiangyong,18912,-0.9924185722810046,Low,0.00977192221435673,6.277923642912882e-6,-0.7267030253915516,0.4674078997053361,0.512,0.256,1.2054471780255605,1.5358119200132503,0.8611428571428572
Rook contiguity,2014,Anxiang,24818,0.01704906197791753,Low,0.010930709323903711,6.328559019141796e-6,0.19085819459823178,0.8486366939011377,0.676,0.338,1.1097196897113915,1.4540094932983711,0.8878805970149255
Rook contiguity,2014,Hanshou,26745,-0.29788029926881343,Low,0.011038369875459439,5.578191802785687e-6,-0.21150888348987562,0.8324902009897067,0.964,0.482,0.99209415288414,0.9769931405529584,0.975080459770115
Rook contiguity,2014,Jinshi,41277,0.48904327444197315,High,0.012803716966351499,5.728934946742958e-6,-0.035909345021645486,0.9713546444248591,0.792,0.396,1.0810582188007145,1.1829032615391375,0.8935384615384616
Rook contiguity,2014,Li,31861,0.34606835589729995,High,0.011834779750891977,6.239830860241798e-6,0.19499818391632848,0.8453943693573355,0.732,0.366,0.8889893275603135,0.42096405554982663,0.8935384615384616
Rook contiguity,2014,Linli,29998,0.40076112690896154,High,0.01129790457585846,4.880263960228927e-6,0.5320708964430207,0.5946768935883281,0.544,0.272,0.9745621037843444,0.8436934463317831,0.8213333333333334
Rook contiguity,2014,Shimen,32286,-0.23981993649029415,High,0.01155442434345504,4.152265244136473e-6,-0.3934884106879974,0.6939587820447505,0.832,0.416,0.7084155012069725,0.2863675729170909,0.9267848101265822
Rook contiguity,2014,Liuyang,78127,4.465793803697304,High,0.017524970085423603,5.061015802968317e-6,2.757815822228272,0.005818897294897485,0.032,0.016,1.1083662675128778,1.7693729333479906,0.16564705882352943
Rook contiguity,2014,Ningxiang,75076,3.3288216272895874,High,0.015079592717142886,4.218697401212344e-6,1.7872852056398953,0.0738914039267539,0.104,0.052,0.8137967769654263,0.6467679855099115,0.32853333333333334
Rook contiguity,2014,Wangcheng,84780,5.445771718140135,High,0.016571387129159888,4.175496403220305e-6,3.7637295947985785,1.67397891771342e-4,0.004,0.002,0.7105999212275419,0.16645386839492993,0.058666666666666666
Rook contiguity,2014,Anren,17947,0.1130249293305841,Low,0.010269379870762272,3.940678588889857e-6,0.6775774505015173,0.4980396475208726,0.488,0.244,0.6714817068852966,0.27611866894251236,0.8064
Rook contiguity,2014,Guidong,10583,-0.11243837832108372,Low,0.00845847811853929,5.84162947657315e-6,1.0600295786726517,0.2891311430391791,0.3,0.15,1.3807055506632948,2.430998347486847,0.6139534883720931
Rook contiguity,2014,Jiahe,38064,-0.1477652690378938,High,0.012271366040064624,5.33931734996233e-6,-0.5557696545307199,0.5783683326356698,0.632,0.316,1.078022225038681,1.3805832498977404,0.869
Rook contiguity,2014,Linwu,26275,0.15993687979450696,Low,0.01096806817117274,5.269776111375009e-6,0.365230824392809,0.714939110710825,0.596,0.298,1.1264101773137285,1.515175007955369,0.8598032786885246
Rook contiguity,2014,Rucheng,14018,2.9866029535857147e-5,Low,0.008968885085366573,5.6794122819596114e-6,1.004905548017022,0.31494233270452776,0.292,0.146,1.4109664166068783,3.0063481184134906,0.6139534883720931
Rook contiguity,2014,Yizhang,28354,0.9588775741702688,Low,0.01132890446153962,5.947740103608215e-6,1.1029220984750805,0.2700609966631873,0.284,0.142,0.9905554611864124,0.9957213415576747,0.6139534883720931
Rook contiguity,2014,Yongxing,48646,2.084654484642398,High,0.013730327099993032,4.855693111994766e-6,1.5454919105742257,0.12222732409186457,0.184,0.092,0.8516119552706912,0.46965267910424346,0.4762352941176471
Rook contiguity,2014,Zixing,80663,1.9281485176389994,High,0.01616677361502078,3.933641262222137e-6,-0.11910527889475742,0.9051919485640382,0.964,0.482,0.9768376877953019,2.0884663274861754,0.975080459770115
Rook contiguity,2014,Changning,29665,-0.0660683700752151,High,0.01143660500817672,5.524343192134134e-6,-0.10266439858468437,0.9182293301091798,0.908,0.454,1.1458381503856427,2.024598663321428,0.962698795180723
Rook contiguity,2014,Hengdong,33307,0.39470528180185427,High,0.011668074512121925,4.3497568413501785e-6,0.30228127459249277,0.7624376517753368,0.7,0.35,0.7129126765840184,0.5475456285741322,0.8935384615384616
Rook contiguity,2014,Hengnan,26001,-0.5133078471614159,Low,0.011120808418828506,4.259137138683026e-6,-0.43427700890501864,0.6640872972319498,0.764,0.382,0.6902227401230435,0.38030348036436523,0.8935384615384616
Rook contiguity,2014,Hengshan,30462,-0.15667726567592533,High,0.011622715175848435,5.5711592880641626e-6,-0.27888915566027517,0.7803298910244505,0.944,0.472,0.8944443410123302,0.5788279485788848,0.975080459770115
Rook contiguity,2014,Leiyang,30360,0.3707489372944384,High,0.011382087882432947,4.799519832568306e-6,0.4227556201921609,0.6724735703129159,0.616,0.308,0.9586246512936736,1.2150659039074103,0.8604444444444443
Rook contiguity,2014,Qidong,21906,-0.9684074128141739,Low,0.010606583898052684,3.718333991792971e-6,-0.7218426601327845,0.47039121797766154,0.524,0.262,0.625479973186498,0.13113552502476056,0.8089824561403509
Rook contiguity,2014,Chenxi,20132,-1.1289912039641827,Low,0.010411052634449346,4.846460532115057e-6,-0.8739295078984219,0.38215664392484994,0.38,0.19,1.0210787525963212,1.4744648428382474,0.7113333333333334
Rook contiguity,2014,Zhongfang,35747,-0.8110077113297308,High,0.011860595294166032,4.747821057087158e-6,-1.1763893186550145,0.23943933808747886,0.164,0.082,0.9611711747157305,0.6805907161299096,0.451
Rook contiguity,2014,Huitong,17040,-1.2307096383639133,Low,0.009731594721075562,5.138953787582766e-6,-0.7833153602872838,0.4334419453617142,0.448,0.224,1.0927366913405967,1.2606587672570102,0.7884800000000001
Rook contiguity,2014,Jingzhou,25078,-1.163773063457327,Low,0.010719468563947105,5.671306180189258e-6,-1.2207986669618716,0.22216225866600423,0.112,0.056,1.0192757747222347,1.0228554445238425,0.32853333333333334
Rook contiguity,2014,Mayang,16700,-1.2403803725973974,Low,0.010082218482997923,5.526671006130771e-6,-0.7992291005334504,0.42415758100553097,0.468,0.234,0.8483754584140242,0.5227728442190807,0.792
Rook contiguity,2014,Tongdao,14871,-1.5568444067988938,Low,0.009291319108869472,6.032054442641419e-6,-1.0906415833305785,0.2754306244407038,0.152,0.076,1.3095461838097715,2.0331751304126175,0.43148387096774193
Rook contiguity,2014,Xinhuang,18328,-0.8942292052674343,Low,0.008575283326634944,5.9149879636216195e-6,-0.3194033389539489,0.749420679209398,0.904,0.444,2.18351135892632,5.146755740391141,0.962698795180723
Rook contiguity,2014,Xupu,15331,-1.7964968413466567,Low,0.010209220855109906,3.315898656413564e-6,-1.4297814614383224,0.15277975143085576,0.1,0.05,0.5647362459386779,0.20006240766466243,0.32853333333333334
Rook contiguity,2014,Yuanling,27798,-1.7366851394735925,Low,0.011260026644144022,3.5988699779692685e-6,-1.860378077705114,0.06283205403513417,0.024,0.012,0.5099611733602359,-0.03405625521918987,0.14079999999999998
Rook contiguity,2014,Zhijiang,24134,-1.0636509477415226,Low,0.010803028354034096,4.785136523287803e-6,-0.9825965779200821,0.32580602932546027,0.268,0.134,0.7489210184526325,0.09887857016926294,0.6139534883720931
Rook contiguity,2014,Lengshuijiang,75181,1.4018094462111925,High,0.018359672280690534,5.386971097726567e-6,-1.1711366682426454,0.24154384688351074,0.1,0.05,1.1809679311697545,1.4313874991135425,0.32853333333333334
Rook contiguity,2014,Shuangfeng,21252,-0.2987655244497206,Low,0.010269453697434464,4.10045025956781e-6,0.19088920489316866,0.8486123979065061,0.752,0.376,0.8446377109453737,0.5513654832309185,0.8935384615384616
Rook contiguity,2014,Xinhua,16620,-0.9527318724475008,Low,0.010338464134443262,4.529918115837782e-6,-0.5785759846143068,0.5628753130063779,0.66,0.33,0.69103222703307,0.23598595674307044,0.8878805970149255
Rook contiguity,2014,Chengbu,11663,-2.135653772023606,Low,0.009157471543543443,5.444155497264265e-6,-1.5888977664295527,0.11208347554891977,0.008,0.004,1.019244128136944,1.189768614208071,0.07822222222222223
Rook contiguity,2014,Dongan,24876,-1.283734523093135,Low,0.010857418024378056,6.146185262409348e-6,-1.2296004022493567,0.2188467793311665,0.104,0.052,1.1400220505228749,1.6494605694517999,0.32853333333333334
Rook contiguity,2014,Dongkou,16024,-2.005668413197346,Low,0.010019745566517583,4.912515292692947e-6,-1.699259259842329,0.08927034512537389,0.008,0.004,0.8691668151747232,0.69394609622079,0.07822222222222223
Rook contiguity,2014,Longhui,11486,-2.545137289421287,Low,0.009648051347188243,4.825726127163561e-6,-1.963212002187264,0.04962154532911172,0.004,0.002,0.8187966964290517,0.636372571409836,0.058666666666666666
Rook contiguity,2014,Shaodong,30800,-1.219310800252671,High,0.01140955418559699,3.833970759371968e-6,-1.4983830224039663,0.13403376482502855,0.052,0.026,0.7391536792487586,0.28965442531457786,0.24084210526315789
Rook contiguity,2014,Suining,19428,-2.0572972445599653,Low,0.01055676184571621,4.131274746447491e-6,-1.8491256199687445,0.06443967573282551,0.008,0.004,0.7896617639333997,0.8028046421653436,0.07822222222222223
Rook contiguity,2014,Wugang,14135,-2.526593551433773,Low,0.009995459623745456,4.7009532716876484e-06,-2.1290689130637173,0.03324855929407446,0.004,0.002,0.7669112986994361,0.4097154322406338,0.058666666666666666
Rook contiguity,2014,Xinning,13209,-2.0461902050405336,Low,0.009224223469508656,5.355264690128716e-6,-1.5238298865811641,0.12755121168390204,0.032,0.016,0.9323985579206672,0.6646911500921262,0.16564705882352943
Rook contiguity,2014,Xinshao,14085,-0.813948343785198,Low,0.009967579117525945,4.588150641391945e-6,-0.2482813456808891,0.8039167312109722,0.924,0.462,0.7900581329540106,0.7641453870753065,0.9680000000000001
Rook contiguity,2014,Shaoshan,67578,3.3984171507527186,High,0.017080514708093145,5.763863301768383e-6,1.9384892754268583,0.05256355798811079,0.112,0.056,1.2549711086714952,1.6528114147673367,0.32853333333333334
Rook contiguity,2014,Xiangxiang,37651,1.9237884289064204,High,0.012219850744602424,5.453020340732484e-6,1.732348600801986,0.0832115135772357,0.1,0.05,1.5635399470199427,5.012734853895989,0.32853333333333334
Rook contiguity,2014,Baojing,13954,-1.8052455929212334,Low,0.009701252499234312,4.938094313101108e-6,-1.32173176942138,0.18625748569972256,0.092,0.046,0.8563729559973318,0.527789194813987,0.32853333333333334
Rook contiguity,2014,Fenghuang,17265,-1.1848196005095724,Low,0.00989890833608304,5.6802940787320545e-6,-0.7619422286524403,0.44609448492378867,0.504,0.252,0.7762187587191863,0.2458076020902764,0.8064
Rook contiguity,2014,Guzhang,15258,-1.4772280120623638,Low,0.009787881431214649,4.8936768709232155e-6,-0.9890828362215509,0.3226226144984771,0.276,0.138,0.8936923942784418,1.0240987445885512,0.6139534883720931
Rook contiguity,2014,Huayuan,20450,-1.0015907779281767,Low,0.010124041325927698,6.058742989436227e-6,-0.7381495086606908,0.46042360131026333,0.5,0.25,1.1411552329067396,1.8181940716399811,0.8064
Rook contiguity,2014,Jishou,35806,-1.0707503348938536,High,0.012151702506242947,4.678772952169457e-6,-1.6255715866386118,0.1040408236802183,0.024,0.012,0.9668635722144265,1.2709703889446837,0.14079999999999998
Rook contiguity,2014,Longshan,11980,-2.0323184759295336,Low,0.008788962242723143,5.804837112487527e-6,-1.505514314208027,0.13219189953253652,0.016,0.008,1.2949406611923875,2.267447196006036,0.11733333333333333
Rook contiguity,2014,Luxi,18529,-1.344547041688608,Low,0.010288093465707075,4.3132677789749405e-6,-1.0155233313784897,0.30985643065633545,0.3,0.15,0.6139122272275331,0.049896874428454474,0.6139534883720931
Rook contiguity,2014,Yongshun,11628,-2.0915084195559133,Low,0.009575661011241538,5.0834664029046875e-6,-1.570482417811135,0.11630292165422187,0.024,0.012,0.9021550769805579,0.9027068105485689,0.14079999999999998
Rook contiguity,2014,Anhua,17840,-0.38917051380260387,Low,0.010491741544933328,4.387523211693205e-6,0.003958462684025479,0.9968416119882589,0.908,0.454,0.7481165532947206,0.39863320505594224,0.962698795180723
Rook contiguity,2014,Nan,26081.76,-0.03776749397179927,Low,0.010804638342262366,4.55682919915532e-6,0.21678810698155093,0.8283734808188993,0.724,0.362,1.0341217998655239,1.6929493819629453,0.8935384615384616
Rook contiguity,2014,Yuanjiang,31834,0.175413507641528,High,0.011566930578431122,4.882302183611758e-6,0.11026229838483004,0.9122013564318847,0.784,0.392,0.9611924039194655,0.6541580106211642,0.8935384615384616
Rook contiguity,2014,Jianghua,20033,-1.2810937031459388,Low,0.010132796149050603,5.364937791686041e-6,-1.0000847459326585,0.3172694975312662,0.264,0.132,0.8488209779402324,0.6097882231244225,0.6139534883720931
Rook contiguity,2014,Lanshan,24207,-0.6758594684057163,Low,0.010647079038405786,5.1884603999229224e-6,-0.5070008013249115,0.6121542563182045,0.768,0.384,0.8983053049080479,0.3758470822000799,0.8935384615384616
Rook contiguity,2014,Ningyuan,15200,-1.257919877325628,Low,0.010464469086739384,4.856134619111591e-6,-0.8586910468396354,0.3905109913213991,0.42,0.21,0.8054791304835313,0.64076837057608,0.7542857142857142
Rook contiguity,2014,Shuangpai,23077,-0.9770742644702708,Low,0.010465146415231625,6.575019819309171e-6,-0.8124266067330297,0.41654688425226516,0.388,0.194,1.225392011587043,1.362945796810914,0.7113333333333334
Rook contiguity,2014,Xintian,17140,-0.546412960818609,Low,0.00977613963923319,5.515752965345477e-6,0.031726912264207235,0.9746898328032271,0.78,0.39,1.0038668605909775,1.087045144927135,0.8935384615384616
Rook contiguity,2014,Huarong,36875,0.3988020241986282,High,0.01286042765850872,6.516835906757046e-6,-0.05012624281950904,0.9600217872747635,0.756,0.378,1.4312896291642059,2.679562441017185,0.8935384615384616
Rook contiguity,2014,Linxiang,38903,0.6991467801687965,High,0.013604343231238108,5.19388640760592e-6,0.23988172681518594,0.8104219472086485,0.468,0.24,2.4073098713464547,6.831974987041688,0.792
Rook contiguity,2014,Miluo,51832,3.977086559887599,High,0.013805680383583476,4.996110234209745e-6,3.4408652950634697,5.798571329792263e-4,0.012,0.006,0.8812169965743376,0.6734427606692837,0.096
Rook contiguity,2014,Pingjiang,20521,3.1019029613196833,Low,0.010212721593952664,5.229695102818632e-6,4.259082512423841,2.052676944168502e-5,0.004,0.002,1.1049463212492034,1.0697127026922342,0.058666666666666666
Rook contiguity,2014,Xiangyin,41965,2.202002406277212,High,0.01284660397343248,5.5749235724466686e-6,1.7480740989063164,0.0804511973355876,0.112,0.056,1.4490012408172244,3.4270764646495744,0.32853333333333334
Rook contiguity,2014,Cili,22584,-0.5957819455987051,Low,0.010167636453820576,5.10937854160814e-6,-0.2752281128312606,0.7831409897744126,0.988,0.494,1.1805424958117856,1.8158412037645384,0.988
Rook contiguity,2014,Chaling,24910,-0.18608880969668548,Low,0.010679354282687698,5.774470658811884e-6,0.048440176743013784,0.9613654404597272,0.704,0.352,1.3350201031521702,2.1423040981584043,0.8935384615384616
Rook contiguity,2014,Liling,50629,2.8221025252386363,High,0.014512787580115982,5.6820843475238605e-6,2.291780439762837,0.02191831593904685,0.072,0.036,1.192860917892771,1.4325237701110538,0.3168
Rook contiguity,2014,Yanling,27330,0.26874329463642627,Low,0.01111034875603847,6.0124003194584695e-6,0.4067754281522435,0.6841729354123348,0.56,0.28,1.0851147119458402,0.9046106923444484,0.8213333333333334
Rook contiguity,2014,You,45160,0.9796994097526519,High,0.012983081435056299,4.74524004685185e-6,0.4024554692312747,0.6873488544768251,0.616,0.308,0.8593605617431674,0.8949024724865073,0.8604444444444443
Rook contiguity,2014,Zhuzhou,34977,3.7171013086600713,High,0.011843665701249634,4.333035115625042e-6,3.998906263487685,6.363587493407076e-5,0.012,0.006,0.9485195402213772,1.4031774583907453,0.096
Rook contiguity,2014,Sangzhi,17518,-1.3377023103613441,Low,0.010188969727648151,4.526201985430635e-6,-0.9371358162079516,0.3486887000261017,0.368,0.184,0.7206957468792259,0.06584916925921691,0.704
Rook contiguity,2014,Yueyang,32503,0.9109909618404254,High,0.011668464352394547,4.5159711902001805e-6,0.8078468139629599,0.41917877197144654,0.36,0.18,0.8993257078276008,1.0785097807458781,0.704
Rook contiguity,2014,Qiyang,25139,-0.8230152705924663,Low,0.010896941412551446,4.24735945665481e-6,-0.6597309400859698,0.5094265078471363,0.556,0.278,1.0913933212827125,2.0909483166937948,0.8213333333333334
Rook contiguity,2014,Taojiang,23855,1.719834523368333,Low,0.010975542962232295,4.7369291636554175e-6,1.93184239574921,0.05337896149957391,0.092,0.046,1.036119394391516,1.8934446545849744,0.32853333333333334
Rook contiguity,2014,Shaoyang,11739,-2.1537628593991784,Low,0.009848323061783291,3.909871116386108e-6,-1.6507403952762112,0.09879159560851375,0.036,0.018,0.6678369582312131,0.3038197098990918,0.176
Rook contiguity,2014,Lianyuan,22145,0.6903894599716673,Low,0.010927941952942416,3.960691765131982e-6,0.944593578987725,0.34486640640982485,0.356,0.178,0.6268852683168782,0.588844616932338,0.704
Rook contiguity,2014,Hongjiang,21314,-1.3381491474212843,Low,0.01059216031870784,4.452065101601817e-6,-1.136494237838046,0.25574977575821634,0.192,0.096,0.7366433484576961,0.17026178360437472,0.48274285714285714
Rook contiguity,2014,Hengyang,23456,-0.633458296468421,Low,0.010682021307201799,5.590130638993105e-6,-0.3943365510775072,0.6933325811257385,0.904,0.452,1.1993086272303537,2.142787801120315,0.962698795180723
Rook contiguity,2014,Guiyang,40891,1.4352231020355604,High,0.012118572846920805,3.992283375281301e-6,1.0456092440424345,0.29574147958934865,0.28,0.14,0.8712819637089889,1.060043936470052,0.6139534883720931
Rook contiguity,2014,Changsha,107562,5.760812156173352,High,0.018627406959757127,3.7657212537934112e-6,3.2882411023244296,0.00100815461578338,0.004,0.002,0.6774291390263574,0.04809524257896358,0.058666666666666666
Rook contiguity,2014,Taoyuan,29042,-0.5363063908302347,Low,0.011376463498274758,3.247419941963228e-6,-0.5680910572819751,0.5699731397379747,0.676,0.338,0.6850813635593229,0.513251439123124,0.8878805970149255
Rook contiguity,2014,Xiangtan,34488,4.181202885862599,High,0.011687725770125447,3.7796246448922237e-6,4.095244474382517,4.217231331014218e-5,0.004,0.002,0.632803854481772,0.4673877498829606,0.058666666666666666
Rook contiguity,2014,Dao,22404,-1.2523458298611145,Low,0.010461154587472073,5.183985315351209e-6,-1.1266452156163258,0.25989251383763184,0.176,0.088,1.0739502052599061,1.288245359382782,0.46933333333333327
Rook contiguity,2014,Jiangyong,19982,-1.0009178293230618,Low,0.009440578149458591,5.2799901106659985e-6,-0.6582070155827222,0.51040511739181,0.524,0.262,1.3527599103622194,1.7785675058493071,0.8089824561403509
Rook contiguity,2015,Anxiang,27038,0.03354849111806734,Low,0.010922753553503034,6.1839426476141976e-6,0.21548680500675155,0.8293877985116004,0.68,0.34,1.430797122474291,2.8119931347037923,0.8800000000000001
Rook contiguity,2015,Hanshou,27488,-0.37470255604788827,Low,0.010943785836830665,6.126284071077427e-6,-0.25896654750607695,0.7956610514426261,0.968,0.484,1.131594389063528,1.192099259394289,0.9831724137931035
Rook contiguity,2015,Jinshi,44464,0.4776157856086264,High,0.012867303167441937,5.9535503443405525e-6,-0.06208225865330484,0.9504973252859328,0.852,0.426,0.9140919690676618,0.40444936444486634,0.9607529411764707
Rook contiguity,2015,Li,35530,0.3588533599249503,High,0.011565695394616833,5.521667258586136e-6,0.34636536351806063,0.729068151882208,0.608,0.304,1.0085229700364626,0.8999159994154624,0.8339692307692308
Rook contiguity,2015,Linli,32103,0.39016913638154077,Low,0.011368129766557204,5.3445194047249746e-6,0.47586781543363255,0.6341685525759881,0.54,0.27,1.0897906817529637,1.7584569959218,0.8339692307692308
Rook contiguity,2015,Shimen,35202,-0.21202290960831152,High,0.01173104564544505,5.498390367515974e-6,-0.3922379022590865,0.6948824414116437,0.852,0.426,1.2321003914468596,2.254377048293085,0.9607529411764707
Rook contiguity,2015,Liuyang,85426,4.649052227938001,High,0.017177130455653156,4.790434232180574e-6,3.357473268133791,7.865834902207557e-4,0.032,0.016,1.4811887698946986,2.894446564383067,0.16564705882352943
Rook contiguity,2015,Ningxiang,81677,3.238391427492213,High,0.015045868811243233,3.833030268392216e-6,1.8721992287338354,0.061179045763170715,0.108,0.054,0.7378160750353471,0.3314370870448564,0.3645714285714286
Rook contiguity,2015,Wangcheng,91430,5.505364061840765,High,0.01651181979651426,4.869631190820596e-6,3.7088242225594517,2.082239118890519e-4,0.004,0.002,0.8658760393063208,0.5580604868595005,0.058666666666666666
Rook contiguity,2015,Anren,19235,0.13432814879571459,Low,0.010476376399836812,4.958843498346497e-6,0.5353040135696071,0.5924396514645367,0.54,0.27,0.8354951365788177,0.7114316397098404,0.8339692307692308
Rook contiguity,2015,Guidong,11909,-0.1078625472917872,Low,0.008528108111447821,5.343336082063658e-6,1.0810754036484183,0.2796635734893394,0.328,0.164,1.0954978239748585,0.7900603674017037,0.656
Rook contiguity,2015,Jiahe,40607,-0.20249326471365367,High,0.012264585585079663,5.406601407698811e-6,-0.6143356186480382,0.5389935699951187,0.628,0.314,0.9732643857220308,0.8715970779203261,0.8373333333333333
Rook contiguity,2015,Linwu,27477,0.08474134724171524,Low,0.010697995968176065,5.358085673244615e-6,0.39120925895427205,0.6956425649430675,0.616,0.308,0.9375005989961894,0.6638041387099318,0.8339692307692308
Rook contiguity,2015,Rucheng,15164,-0.02020287869620995,Low,0.008928435637152789,6.524456885644249e-6,0.928693741531322,0.35304782508711213,0.32,0.16,1.3832218989742466,2.361798556480325,0.6548837209302326
Rook contiguity,2015,Yizhang,30839,0.8825331506501287,Low,0.011104264215509706,5.462647135940978e-6,1.1799981195682896,0.2380009628082626,0.236,0.118,1.5127412692369502,4.472750334026626,0.5612972972972973
Rook contiguity,2015,Yongxing,52963,2.0057965069716497,High,0.013935070297644406,6.326578803562891e-6,1.235340164758807,0.21670393152542364,0.232,0.116,1.2418293950489285,1.7870477421204445,0.5612972972972973
Rook contiguity,2015,Zixing,86570,1.8542000421178673,High,0.015959584228413797,4.569053250276761e-6,-0.04938677893943069,0.9606110641834055,0.876,0.438,0.8975200105165567,0.7292205726780145,0.9607529411764707
Rook contiguity,2015,Changning,32424,-0.03711219720373519,High,0.011205480457830454,4.62175056897655e-6,0.028595741026140393,0.977187008865738,0.808,0.404,1.2037766514388994,2.2678966737205295,0.9480533333333334
Rook contiguity,2015,Hengdong,36790,0.4846116333867035,High,0.011785424920157784,4.624796492320757e-6,0.34959345107809664,0.7266438264655429,0.644,0.322,0.8279178569583875,0.6482260483534703,0.8458507462686568
Rook contiguity,2015,Hengnan,29475,-0.41967607604978296,Low,0.011136891128201012,4.131794687248814e-6,-0.35690083275572243,0.7211660462189631,0.836,0.418,0.8154378913916843,0.7429095280951383,0.9607529411764707
Rook contiguity,2015,Hengshan,34386,-0.045166785047488334,High,0.011717401985147091,6.335729573897401e-6,-0.187291251462339,0.8514322819433902,0.972,0.486,1.2870592972926524,2.3076744185865063,0.9831724137931035
Rook contiguity,2015,Leiyang,33069,0.3803289482021235,High,0.011405824912828003,5.462578424921181e-6,0.40586612276109396,0.6848409709244168,0.584,0.292,1.0223682987579645,1.0964578151005373,0.8339692307692308
Rook contiguity,2015,Qidong,23976,-0.9077662079442288,Low,0.010928362753450523,4.925755063852341e-6,-0.7318965811792025,0.4642316930624223,0.548,0.274,0.7569922052631414,0.2473810071529221,0.8339692307692308
Rook contiguity,2015,Chenxi,21550,-1.2177400972892114,Low,0.010306473860251995,4.957835698198771e-6,-0.9499338163443652,0.3421458827883761,0.308,0.154,0.974641265298625,0.9985288933140124,0.6453333333333333
Rook contiguity,2015,Zhongfang,37870,-0.8372336040921746,High,0.011957146203802942,5.508561261551765e-6,-1.1821591771806643,0.2371425472176258,0.132,0.066,0.989265782554314,0.9812621974028626,0.3872
Rook contiguity,2015,Huitong,18404,-1.2172073709505427,Low,0.009684452811639668,4.963981510953105e-6,-0.793031770210242,0.4277593129756968,0.476,0.238,1.029884146224035,1.2296518849999893,0.803622641509434
Rook contiguity,2015,Jingzhou,27127,-1.1508855605811954,Low,0.010448274485811971,5.581490032549152e-6,-1.1325278987068306,0.257412562058833,0.108,0.054,1.1286681408648,0.8817200039894595,0.3645714285714286
Rook contiguity,2015,Mayang,18334,-1.2515111402967523,Low,0.010011410467301663,5.156625178509338e-6,-0.8402488168607336,0.40076889256651616,0.38,0.19,1.0401903071249285,1.0217318770623622,0.7111836734693878
Rook contiguity,2015,Tongdao,16106,-1.5265698545622426,Low,0.009107921350829057,5.799635623626461e-6,-1.0412028161123534,0.2977814290133028,0.168,0.084,1.3339280486268335,2.0913313140185616,0.462
Rook contiguity,2015,Xinhuang,19851,-0.8811127963333496,Low,0.008589921651697098,6.529342613186676e-6,-0.32014109705540333,0.748861372786065,0.896,0.442,2.0526649536797428,4.512883765458212,0.9607529411764707
Rook contiguity,2015,Xupu,16743,-1.8264446007207464,Low,0.010271776155481511,3.839266894270624e-6,-1.4364433373533076,0.15087622889639873,0.08,0.04,0.8628056557324121,1.0434792780374442,0.3352380952380953
Rook contiguity,2015,Yuanling,27318,-1.8115185129449818,Low,0.010957737007133143,3.95927306546478e-6,-1.7432023777236745,0.08129827028823894,0.02,0.01,0.8010889786106276,0.6144889686839052,0.11733333333333333
Rook contiguity,2015,Zhijiang,26175,-1.0649552406481972,Low,0.010765193491950348,4.973445891242665e-6,-0.9756617426416694,0.32923211672279923,0.28,0.14,1.017942400694401,1.4065766470494454,0.6095609756097561
Rook contiguity,2015,Lengshuijiang,78672,1.2195779776908815,High,0.017681150660881665,5.112686887993345e-6,-1.1110406458245374,0.2665508541891131,0.152,0.076,1.579500904685294,3.439360861868969,0.43148387096774193
Rook contiguity,2015,Shuangfeng,22900,-0.25263982932772744,Low,0.01064970174606283,4.477811675993748e-6,0.04825318424111551,0.9615144646232952,0.916,0.458,0.7562410398920423,0.9278750857997808,0.9607529411764707
Rook contiguity,2015,Xinhua,17929,-0.9976735633486566,Low,0.010018775891221604,4.989874975709469e-6,-0.4795593126929119,0.6315407835120022,0.708,0.354,1.4315379487628008,3.751810385681419,0.8900571428571428
Rook contiguity,2015,Chengbu,12865,-2.07115088264273,Low,0.009111832230149525,6.111367452264145e-6,-1.4610422034482318,0.14400385981081693,0.016,0.008,1.2254851044410424,1.847970669475706,0.11733333333333333
Rook contiguity,2015,Dongan,27068,-1.2425016840698382,Low,0.010722876289312155,5.709181432742202e-6,-1.2040352554136153,0.22857595228931876,0.072,0.036,1.3625077613038097,2.337625955136554,0.3168
Rook contiguity,2015,Dongkou,17523,-1.9483009190402778,Low,0.009880343358430388,5.29382116749915e-6,-1.561252078673133,0.11846428558737881,0.028,0.014,1.0260455175185312,1.2337556911961842,0.154
Rook contiguity,2015,Longhui,12777,-2.4718111239274476,Low,0.009972044609384988,5.3029517892761635e-6,-1.9951594167774982,0.04602549570956055,0.004,0.002,0.967324544179304,1.007273977736138,0.058666666666666666
Rook contiguity,2015,Shaodong,33525,-1.1896727920606192,High,0.011469203204530985,4.637466003655823e-6,-1.3868913757244878,0.16547488803570518,0.064,0.032,0.7792719820476757,0.3717469481683442,0.296421052631579
Rook contiguity,2015,Suining,21042,-2.0122042387164987,Low,0.010473230620259516,3.6453161594105542e-6,-1.924882540456515,0.05424405465211262,0.008,0.004,0.6536054089145776,-0.007802274652808361,0.088
Rook contiguity,2015,Wugang,15688,-2.4431299831969264,Low,0.010085878532959114,4.65463229764011e-6,-2.150147521444389,0.03154354767403411,0.004,0.002,0.7141208883984681,0.2842598015105464,0.058666666666666666
Rook contiguity,2015,Xinning,14673,-1.9754325346443427,Low,0.009281034656207048,5.410216782530216e-6,-1.5090715503288832,0.1312804989865327,0.016,0.008,1.012882999324598,0.9994653641937896,0.11733333333333333
Rook contiguity,2015,Xinshao,15249,-0.8552908812762461,Low,0.009932528309780215,4.58675215127794e-6,-0.29891628907248674,0.765003918135202,0.928,0.464,0.877422197588476,0.6005470429194082,0.9607529411764707
Rook contiguity,2015,Shaoshan,72777,3.3193945577990753,High,0.01708098045982407,6.160606908290252e-6,1.8693327442039707,0.061576535244063306,0.132,0.066,1.3785509634737516,1.89292120371565,0.3872
Rook contiguity,2015,Xiangxiang,41058,1.883742030045309,High,0.01221994196980721,5.379798209166951e-6,1.7465355971066543,0.08071792711890065,0.116,0.058,0.9986803183196662,1.403996317000395,0.3645714285714286
Rook contiguity,2015,Baojing,15331,-1.7754087057579926,Low,0.00966511148376704,5.891151091467652e-6,-1.2057450558035752,0.22791580665383146,0.096,0.048,1.3500995262889879,2.5098565973458014,0.3645714285714286
Rook contiguity,2015,Fenghuang,19362,-1.1984970800270442,Low,0.009820447234099423,5.7248211762643916e-6,-0.7731553300851709,0.4394304589937028,0.484,0.242,1.1097852933935186,1.7175932608082265,0.803622641509434
Rook contiguity,2015,Guzhang,16893,-1.5020379352055682,Low,0.009821166250292286,5.239924490170526e-6,-1.0355437608942621,0.30041504068747543,0.232,0.116,0.856878723093162,0.2075165868217983,0.5612972972972973
Rook contiguity,2015,Huayuan,20056,-1.051905453416986,Low,0.009795705528382792,5.89603343866651e-6,-0.7059671630200111,0.48020855832443593,0.54,0.27,0.9918759473928757,0.605644256120407,0.8339692307692308
Rook contiguity,2015,Jishou,39364,-1.0817825362157478,High,0.012134510241315713,5.163816359378007e-6,-1.579384412576778,0.11424791047704148,0.02,0.01,0.9609446288489716,1.0676301292586423,0.11733333333333333
Rook contiguity,2015,Longshan,13383,-1.9611476525997382,Low,0.008742762375141532,5.7918578811573385e-6,-1.453600301403109,0.14605715331541824,0.02,0.01,1.29384430400141,1.9996343231355471,0.11733333333333333
Rook contiguity,2015,Luxi,18644,-1.4020776476490096,Low,0.010213176835631083,5.291233873384385e-6,-0.9759738287448988,0.3290774337642669,0.276,0.138,1.039148918470908,1.4456393506424687,0.6095609756097561
Rook contiguity,2015,Yongshun,12918,-2.0750781908364035,Low,0.009562042284855977,5.073434817530522e-6,-1.6001126850855139,0.10957358740509493,0.016,0.008,0.9188712042334631,0.7058917658944637,0.11733333333333333
Rook contiguity,2015,Anhua,19174,-0.4425198242773622,Low,0.010412330228492393,4.525568640177791e-6,-0.024789421102632332,0.980222929204135,0.928,0.464,0.862105948658918,0.8475408854184252,0.9607529411764707
Rook contiguity,2015,Nan,28216,-0.10991402612401506,Low,0.011064565814503666,4.675550938003123e-6,0.005890156516282515,0.9953003622297896,0.864,0.432,0.8072973225100936,0.509326200912203,0.9607529411764707
Rook contiguity,2015,Yuanjiang,33822,0.08642383080948221,High,0.011488597985347794,5.726429909208899e-6,0.041863385670753074,0.9666076047968769,0.8,0.4,1.1559959481732363,1.446788131329301,0.9480533333333334
Rook contiguity,2015,Jianghua,22078,-1.233771604006424,Low,0.010236412295557851,5.733568155091651e-6,-0.9879899504933092,0.32315756995238665,0.284,0.142,0.9631085621287843,1.242259200214785,0.6095609756097561
Rook contiguity,2015,Lanshan,26199,-0.6959444997655938,Low,0.010504590339456492,5.05032958061382e-6,-0.4944858881186655,0.6209630702094309,0.74,0.37,0.9882899188077338,0.9344564437850527,0.9171830985915492
Rook contiguity,2015,Ningyuan,16682,-1.2348581780131889,Low,0.01024805011171433,4.27978298663983e-6,-0.8150795281416752,0.4150267890407516,0.452,0.226,0.5795338443296907,-0.24725894104728408,0.779921568627451
Rook contiguity,2015,Shuangpai,24885,-0.9558291862062535,Low,0.010398965318902229,6.394274736954043e-6,-0.7979211742643009,0.42491623488967906,0.38,0.19,1.2778086103122335,1.475918208342467,0.7111836734693878
Rook contiguity,2015,Xintian,18634,-0.5545547066621856,Low,0.009794931759757852,6.257435053178152e-6,-5.2180858632301e-4,0.9995836570041724,0.8,0.4,1.1079837865191096,1.2101500409997534,0.9480533333333334
Rook contiguity,2015,Huarong,38676,0.32198400086515566,High,0.012496466078137276,6.904749414531032e-6,-0.00108461572456459,0.9991346020286404,0.704,0.352,1.7194888451188242,3.515806603379338,0.8900571428571428
Rook contiguity,2015,Linxiang,41901,0.6688915173149624,High,0.013689788149633312,6.1326277572088615e-6,0.16172967007466085,0.8715187387797182,0.448,0.228,2.3288179147919985,6.117443254827936,0.779921568627451
Rook contiguity,2015,Miluo,56180,4.07911213792577,High,0.013689272576333922,5.175399913968288e-6,3.6487631613413063,2.635058887031326e-4,0.008,0.004,0.8818554398078604,0.6735177137455057,0.088
Rook contiguity,2015,Pingjiang,22238,3.2875347772844044,Low,0.010141055857046536,5.456183443118082e-6,4.507991217158466,6.544428452488384e-6,0.004,0.002,0.993296714968434,0.7376947449111477,0.058666666666666666
Rook contiguity,2015,Xiangyin,44546,2.07833310889221,High,0.012397776356076438,5.010997200899837e-6,1.9566775988392935,0.05038538522955075,0.116,0.058,1.0716463262255578,0.9147529175415805,0.3645714285714286
Rook contiguity,2015,Cili,24747,-0.5625630487568908,Low,0.010183661361924074,5.8395179892909834e-6,-0.23808198782657392,0.811817504746446,0.984,0.492,1.2805309562822615,1.6507466150598322,0.984
Rook contiguity,2015,Chaling,26919,-0.19132525970460607,Low,0.010594093746018612,5.733228095806429e-6,0.07207263438692456,0.9425441041699066,0.78,0.39,1.064438292746249,0.7963217470408113,0.9480533333333334
Rook contiguity,2015,Liling,54625,2.7741759202841902,High,0.014608100432470392,6.931814960516919e-6,2.055384366019755,0.03984189434058988,0.112,0.056,1.1334143669612717,0.7267370631617012,0.3645714285714286
Rook contiguity,2015,Yanling,30230,0.25938461953655245,Low,0.011255959559010242,5.961631229257023e-6,0.34485981637947255,0.7301997613333131,0.588,0.294,1.117320335601623,1.2300860029988145,0.8339692307692308
Rook contiguity,2015,You,48800,0.965829554184016,High,0.013000761334037225,5.0098620980304996e-6,0.3926837909846991,0.6945530438850045,0.6,0.3,0.9297282243117476,0.5984486432546747,0.8339692307692308
Rook contiguity,2015,Zhuzhou,39345,3.9231515786111673,High,0.01197459631238617,5.76384945425891e-6,3.7028775443790547,2.131677900579932e-4,0.012,0.006,1.1997218546629156,1.7244688419344723,0.11733333333333333
Rook contiguity,2015,Sangzhi,19075,-1.3367321442139302,Low,0.010028466587874145,4.654567177452082e-6,-0.8816179179428509,0.3779834622251439,0.396,0.198,1.0365207566553827,1.3195284741430786,0.7111836734693878
Rook contiguity,2015,Yueyang,35632,0.8298145563284174,High,0.011506258231284002,4.341560708474714e-6,0.8351534354038662,0.4036313235816684,0.392,0.196,0.8996290275655774,0.775810113017704,0.7111836734693878
Rook contiguity,2015,Qiyang,27359,-0.8053679799256078,Low,0.01097716256839083,4.186704134351811e-6,-0.7041738434393856,0.4813245180659405,0.576,0.288,0.6041653739671033,-0.3523070470056737,0.8339692307692308
Rook contiguity,2015,Taojiang,25678,1.6031395627154927,Low,0.010830655077779885,4.41754911731115e-6,1.9841953145265647,0.0472340706883978,0.1,0.05,0.6124536755606556,-0.08399707829487157,0.3645714285714286
Rook contiguity,2015,Shaoyang,12866,-2.0846698770621073,Low,0.009859651109175504,4.003013744798729e-6,-1.612373588423154,0.10688066864486138,0.04,0.02,0.4493966847232794,-0.2665402910832442,0.19555555555555557
Rook contiguity,2015,Lianyuan,23773,0.6065904455747497,Low,0.01083252345034397,4.581556524196654e-6,0.8542567781367395,0.39296272980383984,0.38,0.19,0.8478913282697734,1.2983052268326887,0.7111836734693878
Rook contiguity,2015,Hongjiang,23072,-1.3328044720756735,Low,0.010556164531496381,4.926155906288266e-6,-1.090441068804493,0.27551889928245804,0.208,0.104,0.9128820481274625,1.110718143362794,0.5383529411764706
Rook contiguity,2015,Hengyang,25922,-0.5559635148592511,Low,0.010703476885560831,5.276529143095696e-6,-0.3431184622290064,0.7315093424527471,0.9,0.45,1.114764318296978,1.5029631683706448,0.9607529411764707
Rook contiguity,2015,Guiyang,44112,1.3495547947795121,High,0.012088338651194625,3.680247627488439e-6,1.0476058641351453,0.2948202345549898,0.264,0.132,1.0028907037474644,1.5447200957524476,0.6095609756097561
Rook contiguity,2015,Changsha,128715,6.097127241257188,High,0.019629986099039074,3.511047544096733e-6,3.4685411012343885,5.232924741589046e-4,0.004,0.002,0.630723094982017,0.011692677065155532,0.058666666666666666
Rook contiguity,2015,Taoyuan,31968,-0.5978243870177735,Low,0.011326220766925656,3.619389754894685e-6,-0.5859512024569207,0.5579083075089175,0.612,0.306,0.6233388166766173,0.22618183686938442,0.8339692307692308
Rook contiguity,2015,Xiangtan,38565,4.335624294414646,High,0.011734874425440132,3.709266062211893e-6,4.368488340526799,1.2510949516354632e-5,0.004,0.002,0.6852737412865402,0.6576697391466699,0.058666666666666666
Rook contiguity,2015,Dao,24593,-1.2087481525597406,Low,0.010399615816028438,5.442053859693959e-6,-1.0536977715931293,0.29202130951004124,0.208,0.104,1.021216329412609,0.8674602918249863,0.5383529411764706
Rook contiguity,2015,Jiangyong,21799,-0.9621173999093092,Low,0.009535556492445741,6.049074695831194e-6,-0.6295630419873092,0.528980510326872,0.588,0.294,1.4480798480639105,2.4434581966013926,0.8339692307692308
Rook contiguity,2016,Anxiang,30104,0.15535386595037903,Low,0.010667837296082014,5.227623774070333e-6,0.4929373911282895,0.6220568263327135,0.556,0.278,0.8995898481400829,0.631382144897866,0.8118709677419355
Rook contiguity,2016,Hanshou,31328,-0.2932930187326667,Low,0.010841140374688462,4.774020861848706e-6,-0.13348914266803175,0.8938065503214391,0.96,0.48,0.7844515116919185,0.22755159208322118,0.9823255813953489
Rook contiguity,2016,Jinshi,51473,0.6636856298013759,High,0.013027965800171484,5.158680032219338e-6,0.07837957217269931,0.9375261225788628,0.692,0.346,1.2472510762423221,1.8144245503610934,0.882550724637681
Rook contiguity,2016,Li,39741,0.5076345394768377,High,0.012057489246827709,6.174640003693985e-6,0.2878645947708472,0.7734503895257135,0.656,0.328,0.8676595157717442,0.3250405580493112,0.8616119402985075
Rook contiguity,2016,Linli,35898,0.5508439051244695,High,0.011509172877269906,5.447157662733712e-6,0.5928119771202569,0.5533069912848352,0.492,0.246,0.8682175634191721,0.3936789123851945,0.792
Rook contiguity,2016,Shimen,39871,-0.11270683213652564,High,0.011698641037175333,4.722278582000845e-6,-0.2866400431705873,0.7743879503716015,0.928,0.464,0.8398230147640908,0.37472564846586476,0.9763809523809525
Rook contiguity,2016,Liuyang,92823,4.600361927577581,High,0.01732999636896024,5.446826082817593e-6,2.9153470316687775,0.0035529323009899335,0.032,0.016,1.254903882660394,2.1641847791510145,0.176
Rook contiguity,2016,Ningxiang,87826,3.261042276793128,High,0.015103094040020821,4.286859423702592e-6,1.6978601284035564,0.08953416411062987,0.132,0.066,1.070746454503726,1.6965876374159938,0.3872
Rook contiguity,2016,Wangcheng,98877,5.452819219022512,High,0.016280299465987066,3.976793003404379e-6,4.02732388048368,5.641529628936616e-5,0.008,0.004,0.9446244058158579,0.816035469306462,0.10057142857142858
Rook contiguity,2016,Anren,21192,0.15952013609530927,Low,0.010368111393957161,4.358232637571832e-6,0.646859722042894,0.5177227358580239,0.468,0.234,0.9222813392408841,1.1781300476556478,0.777056603773585
Rook contiguity,2016,Guidong,13191,-0.11514868567608909,Low,0.008517861120710485,5.538622094248246e-6,1.0595151232522275,0.2893652454882052,0.32,0.16,1.134734604447158,1.115097787710643,0.6257777777777778
Rook contiguity,2016,Jiahe,43764,-0.07527986257588044,High,0.012047439803099816,4.933400462528963e-6,-0.39443548205176154,0.6932595518163398,0.816,0.408,1.0005272704344874,1.0359467769035104,0.9476923076923076
Rook contiguity,2016,Linwu,37554,0.37818130057838206,High,0.011594297653375664,5.936489870903738e-6,0.3361994075060283,0.7367204996730248,0.592,0.296,1.2253164668446295,1.8566097681546552,0.814
Rook contiguity,2016,Rucheng,16448,-0.029388570620262587,Low,0.008961156242260772,4.892215137881968e-6,1.0455432800216498,0.29577194839032506,0.32,0.16,1.0744502213770086,0.8574706603649855,0.6257777777777778
Rook contiguity,2016,Yizhang,33840,1.047518466012975,Low,0.011272776412205943,5.323475968291633e-6,1.299679983664004,0.19371067348529225,0.204,0.102,0.9569838378175451,0.9167394863542793,0.4851891891891892
Rook contiguity,2016,Yongxing,58464,2.076499771512,High,0.013670733106303883,4.545880781744737e-6,1.621466353777142,0.10491766024626327,0.148,0.074,1.070905900735437,1.1605368881968463,0.4201290322580645
Rook contiguity,2016,Zixing,94267,1.895180576537773,High,0.01615509277863586,4.849537948429861e-6,-0.13227126312686108,0.894769736338221,0.96,0.48,0.9940488336939257,1.2371950115026236,0.9823255813953489
Rook contiguity,2016,Changning,35619,-0.004461810404311181,High,0.011365915946246068,5.111349043507329e-6,-0.0060492804050919285,0.9951734019980828,0.808,0.404,1.107382009291208,1.4045345930892328,0.9476923076923076
Rook contiguity,2016,Hengdong,41012,0.5297775151924662,High,0.01174395119599302,4.2717313035927425e-6,0.4246436268387231,0.6710964846492755,0.616,0.308,0.9748891172583147,1.3746745279249533,0.8339692307692308
Rook contiguity,2016,Hengnan,32506,-0.3688751285577188,Low,0.011122053130189826,3.966306075491185e-6,-0.2907532837627595,0.7712400165672387,0.888,0.444,0.7397334218507184,0.5466153921324226,0.9529756097560976
Rook contiguity,2016,Hengshan,38492,0.015970998412887353,High,0.011777208831489253,5.325820825350182e-6,-0.16153129716925366,0.8716749634334244,0.996,0.498,0.7512010218682168,0.13876094215591328,0.996
Rook contiguity,2016,Leiyang,36524,0.4285544728200589,High,0.011429439034972809,5.2860261468650685e-6,0.447496168984249,0.6545168533433385,0.532,0.266,1.1311859136891869,1.3776316522937302,0.8071724137931034
Rook contiguity,2016,Qidong,26598,-0.9102645142354306,Low,0.010766162387965406,4.182931392637642e-6,-0.6980118649037705,0.48516977400417177,0.5,0.25,0.7247485870883582,0.424760639808198,0.792
Rook contiguity,2016,Chenxi,23466,-1.2781370569226709,Low,0.01042784806919192,4.934123128430382e-6,-1.0484719108949079,0.29442123719600993,0.268,0.134,0.7477837076417841,0.3302639336938862,0.5838048780487806
Rook contiguity,2016,Zhongfang,41634,-0.8437815107643122,High,0.011888154931113153,4.617816966920181e-6,-1.2470461238761834,0.21238058586331957,0.116,0.058,1.0615069452602575,1.4482587674616294,0.3645714285714286
Rook contiguity,2016,Huitong,20455,-1.2408681902102996,Low,0.009629035441648155,4.91435015057252e-6,-0.7713586028787107,0.4404944053506312,0.424,0.212,1.344648777509786,2.7181388413075735,0.7385098039215686
Rook contiguity,2016,Jingzhou,29475,-1.181628814049162,Low,0.01074482982627256,5.953762702843876e-6,-1.2279498957146808,0.21946577732540176,0.072,0.036,1.3438759084167031,2.568067130765564,0.288
Rook contiguity,2016,Mayang,20272,-1.2936109732545618,Low,0.010046460423773208,4.98796353864349e-6,-0.8897279635698404,0.37361197502473154,0.368,0.184,0.8178977860772252,0.3508181800714487,0.6890212765957446
Rook contiguity,2016,Tongdao,17587,-1.575080313783577,Low,0.009126009963015054,6.3464981135444825e-6,-1.0245744811899038,0.3055640105526509,0.216,0.108,1.2423299160053205,1.5080436752386577,0.5002105263157894
Rook contiguity,2016,Xinhuang,21709,-0.8971292901729384,Low,0.008416014839783771,5.24881360925646e-6,-0.2785425187294065,0.7805959306609916,0.932,0.46,2.2925562735889957,6.370066724627655,0.9763809523809525
Rook contiguity,2016,Xupu,18475,-1.8590669789634358,Low,0.01029209501515372,3.955152501475489e-6,-1.42157616460265,0.15514932830790995,0.092,0.046,0.9508694293934317,1.2230288745178166,0.3249230769230769
Rook contiguity,2016,Yuanling,29374,-1.8780927135633496,Low,0.01080388689872687,3.6412285041652354e-6,-1.7707051964672669,0.07660973790058198,0.028,0.014,0.6970727047753176,0.34028132164730307,0.16426666666666667
Rook contiguity,2016,Zhijiang,28689,-1.0740261465237553,Low,0.010889147922722104,5.703860467001703e-6,-0.9500150687226818,0.342104595980834,0.3,0.15,0.9744339297591342,0.8860096531184842,0.6257777777777778
Rook contiguity,2016,Lengshuijiang,83756,1.1425041510737732,High,0.017571356338369034,5.556890364287541e-6,-1.1506236564231385,0.2498870964285539,0.096,0.048,1.3170568588895084,1.919208918245631,0.3249230769230769
Rook contiguity,2016,Shuangfeng,25017,-0.22615639016795613,Low,0.010560167958045584,4.1780110196740586e-6,0.1303569945728676,0.8962839895540926,0.876,0.438,0.5470996399178095,0.08272047122424242,0.9529756097560976
Rook contiguity,2016,Xinhua,19720,-1.0479295902872126,Low,0.010249429711631732,5.459528482103968e-6,-0.5881026323809567,0.556463406342784,0.636,0.318,1.029328613298225,1.0862106967808218,0.848
Rook contiguity,2016,Chengbu,13744,-2.1261356118534227,Low,0.009172550754854432,5.666030301444248e-6,-1.558992959504093,0.11899804653926643,0.028,0.014,1.0536731477149421,1.4143150067816652,0.16426666666666667
Rook contiguity,2016,Dongan,29134,-1.2763255158878755,Low,0.010672796412306652,5.936233381293647e-6,-1.170627385766714,0.241748584474645,0.108,0.054,1.213583057465342,1.4687072557501688,0.352
Rook contiguity,2016,Dongkou,19132,-1.99344824885446,Low,0.009993629278624414,5.108892044938633e-6,-1.6466325250139653,0.09963360091991186,0.008,0.004,0.76375765922493,0.05435112765337591,0.10057142857142858
Rook contiguity,2016,Longhui,13887,-2.5248421014362266,Low,0.0098247371447643915,4.712270851811496e-6,-2.05291848069717,0.04008048434288057,0.004,0.002,0.8724274316960735,0.7944766443472093,0.088
Rook contiguity,2016,Shaodong,36527,-1.2128089004995692,High,0.011393074538584217,4.171588068245423e-6,-1.4244169983521842,0.1543257964635513,0.068,0.034,0.8299779299201223,0.473155428385724,0.288
Rook contiguity,2016,Suining,22734,-2.066757447274418,Low,0.010620953150049961,4.539789378999648e-6,-1.8093893244540828,0.07039054050809423,0.02,0.01,0.5864343042926119,-0.1909378509939521,0.13538461538461538
Rook contiguity,2016,Wugang,17286,-2.500022475960516,Low,0.009914359365779628,4.3631030139937505e-6,-2.148173791827752,0.03169995187826738,0.004,0.002,0.6395624144253312,0.08969007029290132,0.088
Rook contiguity,2016,Xinning,16172,-2.025631093645152,Low,0.009271430666532078,4.806747085716576e-6,-1.6104612122070976,0.10729720665222407,0.02,0.01,1.064465632760533,1.9170643969127,0.13538461538461538
Rook contiguity,2016,Xinshao,16397,-0.9259267367134042,Low,0.00996601067479841,4.963804215521751e-6,-0.3595307343330911,0.7191980900140185,0.84,0.42,0.6969612779786974,0.1418732651423995,0.9476923076923076
Rook contiguity,2016,Shaoshan,79293,3.357078251896234,High,0.016937140376054618,6.056245133305793e-6,1.9086399918977295,0.05630854918470423,0.128,0.064,1.3416726753135133,2.168549092985219,0.3872
Rook contiguity,2016,Xiangxiang,45462,1.911317620370396,High,0.012460693631483354,5.564569388145685e-6,1.6045483679029031,0.10859323194697267,0.16,0.08,0.9201671716438424,0.8361934440528969,0.42666666666666664
Rook contiguity,2016,Baojing,16272,-1.9011476952958093,Low,0.009782288485762519,5.128967491021291e-6,-1.4459856001617177,0.14818124073837227,0.056,0.028,0.8178519464218107,0.6413765009378061,0.2593684210526316
Rook contiguity,2016,Fenghuang,21499,-1.3019519337337495,Low,0.009921877074916822,5.5936629125412545e-6,-0.9185178972579161,0.3583477935051141,0.344,0.172,0.914595662553537,0.49069125113793266,0.6580869565217391
Rook contiguity,2016,Guzhang,17913,-1.631159527062876,Low,0.009647464125946682,4.610787992434806e-6,-1.1411211941575434,0.25381949266090503,0.168,0.084,1.0286606775898768,1.2423491798039787,0.4348235294117648
Rook contiguity,2016,Huayuan,19868,-1.1853519961532137,Low,0.009486427847418849,6.482416977572841e-6,-0.6870332707897253,0.4920617626249648,0.504,0.252,1.2156574711942298,1.5574062313513055,0.792
Rook contiguity,2016,Jishou,42043,-1.224729422892949,High,0.01203399566512429,5.928998925487051e-6,-1.5600655265019223,0.11874439711256848,0.036,0.018,0.8900175609278252,0.7194879854310225,0.18635294117647058
Rook contiguity,2016,Longshan,14736,-2.013167689879065,Low,0.008837610339511876,6.122839142130844e-6,-1.468215979997408,0.14204556491008657,0.016,0.008,1.325538368225962,2.0618190697651118,0.128
Rook contiguity,2016,Luxi,18507,-1.5220917557754803,Low,0.010222996097120518,4.74473071606871e-6,-1.1356048538793357,0.2561219765283868,0.176,0.088,0.7501947482574843,0.28249395624661444,0.4425142857142857
Rook contiguity,2016,Yongshun,13666,-2.1569650138353254,Low,0.0094143940783271,5.172654758563093e-6,-1.5654145433440423,0.11748574054685908,0.016,0.008,1.1107003758371454,1.4357025027877004,0.128
Rook contiguity,2016,Anhua,21499,-0.43391038104942276,Low,0.010434672764401366,4.340673018996941e-6,-0.017449899161335696,0.9860777014294763,0.888,0.444,0.9677664212185363,1.6174838950508859,0.9529756097560976
Rook contiguity,2016,Nan,31103,-0.07765071993199428,Low,0.011046003178098054,4.3870498826563734e-6,0.056953082832337146,0.954582568913493,0.84,0.42,0.8513075865320158,0.5263341627720126,0.9476923076923076
Rook contiguity,2016,Yuanjiang,36998,0.11545651663090876,High,0.011557496857869321,5.35694949009577e-6,0.04365947485899921,0.9651758427716113,0.828,0.414,1.042305611368326,1.5115336665977583,0.9476923076923076
Rook contiguity,2016,Jianghua,23836,-1.2381093188425107,Low,0.010030569839310097,4.5878451972991245e-6,-0.9822233980665914,0.3259898029023141,0.272,0.136,0.9987695391520479,1.3478856280601947,0.5838048780487806
Rook contiguity,2016,Lanshan,28786,-0.5695687289436879,Low,0.010741775391990694,5.409058652436741e-6,-0.4124398160096407,0.6800170846466539,0.832,0.416,0.8099562312830954,0.41034674895500833,0.9476923076923076
Rook contiguity,2016,Ningyuan,18658,-1.2609926490074173,Low,0.010201910224880737,3.997404700858301e-6,-0.8220670722233826,0.4110387246449801,0.44,0.22,0.7520629206619553,0.556424423386443,0.7446153846153846
Rook contiguity,2016,Shuangpai,26379,-0.9876002557630149,Low,0.010173173110268281,5.48247144097466e-6,-0.7819778358581693,0.43422759937833005,0.42,0.21,1.196651222601303,1.7911571350529005,0.7385098039215686
Rook contiguity,2016,Xintian,20464,-0.5565515189689074,Low,0.009825710340114863,5.042859138088528e-6,-0.003129207114573454,0.9975032580303848,0.84,0.42,0.8595074938193783,0.25311978123929135,0.9476923076923076
Rook contiguity,2016,Huarong,41942,0.3166447702307107,High,0.01253310646189921,6.192216245443559e-6,-0.03210332088467441,0.9743896550938151,0.76,0.38,1.3532606447731104,1.8533117306602334,0.9419718309859154
Rook contiguity,2016,Linxiang,45267,0.6512532565272208,High,0.013421965060509513,4.793960799721321e-6,0.248772582930149,0.8035367001384891,0.528,0.268,2.3277438117168314,6.764228071425299,0.8071724137931034
Rook contiguity,2016,Miluo,60517,4.00454938989855,High,0.013524205728756468,4.869184158382469e-6,3.6563820346743774,2.5580004483063187e-4,0.012,0.006,1.1500023188483155,1.7566204941077244,0.11733333333333335
Rook contiguity,2016,Pingjiang,24369,3.2258999836135502,Low,0.01022128899947629,5.620692465584196e-6,4.259005020879815,2.0533885869218315e-5,0.004,0.002,1.0818030748892347,1.12874507518156,0.088
Rook contiguity,2016,Xiangyin,48145,2.072047270596746,High,0.012430553267470746,4.4988776957603776e-6,1.9922700428562583,0.04634143674252365,0.096,0.048,0.8855385325225398,0.6991525114395345,0.3249230769230769
Rook contiguity,2016,Cili,27029,-0.5177600595642216,Low,0.010307008355059743,5.976730467593394e-6,-0.21572642040288476,0.8292010055845762,0.984,0.492,1.2573708536858592,1.9461078760098447,0.9953103448275863
Rook contiguity,2016,Chaling,29527,-0.20803784828342334,Low,0.010599987619664646,6.315276071653662e-6,0.05060960977038053,0.9596366051508736,0.712,0.356,1.557373395444962,3.293750134461561,0.8950857142857143
Rook contiguity,2016,Liling,58799,2.7554458709915206,High,0.014404574074457825,5.950441444618609e-6,2.2091940895146394,0.027161143826389636,0.092,0.046,1.2820837220030745,2.121417078852123,0.3249230769230769
Rook contiguity,2016,Yanling,33043,0.26351328077068464,Low,0.011228367879301307,5.758924031708434e-6,0.36118593556075346,0.717960455296234,0.584,0.292,1.1228383402070845,1.4258815975225962,0.814
Rook contiguity,2016,You,52460,0.9517719244633145,High,0.012822068113736566,4.698789196361175e-6,0.4487218236085505,0.6536323395318693,0.572,0.286,1.1550220896332293,1.6881008929811934,0.8118709677419355
Rook contiguity,2016,Zhuzhou,42956,3.887121609740757,High,0.01200946751306069,4.367779718780213e-6,4.107459710215114,4.000345304788378e-5,0.008,0.004,0.8440472484436332,0.6855768285497965,0.10057142857142858
Rook contiguity,2016,Sangzhi,21008,-1.3299057471159286,Low,0.01027591309780176,4.614628606866206e-6,-0.9636975073910854,0.33519760439212526,0.308,0.154,0.8967268677301486,1.0334962061434512,0.6257777777777778
Rook contiguity,2016,Yueyang,38948,0.8111171228517812,High,0.01162909321279964,4.428073212019276e-6,0.7313757841135974,0.4645496523495566,0.428,0.214,0.888633893560577,0.6795599074858232,0.7385098039215686
Rook contiguity,2016,Qiyang,30037,-0.8154753104919293,Low,0.011025682877399702,4.4095119820362525e-6,-0.7030065923871028,0.48205164114229215,0.544,0.272,0.7810458806967523,0.5354805263422184,0.8113898305084747
Rook contiguity,2016,Taojiang,28676,1.6508702749930482,Low,0.010902697054424927,4.200439874646858e-6,2.0168972420341733,0.04370623795658577,0.072,0.036,0.7772414927475624,0.6785875013591367,0.288
Rook contiguity,2016,Shaoyang,13932,-2.1363503392300043,Low,0.009873613625259896,3.8977983702398035e-6,-1.6526039025589132,0.09841150332270619,0.04,0.02,0.584730627737951,-0.043956548362774406,0.19555555555555557
Rook contiguity,2016,Lianyuan,25962,0.5703326211012087,Low,0.010814879139805143,4.087266173926723e-6,0.8630466634572138,0.3881118112585092,0.38,0.19,0.8609023778828606,0.9784136356028998,0.6966666666666667
Rook contiguity,2016,Hongjiang,25024,-1.358796676976467,Low,0.01053148059527695,4.5023482357758574e-6,-1.128415301898943,0.2591445684140469,0.2,0.1,0.9499255844406682,1.064696896040366,0.4851891891891892
Rook contiguity,2016,Hengyang,28777,-0.5270639250238431,Low,0.01065101029109343,4.689059747641383e-6,-0.2926235391334122,0.7698099193404611,0.888,0.444,0.783528089278327,0.22173010699069584,0.9529756097560976
Rook contiguity,2016,Guiyang,48667,1.5042108922672965,High,0.012154600645847126,3.8661925258355965e-6,1.1175609816487586,0.26375454107346685,0.268,0.134,0.7239487351294419,0.7869293199120166,0.5838048780487806
Rook contiguity,2016,Changsha,135712,6.003654777967315,High,0.01919822254414452,3.5377764328448483e-6,3.4139567311098773,6.402674319118836e-4,0.012,0.006,0.7564005727412801,0.7524518179512398,0.11733333333333335
Rook contiguity,2016,Taoyuan,36171,-0.4680288149370478,High,0.011460953218746739,3.4303990980966076e-6,-0.5300669457807107,0.5960655157307209,0.692,0.346,0.7005861719502454,0.815705056648504,0.882550724637681
Rook contiguity,2016,Xiangtan,42403,4.341135039981909,High,0.011754113855383476,3.4413295378680786e-6,4.438597700581883,9.054688075423704e-6,0.004,0.002,0.6620978247095772,0.3525200200975953,0.088
Rook contiguity,2016,Dao,27445,-1.2147560555743222,Low,0.010630200086575448,5.673904589123896e-6,-1.1077485095074107,0.2679704430252197,0.16,0.08,1.1906022024124039,1.8242589086379866,0.42666666666666664
Rook contiguity,2016,Jiangyong,24413,-0.9488613914052092,Low,0.009661978065081985,5.587087244799807e-6,-0.6614204094316551,0.5083427408287033,0.568,0.284,1.3312013854112097,1.942505202380353,0.8118709677419355
Rook contiguity,2017,Anxiang,33070,0.2862023879165069,Low,0.01091289896212492,5.150379964099657e-6,0.5410494039120409,0.5884735308605157,0.532,0.266,1.0390657233226852,1.001116858116709,0.7999999999999999
Rook contiguity,2017,Hanshou,33863,-0.13156807704003307,Low,0.01124599891533164,6.170254020167037e-6,-0.09646463104583311,0.923151563225672,0.924,0.462,1.156865670296816,1.7691915125757305,0.958896551724138
Rook contiguity,2017,Jinshi,55037,0.7836141287966074,High,0.013208799050490857,5.120349902226712e-6,0.12490477241875755,0.9005989401193433,0.716,0.358,1.1026309774527987,1.2434137937310012,0.8751111111111112
Rook contiguity,2017,Li,41246,0.5822766656705983,High,0.011966256814108612,6.4887956108456485e-6,0.38412033288905467,0.7008892619048759,0.556,0.278,1.3266004477982494,1.9921695175494607,0.7999999999999999
Rook contiguity,2017,Linli,37346,0.6136509585027455,High,0.011466104714699839,4.493998774297027e-6,0.7376833646172892,0.4607068833482071,0.452,0.226,0.8488453500173372,0.32827912386216296,0.79552
Rook contiguity,2017,Shimen,41855,-0.03429398243438758,High,0.011782010813569048,4.317571235709176e-6,-0.24258427547554565,0.8083274637656723,0.948,0.474,1.0929035992344935,1.8916776580542125,0.958896551724138
Rook contiguity,2017,Liuyang,98683,4.889524319946834,High,0.017693039551410453,4.69784433594426e-6,3.2053537315175578,0.001348965884646821,0.02,0.01,1.1696607954373073,1.6326595350933761,0.11
Rook contiguity,2017,Ningxiang,85867,3.2504774470544175,High,0.01462741115468621,3.7318400085826573e-6,1.972133551398958,0.0485943627411302,0.084,0.042,0.8021740026003514,0.9050003158664932,0.32853333333333334
Rook contiguity,2017,Wangcheng,99573,5.290926190018085,High,0.01606665539322212,3.870814536215211e-6,3.8559422727073587,1.152846932197846e-4,0.008,0.004,0.8010731054130885,0.5903237228875664,0.088
Rook contiguity,2017,Anren,22670,0.13307543021837004,Low,0.01040674383481134,3.887918865163212e-6,0.6321621285631442,0.5272809412351533,0.48,0.24,0.8729107515893108,0.9140644732007441,0.7999999999999999
Rook contiguity,2017,Guidong,14717,-0.14279080728093313,Low,0.008793614809644364,5.186582213704603e-6,0.9408521976923042,0.3467806072772306,0.348,0.174,0.9496988398313844,0.7966789094493585,0.6453333333333333
Rook contiguity,2017,Jiahe,43409,-0.05797320171373142,High,0.011874379404313025,5.0952247823739e-6,-0.29043739716753686,0.7714816372550847,0.888,0.444,1.030739020171209,1.278790171416186,0.958896551724138
Rook contiguity,2017,Linwu,41595,0.4818369435443233,High,0.011838554832809618,5.02254652280268e-6,0.3718905920646488,0.7099743100273532,0.548,0.274,1.0372066832185383,0.812887818219616,0.7999999999999999
Rook contiguity,2017,Rucheng,17609,-0.02050470496905045,Low,0.008806695939297048,5.1538611369510346e-6,1.0992709149852096,0.27164991479693495,0.324,0.162,1.2387235183755494,1.3237636599254712,0.6336
Rook contiguity,2017,Yizhang,36914,1.111841903991324,High,0.011530002497906335,5.593930126318936e-6,1.2061363060392916,0.22776493801274544,0.252,0.126,1.1651291322421122,1.7085711280647278,0.5363809523809524
Rook contiguity,2017,Yongxing,59964,1.987383148853419,High,0.013702171699352186,5.035929551590426e-6,1.3626643797668219,0.17298830877153173,0.2,0.1,1.1086506038346733,1.4997596027906095,0.48888888888888893
Rook contiguity,2017,Zixing,94905,1.8432977570302802,High,0.015754308468931395,4.561332717472312e-6,-0.05113225597556089,0.95922013305056,0.916,0.458,0.8358908876062224,0.5332395224443336,0.958896551724138
Rook contiguity,2017,Changning,37591,-0.03320957374366574,High,0.01136404578973525,4.501393704072925e-6,-0.03930231222815089,0.9686493631508358,0.884,0.442,0.8407996695329077,0.5557519908749504,0.958896551724138
Rook contiguity,2017,Hengdong,43995,0.671694417665621,High,0.011937215704744365,4.068559935424162e-6,0.4891159876534779,0.6247595832638844,0.568,0.284,0.8430175011768453,0.6148556145511974,0.7999999999999999
Rook contiguity,2017,Hengnan,33691,-0.3326877899026923,Low,0.01118221425632633,4.884879441054249e-6,-0.2454815288172183,0.8060836085736544,0.932,0.466,0.8994804875583047,0.8796006916699297,0.958896551724138
Rook contiguity,2017,Hengshan,41912,0.13535375749262843,High,0.01187701972017783,5.224428189521486e-6,-0.07664747574413659,0.9389039898295508,0.876,0.438,0.9977384043065292,1.195093016476437,0.958896551724138
Rook contiguity,2017,Leiyang,36312,0.3611418686540048,Low,0.011286980858605715,4.5640152531831616e-6,0.4582532667665013,0.6467704948956218,0.572,0.286,0.8907330875923583,1.0436532631352229,0.7999999999999999
Rook contiguity,2017,Qidong,27371,-0.8717945485546978,Low,0.010681511507397521,3.6787952193010914e-6,-0.633483740010204,0.5264177957695914,0.6,0.3,0.6538477710874836,0.3614133628507292,0.7999999999999999
Rook contiguity,2017,Chenxi,22699,-1.4555804549445872,Low,0.010310401007728663,4.910250330447229e-6,-1.165944822481968,0.24363675510631205,0.196,0.098,0.8993175613207421,1.1626067774407058,0.48888888888888893
Rook contiguity,2017,Zhongfang,43240,-0.9390285971368466,High,0.01183985654102515,4.731589446130195e-6,-1.2975432115833025,0.19444434715125083,0.112,0.056,0.9484793948968203,0.8760225083235293,0.32853333333333334
Rook contiguity,2017,Huitong,21574,-1.2864975904136033,Low,0.00988253841013852,5.199854288451517e-6,-0.8824268173481232,0.37754603888077204,0.316,0.158,1.2628901855713852,2.39727639533879,0.632
Rook contiguity,2017,Jingzhou,31094,-1.1598329954976034,Low,0.010761797976719615,5.520899599862701e-6,-1.2210697420752985,0.22205961489735757,0.112,0.056,1.0469739328820156,0.7823682926198101,0.32853333333333334
Rook contiguity,2017,Mayang,21572,-1.3856449829889257,Low,0.010183265243377381,4.8220162811463e-6,-1.039092662950262,0.29876164291514157,0.252,0.126,0.8776031725228658,0.8673640288742122,0.5363809523809524
Rook contiguity,2017,Tongdao,18919,-1.5668161050779836,Low,0.009192886189221062,5.880563187742567e-6,-1.0384100122128703,0.29907921023964856,0.188,0.094,1.4689012995248383,3.0517115112603435,0.48658823529411765
Rook contiguity,2017,Xinhuang,20545,-1.1305720570508895,Low,0.007975478759811116,4.3186362116407175e-6,-0.4966314012359513,0.6194490052547513,0.708,0.35,2.2730205157274703,7.335194709988684,0.8751111111111112
Rook contiguity,2017,Xupu,18872,-1.9708770575325467,Low,0.0103069610402599,3.9607506015243355e-6,-1.5005435995587408,0.13347364852210764,0.068,0.034,0.748693089507801,0.5540948331798128,0.2992
Rook contiguity,2017,Yuanling,25623,-2.031170788856496,Low,0.010785867173904902,3.8506657713326144e-6,-1.8289238808038268,0.06741101217722617,0.008,0.004,0.7282427178757191,0.4082703505092815,0.088
Rook contiguity,2017,Zhijiang,25905,-1.2374543133848608,Low,0.010397491762640203,4.646215746765493e-6,-0.9861782872256502,0.32404563212052057,0.256,0.128,0.9281751600280754,0.8396315330042547,0.5363809523809524
Rook contiguity,2017,Lengshuijiang,74509,0.6233830524376293,High,0.015994017801293142,5.625828995594057e-6,-1.1656706627116122,0.24374762593764987,0.092,0.046,1.598884820768996,3.58184739584315,0.32853333333333334
Rook contiguity,2017,Shuangfeng,25791,-0.10309415437826919,Low,0.010509369740096338,4.163933232402709e-6,0.30129182727801535,0.7631919724444134,0.652,0.326,0.8911573129603378,0.9825337719383005,0.843764705882353
Rook contiguity,2017,Xinhua,19891,-1.2781946173511949,Low,0.010180229262443533,4.675539853648557e-6,-0.8257334460992306,0.408955315054509,0.4,0.2,1.0129418226336109,1.1976251726302563,0.7183673469387756
Rook contiguity,2017,Chengbu,14163,-2.152802121327548,Low,0.009130409329558676,5.390347941502563e-6,-1.5559291399400785,0.11972494324487676,0.008,0.004,1.1098294329081655,1.1260463822446862,0.088
Rook contiguity,2017,Dongan,29552,-1.3114023666580996,Low,0.010635043643329931,5.12166289217532e-6,-1.2515284186909819,0.210741752009157,0.1,0.05,1.1743645451943165,1.7533829655626372,0.32853333333333334
Rook contiguity,2017,Dongkou,19764,-2.0102466116524145,Low,0.009903188270953258,5.129181047474025e-6,-1.5729122320067315,0.11573914236758114,0.016,0.008,1.1921987842600419,2.636843468267398,0.10057142857142858
Rook contiguity,2017,Longhui,14860,-2.583692612760584,Low,0.009721259698912812,4.685264241936752e-6,-2.01373393663249,0.04403747499081454,0.004,0.002,0.8248352237692433,0.493639081863503,0.088
Rook contiguity,2017,Shaodong,40829,-1.1365025469454484,High,0.011795393515469089,4.910303466111647e-6,-1.3861220368556606,0.16570964241684732,0.092,0.046,0.9260170466789024,1.2218059637196452,0.32853333333333334
Rook contiguity,2017,Suining,24243,-2.058689854772739,Low,0.010329074653027941,3.5622037297877265e-6,-1.8255266158710266,0.06792159847724578,0.016,0.008,0.7164128649381564,0.15283377229011474,0.10057142857142858
Rook contiguity,2017,Wugang,17767,-2.5354189208474316,Low,0.009805847405962676,4.1091392222183765e-6,-2.136688283701112,0.032623353587181186,0.004,0.002,1.1099448507142233,2.0759029904539803,0.088
Rook contiguity,2017,Xinning,17228,-2.066484647799686,Low,0.0092851664633503,4.6108934064324656e-6,-1.645226490851522,0.09992311246779617,0.016,0.008,1.1087942471145658,1.79512834974091,0.10057142857142858
Rook contiguity,2017,Xinshao,16893,-1.1127756508855353,Low,0.009889979015262559,4.619729590642722e-6,-0.5169040849955157,0.6052231158737837,0.716,0.358,1.061775681120045,1.242521923121755,0.8751111111111112
Rook contiguity,2017,Shaoshan,85484,3.4974077564242267,High,0.017487222735205876,6.47146613103647e-6,1.7071441710067619,0.0877952588441485,0.128,0.064,1.7254709721975654,4.229667687902541,0.352
Rook contiguity,2017,Xiangxiang,48812,1.9781374440518193,High,0.012281593783377601,4.90040265339077e-6,1.818030555983506,0.06905946268426066,0.108,0.054,1.2302565820763474,2.05469339969702,0.32853333333333334
Rook contiguity,2017,Baojing,17599,-1.8548384022379785,Low,0.00977879755066857,5.47719777658718e-6,-1.3030558273617863,0.1925557027092208,0.096,0.048,0.9490744724572759,0.9598899547785344,0.32853333333333334
Rook contiguity,2017,Fenghuang,23651,-1.2229093034812932,Low,0.010102639638097642,5.6817874834224195e-6,-0.8640741058794965,0.3875471825989904,0.336,0.168,1.2083465896741385,1.5666246408123765,0.6427826086956522
Rook contiguity,2017,Guzhang,18797,-1.7144341425771203,Low,0.009779028096023379,4.753681832961064e-6,-1.2379141888620169,0.21574788062145006,0.12,0.06,0.9086481723950147,0.5504558439484617,0.3406451612903226
Rook contiguity,2017,Huayuan,22265,-1.0835106753970858,Low,0.00952208915929252,5.797168738856801e-6,-0.5818697069397916,0.5606544465769494,0.6,0.3,1.3452059403901244,2.2604362400829165,0.7999999999999999
Rook contiguity,2017,Jishou,44817,-1.1490838936869472,High,0.012029073623890652,4.924322612399986e-6,-1.5936765169922875,0.11100850652590517,0.02,0.01,0.9390795069117152,0.5159002855544745,0.11
Rook contiguity,2017,Longshan,15911,-1.9838148308545107,Low,0.008775281507308622,5.363544164471539e-6,-1.445829604925647,0.14822500028158925,0.024,0.012,1.3980822336081018,2.3275196746452798,0.12423529411764707
Rook contiguity,2017,Luxi,19253,-1.6183861009859635,Low,0.010001750759307695,4.195824285363716e-6,-1.170283416061942,0.24188693345171008,0.172,0.086,0.8085632875573056,0.595468616891091,0.4586666666666666
Rook contiguity,2017,Yongshun,14511,-2.23187485996742,Low,0.009477825807904681,4.644488140391905e-6,-1.7125242711159305,0.08680009569159924,0.016,0.008,0.8298687636255194,0.377158348175092,0.10057142857142858
Rook contiguity,2017,Anhua,24141,-0.5278419282492024,Low,0.01055742585718639,3.5754360947157996e-6,-0.18110822885849365,0.8562826257128257,1,0.5,0.5402748856572794,-0.19627767971026167,1
Rook contiguity,2017,Nan,33248.83,0.0324888823538583,Low,0.011150340598034467,4.867666048325989e-6,0.13346969220818863,0.8938219319059364,0.776,0.388,0.9225981202175007,0.8202239153329729,0.9105066666666667
Rook contiguity,2017,Yuanjiang,41210,0.1561856039852054,High,0.01196056125319865,5.05723860468059e-6,-0.09190777534509958,0.9267713137797892,0.932,0.466,0.9108600204079544,0.7210755507533371,0.958896551724138
Rook contiguity,2017,Jianghua,25827,-1.1454086932675756,Low,0.010319863923174797,4.995734919144424e-6,-0.9245308856309737,0.3552099785717363,0.352,0.176,0.8940692675907892,0.5134070727790565,0.6453333333333333
Rook contiguity,2017,Lanshan,31412,-0.47912482121843764,Low,0.010706470665020413,4.5084634485280485e-6,-0.3032211569826872,0.7617213266029718,0.892,0.446,1.1483677042004057,1.9879386130390913,0.958896551724138
Rook contiguity,2017,Ningyuan,20528,-1.1854572399604018,Low,0.010227096449271176,3.882952976957496e-6,-0.7323933968737605,0.46392848791775443,0.516,0.258,0.7946699548014199,0.7672911806041465,0.7999999999999999
Rook contiguity,2017,Shuangpai,29085,-0.8973074871529431,Low,0.010427895759704847,5.884360093966927e-6,-0.721237974545026,0.47076311130495696,0.516,0.258,1.1818522124279078,1.4587447778391223,0.7999999999999999
Rook contiguity,2017,Xintian,22611,-0.5480375775547438,Low,0.010003355998908812,5.1919659540256265e-6,-0.05610601825238798,0.9552573496206284,0.852,0.426,1.0855859087541118,1.1930036058558944,0.958896551724138
Rook contiguity,2017,Huarong,42786,0.2971223964935715,High,0.012214155010050864,5.436161810624271e-6,0.06415389731976204,0.9488476863392472,0.712,0.356,1.3779588830316205,2.090516544210299,0.8751111111111112
Rook contiguity,2017,Linxiang,44893,0.5402300353462762,High,0.013037291096198347,5.106399331884999e-6,0.19404718694075035,0.8461389342088546,0.636,0.322,2.2499486356163065,6.283522124583305,0.8353432835820895
Rook contiguity,2017,Miluo,59092,3.837187260971824,High,0.013249184993079753,4.232593263212077e-6,3.743650924910526,0.00018136557848740585,0.012,0.006,0.9193272044334924,1.0290089634749737,0.10057142857142858
Rook contiguity,2017,Pingjiang,26209,3.3467259129294953,Low,0.010355926977022228,5.8218506440905895e-6,4.183970053180425,2.8646186390490885e-5,0.012,0.006,1.3036590064116618,2.227496451628456,0.10057142857142858
Rook contiguity,2017,Xiangyin,43257,1.8201337646563145,High,0.011977720712037072,4.9049562844834854e-06,1.7761385328541606,0.07571008646821485,0.112,0.056,0.8849114181656803,0.9554278806448835,0.32853333333333334
Rook contiguity,2017,Cili,29654,-0.4078098300312746,Low,0.010579633768161172,5.93509247927047e-6,-0.17913775903600132,0.8578295340954668,0.94,0.47,1.17561474385123,1.5258196749461508,0.958896551724138
Rook contiguity,2017,Chaling,28907,-0.2732431692714173,Low,0.01046897149777779,5.8283239626051865e-6,0.03187508809037947,0.9745716653660355,0.772,0.386,1.3809170243926088,2.4191665621734932,0.9105066666666667
Rook contiguity,2017,Liling,62025,2.9267877639711064,High,0.014464308574108676,4.79535568607164e-6,2.5838004674854576,0.009771830904958097,0.068,0.034,1.1464948171273444,1.1470250693116695,0.2992
Rook contiguity,2017,Yanling,33921,0.18610942424568316,Low,0.011029654869507263,5.285011762688602e-6,0.36510121972784054,0.7150358504540695,0.584,0.292,1.075963777692172,1.243898478485626,0.7999999999999999
Rook contiguity,2017,You,55186,1.027608783655973,High,0.013015474276771948,5.5166902832893884e-6,0.3898687065879578,0.6966336350317526,0.568,0.284,1.327451594480264,3.5203402008034406,0.7999999999999999
Rook contiguity,2017,Zhuzhou,45673,4.157741012397827,High,0.011998876583879105,4.632629940228857e-6,4.191704770738227,2.7686613476862997e-5,0.004,0.002,0.9884092563157935,0.9005233623743623,0.088
Rook contiguity,2017,Sangzhi,23338,-1.3309359265055303,Low,0.010411014815062288,4.395342848501538e-6,-1.0201596196846237,0.3076527650532538,0.256,0.128,0.94722747746598,1.0125492223851529,0.5363809523809524
Rook contiguity,2017,Yueyang,40238,0.6705443419287629,High,0.011751732475372596,4.219281493550101e-6,0.5214530963071133,0.6020511716228889,0.504,0.252,1.0432699094455584,1.7559523363482503,0.7999999999999999
Rook contiguity,2017,Qiyang,31801,-0.777590964649371,Low,0.011029157206585443,4.140789709126357e-6,-0.6671986288829014,0.5046452668305089,0.54,0.27,0.8173695000152215,0.8154685969882314,0.7999999999999999
Rook contiguity,2017,Taojiang,31596,1.5999620760619984,Low,0.010973205737689794,4.010763671005938e-6,1.933496855672872,0.053175020053686885,0.096,0.048,0.8400012720583939,0.8909372896377934,0.32853333333333334
Rook contiguity,2017,Shaoyang,15068,-2.1320016428541,Low,0.009773410034843203,4.165146507046531e-6,-1.4941358916044,0.1351401045772978,0.036,0.018,0.9793683199118293,0.8560240528856307,0.176
Rook contiguity,2017,Lianyuan,26939,0.3808816000055683,Low,0.010864514131627331,3.7258154879441626e-6,0.6633651956587093,0.5070966908778392,0.532,0.266,0.5547990429814225,0.05829130047677866,0.7999999999999999
Rook contiguity,2017,Hongjiang,27487,-1.4024178023644516,Low,0.0107525222435479,5.585682284079513e-6,-1.1197032370638738,0.26284024515350335,0.208,0.104,0.9346661470716742,0.6958326795679479,0.49094736842105263
Rook contiguity,2017,Hengyang,30744,-0.44007615906375247,Low,0.010902067798899623,4.576236195265871e-6,-0.29823586671607094,0.7655231489480325,0.892,0.446,0.9679539328611366,1.2965065859777578,0.958896551724138
Rook contiguity,2017,Guiyang,49612,1.4878967066265643,High,0.012180784337719457,3.885020040705254e-6,1.0523977873255277,0.2926170834404081,0.304,0.152,0.5227187455720036,-0.14003673520132098,0.622139534883721
Rook contiguity,2017,Changsha,144225,6.202805354035791,High,0.01933982948095751,3.2936304060078025e-6,3.5436790037951256,3.9458534529675845e-4,0.008,0.004,0.8246773206828764,0.6947494833537986,0.088
Rook contiguity,2017,Taoyuan,38614,-0.36201728647803827,High,0.011427520433724917,3.465669958994691e-6,-0.3937749177602592,0.6937472241020324,0.768,0.384,0.48028922964680726,-0.2022754659478232,0.9105066666666667
Rook contiguity,2017,Xiangtan,45406,4.510604318539835,High,0.01182823682142708,3.649444922655378e-6,4.345264372989424,1.3910802242806819e-5,0.004,0.002,0.8291449118019025,0.4366371994095455,0.088
Rook contiguity,2017,Dao,29059,-1.128137564914112,Low,0.010717034994086083,5.726025399750792e-6,-1.009943589750765,0.31252231708666656,0.212,0.106,1.35386463962002,3.0623563986740656,0.49094736842105263
Rook contiguity,2017,Jiangyong,26617,-0.8792207071480923,Low,0.0098803996080694,5.430808422155239e-6,-0.6334381894830852,0.526447532840503,0.584,0.292,1.2735907619096527,1.4709310090386518,0.7999999999999999
Rook contiguity,2018,Anxiang,36358,0.4452112017521561,Low,0.011025080922818507,4.264461597809003e-6,0.7204829691182254,0.47122768196301296,0.424,0.212,0.8036963624705885,0.2934282949723488,0.7106415094339623
Rook contiguity,2018,Hanshou,36743.3,-0.057015475627412486,Low,0.011171981657963318,4.5186096875148575e-6,0.0209215762890949,0.9833082150002395,0.8,0.4,0.9982413868573672,1.1136750935061857,0.9386666666666668
Rook contiguity,2018,Jinshi,60435.19,1.0081832789067648,High,0.013468860275991902,4.545562425594971e-6,0.2332676956373561,0.8155535418549484,0.64,0.32,1.247411245379051,2.1789193765523223,0.8315362318840579
Rook contiguity,2018,Li,45765.96,0.8011200486991308,High,0.012106623699160279,5.302598694026802e-6,0.5754242743419454,0.5650043910564104,0.448,0.224,1.0676542892754541,1.4555550186395223,0.7300740740740741
Rook contiguity,2018,Linli,41142.96,0.8420898472193176,High,0.011496332111136157,4.1531070751289206e-6,1.0015633402652113,0.3165545340937707,0.3,0.15,1.0073409118940988,1.1958838832037433,0.6
Rook contiguity,2018,Shimen,46830.37,0.12355921349489464,High,0.012032360914253772,4.1210440157452595e-6,-0.18483971940017177,0.8533547530318816,1,0.5,0.8895507792403065,0.9709877107378633,1
Rook contiguity,2018,Liuyang,100200.1,4.6287538463585,High,0.017094367045882363,4.566244387649e-6,2.9098957908075227,0.0036154928400624307,0.032,0.016,1.0960039424113577,1.6257083104088288,0.15644444444444447
Rook contiguity,2018,Ningxiang,86096.34,3.383466918834467,High,0.014336628949856515,3.7138392890563e-6,2.089518753462005,0.0366610516068767,0.068,0.034,0.8451966182857247,1.1150857172134465,0.2601739130434783
Rook contiguity,2018,Wangcheng,103407.3,5.283469557513522,High,0.01591663203847362,3.578306971079756e-6,3.7606108138519145,1.694989668111993e-4,0.008,0.004,0.9289576970987397,0.8341119405196409,0.0704
Rook contiguity,2018,Anren,23797.66,-0.014236406293316888,Low,0.010488885609470634,3.789467054715503e-6,0.43423107377358927,0.6641206503270947,0.616,0.308,0.6389015898739802,0.39198754360717336,0.8315362318840579
Rook contiguity,2018,Guidong,15813.21,-0.18268379087894826,Low,0.008928596426841219,5.366816910576278e-6,0.8267592484078636,0.40837353210115773,0.404,0.202,0.8728512318946506,0.5416857285906502,0.6970980392156864
Rook contiguity,2018,Jiahe,45731.97,-0.029403936464219987,High,0.011946897318472817,4.971554011593989e-6,-0.2929117857394681,0.7695895800523859,0.92,0.46,0.9129901108009759,0.5692282233060739,0.9566117647058825
Rook contiguity,2018,Linwu,44286.73,0.5025793148084924,High,0.01194483456780088,5.047953562396126e-6,0.31875914653501136,0.7499091597720047,0.644,0.322,1.03488407540113,1.3256052277128978,0.8315362318840579
Rook contiguity,2018,Rucheng,18562.16,-0.08581907833484473,Low,0.009041072377387122,4.979150280315869e-6,0.9314363181492257,0.35162791155736955,0.332,0.166,1.2599222493141815,2.3598282087388753,0.6351304347826088
Rook contiguity,2018,Yizhang,38803.83,1.0887826200322843,Low,0.011427480223520853,4.817342261329942e-6,1.251467352180769,0.2107640177401645,0.236,0.118,0.8806016825943064,0.9174384189339717,0.5151219512195122
Rook contiguity,2018,Yongxing,62761.83,1.970054272071539,High,0.013648558042594188,5.2539888557690135e-6,1.22183658584331,0.22176943013494968,0.22,0.11,1.4793475960204843,3.390164098559695,0.5094736842105263
Rook contiguity,2018,Zixing,98871.2,1.8341091927728743,High,0.015600777183740002,3.972380188551543e-6,-0.09389595908502217,0.9251918038402495,0.896,0.448,0.9487604437059253,1.30437399293234,0.9542168674698797
Rook contiguity,2018,Changning,40762.36,-0.03350966691902959,High,0.011531422612310159,4.653614286320994e-6,-0.11467638399729091,0.908701633256075,0.944,0.472,1.04981969646573,1.545846747355724,0.965953488372093
Rook contiguity,2018,Hengdong,45690.89,0.5680550016077144,High,0.011820792828207522,4.140439429090115e-6,0.39178032257431894,0.6952205354618304,0.624,0.312,0.7815494187718992,0.4830190441246742,0.8315362318840579
Rook contiguity,2018,Hengnan,35273.61,-0.3826438340307737,Low,0.01120399266912617,3.4908952135581246e-6,-0.338245697388794,0.7351780415803872,0.82,0.41,0.7125509023099373,0.5475108038047058,0.9494736842105262
Rook contiguity,2018,Hengshan,46481.11,0.2420845734845207,High,0.012059076557229301,4.424977023560988e-6,-0.05724121932459763,0.954353043696621,0.876,0.438,0.86413074618668,0.5823000294740721,0.9542168674698797
Rook contiguity,2018,Leiyang,37932.34,0.31556706191331174,Low,0.01126575238856119,4.5505970818278205e-6,0.3972686063484626,0.6911693951161295,0.576,0.288,1.1056786784240933,1.9472533271440167,0.8315362318840579
Rook contiguity,2018,Qidong,28171.6,-0.8430607326380877,Low,0.010701645256381408,3.7159040724522807e-6,-0.561376101525187,0.574541172302447,0.632,0.316,0.6878293579928567,0.7160464403316826,0.8315362318840579
Rook contiguity,2018,Chenxi,25075.84,-1.5607238639821908,Low,0.010155330640899097,4.266538235652103e-6,-1.209803442982844,0.22635432477669012,0.168,0.084,1.0130190032270392,2.083130611907749,0.41066666666666674
Rook contiguity,2018,Zhongfang,44407.66,-1.0010078134733533,High,0.011858133760900553,4.86134274722034e-6,-1.3026840945253721,0.19268263439041738,0.076,0.038,1.0727700259635673,1.3086135961957854,0.2786666666666667
Rook contiguity,2018,Huitong,23701.32,-1.292598665260009,Low,0.009920843775566564,4.999745254945892e-6,-0.8470285042427469,0.3969792337519019,0.36,0.18,0.9430603901118942,0.6769041585933642,0.6740425531914893
Rook contiguity,2018,Jingzhou,34146.72,-1.167595293993708,Low,0.010877969144462365,4.878162039143081e-6,-1.2841076908063116,0.1991042774447269,0.108,0.054,1.2714805183748614,2.3255419866404576,0.308
Rook contiguity,2018,Mayang,22964.36,-1.4904036914221803,Low,0.010086467991777306,4.207260188592148e-6,-1.103290291931914,0.2699011211439622,0.212,0.106,0.803250536458455,0.5828437521122298,0.5042162162162163
Rook contiguity,2018,Tongdao,20627.71,-1.6194723244281015,Low,0.009368364192735045,5.684781942199427e-6,-1.095569277579283,0.27326731264962745,0.152,0.076,1.2406536862964574,1.6911177691308001,0.38217142857142855
Rook contiguity,2018,Xinhuang,22646.38,-1.1328802687154882,Low,0.00830793387585546,5.803356268211254e-6,-0.4794809518177076,0.6315965160215242,0.72,0.35,2.140463406056364,5.17234867713505,0.892394366197183
Rook contiguity,2018,Xupu,20461.71,-2.044168391463365,Low,0.010356522567501697,3.721303819783807e-6,-1.544478013358994,0.12247257363945983,0.04,0.02,0.6935814677163951,0.46287997060367836,0.17600000000000002
Rook contiguity,2018,Yuanling,25896.41,-2.1329074884102632,Low,0.010676464177973702,3.7150976059392273e-6,-1.8015445733176791,0.07161708842623259,0.016,0.008,0.7428320846759087,0.4845087561236028,0.10057142857142858
Rook contiguity,2018,Zhijiang,28276.74,-1.2697664205236643,Low,0.010461459568080134,4.456263231629546e-6,-1.0013953570434266,0.3166357078753889,0.3,0.15,0.821729630933359,0.4011888936729271,0.6
Rook contiguity,2018,Lengshuijiang,76852.12,0.5909115740063768,High,0.015614126031550914,4.210672551353387e-6,-1.252120020703419,0.21052613346447502,0.144,0.072,0.8507168458292527,0.48102010463371325,0.37270588235294116
Rook contiguity,2018,Shuangfeng,28263.26,0.11273409302171192,Low,0.010608182457100478,3.7878361892848943e-6,0.5160669638343583,0.6058076404309227,0.528,0.264,0.7454544355087533,0.6626634729025032,0.8213333333333334
Rook contiguity,2018,Xinhua,21889.43,-1.308680941377283,Low,0.010244677562515422,4.217491056011999e-6,-0.8622742894082243,0.3885365974843244,0.38,0.19,0.8134265997652941,0.4565393455566298,0.6824489795918367
Rook contiguity,2018,Chengbu,15182.39,-2.251891026382896,Low,0.009039434709937315,5.2432612907348945e-6,-1.523661389900323,0.127593319118346,0.02,0.01,1.2648027214026696,2.839916370514687,0.11733333333333333
Rook contiguity,2018,Dongan,32449.15,-1.3084502939846046,Low,0.010920995222076589,4.7773808843306545e-06,-1.3428223580259124,0.17932950194867783,0.112,0.056,0.7892105106695095,0.5628958896115739,0.308
Rook contiguity,2018,Dongkou,21365.84,-2.0838290081415285,Low,0.010062224726319496,5.440943971944282e-6,-1.5640860754352197,0.11779735559234887,0.024,0.012,1.0643830635953053,1.3217325302038558,0.132
Rook contiguity,2018,Longhui,16191.74,-2.657883627352083,Low,0.009710384742996668,3.908203044801541e-6,-2.1324960200200067,0.03296609132756221,0.004,0.002,0.7897090033269064,0.4828266471078635,0.0704
Rook contiguity,2018,Shaodong,46661.11,-1.0604513548555161,High,0.011949391284971229,3.88147986426263e-6,-1.485877045700624,0.13731164618432043,0.06,0.03,0.7526437698125008,0.3515444851379219,0.24
Rook contiguity,2018,Suining,25232.11,-2.127947162834251,Low,0.010462366540099575,3.404078247685025e-6,-1.8975798372501285,0.05775145255874787,0.008,0.004,0.8236537655758486,0.5875415160896016,0.0704
Rook contiguity,2018,Wugang,19249.76,-2.6361579556215995,Low,0.0099785677719344,3.871538561329111e-6,-2.2544863407576976,0.024165589018700383,0.004,0.002,0.8634103372157403,0.9851295418510961,0.0704
Rook contiguity,2018,Xinning,18703.7,-2.1209163673234688,Low,0.009456091565047647,4.343500177956605e-6,-1.7117454920171893,0.08694358107973658,0.016,0.008,0.9687568998420364,0.8661971535830797,0.10057142857142858
Rook contiguity,2018,Xinshao,18509.28,-1.1014043616471283,Low,0.009970245313922172,4.129432627256738e-6,-0.5111366629111076,0.60925536516372,0.692,0.346,0.7516836509565359,0.3699759744864797,0.869942857142857
Rook contiguity,2018,Shaoshan,93691.87,3.7969679443368314,High,0.01769929912566527,5.229208219659314e-6,1.9533198310273303,0.050781709077891896,0.108,0.054,1.584739511314626,3.405135986316245,0.308
Rook contiguity,2018,Xiangxiang,54994.68,2.2162308177024577,High,0.012868306570673803,4.365590513548636e-6,1.7993684303392303,0.07196041997507832,0.116,0.058,0.7968294904140962,0.41291561746312633,0.30933333333333335
Rook contiguity,2018,Baojing,19069.44,-2.004192397268147,Low,0.009740758090926638,4.169350200371129e-6,-1.536673335440371,0.12437332396391601,0.04,0.02,0.9165262416204911,1.0529606519394967,0.17600000000000002
Rook contiguity,2018,Fenghuang,24201.51,-1.393046863162494,Low,0.010007766962718287,5.218898226575466e-6,-0.9806074091642617,0.32678637920147574,0.232,0.116,1.0309336158420672,1.0088918414684915,0.5151219512195122
Rook contiguity,2018,Guzhang,19185.73,-1.8683627999367476,Low,0.009849834852704433,4.733891622969439e-6,-1.343981334976287,0.1789544226797522,0.1,0.05,0.8569299427449417,0.6228262803793609,0.308
Rook contiguity,2018,Huayuan,21065.99,-1.2694194309373326,Low,0.0091989849621522575,4.680343627400951e-6,-0.6687861679768222,0.5036318914248863,0.524,0.262,1.0767326689489582,1.2068887269532151,0.8213333333333334
Rook contiguity,2018,Jishou,47485.71,-1.3043938406842068,High,0.011968738188980175,4.683382936508398e-6,-1.7113074787605598,0.08702436649005686,0.008,0.004,1.1056559620848265,1.4606459624997958,0.0704
Rook contiguity,2018,Longshan,17068.8,-2.0761133713382236,Low,0.008896968639430671,5.2348777040747185e-6,-1.5034598367881273,0.1327205063964143,0.028,0.014,1.0307048931071874,0.8379874668322187,0.14494117647058824
Rook contiguity,2018,Luxi,19865.15,-1.768976893396264,Low,0.00998822043074601,3.6227144882441036e-6,-1.3296395984458946,0.1836370446606621,0.108,0.054,0.8092886102523712,0.9378477268790446,0.308
Rook contiguity,2018,Yongshun,15521.63,-2.3793375761853808,Low,0.009570781772299827,4.215835440853099e-6,-1.8793848457836209,0.06019196401848578,0.008,0.004,0.7538011304606599,0.22723088034337868,0.0704
Rook contiguity,2018,Anhua,27110.04,-0.5512860376269664,Low,0.010657486251982932,3.6484082991883316e-6,-0.22740373605985678,0.8201098154293875,0.896,0.448,0.7770027906781731,0.7573221646737034,0.9542168674698797
Rook contiguity,2018,Nan,35325.32,0.11805906084887385,Low,0.010984910864770893,4.280182648234873e-6,0.31860741475321674,0.7500242301010638,0.632,0.316,1.021264641037455,1.1961932664890398,0.8315362318840579
Rook contiguity,2018,Yuanjiang,44550.83,0.24091521654319295,High,0.011954041984294825,4.787926807682778e-6,-0.00829635877793885,0.9933805393560589,0.836,0.418,1.074432016922196,1.8384398103831918,0.9522051282051281
Rook contiguity,2018,Jianghua,28426.16,-1.075120910272377,Low,0.010415476012292927,4.927972582659005e-6,-0.8230955630916923,0.4104536517469834,0.38,0.19,1.0038445340160895,0.9942095474098411,0.6824489795918367
Rook contiguity,2018,Lanshan,35090.04,-0.4164375745552125,Low,0.011012840935229142,5.235240077712651e-6,-0.3165166295768364,0.7516104049185287,0.924,0.462,0.9958959148960499,0.7748425754953772,0.9566117647058825
Rook contiguity,2018,Ningyuan,23019,-1.099794360712525,Low,0.010422178850345921,3.5101145629676417e-6,-0.711926216360763,0.47651046695662647,0.532,0.266,0.4527674398639697,-0.14339956796709208,0.8213333333333334
Rook contiguity,2018,Shuangpai,31967.03,-0.8120338654844121,Low,0.0105118139339499,4.816888243759208e-6,-0.6645073470452594,0.5063656481751639,0.56,0.28,1.0540638520920955,1.259882023830456,0.8315362318840579
Rook contiguity,2018,Xintian,24935.12,-0.5128209384093412,Low,0.010160580101814927,4.797107131679876e-6,-0.05513437132534266,0.9560314134211416,0.884,0.442,0.9038513073267231,0.7562673875133448,0.9542168674698797
Rook contiguity,2018,Huarong,46936.05,0.40032358817762886,High,0.012484878043219485,4.876369266175718e-6,0.07234792723478181,0.9423250241799117,0.732,0.366,1.392693799113278,2.6598156498630106,0.8942702702702703
Rook contiguity,2018,Linxiang,51344.05,0.7851997913264651,High,0.013760221237296944,4.941674571233984e-6,0.23477782658757426,0.8143811785852078,0.652,0.332,1.9175513066431893,4.27667363563654,0.8315362318840579
Rook contiguity,2018,Miluo,64462.19,3.8829452982652253,High,0.013477019373117904,4.111550303724616e-6,3.5063821429554163,4.54242550437682e-4,0.012,0.006,0.7403457203534224,0.5105308267492723,0.096
Rook contiguity,2018,Pingjiang,28944.92,3.290352482613154,Low,0.01049943797494527,5.065273427803551e-6,4.157983389150237,3.210693637626155e-5,0.004,0.002,1.0117275489273698,1.2514644483513706,0.0704
Rook contiguity,2018,Xiangyin,46861.46,1.961997778034332,High,0.012027602351860078,4.329476887670211e-6,1.9206717436025627,0.054773104075892136,0.1,0.05,0.7867172632813367,0.47229945417609054,0.308
Rook contiguity,2018,Cili,31216.77,-0.36005431252966735,Low,0.010494960707851457,5.207834127355907e-6,-0.06821981199467761,0.9456106560190567,0.844,0.422,1.047551976951278,1.1434439849350957,0.9522051282051281
Rook contiguity,2018,Chaling,31356.85,-0.3930696397587059,Low,0.010474846588885573,4.863100942486203e-6,-0.10406877761198398,0.9171147681433993,0.9,0.45,1.1987167445129827,1.5830546444420452,0.9542168674698797
Rook contiguity,2018,Liling,63128.86,2.6513519804798165,High,0.014051901136392046,5.037982489309792e-6,2.162957932379593,0.030544415324936222,0.096,0.048,1.30016800055545,1.833251689924837,0.308
Rook contiguity,2018,Yanling,36828.71,0.1833989788006505,Low,0.011414734373174475,4.877909006695503e-6,0.19122271792024623,0.8483511056914413,0.752,0.376,0.9420126747687363,1.0332683409225787,0.8942702702702703
Rook contiguity,2018,You,52287.95,0.7225778314554976,High,0.0124422608719694,4.3679558551940154e-6,0.30514049751106326,0.7602591485042415,0.62,0.31,0.8589615115075452,0.7800075796247747,0.8315362318840579
Rook contiguity,2018,Zhuzhou,45358,3.856533613510845,High,0.011831321421248743,3.933769365536623e-6,4.057804594048694,4.953618764752889e-5,0.008,0.004,0.9043303287751813,1.2486012015324306,0.0704
Rook contiguity,2018,Sangzhi,24817.69,-1.359724711979024,Low,0.010343122311817728,3.444726028418582e-6,-1.0678730982638265,0.28557775892343934,0.24,0.12,0.7871027287411593,0.7744353333653176,0.5151219512195122
Rook contiguity,2018,Yueyang,44208.33,0.880470815526781,High,0.0117139355415052,3.849459111028743e-6,0.7498625914168215,0.45333746675376996,0.392,0.196,1.0485006813068432,2.3447408614176704,0.68992
Rook contiguity,2018,Qiyang,35658.51,-0.716983479475547,Low,0.010994993091793227,3.347319428938005e-6,-0.6092497542618064,0.542358906063727,0.644,0.322,0.629728828534187,0.15947890812514443,0.8315362318840579
Rook contiguity,2018,Taojiang,34210.58,1.6559892834038104,Low,0.01097351504607435,3.0047651490228145e-6,2.2014550760974743,0.027703823661527856,0.06,0.03,0.5208702917988298,0.2932905866498361,0.24
Rook contiguity,2018,Shaoyang,16844.35,-2.146321298109314,Low,0.010175728390765502,3.93477519751974e-6,-1.6396414790273135,0.10107973333206188,0.016,0.008,0.7510062383798174,0.6783082773964968,0.10057142857142858
Rook contiguity,2018,Lianyuan,29513.61,0.44581339760832855,Low,0.010867068287008905,3.380304976337517e-6,0.7429665369444366,0.45750194023048485,0.428,0.214,0.9095322267320959,0.944857927931428,0.7106415094339623
Rook contiguity,2018,Hongjiang,30060,-1.4548393329602076,Low,0.01066398756040921,3.705585879553721e-6,-1.3053901255817997,0.19176003901880706,0.112,0.056,0.7678673321392756,0.332485127651418,0.308
Rook contiguity,2018,Hengyang,32826.89,-0.38965656709299157,Low,0.010745323717009678,4.046779751007059e-6,-0.15273377742390953,0.8786082227302098,0.98,0.49,0.9521674853812974,1.0575729714844657,0.9912643678160921
Rook contiguity,2018,Guiyang,52246.09,1.5167951076688129,High,0.012087525650954419,3.5739678221118058e-6,1.0993700028762274,0.27160670949766247,0.292,0.146,0.7474092179371352,1.328324639287457,0.6
Rook contiguity,2018,Changsha,141720.7,6.037181620273832,High,0.01855115018896963,3.1266991332672065e-6,3.474356555115001,5.120800792833269e-4,0.008,0.004,0.674642174950449,0.15441514069307383,0.0704
Rook contiguity,2018,Taoyuan,43156.57,-0.22740160519866778,High,0.011642267426280285,3.044208502640074e-6,-0.38873053610330066,0.6974754909812134,0.744,0.372,0.5836063424999193,0.38814905816772605,0.8942702702702703
Rook contiguity,2018,Xiangtan,51500.44,4.594989613951103,High,0.012055384030711979,3.2468979460663995e-6,4.32727548262286,1.5096510024037381e-5,0.008,0.004,0.7404011627463972,0.7581645017541283,0.0704
Rook contiguity,2018,Dao,32583.66,-1.0556396493287394,Low,0.010801521508977457,5.1668336010673955e-6,-0.951555244333069,0.3413225886206081,0.32,0.16,0.9324508267466424,0.6617948255067079,0.6257777777777778
Rook contiguity,2018,Jiangyong,29121.65,-0.8336993514683053,Low,0.009971878222955992,5.072406289312858e-6,-0.5665633860813409,0.5710108566031349,0.62,0.31,1.1837206291912399,1.336788443066431,0.8315362318840579
Rook contiguity,2019,Anxiang,39667.81,0.5701102331338079,Low,0.011326527388092655,4.983937359053179e-6,0.6577797906938223,0.5106796421718482,0.412,0.206,1.4638196305530937,3.8416033362668935,0.7581538461538462
Rook contiguity,2019,Hanshou,37430.75,-0.3022318145918813,Low,0.011012300150245976,4.783560512079472e-6,-0.18630421003882894,0.8522062061308178,0.992,0.496,1.0784180155642704,1.011454477818659,0.996
Rook contiguity,2019,Jinshi,66238.08,1.2309950940673626,High,0.013628214179759561,4.348461687340413e-6,0.39613666230660716,0.6920042132829749,0.56,0.28,1.0838896823581305,1.513973633614225,0.8213333333333334
Rook contiguity,2019,Li,47873.93,0.9413362713646496,High,0.01186436920928906,4.781740665414524e-6,0.8518082809839248,0.39432050946079217,0.348,0.174,1.2573270288195477,2.015215602235833,0.696
Rook contiguity,2019,Linli,45571.98,1.0531736964601832,High,0.01169708986230937,3.812200377820071e-6,1.1834828415904501,0.2366178427717642,0.272,0.136,0.7128498721155859,0.20234508131060203,0.5838048780487806
Rook contiguity,2019,Shimen,50646.03,0.15555798142381191,High,0.012059520159797048,3.91555542168331e-6,-0.17005956391406032,0.8649632935599261,0.996,0.498,0.9068960704674001,0.9400522943211822,0.996
Rook contiguity,2019,Liuyang,103409.33,4.954163324321458,High,0.016906852894087172,3.2106226367749155e-6,3.848109881834092,1.1903266433913331e-4,0.008,0.004,0.8652706970888997,0.6255355207944717,0.07822222222222223
Rook contiguity,2019,Ningxiang,80888.5,3.107433768713657,High,0.01355202006198573,3.2213982467926614e-6,2.2643623293151847,0.023551838908448638,0.076,0.038,0.9636439524585746,1.4804188333990442,0.2907826086956522
Rook contiguity,2019,Wangcheng,116352.94,5.6007000804678215,High,0.01638053913643005,3.359707722456144e-6,3.8251804634846622,1.3067632747179765e-4,0.012,0.006,0.9597694432624476,1.1835410148613006,0.08123076923076923
Rook contiguity,2019,Anren,27186.84,-0.06609312541980755,Low,0.010509621284226443,3.5081304055273047e-6,0.3849588185555203,0.7002679266702427,0.58,0.29,0.9258997420707481,0.8995373204881862,0.8367213114754098
Rook contiguity,2019,Guidong,19513.82,-0.1822100558403061,Low,0.009264944669804326,6.160239143337204e-6,0.6424338503596864,0.5205915268403123,0.424,0.212,1.6247712309424276,3.9750364374689333,0.7581538461538462
Rook contiguity,2019,Jiahe,42095.78,-0.31718876255580397,High,0.01149000167191806,3.869118969297553e-6,-0.4367765420215431,0.6622734128531839,0.768,0.384,0.7697425241050604,0.8005075771997001,0.9258082191780822
Rook contiguity,2019,Linwu,40893.65,-0.017904763089567108,Low,0.011312495893241974,4.3892715812734466e-6,0.0029532632376584912,0.9976436402839549,0.82,0.41,1.1316560183634388,1.5093571182825478,0.9358048780487805
Rook contiguity,2019,Rucheng,24712.22,-0.1957413996371288,Low,0.009634650394726649,4.48969113306616e-6,0.5603702305136454,0.5752269327655335,0.46,0.23,1.1826122417823768,1.4515323519738024,0.7637735849056605
Rook contiguity,2019,Yizhang,36143.58,0.5968759154522033,Low,0.01098513967068228,4.804992907154667e-6,0.8563132246403845,0.3918245482298886,0.32,0.16,1.0277314863523908,1.0367735529726039,0.6548837209302326
Rook contiguity,2019,Yongxing,58195.37,1.304418363148556,High,0.012946419986179548,4.706028838791785e-6,0.7800531777905421,0.43535957483817456,0.384,0.192,0.9421010197770537,0.7958120094025145,0.7509333333333333
Rook contiguity,2019,Zixing,90613.01,1.3458390129397304,High,0.014748538962500548,3.850910265007623e-6,-0.25200565540432457,0.8010366924703448,0.972,0.486,0.8986801638610514,0.629443453369535,0.9946046511627907
Rook contiguity,2019,Changning,41584.05,-0.26675621723222775,High,0.011319718448060697,4.61478726443513e-6,-0.26643121402760955,0.7899071283875824,0.948,0.474,1.2535040729322942,1.9838493935645678,0.9814588235294118
Rook contiguity,2019,Hengdong,45032.22,0.5261786032372887,High,0.011745650459278485,3.936638934179881e-6,0.3770111066691672,0.7061653509969117,0.604,0.302,0.8385287339471881,0.9944302366344351,0.8572903225806452
Rook contiguity,2019,Hengnan,37014.91,-0.6303525370029652,Low,0.011113647673190289,3.2937400621169238e-6,-0.5611179118061761,0.5747171582597665,0.656,0.328,0.6098627648001755,0.1780891901552759,0.88
Rook contiguity,2019,Hengshan,44780.22,0.07063903441772634,High,0.011590708095483047,4.194793639814576e-6,-0.031189416529109344,0.9751184801959372,0.864,0.432,1.145113440929262,2.0686518532027653,0.9358048780487805
Rook contiguity,2019,Leiyang,32863.04,-0.12615323335938522,Low,0.010732464081551964,3.8811874153018825e-6,0.17244534115633298,0.8630874289566363,0.7,0.35,1.1040773515400506,1.5925670321859196,0.9058823529411765
Rook contiguity,2019,Qidong,29668.12,-0.6201548551651029,Low,0.010629818784488593,3.81808818105986e-6,-0.26305430219314185,0.7925087253555921,0.944,0.472,0.9253214873503324,0.9236441062099146,0.9814588235294118
Rook contiguity,2019,Chenxi,23798.83,-1.6389339915062906,Low,0.010022515587357964,4.1935318638421335e-6,-1.1940483189251072,0.23245906761502105,0.164,0.082,0.9381492877805384,0.9770057494652598,0.40088888888888896
Rook contiguity,2019,Zhongfang,45025.68,-1.1498063007666952,High,0.011696097600162813,4.372980339978018e-6,-1.4292366087636248,0.15293623891855945,0.048,0.024,0.9352013137221405,0.8464009623141653,0.22231578947368422
Rook contiguity,2019,Huitong,26558.73,-1.4107305048926086,Low,0.010139672777656462,4.661503911630906e-6,-1.073589681066347,0.2830066245110809,0.228,0.114,1.0202288587718438,1.263874764330926,0.5144615384615385
Rook contiguity,2019,Jingzhou,32058.85,-1.280336382867155,Low,0.010393542043385284,4.653511962430277e-6,-1.1925843862682821,0.2330321837760951,0.116,0.058,1.3103617837419415,2.0793126601550265,0.32929032258064517
Rook contiguity,2019,Mayang,25230.63,-1.5359796915355028,Low,0.009987984757001597,3.606947585767695e-6,-1.144066627378995,0.2525960065576136,0.212,0.106,0.772787515801934,0.500049586495976,0.49094736842105263
Rook contiguity,2019,Tongdao,25082.37,-1.5620140094594086,Low,0.009710967441541166,4.741913661704385e-6,-1.2258856670425498,0.2202417032263592,0.08,0.04,1.2025422233862257,1.5317265433312102,0.29333333333333333
Rook contiguity,2019,Xinhuang,27218.85,-1.0090433510467935,Low,0.009082852579674998,5.849133301141259e-6,-0.5651934807909816,0.5719421704044205,0.66,0.326,2.1536607782483395,5.439279999663787,0.88
Rook contiguity,2019,Xupu,22470.2,-2.140142052381787,Low,0.010298009799939414,3.225304521779392e-6,-1.666934351062721,0.09552745946890746,0.04,0.02,0.787270532364305,0.7985779749681492,0.19555555555555557
Rook contiguity,2019,Yuanling,27727.93,-2.0806665788962544,Low,0.010577512657578496,3.04841583621075e-6,-1.8100886180429054,0.07028204575769861,0.024,0.012,0.7493040041395606,1.055323472604293,0.132
Rook contiguity,2019,Zhijiang,29278.8,-1.2906655842365697,Low,0.010300241321657565,3.819529849839506e-6,-0.9815650225192296,0.32631418626541586,0.304,0.152,0.8105330668097849,0.4769474864122296,0.6369523809523809
Rook contiguity,2019,Lengshuijiang,67826.44,0.07727593509402356,High,0.014190051873437456,4.536089645950538e-6,-1.2266777171187517,0.21994374601692254,0.076,0.038,1.2554127309982857,1.742489039284128,0.2907826086956522
Rook contiguity,2019,Shuangfeng,31075.68,0.36144767705756575,Low,0.010672978472054418,3.893446234018627e-6,0.743426807533816,0.4572233191982982,0.448,0.224,0.6760437936314929,0.09828525114499786,0.7581538461538462
Rook contiguity,2019,Xinhua,24109.44,-1.510144692943365,Low,0.010241427254897911,3.6062758076049565e-6,-1.1169095089040282,0.26403301847599714,0.172,0.086,1.0305887524115078,1.7196254998421976,0.40908108108108104
Rook contiguity,2019,Chengbu,19441.07,-2.1483476810103865,Low,0.009600957593573968,4.709086375811559e-6,-1.6733052856843496,0.0942672124471518,0.016,0.008,0.9274395651832119,0.6847117741440707,0.09386666666666667
Rook contiguity,2019,Dongan,33158.95,-1.3425257564324073,Low,0.010745690977979184,4.834538219428014e-6,-1.251939832688006,0.21059178887521146,0.116,0.058,0.8765963607752241,0.4007365896943753,0.32929032258064517
Rook contiguity,2019,Dongkou,22122.67,-2.1422533961570394,Low,0.009940675957947532,4.702184142444386e-6,-1.6261034981215792,0.1039276400099571,0.012,0.006,1.1953108795514673,2.307686334058797,0.08123076923076923
Rook contiguity,2019,Longhui,19852.45,-2.578611496239495,Low,0.009908033041015606,3.786983161210224e-6,-2.0977807470017362,0.03592451803493463,0.004,0.002,0.8023702812044744,0.48132613830657434,0.05028571428571429
Rook contiguity,2019,Shaodong,66620.27,-0.5218231876010396,High,0.013213338368109643,4.487570110222203e-6,-1.4021925521877348,0.16085775509308373,0.06,0.03,1.3389182550927083,3.3231591726340346,0.264
Rook contiguity,2019,Suining,25666.8,-2.1853446503794545,Low,0.010505548096578799,3.662147804951712e-6,-1.8493640662185242,0.06440526049847532,0.012,0.006,0.8451920690197596,0.6507218464657396,0.08123076923076923
Rook contiguity,2019,Wugang,20550.53,-2.605673193770472,Low,0.010001250056143572,3.5746982048241234e-6,-2.239213961964028,0.025141997824826734,0.004,0.002,0.7962812542389445,0.6421276539175622,0.05028571428571429
Rook contiguity,2019,Xinning,19360.98,-2.1179201687743383,Low,0.009434125626106531,4.4724623611682005e-6,-1.6019892755221694,0.10915798104283256,0.016,0.008,0.97460253986143,0.6650678314121152,0.09386666666666667
Rook contiguity,2019,Xinshao,20268.83,-0.9846534681238561,Low,0.010011938516113055,4.570197186719045e-6,-0.3568993573628875,0.721167150775678,0.824,0.412,1.057903018434521,1.3713604817122755,0.9358048780487805
Rook contiguity,2019,Shaoshan,89948.04,3.4017006309373214,High,0.016549782703403938,4.21513353468701e-6,2.058607142921492,0.03953188794212062,0.108,0.054,1.1765185165800842,1.344828260379514,0.32929032258064517
Rook contiguity,2019,Xiangxiang,59232.66,2.0124068427038933,High,0.012650001852032489,3.827723573963349e-6,1.7187946000877923,0.08565177913899993,0.148,0.074,0.949269123738627,0.8865661311691744,0.3721142857142857
Rook contiguity,2019,Baojing,23898.43,-1.6923551029783093,Low,0.00998862351279204,4.248492238562997e-6,-1.2297324138697598,0.2187973245439685,0.128,0.064,0.9292408577607308,0.8557043615937978,0.352
Rook contiguity,2019,Fenghuang,25508.94,-1.2440895275332529,Low,0.01001079145064376,4.391237845679176e-6,-0.8449761862503679,0.39812413512439027,0.412,0.206,1.103729611603201,1.7907710662804632,0.7581538461538462
Rook contiguity,2019,Guzhang,23179.7,-1.5864178792117827,Low,0.00995573891168983,3.945674007577443e-6,-1.136285173631219,0.255837233810918,0.144,0.072,1.139533878258904,1.474975990907235,0.3721142857142857
Rook contiguity,2019,Huayuan,25016.13,-1.0449162624019421,Low,0.009476928089189238,3.993679178296383e-6,-0.5027038807576382,0.6151724808345072,0.716,0.358,1.3853015783989013,2.697268984980833,0.913159420289855
Rook contiguity,2019,Jishou,53765.55,-1.0049011084478823,High,0.012304630554562244,4.410124756964658e-6,-1.55356948738284,0.12028714227181526,0.012,0.006,1.185179850699718,1.8740196287618245,0.08123076923076923
Rook contiguity,2019,Longshan,19574.68,-1.9570108945352918,Low,0.00910571389439613,4.73629717630382e-6,-1.4507157904774877,0.14685901664226425,0.028,0.014,1.087304281999092,1.3902989694720045,0.14494117647058824
Rook contiguity,2019,Luxi,23777.48,-1.6417834023663966,Low,0.010420074757034046,4.555282799637969e-6,-1.2099422126529724,0.22630106784188178,0.132,0.066,0.9729956071884845,0.910928987793572,0.352
Rook contiguity,2019,Yongshun,19372.26,-2.2126952629895,Low,0.009658933026889827,4.3619868735057185e-6,-1.6313433876682162,0.10281788316733814,0.004,0.002,1.2916403643156382,2.370261035941387,0.05028571428571429
Rook contiguity,2019,Anhua,26984.9,-0.7517024773386582,Low,0.010505169973765958,3.369514784655496e-6,-0.35630751724306464,0.7216102803231051,0.824,0.412,0.981799072294072,2.2562704485258145,0.9358048780487805
Rook contiguity,2019,Nan,36136.61,-0.059948944387386315,Low,0.0108619315601936,3.548317617447449e-6,0.1928171437330902,0.8471021766741508,0.76,0.38,0.828454133763007,0.8736422002862749,0.9258082191780822
Rook contiguity,2019,Yuanjiang,36964.45,-0.18035863185714396,Low,0.011058100141446895,4.2821065683187835e-6,-0.0537048694425692,0.9571703031488654,0.944,0.472,0.9087534441970989,0.9588709278104659,0.9814588235294118
Rook contiguity,2019,Jianghua,29197.69,-0.977475821112303,Low,0.010248060655555469,4.427825335430772e-6,-0.6361240755908399,0.5246955545173555,0.536,0.268,1.2431396383762578,2.0112491254580878,0.7994576271186441
Rook contiguity,2019,Lanshan,34985.54,-0.6036846664353859,Low,0.010760446373050165,5.018430111425035e-6,-0.4073197493893062,0.6837731594287558,0.812,0.406,1.2499277413711527,2.3062026184418,0.9358048780487805
Rook contiguity,2019,Ningyuan,31539.34,-0.9664860741946643,Low,0.010833035301530035,3.7641418496114e-6,-0.7288555292968513,0.4660900399939135,0.512,0.256,1.0165455566562283,1.2545708347577698,0.7966315789473684
Rook contiguity,2019,Shuangpai,35275.67,-0.5670675264449757,Low,0.010987520621661143,5.920546227798441e-6,-0.4902894503268132,0.6239290911494467,0.764,0.382,1.22996425547323,1.7315294894043092,0.9258082191780822
Rook contiguity,2019,Xintian,26924.21,-0.5457758089812456,Low,0.010101711198093494,4.9579601253257925e-6,-0.048658647224783295,0.9611913315479419,0.86,0.43,1.232513405004095,2.2572412293055786,0.9358048780487805
Rook contiguity,2019,Huarong,49204.21,0.41738542278100527,High,0.01246688254750164,4.793538124177011e-6,0.0894072792590375,0.9287582386296752,0.732,0.366,1.346085613296879,1.793651333625336,0.9202285714285714
Rook contiguity,2019,Linxiang,57679.5,1.0377689333067415,High,0.014444065584895673,4.415488158100633e-6,0.31938097602256055,0.7494376349713048,0.444,0.226,2.3439580247321303,7.307692012194986,0.7581538461538462
Rook contiguity,2019,Miluo,70953.25,4.355941110905028,High,0.013740824156585887,4.476913487240271e-6,3.6325533456939354,2.8063053600761126e-4,0.004,0.002,1.1027812758061109,1.0326851311254375,0.05028571428571429
Rook contiguity,2019,Pingjiang,33079.13,3.6368024823852796,Low,0.010687399736705143,4.628287209194737e-6,4.558589172095287,5.149839821844581e-6,0.008,0.004,1.090696369233036,1.390533319233902,0.07822222222222223
Rook contiguity,2019,Xiangyin,46906.22,1.9343370279579102,High,0.011744540265787608,4.0179967508759496e-6,2.0393425933584366,0.041415847470371,0.072,0.036,0.848709062354836,0.6668141256553226,0.2907826086956522
Rook contiguity,2019,Cili,28834.75,-0.4789225310795207,Low,0.010070967702979074,4.429626288217532e-6,-0.015454896374615753,0.9876692676695973,0.836,0.418,1.078310203322201,1.2666015128329953,0.9358048780487805
Rook contiguity,2019,Chaling,36308.86,-0.07836169877143433,Low,0.010816852837098493,5.027523376567445e-6,0.1471553833433862,0.8830093760604821,0.652,0.326,1.4848540477733834,2.9736854952736813,0.88
Rook contiguity,2019,Liling,74026.04,3.0522367796926178,High,0.01499724856385765,4.522411913919584e-6,2.2627886927551977,0.02364871827162664,0.088,0.044,1.1307376368342172,1.2585429603882927,0.30976
Rook contiguity,2019,Yanling,42019.04,0.2032591180151099,High,0.0114561702949893,4.594488496279706e-6,0.19491032938632688,0.8454631475993024,0.688,0.344,1.2003383422942444,1.6310575028526948,0.903641791044776
Rook contiguity,2019,You,59744.51,1.049211584510987,High,0.012735902212461148,4.108673744269926e-6,0.5188240164644203,0.6038834684810819,0.536,0.268,1.2311729284265638,2.2556886691990714,0.7994576271186441
Rook contiguity,2019,Zhuzhou,47006.13,4.163154782352906,High,0.01178909110661077,3.7086122796922984e-6,4.421848954079768,9.785986022487511e-6,0.004,0.002,0.8207057072404439,0.7154781326569175,0.05028571428571429
Rook contiguity,2019,Sangzhi,25147.18,-1.3561860456623518,Low,0.010520539832953263,4.424739824342676e-6,-0.9838326763978689,0.3251977899870944,0.272,0.136,1.1088864385494461,1.708486523476834,0.5838048780487806
Rook contiguity,2019,Yueyang,48638.04,0.8904597526355122,High,0.011896118659994187,3.719609505713315e-6,0.6529127751136816,0.5138125125593505,0.448,0.224,0.8207123393733534,0.3928584050768902,0.7581538461538462
Rook contiguity,2019,Qiyang,38769.74,-0.6655836130535747,Low,0.011332555831360792,3.5983659817598007e-6,-0.6896127604625469,0.4904377406180815,0.516,0.258,0.8865881103525777,0.9038632137527598,0.7966315789473684
Rook contiguity,2019,Taojiang,34095.65,1.403220168575721,Low,0.011022284596484305,3.6937310393712714e-6,1.646693766096814,0.09962100620665856,0.116,0.058,0.9110228504687614,1.280957313276315,0.32929032258064517
Rook contiguity,2019,Shaoyang,19328.03,-1.858878206530879,Low,0.010118888835267292,3.6914350125095897e-6,-1.2988695175808658,0.19398871229879133,0.092,0.046,0.9249861157058278,1.0924964946042977,0.31138461538461537
Rook contiguity,2019,Lianyuan,29324.51,0.3597445166713392,Low,0.010818112996323525,3.2449867394749167e-6,0.6816232627099945,0.49547720149407687,0.484,0.242,0.5381250156642616,0.040370151881377936,0.7887407407407406
Rook contiguity,2019,Hongjiang,29607,-1.5843244890115273,Low,0.01056607618161899,4.263235628698547e-6,-1.2616443555557235,0.20707678794685958,0.1,0.05,1.2693110200418167,2.4435841371721327,0.32592592592592595
Rook contiguity,2019,Hengyang,33452.1,-0.19870089461282012,Low,0.01080297022779203,3.963685340678055e-6,0.05104339061804243,0.9592909448787481,0.844,0.422,0.7347441071427747,0.2772794031539605,0.9358048780487805
Rook contiguity,2019,Guiyang,50599.19,0.8002567841035988,High,0.011774847005937105,2.6224158829266916e-6,0.634020099480168,0.5260677049933677,0.496,0.248,0.6777384655756236,0.3567485584619381,0.7936000000000001
Rook contiguity,2019,Changsha,155564.46,6.579432171885526,High,0.019035149096292437,2.5268716112781825e-6,4.063073836965624,4.8430701462445294e-5,0.004,0.002,0.5185768682115216,0.10812273714685272,0.05028571428571429
Rook contiguity,2019,Taoyuan,48062.77,-0.19822107267481745,High,0.011566574534979989,2.5757460260586613e-6,-0.337541791883472,0.735708513306252,0.872,0.436,0.6990832787027874,0.8987045356975636,0.9358048780487805
Rook contiguity,2019,Xiangtan,55680.73,4.604808944471169,High,0.01196075916302866,2.6316313919869615e-6,4.732367649306437,2.219159990496654e-6,0.004,0.002,0.6895286867691396,0.3570964322014163,0.05028571428571429
Rook contiguity,2019,Dao,36254.6,-0.8426206287404062,Low,0.010974062574534985,4.5515675121638616e-6,-0.809012895134532,0.4185077289886322,0.42,0.21,1.199118881501466,1.8182551123230528,0.7581538461538462
Rook contiguity,2019,Jiangyong,32158.18,-0.769002448744428,Low,0.010224286275126783,4.834287230440268e-6,-0.5703165652105375,0.568463007547215,0.632,0.316,1.5111293233335639,3.2715056402257368,0.88
Rook contiguity,2020,Anxiang,52289.88,1.2898113539203804,High,0.011992016276364684,3.756131752455654e-6,1.090215116760252,0.27561839591063614,0.336,0.168,0.7923901630040762,0.3213954970069959,0.6024615384615384
Rook contiguity,2020,Hanshou,44998.41,0.029940442526149975,Low,0.011318511290391704,3.206193752674809e-6,0.06073933517532266,0.9515668045565114,0.872,0.436,0.7496786688944568,0.5862317561798562,0.9245301204819277
Rook contiguity,2020,Jinshi,85563.81,2.0599244543177373,High,0.014606059702678203,3.2080176559375704e-6,0.6340441163439874,0.5260520315694626,0.492,0.246,0.7396561638848872,0.35969972930968286,0.6872380952380952
Rook contiguity,2020,Li,52856.66,1.4843978449235238,High,0.011961528820633543,3.212735772254944e-6,1.4265532997813892,0.15370869330903114,0.168,0.084,0.796601215221873,1.2082742881885773,0.3784
Rook contiguity,2020,Linli,54799.84,1.535944935183851,High,0.011999525905802435,3.2248288249353382e-6,1.4637240878335198,0.14326935120544373,0.184,0.092,0.8676367687962903,0.6248666305295143,0.38552380952380955
Rook contiguity,2020,Shimen,55881.31,0.15067462332507162,High,0.012057896989346683,3.1010343369733777e-6,-0.22691576189258872,0.8204892455068291,0.976,0.488,0.7680180154912892,0.21379091764238023,0.984
Rook contiguity,2020,Liuyang,105244.85,4.673322573054796,High,0.0161767811674746,2.7485219383098508e-6,3.087878642208616,0.0020159077638470923,0.012,0.006,0.5523810296325978,-0.018156911388451658,0.096
Rook contiguity,2020,Ningxiang,88100.29,3.0744135532878074,High,0.01347638871522855,2.4443254376767042e-6,1.9980982906586477,0.045706005035024026,0.072,0.036,0.4636262730743103,-0.2819887388750919,0.2607407407407407
Rook contiguity,2020,Wangcheng,99736.87,5.004484808677977,High,0.014507889572731617,2.5577584475420922e-6,3.7228811380140745,1.9696226043674624e-4,0.008,0.004,0.6202221261488158,0.7130142234922903,0.088
Rook contiguity,2020,Anren,32825.27,0.061732850124419605,Low,0.010754953149749237,2.3664338033150164e-6,0.4640334463708928,0.6426237829860176,0.596,0.298,0.4540792250314309,0.3267414946895446,0.72844444444444445
Rook contiguity,2020,Guidong,28143.54,0.16779976698803592,Low,0.009580473855052764,3.4401176346704525e-6,1.1733132871209648,0.24067019586762864,0.24,0.12,0.7171574563574874,0.27266817804461585,0.48
Rook contiguity,2020,Jiahe,42149.43,-0.7154040776463445,Low,0.011178367493599867,2.9892415061752237e-6,-0.7020561374665922,0.4826441549652423,0.524,0.262,0.7668936723356319,0.589531161474719,0.7143529411764706
Rook contiguity,2020,Linwu,44728.37,-0.28462768463784655,Low,0.011239715342934498,3.281148958223163e-6,-0.2655478341184871,0.7905874657252139,0.912,0.456,0.7004772120892703,0.2189450640228845,0.9554285714285715
Rook contiguity,2020,Rucheng,26668.9,-0.1896774104534408,Low,0.009425058715197568,3.3915694326585913e-6,0.8113968295751125,0.41713781924710064,0.376,0.188,0.9017860745187679,0.7372636400327215,0.6243018867924529
Rook contiguity,2020,Yizhang,38855.12,0.5160210980379764,Low,0.010763815224659707,3.1756666910856163e-6,0.9520243194778849,0.3410846483374418,0.356,0.178,0.7667703791261794,0.3825197622756691,0.6024615384615384
Rook contiguity,2020,Yongxing,58581.29,1.1995061308135249,High,0.012390628701849885,3.4803677133348485e-6,0.8160357612687095,0.4144796826737495,0.412,0.206,0.6631118564490688,0.3144767107063986,0.625103448275862
Rook contiguity,2020,Zixing,101688.21,1.582061638094555,High,0.014632601034556122,2.3609154031703428e-6,-0.25560539356737166,0.7982555532634537,0.836,0.418,0.5391256246772483,0.5117155859521851,0.8971707317073171
Rook contiguity,2020,Changning,44122.94,-0.4027514379117062,Low,0.011343704863896718,3.138906194233903e-6,-0.4333200237974633,0.664782293078751,0.748,0.374,0.5979544340612438,0.27777518099325604,0.8548571428571428
Rook contiguity,2020,Hengdong,50975.21,0.7965193199173679,High,0.011587355679225749,2.419464978140058e-6,0.7871411700131717,0.4311992311427409,0.408,0.204,0.49049292675663564,0.007821014158222006,0.625103448275862
Rook contiguity,2020,Hengnan,44000.4,-0.5514909050308252,Low,0.0111678512275104,2.3323174215896676e-6,-0.48688618776845066,0.6263389876458232,0.648,0.324,0.5196101905741314,0.23419894664269325,0.7705945945945947
Rook contiguity,2020,Hengshan,51263.33,0.2859285513190598,High,0.011691022765356824,3.045707440358924e-6,0.1328167201383059,0.8943383307546843,0.808,0.404,0.6032232076303968,-0.012675693844572677,0.8971707317073171
Rook contiguity,2020,Leiyang,34563.84,-0.38781802758880957,Low,0.010598513096592927,2.9658130464005764e-6,0.0038818105730310296,0.9969027710542274,0.924,0.462,0.6114660051039283,0.467011376583526,0.9566117647058825
Rook contiguity,2020,Qidong,39532.38,-0.7224821824044684,Low,0.011100788785678073,2.36983028568006e-6,-0.6286475288656673,0.5295798368677511,0.552,0.276,0.3680032860536125,0.1482088808365929,0.7143529411764706
Rook contiguity,2020,Chenxi,28878.67,-1.687090649318176,Low,0.010187054152199376,2.8475534431233583e-6,-1.2579692206292492,0.20840288787933745,0.156,0.078,0.6673953756650427,0.4866940955899275,0.3784
Rook contiguity,2020,Zhongfang,53078.04,-1.156901323022999,High,0.011954160637069574,3.0717999063121327e-6,-1.627829635757626,0.10356101470536076,0.04,0.02,0.6596993532155045,0.27112054496720583,0.16761904761904764
Rook contiguity,2020,Huitong,30976.92,-1.4058824263195207,Low,0.010179057679472968,3.7095141116674466e-6,-0.9363453771829261,0.34909539184235744,0.324,0.162,0.9378584314175944,0.8802677253517426,0.594
Rook contiguity,2020,Jingzhou,37487.94,-1.322314966673845,Low,0.010595032802776521,3.298728063052681e-6,-1.2821695834062603,0.19978316368702845,0.128,0.064,0.8044403518849356,0.9574601358266,0.33129411764705885
Rook contiguity,2020,Mayang,29171.01,-1.676065774211685,Low,0.010356949440928201,3.1704320074515976e-06,-1.2755007045805058,0.2021320749202505,0.16,0.08,0.7325252009702924,0.6331642786138381,0.3784
Rook contiguity,2020,Tongdao,27748.29,-1.6563583939636013,Low,0.009667281131170883,3.6116058802343097e-6,-1.1489152706158103,0.25059092020567886,0.168,0.084,0.8617995682450537,0.43934156786049217,0.3784
Rook contiguity,2020,Xinhuang,32327.93,-1.0728221378315208,Low,0.009100264224723601,3.117083198517863e-6,-0.5775394256826953,0.5635751133345741,0.68,0.34,1.336273906124696,1.8852058147879385,0.7978666666666667
Rook contiguity,2020,Xupu,24327.69,-2.3714406879269845,Low,0.010428241570529425,2.504505270862054e-6,-1.8149460496439151,0.06953220080811134,0.02,0.01,0.6049203627828365,0.264164604447402,0.13538461538461538
Rook contiguity,2020,Yuanling,34614.24,-2.2757355155598518,Low,0.010818303157250617,2.1893257065223587e-6,-2.1009615935604344,0.03564433780280246,0.004,0.002,0.39277558167279697,0.1385341003158973,0.0704
Rook contiguity,2020,Zhijiang,33926.61,-1.319517871586862,Low,0.010671247180427931,3.1037076557418225e-6,-1.0717463595415602,0.2838339719509284,0.264,0.132,0.6684970266579114,0.4895004952990223,0.5162666666666667
Rook contiguity,2020,Lengshuijiang,72335.86,-0.016475858549860327,High,0.013999079796301423,3.657230807852576e-6,-1.3982699479037466,0.16203201875190967,0.06,0.03,0.7741634578115143,0.15717643002052428,0.24
Rook contiguity,2020,Shuangfeng,38528.83,0.42314694236694456,Low,0.010904832706892792,2.410240546139524e-6,0.7910449984706719,0.4289177332737462,0.404,0.202,0.6461156916722897,0.2891140265368959,0.625103448275862
Rook contiguity,2020,Xinhua,23998.17,-1.859769021334274,Low,0.010076068915837256,2.87661186266089e-6,-1.2343508181674743,0.21707220716977216,0.172,0.086,0.691675397784694,0.44734208310794843,0.3784
Rook contiguity,2020,Chengbu,24806.93,-2.244324013803791,Low,0.00986350467576382,3.4204336055696794e-6,-1.768013520042401,0.07705864344910732,0.024,0.012,0.7024078254651016,0.5328427259049846,0.14079999999999998
Rook contiguity,2020,Dongan,38903.75,-1.3920236247276803,Low,0.01076881258400631,3.0442972419861516e-6,-1.3547238420444274,0.17550555873863777,0.112,0.056,0.7919516142904028,0.7629192971460967,0.31793548387096776
Rook contiguity,2020,Dongkou,28000,-2.20416961432356,Low,0.01015806648330434,2.722282309024055e-6,-1.8819085970146672,0.059848426979977276,0.016,0.008,0.5072739108213834,0.11325866609569424,0.11733333333333333
Rook contiguity,2020,Longhui,22952.22,-2.8880649785507986,Low,0.009980503089647567,2.565785139663974e-6,-2.414415523325202,0.01576047718473602,0.004,0.002,0.5322053051164222,-0.11766079486567316,0.0704
Rook contiguity,2020,Shaodong,59433.18,-0.7998082227949295,High,0.012044826232826452,2.6654070317202636e-6,-1.3078817091554482,0.19091343431795474,0.128,0.064,0.7319125955402443,0.5274776810572726,0.33129411764705885
Rook contiguity,2020,Suining,34378.93,-2.1657209533273853,Low,0.010763786218846163,2.62261585936162e-6,-1.9074516509864576,0.05646212629613316,0.024,0.012,0.45192410228017577,0.056739604443055924,0.14079999999999998
Rook contiguity,2020,Wugang,26499.3,-2.710220003560283,Low,0.01008073631516438,2.3746000130938153e-6,-2.3649558067288776,0.018032222550739992,0.004,0.002,0.6673588038126637,0.3689728137533672,0.0704
Rook contiguity,2020,Xinning,22643.65,-2.278482086652637,Low,0.009539222495009788,3.2065251354308687e-6,-1.6854812900955354,0.09189575162045076,0.028,0.014,0.7456617330895384,0.5970218868504746,0.14494117647058824
Rook contiguity,2020,Xinshao,26531.96,-1.3394533104101942,Low,0.010112559935572758,2.7153877056384452e-06,-0.7185615009982148,0.4724111415347577,0.492,0.246,0.7436099192242356,0.5118829307505428,0.6872380952380952
Rook contiguity,2020,Shaoshan,93706.42,3.697613023855059,High,0.015815375350569472,3.3318021449045755e-6,2.3061043847429796,0.021104800371665965,0.064,0.032,1.027866776051756,1.0068882413360933,0.2448695652173913
Rook contiguity,2020,Xiangxiang,68526.22,2.3729834297840293,High,0.012749116187337973,2.687650921544577e-6,1.98563218595666,0.04707417989941319,0.096,0.048,0.8555551319424983,1.3347798162013804,0.2913103448275862
Rook contiguity,2020,Baojing,31410.56,-2.0216170033950265,Low,0.010317487681384368,2.990501322991612e-6,-1.681272910965532,0.09270991708361571,0.036,0.018,0.6339103141693286,0.06595177411582753,0.16673684210526316
Rook contiguity,2020,Fenghuang,25336.74,-1.7216862350792048,Low,0.009772713605563962,3.653781918217212e-6,-1.0820159913182683,0.27924542234087885,0.212,0.106,1.216191448458978,2.3001481477308774,0.43386046511627907
Rook contiguity,2020,Guzhang,28687.74,-1.8048008065055672,Low,0.010147287716158896,2.5093690820926497e-6,-1.4602742617083009,0.14421471283223936,0.08,0.04,0.5110745163000401,0.04012286890515915,0.2607407407407407
Rook contiguity,2020,Huayuan,30024.62,-1.4016406328595594,Low,0.009917619096824053,3.393249649511482e-6,-0.9973103438553463,0.31861389442961735,0.3,0.15,0.8346781267511069,0.6324682624774236,0.5739130434782609
Rook contiguity,2020,Jishou,47505.4,-1.48012024645793,High,0.011382381117258802,2.770537768834757e-6,-1.750291895598916,0.08006795865126286,0.04,0.02,0.5879543270838418,0.2776543048613114,0.16761904761904764
Rook contiguity,2020,Longshan,20409.02,-2.32098002071647,Low,0.00873978142182196,3.3687607529675058e-6,-1.532459681137146,0.12540903972283832,0.012,0.006,1.075381476257275,1.2647711111679092,0.096
Rook contiguity,2020,Luxi,30612.48,-1.9320902244856106,Low,0.010398470105392587,2.751041338493226e-6,-1.535856991028906,0.12457345847542513,0.08,0.04,0.6046368668642464,0.21434724287003748,0.2607407407407407
Rook contiguity,2020,Yongshun,21489.66,-2.4893479045989158,Low,0.00960917432232391,2.885219505365095e-6,-1.8331892683653506,0.06677442926817001,0.028,0.014,0.7691160544275083,0.9375164025076193,0.14494117647058824
Rook contiguity,2020,Anhua,30480.21,-0.8838150046516707,Low,0.010408079007793915,2.209829665771275e-6,-0.3698795187061981,0.7114722626066483,0.764,0.382,0.3775579419505684,-0.056181352505449755,0.861948717948718
Rook contiguity,2020,Nan,48137.23,0.818431132658903,High,0.011447524885435992,3.0074662101003336e-6,0.8745681497285261,0.3818089241478222,0.344,0.172,0.7046900431354925,0.3884905748901164,0.6024615384615384
Rook contiguity,2020,Yuanjiang,46953.47,0.48218034556226597,High,0.01139953355254349,2.9395043258197423e-6,0.5290650566328875,0.5967603207004248,0.564,0.282,0.6898977242516005,0.5018242425059687,0.7188732394366196
Rook contiguity,2020,Jianghua,30996.53,-1.3796880205335211,Low,0.010076376018666237,2.715337547421858e-6,-0.9983180565426119,0.3181251545357198,0.356,0.178,0.44437426694397114,-0.20441522910091692,0.6024615384615384
Rook contiguity,2020,Lanshan,38814.37,-0.9233676609555493,Low,0.010610561152610396,2.9722064635267214e-6,-0.7015058195902278,0.4829874040706279,0.54,0.27,0.834004524310804,0.8521514905975027,0.7143529411764706
Rook contiguity,2020,Ningyuan,33883.14,-1.2836382487994198,Low,0.010655804377758506,2.4794279784794604e-6,-0.9390128228233886,0.3477241608241884,0.384,0.192,0.6065517249698396,0.17858440044443524,0.625103448275862
Rook contiguity,2020,Shuangpai,49903.17,-0.41597249275883524,High,0.01184273458596138,3.766536905471786e-6,-0.7489107190078359,0.45391101924080623,0.536,0.268,0.7868906028844501,0.5493416223669794,0.7143529411764706
Rook contiguity,2020,Xintian,28695.97,-0.9473491013869729,Low,0.009906500109972525,2.9404547321864906e-6,-0.32442154501202203,0.7456189105027718,0.832,0.416,0.6342957236446394,0.41160996685414286,0.8971707317073171
Rook contiguity,2020,Huarong,63966.45,1.3017110504452838,High,0.013579443396196286,3.810272981736737e-6,0.6217396880638776,0.5341130501720999,0.456,0.228,1.0912130837173495,0.8903095460258763,0.6688
Rook contiguity,2020,Linxiang,70845.89,1.8111785769389177,High,0.015367640985209778,3.0603435494957824e-6,0.8794726515558928,0.37914505522575426,0.316,0.162,1.3443774016521117,1.7184245044595423,0.5916595744680851
Rook contiguity,2020,Miluo,81856.24,4.161820789545915,High,0.01380664135458293,2.665347320010219e-6,3.4889855102122818,4.848574306172298e-4,0.012,0.006,0.6199751252458368,0.4382268996100098,0.096
Rook contiguity,2020,Pingjiang,34746.77,3.4381456244852577,Low,0.010405708437130434,3.1502820336565404e-6,4.656694714560599,3.2132637351033415e-6,0.008,0.004,0.7866548166307278,0.8746815033834121,0.088
Rook contiguity,2020,Xiangyin,58005.32,2.2696507328990947,High,0.012063281926163877,2.8952383299595823e-6,2.1974257721353467,0.02799005234378343,0.08,0.04,0.6866775278699787,0.2114942749586688,0.2607407407407407
Rook contiguity,2020,Cili,32633.23,-0.631842286814325,Low,0.01007439314573838,3.66274139859981e-6,-0.09967236344994558,0.9206044420288314,0.94,0.47,0.8181959399787921,0.5959331598358464,0.9618604651162791
Rook contiguity,2020,Chaling,45190.05,0.2716772358083157,Low,0.011289547240422405,3.602338568059901e-6,0.37432042460665044,0.708165938163659,0.632,0.316,0.6583068172211531,-0.11102261573969807,0.7618630136986301
Rook contiguity,2020,Liling,82722.1,3.4280300988574948,High,0.014883358445537174,3.34074720899887e-6,2.4674545362818505,0.013607750029374572,0.036,0.018,0.7442379615058778,0.09686602229338437,0.16673684210526316
Rook contiguity,2020,Yanling,54406.21,0.7595597093836627,High,0.012073966532947159,3.33126444264199e-6,0.4952940460899969,0.6203925730811952,0.58,0.29,0.6218867840366317,0.3965236023352037,0.7188732394366196
Rook contiguity,2020,You,66386.24,1.4056783550099705,High,0.012742908467341968,3.161628967782878e-6,0.7703457875310988,0.4410948024577585,0.44,0.22,0.7761546793127759,0.2602382607552083,0.656271186440678
Rook contiguity,2020,Zhuzhou,57251.6,4.187527709515836,High,0.011935707850508619,2.9752700389971963e-6,4.081947018198111,4.465997920843394e-5,0.008,0.004,0.7149476225384562,0.678764078782486,0.088
Rook contiguity,2020,Sangzhi,26797.88,-1.6577797823627307,Low,0.010312728780109595,2.608513023378184e-6,-1.2153939484192768,0.22421587500118012,0.18,0.09,0.4942390761410818,-0.18970853002209598,0.38552380952380955
Rook contiguity,2020,Yueyang,64561.71,1.8884997612180003,High,0.012283289951362492,2.2451986209488274e-6,1.532987859565844,0.1252788462307326,0.156,0.078,0.6158977860948144,0.3592959521753465,0.3784
Rook contiguity,2020,Qiyang,41483.73,-0.7164268599124322,Low,0.011183222703277812,2.7343637678455498e-6,-0.6288590700241399,0.5294413240493874,0.58,0.29,0.7996040978142754,0.9104789381688079,0.7188732394366196
Rook contiguity,2020,Taojiang,40715.53,1.3926827563629152,Low,0.011139079863115575,2.4406364162157557e-6,1.662157923847975,0.0964811140295557,0.104,0.052,0.4179447838133443,-0.016434232976886953,0.30506666666666665
Rook contiguity,2020,Shaoyang,23615.38,-2.1202714662512805,Low,0.010114895005612351,2.4899165042560918e-6,-1.4973354287232674,0.13430600063928103,0.096,0.048,0.5571212182594211,0.4202110615891286,0.2913103448275862
Rook contiguity,2020,Lianyuan,35071.97,0.24445341755499772,Low,0.010879868951531771,2.652889784262646e-6,0.5379949035180827,0.5905805671051303,0.544,0.272,0.5748999566829751,0.46907401432492346,0.7143529411764706
Rook contiguity,2020,Hongjiang,36616.63,-1.5516284081069516,Low,0.010824304978861074,2.7008906025812694e-6,-1.388284528895018,0.16505042136665177,0.128,0.064,0.6303703117949072,0.6868425342077775,0.33129411764705885
Rook contiguity,2020,Hengyang,40241.52,-0.18395340044857103,Low,0.010845033674863494,2.816191290119887e-6,0.09465973028975345,0.9245851048677637,0.836,0.418,0.7342468383585748,0.7986334875283059,0.8971707317073171
Rook contiguity,2020,Guiyang,53234.34,0.4851265418260486,High,0.01169309310360189,2.1729280404841205e-6,0.27708853760268237,0.7817121230391945,0.732,0.366,0.4788425278915974,0.17454366938503396,0.8475789473684211
Rook contiguity,2020,Changsha,134409.31,5.76691556641955,High,0.016612954430191982,2.405460574638967e-6,3.375373253295203,7.371563848229205e-4,0.004,0.002,0.5618017801280453,-0.07598466501546453,0.0704
Rook contiguity,2020,Taoyuan,53019.83,0.14550887955814185,High,0.011693829635377651,1.815977490711533e-6,-0.08880195903088849,0.9292393007626552,0.984,0.492,0.4084409265602028,0.11730565617202249,0.984
Rook contiguity,2020,Xiangtan,63127.09,4.415285952341917,High,0.0121552114832279,2.3512269672114683e-6,3.8636186148318536,1.1171960549877501e-4,0.004,0.002,0.5640604162449397,0.021558525669174156,0.0704
Rook contiguity,2020,Dao,36073.6,-1.0679547490402814,Low,0.010421738617927546,3.1337510684142837e-6,-0.750111425114307,0.4531875990122888,0.464,0.232,0.7034721732174845,0.6178700601617555,0.6693770491803279
Rook contiguity,2020,Jiangyong,34958.17,-1.1167934182907577,Low,0.010031349516345092,3.7092398166991546e-6,-0.8359426155558949,0.40318718660874586,0.408,0.204,0.9911683882072022,0.7022274583170693,0.625103448275862
Rook contiguity,2021,Anxiang,56557.5,1.2560507367893414,High,0.011852902582552144,3.1011725385374684e-6,1.2271111126656802,0.21978083168152085,0.22,0.11,0.6435584012104175,0.3620328382760354,0.448
Rook contiguity,2021,Hanshou,51498.49,0.12280539177448316,High,0.011455283146550014,3.1269795955740936e-6,0.09470458991194151,0.9245494721448518,0.828,0.414,0.7142603162287237,0.6331942589166761,0.8995555555555554
Rook contiguity,2021,Jinshi,91429.24,1.9846151193058876,High,0.014344793037454145,3.0819343648537624e-6,0.6871475551134855,0.49198974928056544,0.472,0.236,0.7553952063033622,0.656079790622258,0.649
Rook contiguity,2021,Li,58025.99,1.461741155578509,High,0.012026071006941218,2.9262285578834445e-6,1.415737676303064,0.1568523229697405,0.196,0.098,0.7526893726926257,0.4641638352670987,0.44225641025641027
Rook contiguity,2021,Linli,59191.87,1.4986281122659344,High,0.011922872647858187,2.9511659277131293e-6,1.5151216274664718,0.1297416055903092,0.192,0.096,0.4620791454651896,-0.4363586521752034,0.44225641025641027
Rook contiguity,2021,Shimen,61489.87,0.11206628832430149,High,0.012019529936795894,2.651845681560045e-6,-0.26916199538331476,0.7878050246411281,0.852,0.426,0.5739839504336611,0.6044369788434825,0.9143414634146342
Rook contiguity,2021,Liuyang,112990.98,4.677522253723574,High,0.016080992139564,3.132924610349374e-6,2.9107605667508554,0.003605501944102157,0.02,0.01,0.6505137926421785,0.2787440236470071,0.11
Rook contiguity,2021,Ningxiang,92094.64,3.0126131925402784,High,0.013354236465505208,2.2676478659305085e-6,2.0610326776822907,0.039299922661068604,0.064,0.032,0.5101382129195497,0.05203836436705611,0.2448695652173913
Rook contiguity,2021,Wangcheng,109828.34,4.974135385635895,High,0.014666528310153148,2.6577500708564517e-6,3.480883469078658,4.997628703877436e-4,0.004,0.002,0.5405612633830247,-0.1604989016325722,0.044
Rook contiguity,2021,Anren,35381.33,0.10955152059098819,Low,0.010518430069420426,2.2207984562782587e-6,0.6914717988816922,0.4892690971734393,0.436,0.218,0.6015264874190617,0.4194425556147947,0.6245161290322581
Rook contiguity,2021,Guidong,31444.43,0.26163904823103373,Low,0.009753620089339544,3.382703241231694e-6,1.2061862518571889,0.2277456837032072,0.272,0.136,0.82422350832371,0.43324790911452116,0.5203478260869566
Rook contiguity,2021,Jiahe,45982.28,-0.7735138544241735,Low,0.011250255690208351,2.9591830365347864e-6,-0.8071017734178597,0.4196078504825173,0.412,0.206,0.6482061346379387,0.6188984995911548,0.6245161290322581
Rook contiguity,2021,Linwu,50764.49,-0.21087376781762437,High,0.011217020297905516,3.2001685475652406e-6,-0.16676202410634808,0.8675573005665709,0.98,0.49,0.7331662019393798,0.08085394182033001,0.98
Rook contiguity,2021,Rucheng,29078.93,-0.14698706835908731,Low,0.009342352847267275,3.257370495241013e-6,0.9305527798851929,0.35208495014232016,0.332,0.166,0.9407154763342687,1.1194673289823296,0.5618461538461539
Rook contiguity,2021,Yizhang,42720.2,0.5923168964226895,Low,0.01084660159907678,3.1496048797379668e-6,0.995543974539727,0.3194717678753195,0.32,0.16,0.7921978654084566,0.6657016425105668,0.5618461538461539
Rook contiguity,2021,Yongxing,64680.42,1.2402492621564865,High,0.01226041042234979,2.9789449184564157e-6,0.9966106749489337,0.3189535223786416,0.34,0.17,0.6959759484257686,0.19897055148597254,0.5645283018867925
Rook contiguity,2021,Zixing,112253.71,1.6970702645091862,High,0.014789563505197903,2.323177882758364e-6,-0.23812238482421927,0.8117861734404823,0.872,0.436,0.45326241396305195,0.22532882183751024,0.9245301204819277
Rook contiguity,2021,Changning,50831.75,-0.2999871501590031,High,0.011402090436492622,2.693055658868537e-6,-0.3783423983052667,0.7051762527916092,0.788,0.394,0.6899396153197861,1.0562695541144835,0.8712000000000001
Rook contiguity,2021,Hengdong,56094.09,0.8503319172970613,High,0.011739996857939491,3.246744230844416e-6,0.6428719636733646,0.5203071828191617,0.468,0.234,0.6325708219421491,0.22902814058978604,0.649
Rook contiguity,2021,Hengnan,48598.98,-0.49056302830277126,Low,0.011220207590842154,2.369003519879071e-6,-0.44576383103238076,0.6557678509048297,0.732,0.366,0.7600471224108558,1.1386732137797608,0.8365714285714285
Rook contiguity,2021,Hengshan,55985.48,0.30281849008891415,High,0.011734021535304808,2.8334662930831474e-6,0.129233690500037,0.8971727385635722,0.776,0.388,0.8473370897079738,1.1195358607637669,0.8712000000000001
Rook contiguity,2021,Leiyang,36945.49,-0.35326347206286046,Low,0.010438586801969206,3.016411423303303e-6,0.13771878128157955,0.8904626755236811,0.792,0.396,0.6728527094831427,0.41910044998434515,0.8712000000000001
Rook contiguity,2021,Qidong,43733.1,-0.6063511992537274,Low,0.011001391522505295,2.225618150745042e-6,-0.44446749982951844,0.6567046211180104,0.692,0.346,0.46861127280595305,0.2646339558937578,0.8119466666666666
Rook contiguity,2021,Chenxi,33211.21,-1.6560423598543126,Low,0.010299980650417076,2.920320485480742e-6,-1.2590334777531316,0.208018240063937,0.188,0.094,0.5325832636283443,0.1825690540123861,0.44225641025641027
Rook contiguity,2021,Zhongfang,55189.81,-1.2123512712570754,High,0.011694649317481052,3.1740981875102507e-6,-1.5069581724369128,0.13182137891820672,0.06,0.03,0.8773898890426861,1.0442707296823857,0.24
Rook contiguity,2021,Huitong,34465.96,-1.432605946899497,Low,0.01026669028955987,3.450658024377455e-6,-1.036720563837169,0.2998661054924407,0.284,0.142,0.8251275524122647,0.733790308424167,0.5317446808510637
Rook contiguity,2021,Jingzhou,39509.88,-1.3754932687252903,Low,0.010597624218381766,3.870747305075692e-6,-1.2364238418207645,0.21630105838094485,0.16,0.08,0.8462653916691734,0.7836987361250491,0.4022857142857143
Rook contiguity,2021,Mayang,33604.97,-1.6640839530767002,Low,0.010199133145698518,2.4661970995375398e-6,-1.3157816695722055,0.18824733338520386,0.12,0.06,0.469942343744152,-0.1322859838685737,0.352
Rook contiguity,2021,Tongdao,30252.86,-1.6967332757005607,Low,0.009504043336623781,3.0598902559445087e-6,-1.192507688071653,0.23306223801816783,0.204,0.102,0.7608102310609344,0.60599133102229,0.4464390243902439
Rook contiguity,2021,Xinhuang,36768.8,-1.0122632071606343,Low,0.009375420019591577,3.325445350734692e-6,-0.596123523906163,0.5510927101962197,0.652,0.322,1.3210849249179835,1.4416466027676256,0.7753513513513515
Rook contiguity,2021,Xupu,26490.79,-2.3972660157482246,Low,0.010464959043285984,2.5410698605789733e-6,-1.8334137075040255,0.06674107065340856,0.02,0.01,0.48058295884304086,-0.027443053284218255,0.11
Rook contiguity,2021,Yuanling,38385.63,-2.274423133415299,Low,0.010883175046275475,2.352018146999451e-6,-2.050690635751071,0.040297083478506725,0.016,0.008,0.6512848184753084,1.3907030993152771,0.11
Rook contiguity,2021,Zhijiang,36814.16,-1.3258035068828162,Low,0.0105335954041195,2.8288614615493906e-6,-1.0369152114068056,0.29977537408553295,0.308,0.154,0.4759079025205755,-0.026324656921074663,0.5618461538461539
Rook contiguity,2021,Lengshuijiang,78220.18,-0.04028741963056437,High,0.013746327480062865,3.217002193798304e-6,-1.380673065432936,0.1673795065181743,0.056,0.028,1.0923642168987644,1.521670458199302,0.2346666666666667
Rook contiguity,2021,Shuangfeng,40536.86,0.44092552368971877,Low,0.010823169275376243,2.7352058652959843e-6,0.8079821346625392,0.41910086672789676,0.412,0.206,0.4681866008414161,0.019912541575923814,0.6245161290322581
Rook contiguity,2021,Xinhua,26067.63,-1.873362892423846,Low,0.010083431650527363,2.856350592257546e-6,-1.24311775809903,0.21382444283846222,0.188,0.094,0.6134463252877692,0.09945148599752063,0.44225641025641027
Rook contiguity,2021,Chengbu,27146.64,-2.2499398030608564,Low,0.009561889496680187,2.936344519186677e-6,-1.7189510019562309,0.08562329419773745,0.02,0.01,0.9361896951483185,1.1976429729204687,0.11
Rook contiguity,2021,Dongan,42636.79,-1.3648016377056074,Low,0.010734183950179112,3.383865007506137e-6,-1.2232674745346672,0.221228687768029,0.14,0.07,0.8608122229489232,0.7508122293642359,0.36235294117647066
Rook contiguity,2021,Dongkou,30503.87,-2.2210840297367604,Low,0.010177805760096867,3.244521809425006e-6,-1.7356840170471834,0.08261972108148635,0.012,0.006,0.7809246180365652,0.56297724082139,0.10560000000000001
Rook contiguity,2021,Longhui,25459.21,-2.88285796631015,Low,0.01016557301164256,2.9221181109103827e-6,-2.3429603352948725,0.019131416868420528,0.004,0.002,0.6324565803363941,0.46002159818328137,0.044
Rook contiguity,2021,Shaodong,66843.24,-0.733826262739056,High,0.012312353157587006,2.8700159704234917e-6,-1.3418082458672025,0.1796581778901401,0.136,0.068,0.6615213080978016,0.4570482678082102,0.36235294117647066
Rook contiguity,2021,Suining,37445.34,-2.1980990911395097,Low,0.010791603388977923,2.53830452825794e-6,-1.9739414232655956,0.048388403921041205,0.02,0.01,0.769926261783453,0.8880036809496796,0.11
Rook contiguity,2021,Wugang,29255.79,-2.701935924092113,Low,0.010230594239667776,2.7473592708020453e-6,-2.258551770648648,0.023911280769313266,0.004,0.002,0.653974241506702,0.4042920948925337,0.044
Rook contiguity,2021,Xinning,24933.77,-2.2669958912855885,Low,0.009400810376363797,2.973732122145953e-6,-1.6355711803735469,0.10192936609947291,0.044,0.022,0.6387288016183171,0.15150281690625889,0.21511111111111111
Rook contiguity,2021,Xinshao,29170.36,-1.3078389356117754,Low,0.010269717750868277,3.0509399735709344e-6,-0.7251145534561629,0.4683817568250336,0.492,0.246,0.49973910406054006,0.04281631369596717,0.6522352941176471
Rook contiguity,2021,Shaoshan,102405.23,3.6736241769434943,High,0.01594663109814183,2.999255152299581e-6,2.2864000697347318,0.022230864262894025,0.056,0.028,0.7374120778214495,-0.06437896613042371,0.2346666666666667
Rook contiguity,2021,Xiangxiang,75317.08,2.330278011498574,High,0.012924383957435785,2.783822488715256e-6,1.776164920393421,0.07570573835037732,0.108,0.054,0.5363050533509973,0.1981717589889076,0.32772413793103444
Rook contiguity,2021,Baojing,34373.07,-2.0145172307078383,Low,0.010214518966792369,3.0028478546306554e-6,-1.593927655579539,0.11095223936746643,0.068,0.034,0.6814844465579171,0.872196221264586,0.24933333333333335
Rook contiguity,2021,Fenghuang,27183.47,-1.7058162554585459,Low,0.009661368508827695,2.975013764401618e-6,-1.0997940269657767,0.27142187540732,0.208,0.104,0.9149813890190698,1.021921848047942,0.4464390243902439
Rook contiguity,2021,Guzhang,31346.95,-1.8182904519437963,Low,0.01020909282331658,3.073902317818127e-6,-1.3550071352987472,0.17541528369961568,0.132,0.066,0.7410988016820909,0.65510379418853,0.36235294117647066
Rook contiguity,2021,Huayuan,34107.49,-1.3713567295683426,Low,0.009968533577424077,3.720255276821316e-6,-0.9300396502281302,0.3523505555235507,0.332,0.166,0.9699468920697927,0.8898796067027637,0.5618461538461539
Rook contiguity,2021,Jishou,51625.85,-1.4874436258088577,High,0.011419529437675163,3.117641735507298e-6,-1.6672113669552733,0.09547238327486249,0.032,0.016,0.8623655667635192,0.8632580392675662,0.16564705882352943
Rook contiguity,2021,Longshan,22463.74,-2.350749863837706,Low,0.008924309872288656,3.85571519325443e-6,-1.5416189248854966,0.12316622395549957,0.016,0.008,0.9710872029285655,0.5935493791618014,0.11
Rook contiguity,2021,Luxi,33047.17,-1.9039376259606198,Low,0.010440768104348082,2.545033253584552e-6,-1.5755378981963333,0.11513233783110181,0.096,0.048,0.3959242548394419,0.3246781108525947,0.3017142857142857
Rook contiguity,2021,Yongshun,23229.15,-2.5145860172643917,Low,0.009719519523760926,2.6538701632258643e-6,-1.9876117408577976,0.046854646799779714,0.004,0.002,0.4477768242684398,-0.21164024826448857,0.044
Rook contiguity,2021,Anhua,33532.19,-0.9435813285661483,Low,0.010512747756945688,2.4602548417359212e-6,-0.47476770304662597,0.6349525554967226,0.708,0.354,0.4768744533570213,0.17360806793590644,0.8197894736842105
Rook contiguity,2021,Nan,53129.49,0.8801557415841632,High,0.011512988447491245,2.7646459694297756e-6,0.9379033028148163,0.34829410570138253,0.324,0.162,0.4999164079218212,0.02188312258997449,0.5618461538461539
Rook contiguity,2021,Yuanjiang,51714.27,0.5179945671266005,High,0.011483423324190256,2.7577904169666535e-6,0.533463330805781,0.5937128880639742,0.548,0.274,0.5255730027314461,0.11297863299638511,0.6792112676056338
Rook contiguity,2021,Jianghua,32449.03,-1.4129776249352501,Low,0.010022138511698274,3.200584053666029e-6,-0.916614617260707,0.35934462196250544,0.368,0.184,0.8133692085562151,0.7672320473825445,0.5845714285714285
Rook contiguity,2021,Lanshan,42179.1,-0.917210362983433,Low,0.01078345446995487,3.5752206517148155e-6,-0.7166725270551725,0.4735761813705064,0.5,0.25,1.1407874555465929,2.3557608555521403,0.6522352941176471
Rook contiguity,2021,Ningyuan,37505.95,-1.3747395404102272,Low,0.010789283502642489,2.33533158519446e-6,-1.1453470859377017,0.252065408215863,0.248,0.124,0.3909202650898251,-0.26675592512201884,0.4849777777777778
Rook contiguity,2021,Shuangpai,53948.38,-0.40528055764369536,High,0.011858870528697654,3.869353900462411e-6,-0.7308725991964358,0.46485697404957166,0.496,0.248,0.8848955384816488,1.1975873089614106,0.6522352941176471
Rook contiguity,2021,Xintian,25621.89,-1.1367994228246943,Low,0.009430652654604705,2.907291418266658e-6,-0.27308231436321667,0.784789941319362,0.896,0.448,0.8263174299041,0.9638563550786436,0.9291162790697675
Rook contiguity,2021,Huarong,71324.08,1.3527190742593147,High,0.01370521683585031,3.2910839658623552e-6,0.6595167558354261,0.5095639899110471,0.432,0.216,1.0320959740911981,1.3383312377939616,0.6245161290322581
Rook contiguity,2021,Linxiang,71581.61,1.4988190942689703,High,0.014586314694546373,3.3792650267035235e-6,0.7239347426328578,0.4691057992743829,0.372,0.192,1.5643957432616988,2.521387744589002,0.5845714285714285
Rook contiguity,2021,Miluo,89186.75,4.139506502636401,High,0.013768397756428042,2.5420330810175704e-6,3.5324820664691146,4.1167814738619414e-4,0.008,0.004,0.6342631592125982,0.27637527017316454,0.07822222222222223
Rook contiguity,2021,Pingjiang,38165.79,3.3636225186169546,Low,0.010506181455075458,3.032007381034649e-6,4.568279984227578,4.917428802849416e-6,0.004,0.002,0.5513777783592619,0.13159568105988395,0.044
Rook contiguity,2021,Xiangyin,63264.98,2.274399027276819,High,0.01223937379118418,3.1401332528544603e-6,1.9977036460755173,0.045748798700869564,0.088,0.044,0.6479130536916099,0.27571764296179735,0.3017142857142857
Rook contiguity,2021,Cili,33792.95,-0.7226807245226549,Low,0.009901448439677364,3.1054194111345607e-6,-0.12389909964705645,0.9013951658334856,0.908,0.454,0.7642429257321259,0.3342930974721243,0.9291162790697675
Rook contiguity,2021,Chaling,50017.34,0.3380742300088827,Low,0.011332968421925663,3.159990025206776e-6,0.4595020712326435,0.6458736650206633,0.54,0.27,0.7064287815580058,0.11636576087138595,0.6788571428571429
Rook contiguity,2021,Liling,93399.58,3.5642741974812924,High,0.015160912017919446,3.545835427839838e-6,2.385030691192596,0.017077696547917708,0.056,0.028,0.9078752136934128,0.8211313936847242,0.2346666666666667
Rook contiguity,2021,Yanling,61440.26,0.8789637979582878,High,0.01231794258968118,3.5594338798107756e-6,0.47718499106988216,0.633230397802895,0.576,0.288,0.7316436506317043,0.2663108619276606,0.704
Rook contiguity,2021,You,72749.63,1.5072158138073526,High,0.012789615807272451,2.8805262059238185e-6,0.8839703704637251,0.3767122076646132,0.372,0.186,0.649550980906144,0.006206951801920546,0.5845714285714285
Rook contiguity,2021,Zhuzhou,63541.62,4.255139137807198,High,0.012074745063151223,2.7741282971135578e-6,4.1840535591865216,2.8635659793590476e-5,0.004,0.002,0.592067192969796,-0.0015858657623293304,0.044
Rook contiguity,2021,Sangzhi,28329.9,-1.71616059752308,Low,0.010194886659975852,2.823107363204025e-6,-1.147884359117154,0.2510163058832774,0.22,0.11,0.5437936071209231,-0.09717984712774186,0.448
Rook contiguity,2021,Yueyang,68758.67,1.8062222403182702,High,0.012255616337600262,2.5906108108360015e-6,1.3434259322270286,0.17913409458789353,0.224,0.112,0.7447538049702382,0.49983476392873305,0.448
Rook contiguity,2021,Qiyang,45655.76,-0.73977760079325094,Low,0.011162802109807609,2.3986742491753406e-6,-0.6780305301004695,0.49775233592024426,0.524,0.262,0.5037145573019658,0.5894487359551484,0.6682898550724637
Rook contiguity,2021,Taojiang,44188.01,1.3900138321123658,Low,0.011024194937028204,2.299923449452725e-6,1.7737091035657917,0.07611127984359858,0.096,0.048,0.6269244969925725,0.41202543996654084,0.3017142857142857
Rook contiguity,2021,Shaoyang,26315.99,-2.0613351788435295,Low,0.010264464961501912,2.5444400266187447e-6,-1.4961113211715438,0.13462464818591996,0.096,0.048,0.6100833958318743,0.5623467735509955,0.3017142857142857
Rook contiguity,2021,Lianyuan,38403.67,0.2016845275881106,Low,0.010804284048093202,2.259229278766453e-6,0.5860260394093552,0.5578580163600502,0.504,0.252,0.5702132285878558,0.2806830112051135,0.6522352941176471
Rook contiguity,2021,Hongjiang,39401.34,-1.6189799670822462,Low,0.010812381819306913,3.0565943332379677e-6,-1.3560422115722963,0.17508573784390197,0.136,0.068,0.509650065552911,-0.09687242312006239,0.36235294117647066
Rook contiguity,2021,Hengyang,44587.12,-0.1351791710655475,Low,0.011095546461868382,3.1433625454445536e-6,0.0031806496208306168,0.9974622130531503,0.904,0.452,0.7599441328346089,0.618943331483607,0.9291162790697675
Rook contiguity,2021,Guiyang,58334.65,0.5069460713045966,High,0.011621287968350602,1.96232577717345e-6,0.3625465964111891,0.716943609495116,0.652,0.326,0.6081177548532762,0.6853655378890067,0.7753513513513515
Rook contiguity,2021,Changsha,144308.98,5.748653479415649,High,0.016329352447460657,1.9550387160278133e-6,3.8690596315623766,1.0925592106484634e-4,0.004,0.002,0.3247135048382268,-0.016879932502200656,0.044
Rook contiguity,2021,Taoyuan,57464.1,0.10638228973364003,High,0.011572890971990421,2.0731855658904798e-6,-0.039206865962366125,0.9687254596006953,0.952,0.476,0.4176017107319358,-0.20410014439835233,0.9629425287356322
Rook contiguity,2021,Xiangtan,69501.79,4.4000053007032305,High,0.012135858768952295,1.8999930271042416e-6,4.260033475687089,2.0439628846388616e-5,0.004,0.002,0.3805113327933826,-0.04102647058658526,0.044
Rook contiguity,2021,Dao,40189.5,-1.0657340794088732,Low,0.010615061140741794,3.2922487577800705e-6,-0.826743653063139,0.40838237329680166,0.44,0.22,0.6903464938619133,0.376473746956294,0.6245161290322581
Rook contiguity,2021,Jiangyong,38432.84,-1.1247855643542908,Low,0.009956397910113325,3.421189875831912e-6,-0.8296910996610172,0.4067134548868137,0.44,0.22,0.927117819045155,0.5660515228371374,0.6245161290322581
