Year,County,GDPPC,gi_star,cluster,e_gi,var_gi,std_dev,p_value,p_sim,p_folded_sim,skewness,kurtosis,q_bh
2005,Anxiang,8184,0.39812392228592,High,0.011621720642690727,2.812323020766287e-6,0.3033873817281524,0.7615946607338753,0.64,0.32,0.8194851375963694,0.9073877533060357,0.88
2005,Hanshou,6560,-0.23690950074958136,Low,0.01083369016691938,2.4667104107383e-6,0.04686958062974301,0.9626171725800142,0.852,0.426,0.6564292447894999,0.5759163742597377,0.9823255813953489
2005,Jinshi,9956,1.0530864875865928,High,0.012643607362920438,3.259268845271762e-6,0.51208430212608,0.6085920104689422,0.5,0.25,1.0030493420443165,1.2321086391236182,0.7636610169491526
2005,Li,8394,0.9656556612980725,High,0.011672253267799007,2.7430906744919223e-6,1.0341698748089658,0.30105675480082233,0.316,0.158,0.7561695441322936,0.5526134130780274,0.6504347826086957
2005,Linli,8850,1.0475391524013904,High,0.012007420701835582,2.8888149834486594e-6,0.9114003081659907,0.3620844913086871,0.34,0.17,0.8661838482069728,0.9751381850497509,0.6504347826086957
2005,Shimen,9244,0.2100740460854186,High,0.012041606128562707,2.5993616689697777e-6,-0.16953049537502085,0.865379387664189,0.92,0.46,0.7851670511239188,1.1778689034536338,0.9823255813953489
2005,Liuyang,13406,3.9145466892059577,High,0.014120156103019001,2.7286648857366694e-6,3.291987557670374,9.948201289814377e-4,0.028,0.014,1.2523299735020086,2.5656142477540342,0.154
2005,Ningxiang,11687,1.6064973251842707,High,0.012828799075893734,2.6746920999395038e-6,0.7520648748475937,0.45201204589247773,0.436,0.218,0.6870904173247614,0.6851747558103662,0.7378461538461538
2005,Wangcheng,14659,3.8758927571178403,High,0.01388093653033036,2.409143639696567e-6,2.849614163981366,0.004377229348600633,0.02,0.01,0.7793271410495538,0.91182303353186,0.14666666666666667
2005,Anren,7423,1.6666940531079943,Low,0.011416237330366391,2.381950351482805e-6,1.6737438762763417,0.09418094668525177,0.144,0.072,0.6830616101300769,0.43941760534172714,0.45759999999999995
2005,Guidong,4528,0.5162823665742117,Low,0.009533001050335103,3.2578495541104797e-6,1.674136530073956,0.09410376987253104,0.156,0.078,1.080937717762369,1.3752325011038238,0.45759999999999995
2005,Jiahe,9622,0.3485839011363257,High,0.012283795185968248,2.975918669585951e-6,-0.14417734624657136,0.885360429105125,0.98,0.49,0.9328907604476958,1.3528470721437236,0.984
2005,Linwu,11651,1.3860471929419154,High,0.013406298712765073,3.2670699722759506e-6,0.47512736860307164,0.6346961921780101,0.504,0.252,1.1126332282402454,1.8640577099122249,0.7636610169491526
2005,Rucheng,8534,1.179509747967762,High,0.011965422454434887,2.9438558269715357e-6,1.235264535287139,0.2167320680557478,0.204,0.102,1.1777827924982152,2.061971943040806,0.528
2005,Yizhang,8428,2.1020152145625386,High,0.011703069115684604,2.728638665202292e-6,2.4583105908634106,0.013959238978263705,0.052,0.026,1.115018624434203,2.0392894664811765,0.24640000000000004
2005,Yongxing,9494,1.7576099448536937,High,0.012205602079571429,3.0029606109185114e-6,1.4677860047650555,0.14216236020745007,0.172,0.086,0.9383954465734208,1.2247426292657853,0.488258064516129
2005,Zixing,16471,2.020706019093556,High,0.014208296925400366,2.2801569969474848e-6,0.3611605030615642,0.717979466214353,0.64,0.32,0.6868779859686596,0.47213375127085433,0.88
2005,Changning,7906,0.5501140552006613,High,0.01148153173752418,2.7146702341472565e-6,0.5715689557431495,0.5676140321431096,0.468,0.234,0.9843041147127954,1.3906360539715381,0.7626666666666667
2005,Hengdong,8066,0.6897772801917946,High,0.011466901127952308,2.5721262667210627e-6,0.7057515975986257,0.48034262729282123,0.412,0.206,0.8522267481761274,0.9887442223336733,0.7247058823529412
2005,Hengnan,8217,0.4567647408068606,High,0.011635618228176365,2.3750183850123534e-6,0.32074652027501177,0.7484024902491692,0.692,0.346,0.6279231912693282,0.5403924165845218,0.9141492537313433
2005,Hengshan,8035,0.02202416988491816,High,0.011502888351395677,2.5469599747073646e-6,-0.06067293523858364,0.9516196865098268,0.904,0.452,0.9326913846726154,0.9987328933681683,0.9823255813953489
2005,Leiyang,8965,0.8297174852263741,High,0.012098076205406696,3.2294983039506188e-6,0.4806451218119023,0.6307687405027866,0.528,0.264,1.2280181269040502,3.2349516603403785,0.7744
2005,Qidong,8000,-0.2940073263321795,High,0.011579758844134598,2.4924894897909722e-6,-0.4493148990776889,0.6532045114021663,0.732,0.366,0.8557659128637715,0.9114622125406493,0.9202285714285714
2005,Chenxi,4432,-1.8194941219638279,Low,0.010077816678244382,2.9320498929032e-6,-1.295830968487149,0.195033726226505,0.124,0.062,1.0632389438093506,1.8662690887726994,0.45466666666666666
2005,Zhongfang,7420,-1.5242760367458388,Low,0.011431606842093286,3.129177087813599e-6,-1.6981977951898992,0.08947043655530226,0.02,0.01,1.12830204403245,2.6577228337131142,0.14666666666666667
2005,Huitong,4439,-1.4528618852071689,Low,0.00986816858555155,3.532732860254199e-6,-0.82245698620432806,0.4108168578063135,0.32,0.16,1.3932365482974434,3.2041235218720123,0.6504347826086957
2005,Jingzhou,5891,-1.31793329184719,Low,0.010433461646511136,2.918952947121994e-6,-1.2352339074356742,0.2167434633228364,0.156,0.078,0.8990619706335968,1.1122076619662167,0.45759999999999995
2005,Mayang,4177,-2.193347161387522,Low,0.009941162275111633,2.7467883662631465e-6,-1.6908626200900838,0.09086304395022704,0.02,0.01,0.946705770906248,0.7959606884898913,0.14666666666666667
2005,Tongdao,3885,-1.389889063972248,Low,0.0093257945869640365,3.4499217873790906e-6,-0.6292302798535983,0.529198307991467,0.54,0.27,1.144015067118714,1.7402495503269648,0.7790163934426231
2005,Xinhuang,4245,-1.4577100909060539,Low,0.008086010087586751,2.743477904902256e-6,-0.6737952778022647,0.5004414774679333,0.508,0.246,1.6498111462335705,4.687734406332697,0.7636610169491526
2005,Xupu,4670,-2.2964678748493492,Low,0.010643440033670801,2.2168954846873317e-6,-1.9554664032309874,0.05052804509593745,0.02,0.01,0.5170892252260733,0.5918228140264685,0.14666666666666667
2005,Yuanling,7488,-2.171670272390893,Low,0.011358678023285782,2.192728673827159e-6,-2.3159441403203074,0.020561318833256226,0.012,0.006,0.47030163508558376,0.15764076645352887,0.14666666666666667
2005,Zhijiang,5315,-1.807698878832972,Low,0.010414016725151746,2.8296289292311343e-6,-1.5054311915619398,0.13221325487036276,0.056,0.028,0.9698888061705317,1.2025113748432448,0.24640000000000004
2005,Lengshuijiang,18478,1.7266624896559262,High,0.01791316956017173,3.2147844991592514e-6,-1.4311361068411503,0.1523912108713914,0.048,0.024,1.0167678539457417,1.218727485619148,0.24640000000000004
2005,Shuangfeng,5868,-0.5476404819449155,Low,0.010726113829293211,2.7834497839865e-6,-0.20565079020256882,0.8370637005435345,0.944,0.472,1.073471439163685,2.0768581664671055,0.9823255813953489
2005,Xinhua,3390,-1.2357644498151812,Low,0.00984263141809214,2.6866113895403896e-6,-0.4220618516524451,0.6729798718674768,0.752,0.376,0.9048176162930481,1.5186101921527966,0.928888888888889
2005,Chengbu,5897,-1.5741796938226897,Low,0.010672040649426614,3.2479371854753235e-6,-1.4447231070739794,0.14853567674131005,0.056,0.028,1.2619876317219179,3.561479982415417,0.24640000000000004
2005,Dongan,7374,-0.8618294994967629,Low,0.011305607257711583,2.96987370275826e-6,-1.0131918670966908,0.3109685244083626,0.272,0.136,0.9826811157224496,1.0854205561487618,0.6298947368421053
2005,Dongkou,5375,-1.7578218507367824,Low,0.01028079231969871,2.706258447637888e-6,-1.399978470622701,0.16151976564290307,0.104,0.052,0.701438274254942,0.31424233655307887,0.39791304347826084
2005,Longhui,3677,-2.788801456588146,Low,0.00992674755809283,2.288015862762275e-6,-2.3514407121988823,0.018700869570876792,0.004,0.002,0.8385589612805062,1.1597456725159967,0.11733333333333333
2005,Shaodong,6752,-1.2134543457554658,Low,0.011092095719992133,2.561910067785679e-6,-1.1878768310440535,0.23488193895347984,0.192,0.096,0.7852724718779253,0.5779204238711384,0.528
2005,Suining,7369,-1.6947329240690077,Low,0.011384172754220307,2.602825222713889e-6,-1.7750211552648654,0.07589439416917777,0.028,0.014,0.5588678632189055,0.13284162124746945,0.154
2005,Wugang,4889,-2.1454034319276407,Low,0.010453398280369753,2.590239488138112e-6,-1.8213954080410235,0.06854677269896141,0.02,0.01,0.6075029978939045,0.17610357788872566,0.14666666666666667
2005,Xinning,4024,-1.832733751150401,Low,0.009587612481828739,3.3179344803779306e-6,-1.131196159586068,0.25797253799868236,0.2,0.1,0.9870907175855944,1.5273135710021624,0.528
2005,Xinshao,4357,-0.9981777018427641,Low,0.010139527691808528,2.543527740389522e-6,-0.35317693381844906,0.7239557992118133,0.812,0.406,1.0351336359093037,1.9764416834587006,0.9656216216216218
2005,Shaoshan,14381,2.369931335715521,High,0.01543360906052646,3.522508529720586e-6,0.7446717070980631,0.4564702070860003,0.336,0.168,1.607182766171909,3.6568548420915743,0.6504347826086957
2005,Xiangxiang,7866,0.9386830646257078,High,0.011523073302342951,2.9279143068797208e-6,0.9634945143265377,0.3352994157659292,0.328,0.164,0.8046453151061972,0.6681039033815148,0.6504347826086957
2005,Baojing,4612,-1.4448547329980757,Low,0.01010226939621615,2.5287134865548727e-6,-0.9569312230750567,0.3386019704744412,0.324,0.162,0.765581885668091,0.9804454854278699,0.6504347826086957
2005,Fenghuang,3770,-1.1869515790469076,Low,0.009434476744712357,2.845808605525477e-6,-0.32930628215180047,0.7419241962247428,0.86,0.43,0.7474245982542231,0.27386331959418175,0.9823255813953489
2005,Guzhang,3893,-1.4204778971943086,Low,0.009878566335154961,2.803669447799443e-6,-0.747154546642931,0.45497027741658613,0.456,0.228,0.8042370097696402,0.9088851355341738,0.7571320754716981
2005,Huayuan,6784,-0.340358978943809,Low,0.011013474254150573,3.503188780143348e-6,-0.2324488377487904,0.8161894204681068,0.928,0.464,1.2708643653040923,2.4103263556620522,0.9823255813953489
2005,Jishou,12970,-0.4287787890115023,High,0.013593581645071021,2.3293897615450933e-6,-2.002220640893029,0.045261006694633975,0.012,0.006,0.8344158506830804,0.9558565108417061,0.14666666666666667
2005,Longshan,3469,-2.376917419928556,Low,0.008996009112708562,3.6309261050883815e-6,-1.6353137340420107,0.10198329593791909,0.016,0.008,1.3751034955341523,3.084423209643413,0.14666666666666667
2005,Luxi,3701,-1.6798518292028746,Low,0.010003910364301663,2.3200138156229432e-6,-1.0821414268734888,0.27918969039018265,0.26,0.13,0.739703666475702,0.9996451249656717,0.6183783783783784
2005,Yongshun,3315,-2.4578976144652875,Low,0.009594192642569204,3.0888507543676653e-6,-1.6870130526102478,0.09160084216224204,0.024,0.012,1.1403424085396865,1.8143395286470323,0.15085714285714286
2005,Anhua,4411,-1.1495102911319837,Low,0.010442128444581452,2.8002562449340247e-6,-0.6017449370310153,0.547343932741377,0.612,0.306,0.8596984372373776,1.2520931530886363,0.8686451612903227
2005,Nan,6376,-0.028058248061313424,Low,0.010892181492396057,2.4240161595891896e-6,0.27054145838403304,0.7867437264258849,0.66,0.33,0.7721988139369456,0.9690009076556105,0.8935384615384616
2005,Yuanjiang,8681,0.09582869118941567,High,0.011989369562129214,3.3973987086517684e-6,-0.2393379050396112,0.810843575364592,0.96,0.48,1.0222290165820964,1.8098287780225784,0.9823255813953489
2005,Jianghua,5420,-1.4034182455129702,Low,0.010309119070448045,3.184405653503534e-6,-1.0553730389299165,0.29125474854231725,0.216,0.108,1.0520969119062884,1.7833625399555686,0.5430857142857143
2005,Lanshan,6223,-0.19036075360091745,Low,0.010667707621384321,2.7890559452994243e-6,0.17810310143775498,0.8586420063806999,0.76,0.38,0.8130666477870773,0.8509643047513205,0.928888888888889
2005,Ningyuan,4297,-1.0203020572363288,Low,0.010348840602083067,2.2538308815906374e-6,-0.46420834416153656,0.6424984835584399,0.696,0.348,0.7206460031752178,0.838542631615312,0.9141492537313433
2005,Shuangpai,8693,-0.30228019442507414,High,0.011970634229670344,3.242213163769267e-6,-0.7244079359278179,0.4688153292045828,0.484,0.242,1.1395132764584364,1.8713389594819088,0.7636610169491526
2005,Xintian,5272,-0.49823785637967066,Low,0.010365605263800306,3.2690530966034312e-6,-0.024858862293593898,0.9801675402190226,0.916,0.458,1.046818232547472,2.5379337135440236,0.9823255813953489
2005,Huarong,7234,-0.1794453631292123,Low,0.01119389531926945,2.8865439475846777e-6,-0.1741613732391912,0.8617386412435228,0.984,0.492,1.127800213619783,2.4849812392532176,0.984
2005,Linxiang,7708,0.14150161468960254,High,0.011512206439487558,2.8810686013700295e-6,0.1637402445066388,0.8699356345553405,0.792,0.402,1.917443039119773,6.293819812204838,0.9547397260273972
2005,Miluo,8677,3.07317272871514,High,0.011777815891079428,3.116370606984331e-6,3.118605635184923,0.0018170899249095014,0.024,0.012,0.9361124521065014,1.50069757363838,0.15085714285714286
2005,Pingjiang,5817,2.5626852234206803,Low,0.010349519181761689,2.5916368555288732e-6,3.962259606492117,7.424374706372986e-5,0.008,0.004,1.0182575679318286,2.2643827052752385,0.14666666666666667
2005,Xiangyin,9496,1.355672993213676,High,0.012262514890629196,2.8608056527993945e-6,1.0124280008770126,0.3113334557882105,0.316,0.158,0.6152798730464135,0.3306357418907848,0.6504347826086957
2005,Cili,5703,-0.5134204892737819,Low,0.010395526479252747,3.559622458960156e-6,-0.11469113334071436,0.9086899421190767,0.952,0.476,1.4064446217365716,3.9490434795982576,0.9823255813953489
2005,Chaling,8040,0.5669665418301826,High,0.011833566665755137,3.8655421113805885e-6,0.42627647965962107,0.669906394440676,0.512,0.256,1.2119262982924555,1.8814273759016764,0.7636610169491526
2005,Liling,11688,2.4632900108631763,High,0.013911646240529645,3.440943922791753e-6,1.6900326124787315,0.09102171560457405,0.144,0.072,1.0199540365553543,1.122588755436401,0.45759999999999995
2005,Yanling,7383,0.9217203816470493,Low,0.011446005027043625,2.8349796146836427e-6,1.0055263386022926,0.3146434734014257,0.312,0.156,0.702999288810079,0.5605575516195569,0.6504347826086957
2005,You,10944,1.475422794904078,High,0.012776156826352176,2.4835894275878363e-6,0.9070339421855523,0.3643888483554481,0.36,0.18,1.0259240363052813,2.2958325376317053,0.6740425531914893
2005,Zhuzhou,8546,3.4929202599411178,High,0.011717910179391397,2.470205889733853e-6,3.7540939051415343,1.73969639565925e-4,0.004,0.002,0.8313406554681779,0.8080594724558594,0.11733333333333333
2005,Sangzhi,4545,-1.4066323557891132,Low,0.010157363300318512,2.611949145509552e-6,-0.8121080457439626,0.4167296368816484,0.408,0.204,0.8836091835529584,1.324333552701951,0.7247058823529412
2005,Yueyang,7936,0.23466300956075636,High,0.011571207458572246,2.3557605015698204e-6,0.12125576089813661,0.9034884590826426,0.872,0.436,0.544419391407542,0.4490717328127536,0.9823255813953489
2005,Qiyang,7487,-0.20793538170293213,Low,0.011225385109422843,2.2257090764007123e-6,-0.1411571757154792,0.8877457760859836,0.96,0.48,0.43461588920937605,0.14257726002061322,0.9823255813953489
2005,Taojiang,5640,0.7683491930428126,Low,0.010767589356177304,2.715409745347509e-6,1.1439519692194857,0.25264355671913474,0.256,0.128,0.8314792494708332,1.2283631832933928,0.6183783783783784
2005,Shaoyang,3609,-2.1298075439490205,Low,0.010129820916418125,2.638320986253527e-6,-1.440159198794792,0.14982236371918423,0.096,0.048,1.0126597086089226,2.3886433572740637,0.384
2005,Lianyuan,5959,-0.028465398858390552,Low,0.01088914867630607,2.0549775791714e-6,0.2995922162225206,0.7644882221684159,0.712,0.356,0.9279426902031774,2.5726305284604614,0.9182608695652172
2005,Hongjiang,5514,-1.522940955152556,Low,0.01077529066217705,2.8202942293824447e-6,-1.2735013486525646,0.20284019429619496,0.156,0.078,0.7228048418987582,0.9145995965848268,0.45759999999999995
2005,Hengyang,7246,-0.12951662043436124,Low,0.011233929267851439,2.540364206502528e-6,-0.07514323357174528,0.9401007496230034,0.952,0.476,0.8743107741748154,1.2475667690043446,0.9823255813953489
2005,Guiyang,8933,1.8966176510757091,High,0.01175087292620012,2.2979169517254975e-6,1.618974692211931,0.10545270845806813,0.148,0.074,0.7301457031983797,0.5958761382063207,0.45759999999999995
2005,Changsha,24612,5.028299506628905,High,0.017653289335751415,2.1882522240055157e-6,1.8348123105689746,0.0665335039434503,0.096,0.048,0.6596932204795097,0.7284540871520995,0.384
2005,Taoyuan,8407,-0.32214283450170833,High,0.01155634327915611,1.848091799807848e-6,-0.46404824689977764,0.6426131792689196,0.72,0.36,0.6191164300470986,0.6174221473082699,0.9182608695652172
2005,Xiangtan,7246,3.2798779818760653,Low,0.011102092038451174,1.9881177725855905e-6,3.670408722976575,2.4216293534330786e-4,0.004,0.002,0.5998202830063076,0.3650879491370391,0.11733333333333333
2005,Dao,6040,-1.0307820341591336,Low,0.010687509028343267,3.072888034538779e-6,-0.8452200749590174,0.39798797586430934,0.42,0.21,0.8020434738623432,0.3036113635779736,0.7247058823529412
2005,Jiangyong,5977,-0.9624965592305592,Low,0.010202572870399355,3.2426362820067544e-6,-0.7421952234406334,0.45796906218355565,0.404,0.202,1.32378406705553,3.078007962313248,0.7247058823529412
2006,Anxiang,10995,0.6114528336164181,High,0.01208574414504248,3.0867342262468676e-6,0.2710085505048625,0.7863844559259388,0.656,0.328,0.7876365955326066,0.7037581399107986,0.8851764705882355
2006,Hanshou,7422,-0.2223786068045404,Low,0.010993350574590825,2.7713147002691354e-6,-0.03934748511427178,0.9686133482607763,0.952,0.476,0.6953608222639792,0.5505497848275565,0.992
2006,Jinshi,11223,1.1014505968018746,High,0.01238600853124975,3.2300871717074842e-6,0.736349100114468,0.4615182723814886,0.372,0.186,1.1556727148310397,2.1135751978110866,0.6819999999999999
2006,Li,10304,1.119416532559065,High,0.012223079413853866,3.32584102372156e-6,0.8359927244590436,0.4031589960711739,0.364,0.182,0.9509263070427099,1.047573952288941,0.681531914893617
2006,Linli,9855,0.9169935177493638,High,0.011904533893944658,3.5027491515374196e-6,0.7544674678635783,0.45056857268621975,0.336,0.168,1.0698849125408334,1.3184852245272047,0.672
2006,Shimen,10556,0.12678652596153905,High,0.011974684983469513,2.8535251807886594e-6,-0.21464643197444058,0.8300429900863733,0.956,0.478,0.8696132481791252,0.9452749651483865,0.992
2006,Liuyang,15631,3.9896789281310094,High,0.014460179399886908,3.08759363306851e-6,3.0733315883297703,0.002116831317667945,0.024,0.012,0.9828575256340875,1.1951897820799688,0.224
2006,Ningxiang,13647,1.5992688004572302,High,0.012802573765674235,2.544185348824719e-6,0.809183552729073,0.4184095739891166,0.416,0.208,0.7312775074937163,0.6753976866024956,0.6907169811320755
2006,Wangcheng,17082,3.9347085528268493,High,0.01390648533144809,2.9277471043993973e-6,2.703119478746599,0.006869204975098569,0.048,0.024,1.1313501253434879,2.37291885158517,0.28159999999999996
2006,Anren,8832,1.4668353618553223,High,0.011242058911173585,2.221425563287362e-6,1.665013239481514,0.09591011447779109,0.14,0.07,0.5069300295629061,0.2485535043930569,0.44586666666666663
2006,Guidong,5548,0.3588881654365048,Low,0.009687373897329186,2.9659486343903567e-6,1.4624562043482308,0.1436162373381115,0.164,0.082,0.9327444749116565,1.162252159036873,0.46554838709677426
2006,Jiahe,11021,0.23062321577105957,High,0.012108004000598943,2.5548254458315746e-6,-0.18294894976608186,0.8548380746361957,0.972,0.486,0.9319673865012654,1.3937791188803503,0.992
2006,Linwu,12031,1.1369741515944995,High,0.012910681991562293,3.6272254066862168e-6,0.45910633349130975,0.6461578087472143,0.524,0.262,0.903083099131819,0.7973902233723349,0.7559344262295082
2006,Rucheng,9461,0.9819752812752338,High,0.011796302315459615,3.5027064027252212e-6,1.0003414645917423,0.31714528720690943,0.292,0.146,1.065785530249981,1.4678004027751594,0.6588717948717948
2006,Yizhang,9752,1.769660911952808,High,0.011832935074211003,3.68891713974432e-6,1.7179383376280928,0.08580786308646812,0.14,0.07,0.8918191164260032,0.7703088823825675,0.44586666666666663
2006,Yongxing,10978,1.6148271475999911,High,0.012171876032577886,3.025826313463444e-6,1.3545853462397655,0.1755497048191826,0.208,0.104,0.9386519632794191,1.2807839321948578,0.5383529411764706
2006,Zixing,18172,1.7837893128468276,High,0.014053901196967158,2.3658211346050806e-6,0.23034568923974041,0.8178231600973066,0.72,0.36,0.7569035744648891,0.826876541036909,0.9051428571428571
2006,Changning,9000,0.417662381389491,High,0.011469452098244048,2.822585855752761e-6,0.4241911145784378,0.6714264403632595,0.556,0.278,0.9762908527613648,1.843470918266946,0.7891612903225808
2006,Hengdong,9249,0.6106272435886525,High,0.011518298709050826,2.493002025119634e-6,0.6065834342246217,0.5441273966848185,0.5,0.25,0.6329922223111545,0.458752539246678,0.7457627118644068
2006,Hengnan,9173,0.2987091282257255,High,0.011662400762381902,2.3971235757468933e-6,0.1363275889375928,0.8915623146648154,0.8,0.4,0.5883516687756095,0.43094974221794846,0.9777777777777779
2006,Hengshan,8964,-0.13698909448865404,High,0.011282142409968427,2.4168976580799843e-6,-0.12025916889903411,0.9042778478087525,0.928,0.464,0.9622097569954337,1.3466372016725794,0.992
2006,Leiyang,10507,0.8038169576866194,High,0.011862969329989816,2.8981904024034483e-6,0.6319772750304976,0.5274017267524782,0.436,0.218,0.9659212913910917,1.223807304271845,0.7105185185185184
2006,Qidong,8958,-0.46246982854387847,High,0.011361328063771964,2.4402197028850716e-6,-0.5038238392724474,0.6143851738235737,0.684,0.342,0.5800294223712368,0.1507460054672518,0.8851764705882355
2006,Chenxi,5311,-1.7943824126021575,Low,0.010097171157440942,2.737235742336558e-6,-1.3599194516766242,0.17385541477348704,0.148,0.074,0.7468322288098469,0.6771477017083254,0.44586666666666663
2006,Zhongfang,8467,-1.5123497917458943,Low,0.011280483255507904,2.8954852576207213e-6,-1.692837070757274,0.09048648428969706,0.024,0.012,0.8226785881571078,0.9167778625935163,0.224
2006,Huitong,5580,-1.2881209380848047,Low,0.010055660865475354,3.2245245792379215e-6,-0.7993277723264534,0.424100379240325,0.408,0.204,0.9828040169843806,1.4434375150523504,0.6907169811320755
2006,Jingzhou,7162,-1.2006079676946466,Low,0.010552593410090847,3.107775150874448e-6,-1.1384616254471922,0.254927774005565,0.196,0.098,0.9644003110273316,1.6977111228819943,0.5226666666666666
2006,Mayang,4807,-2.1225329771925017,Low,0.009935894846176565,2.9606446373561207e-6,-1.5876081923595162,0.11237496454452311,0.04,0.02,0.9966914072011698,1.1877087441582015,0.25142857142857145
2006,Tongdao,4353,-1.4300142836224277,Low,0.009218792380172527,3.530814915709985e-6,-0.6448132092406722,0.519048240764118,0.472,0.236,1.3587951532799556,3.2851821258597065,0.7287017543859649
2006,Xinhuang,5334,-1.2690919020776255,Low,0.008398746058086161,3.422426761725643e-6,-0.5009444331930041,0.61641023017773,0.72,0.358,2.0825976140916134,6.375333055318851,0.9051428571428571
2006,Xupu,5196,-2.3706402731485956,Low,0.010534703594858228,2.400601663262179e-6,-1.9267337716222324,0.05401281683345642,0.012,0.006,0.9870063522672815,1.900512775893393,0.176
2006,Yuanling,8552,-2.225115517902218,Low,0.01136196861431916,2.6387597075647237e-6,-2.2028602492524785,0.02760460009076236,0.008,0.004,0.7266282681108744,0.7782638134492532,0.176
2006,Zhijiang,6517,-1.6590714148009227,Low,0.010580300654748692,2.9772725337504526e-6,-1.430268508409717,0.15263996951029118,0.104,0.052,0.8889580353505946,0.9770543089356405,0.4132173913043478
2006,Lengshuijiang,22520,1.918940030922129,High,0.01838572735180773,3.4559723505391842e-6,-1.3544868319828098,0.17558111166590754,0.108,0.054,1.1077074240187397,1.789192237725592,0.4132173913043478
2006,Shuangfeng,6546,-0.6042645090122978,Low,0.010747898968137635,2.9823920372924875e-6,-0.28088830368372464,0.7787960719614154,0.86,0.43,0.8615395235737777,1.31645321898245,0.992
2006,Xinhua,3768,-1.19953819742757,Low,0.009651804695299351,2.402481173624225e-6,-0.30543990475965166,0.7600311333089866,0.832,0.416,0.7176961399961943,0.5137390476091666,0.992
2006,Chengbu,6325,-1.7049102318155194,Low,0.01040823087714406,2.944356072935887e-6,-1.559263865897069,0.11893394032562427,0.064,0.032,0.7610716094597418,0.5949592015969354,0.31288888888888894
2006,Dongan,8436,-0.9744316165970537,Low,0.011292282122896822,3.269025572547786e-6,-1.1083262903478246,0.2677209253291919,0.192,0.096,1.0371752923889164,1.8918863131619972,0.5226666666666666
2006,Dongkou,6050,-1.8413561532302736,Low,0.010381993793457549,2.7748289950590585e-6,-1.576921482081086,0.11481359290526912,0.072,0.036,0.4908220937929097,0.08438151700979146,0.3168
2006,Longhui,3976,-2.8783156103888214,Low,0.009905582695406897,2.8064189407597954e-6,-2.259695152828909,0.02384017734930477,0.004,0.002,0.7246204593801361,0.8066931567966544,0.176
2006,Shaodong,8005,-1.2559240677781376,Low,0.011239520895910906,2.7197990404208624e-6,-1.3120857387562301,0.1894912072649299,0.152,0.076,0.705474941375315,0.5450020438320191,0.44586666666666663
2006,Suining,8500,-1.7059665535476765,Low,0.011354249013038865,2.799901266337457e-6,-1.7345163432509991,0.0828265084963644,0.04,0.02,0.6504738637972641,0.5501741139318646,0.25142857142857145
2006,Wugang,5533,-2.2536854688386496,Low,0.010458535363038365,2.6928992673738775e-6,-1.950362704321351,0.0511329038136766,0.028,0.014,0.5973683601558262,0.26675464372795554,0.224
2006,Xinning,4533,-1.9238700738562708,Low,0.009605144912683496,3.0310587545082983e-6,-1.3433683619430876,0.17915272615374056,0.108,0.054,0.9319591077486763,1.6407004084168761,0.4132173913043478
2006,Xinshao,4972,-0.9284385128373045,Low,0.010253416324600433,2.9543960205559077e-6,-0.3381155759372416,0.7352760931766164,0.836,0.418,1.0511962183005286,2.1687474552655095,0.992
2006,Shaoshan,16565,2.332738342065118,High,0.015446640196477318,4.090155274421301e-6,0.688442537533181,0.49117414442163126,0.344,0.172,1.4105209464976356,2.319323078440857,0.672711111111111
2006,Xiangxiang,9192,0.9300945438285997,High,0.01150395825390819,2.9732327429229946e-6,0.9756711788087581,0.32922743907210705,0.3,0.15,1.0684368531471768,1.7384622059455852,0.66
2006,Baojing,5555,-1.235547040797621,Low,0.010249838014262967,2.7692846197941786e-6,-0.7856814175709452,0.43205415242074074,0.416,0.208,0.8173893668267428,0.8732361284491019,0.6907169811320755
2006,Fenghuang,4284,-0.9514638009983731,Low,0.009452591703398605,3.1814751494817893e-6,-0.06464104398710169,0.9484598046520941,0.908,0.454,1.266257959796674,3.0039554228853476,0.992
2006,Guzhang,4297,-1.477357207634262,Low,0.009755470854299233,3.008061764135298e-6,-0.7420341033323659,0.4580666733269476,0.46,0.23,0.8476549867301569,0.8407066962511216,0.7287017543859649
2006,Huayuan,10496,0.20928501561150784,High,0.012243434247901235,3.4227374358492787e-6,-0.2100314494640938,0.8336431273203412,0.972,0.486,1.1267520625491436,2.5333328103271597,0.992
2006,Jishou,14611,-0.2529971179022216,High,0.013553801952315588,3.1629460549142135e-6,-1.5102646524344694,0.13097590739329182,0.064,0.032,1.0346515748050462,1.6848124486630338,0.31288888888888894
2006,Longshan,3809,-2.400656413950582,Low,0.008748408759123097,3.243820366448737e-6,-1.6765154181406214,0.09363727875836664,0.028,0.014,1.0166008566108542,1.5865505267805835,0.224
2006,Luxi,4468,-1.6912587874371194,Low,0.010029235214633515,2.989224376373839e-6,-1.0102469635821714,0.3123769840046371,0.248,0.124,1.0278628408326569,1.564440604905939,0.5898378378378378
2006,Yongshun,3666,-2.5024117096000436,Low,0.009535414244359813,2.9982116342656194e-6,-1.776273053138824,0.07568792245067318,0.012,0.006,1.2127407741513765,2.2294508767918515,0.176
2006,Anhua,5048,-1.2062411898050274,Low,0.010497783207011488,2.5561289799600523e-6,-0.7461610239120766,0.45557014962484726,0.5,0.25,0.7806402680626877,0.9348534840471121,0.7457627118644068
2006,Nan,7013,0.19534083338765038,Low,0.010874841228804716,2.9406151400245044e-6,0.4925628934599591,0.6223214722756898,0.52,0.26,1.2804807960379478,3.7375948554371714,0.7559344262295082
2006,Yuanjiang,9894,-0.026686383701982497,High,0.011692412508562724,2.8934642214945843e-6,-0.22402614727731732,0.8227369576723057,0.92,0.46,0.9050918320387753,0.9064907966884084,0.992
2006,Jianghua,6241,-1.367436461285581,Low,0.010342126722891419,3.285037442445597e-6,-1.0431828808056607,0.2968636005708611,0.256,0.128,1.0746883647225745,1.8341246107078337,0.592842105263158
2006,Lanshan,8135,-0.18954479820482528,Low,0.011068881188335085,3.1035687142532083e-6,-0.06182708648352019,0.950700532851449,0.924,0.462,0.8920955523882924,0.8671716610672844,0.992
2006,Ningyuan,4851,-1.0278345646183993,Low,0.010302427488866986,2.5103937870642916e-6,-0.4374435040923484,0.661789739772592,0.768,0.384,0.6625089455249445,0.25613953657411637,0.9518873239436619
2006,Shuangpai,10070,-0.37178873422882186,High,0.012053072581778445,3.6594331441610214e-6,-0.8165783032576884,0.4141694583877002,0.384,0.192,1.1379463797651184,1.6591042644892537,0.68288
2006,Xintian,5910,-0.5963303322525596,Low,0.010257226473424108,3.3602796795689655e-6,-0.0892481423335331,0.9288847059483856,0.932,0.466,1.2371595229827623,3.150125021366547,0.992
2006,Huarong,10802,0.37634846296582547,High,0.01258194093077244,3.259888338958096e-6,-0.1244828937310856,0.9009329438514171,0.924,0.462,1.5488695288623293,3.753565048536723,0.992
2006,Linxiang,8973,0.154209335864291,High,0.011547306138170536,3.125207756602443e-6,0.163595290961157,0.870049752029455,0.684,0.348,2.0303563551771435,6.558848850110408,0.8851764705882355
2006,Miluo,10659,3.1794140469826417,High,0.01205739586852622,3.2507530891375965e-6,3.0709313107477234,0.0021339223605832537,0.036,0.018,1.1116674869197545,1.751218019937217,0.25142857142857145
2006,Pingjiang,6570,2.638048499943793,Low,0.010393510471397745,3.015299543656815e-6,3.79415587775299,1.4814658732496152e-4,0.008,0.004,0.7254665658708424,0.5066912991574095,0.176
2006,Xiangyin,10765,1.3213839014899358,High,0.012057548975284901,2.8355227961130415e-6,1.125697515916855,0.2602935755710855,0.248,0.124,0.887192494934631,0.9666252055827838,0.5898378378378378
2006,Cili,6463,-0.610753646653594,Low,0.01028066915960145,3.311043737060194e-6,-0.19266125002529777,0.8472242728257379,0.992,0.496,0.9704720277355987,1.2908716517862153,0.992
2006,Chaling,9053,0.42168592149231604,High,0.011377715457733828,3.004147775668275e-6,0.5629240589644422,0.573486596605044,0.464,0.232,1.062343987122846,1.4485392230099228,0.7287017543859649
2006,Liling,14000,2.505682250778117,High,0.01404329583617988,3.348245615160432e-6,1.7496722373457239,0.08017488691587121,0.132,0.066,1.294131221061007,2.5297938586495015,0.44586666666666663
2006,Yanling,8059,0.7339268780071341,Low,0.011196562827057624,2.9739133157861467e-6,0.9308925480769467,0.3519091496291656,0.32,0.16,0.8215330407729741,0.8203464658317503,0.6704761904761906
2006,You,12356,1.4243647944054214,High,0.012710106038316698,3.1950873799440345e-6,0.8082966595668557,0.4189198250510899,0.388,0.194,0.7858156180409472,0.5720452152725657,0.68288
2006,Zhuzhou,10116,3.558444744963699,High,0.011868222572252571,3.2201768167485364e-6,3.331328429988828,8.643256136510905e-4,0.024,0.012,0.8747550892790011,0.8095932096929386,0.224
2006,Sangzhi,5121,-1.5166415921133787,Low,0.010175747646545505,2.5071015717918466e-6,-0.9947415672869915,0.31986197213908374,0.316,0.158,0.673013156122082,0.9071637301114603,0.6704761904761906
2006,Yueyang,9277,0.4096082488795725,High,0.0113836073377466,2.0194280429881406e-6,0.4779136933859101,0.6327116347434216,0.576,0.288,0.5571976139222818,0.1197203498479471,0.8045714285714285
2006,Qiyang,8298,-0.3520801984902761,Low,0.011124806211930132,2.4890134965720522e-6,-0.22951637355461948,0.8184675960005865,0.884,0.442,0.8297969322186423,1.243831747285391,0.992
2006,Taojiang,6437,0.6612116903017431,Low,0.01077091960661382,2.1435550353395096e-6,1.1756600569458477,0.239730746070198,0.244,0.122,0.6359414682230242,1.3603226414514094,0.5898378378378378
2006,Shaoyang,4064,-2.19635125628579,Low,0.01008039049072024,2.789680186515134e-6,-1.476127681315437,0.1399096190264616,0.056,0.028,0.985743842563824,1.048464999362836,0.308
2006,Lianyuan,7044,0.05415076009034987,Low,0.010925180873238849,2.336991196237848e-6,0.34380361415911237,0.7309939820344882,0.644,0.322,0.7498169228141276,0.6989133305492241,0.8851764705882355
2006,Hongjiang,6313,-1.499904833771227,Low,0.01071286688142165,2.8025089664175627e-6,-1.243488242750463,0.21368797083478946,0.128,0.064,1.101631167293315,2.1051822462465424,0.44586666666666663
2006,Hengyang,8068,-0.3043449315442922,Low,0.011129416177598524,3.094843090301161e-6,-0.20588443777877052,0.8368811818888666,0.988,0.494,0.9542152970102455,1.3621609991631543,0.992
2006,Guiyang,10439,1.6117864753022482,High,0.011679751767809821,1.976157382479054e-6,1.5227004550918284,0.1278336640739312,0.144,0.072,0.5730843908185118,0.3942005923425542,0.44586666666666663
2006,Changsha,29407,5.1692011079782345,High,0.01786027454386232,1.8997781270090497e-6,2.11878037529443,0.034109032005395855,0.072,0.036,0.7184226360053652,0.8273011631105742,0.3168
2006,Taoyuan,9461,-0.40944528711273587,High,0.011493374325513752,1.766596023070856e-6,-0.5238719034787601,0.6003676379853307,0.68,0.34,0.367711147349653,-0.19891288087550807,0.8851764705882355
2006,Xiangtan,8578,3.2749110392818643,Low,0.011380997095719015,2.321527287624074e-6,3.2646594517240413,0.0010959575713000913,0.008,0.004,0.7668090007731522,0.8593782737393982,0.176
2006,Dao,6925,-1.100091087716944,Low,0.010616716661631064,3.589419912188219e-6,-0.8423816046388194,0.3995743863524198,0.36,0.18,1.2348891640832054,3.190805893787571,0.681531914893617
2006,Jiangyong,6482,-1.0767836590001807,Low,0.010116168625386389,3.930331677824921e-6,-0.8046425199249889,0.4210259979880266,0.328,0.164,1.4223095964568357,2.7415800494003983,0.6712558139534884
2007,Anxiang,12670,0.4215263159895556,High,0.011969779072417315,3.2505706614004658e-6,0.1339081592301632,0.8934751982657689,0.72,0.36,1.001163948491812,0.9345178709232411,0.8973521126760562
2007,Hanshou,8512,-0.29901141737354586,Low,0.01075299114525397,2.915718780071519e-6,0.005515383192097301,0.9955993832148502,0.872,0.436,1.108372827726623,2.33382262272914,0.9965714285714286
2007,Jinshi,14258,0.9879406967419592,High,0.012660979170205587,3.699251813156441e-6,0.44791442189154823,0.6542149596590265,0.492,0.246,1.3009327377464797,2.809915374902709,0.8169056603773586
2007,Li,11048,0.7551119967199373,High,0.01135033088712836,2.7069599294639156e-6,1.0109908676624983,0.31202080071611077,0.296,0.148,0.8660370874904291,1.3051777018979287,0.6201904761904762
2007,Linli,11373,0.6747237819657893,High,0.011729225186728344,3.6263050239289076e-6,0.5822705197039588,0.5603844794416419,0.44,0.22,1.0076062429930088,1.3317622010432721,0.7744
2007,Shimen,11760,-0.1662362716716599,High,0.011766205408579344,3.124071890807056e-6,-0.4168720525992137,0.676771996454065,0.764,0.382,0.9102238122020204,1.005159956650525,0.9337777777777778
2007,Liuyang,19151,3.854432572128303,High,0.014373491220899596,3.356737657965373e-6,2.9543620585697985,0.003133161862670497,0.036,0.018,1.163002853206445,1.6130470972147943,0.24369230769230768
2007,Ningxiang,16675,1.8110971664408466,High,0.012700140248206093,2.758542624648291e-6,1.1049476909431915,0.2691822557763668,0.252,0.126,1.0477786267388318,2.0119518960183926,0.6095609756097561
2007,Wangcheng,21044,4.163383753823145,High,0.014095630576130034,2.997035192241547e-6,2.917195935267084,0.0035319382706778487,0.016,0.008,0.9820912841547855,1.6987534920767713,0.1408
2007,Anren,7243,1.0950562484657214,Low,0.010725528683986277,2.628706074018376e-6,1.5085590158062654,0.1314115143968205,0.168,0.084,0.8753229255034567,1.1572666709233514,0.5686153846153846
2007,Guidong,5876,0.17743082512678604,Low,0.009318627732851659,3.5300171090701066e-6,1.3158779822374718,0.18821499986687654,0.224,0.112,1.1907307984129702,1.968238380911635,0.6095609756097561
2007,Jiahe,13019,0.21302243924171854,High,0.012080803847413649,3.279618967022563e-6,-0.15949423872755145,0.8732794970479268,0.976,0.488,1.0988376581534778,1.5701421464303804,1
2007,Linwu,14108,0.8728881594038873,High,0.012605256741445614,3.223482081413962e-6,0.37083786714744965,0.7107582952353408,0.556,0.278,0.8698526659472228,0.6356964890898396,0.8583859649122807
2007,Rucheng,8786,0.2988388179536013,Low,0.010609514871390367,3.6491720061744096e-6,0.7715184100499557,0.4403997144536282,0.312,0.156,1.3766426193066255,2.7626921762446024,0.624
2007,Yizhang,9437,1.2038499059789718,Low,0.011198714399106413,4.53429458098206e-6,1.3128467338998415,0.1892345986999634,0.216,0.108,1.7861282414151465,6.118509037839093,0.6095609756097561
2007,Yongxing,14022,1.5903627607525972,High,0.012433487599821288,3.25961639338075e-6,1.1786145292202006,0.23855170349546823,0.232,0.116,0.8408903063018487,0.7311371659876147,0.6095609756097561
2007,Zixing,22947,1.4157734780299644,High,0.01411365043919532,2.2453739303357044e-6,-0.18060657031763186,0.8566763983298238,1,0.5,0.8523680451558151,0.9895022887023228,1
2007,Changning,10455,0.3236555803332137,Low,0.01124174600884458,3.1046362179650635e-6,0.43851941420940876,0.6610097998206759,0.552,0.276,0.9179974444542305,1.277676858741538,0.8583859649122807
2007,Hengdong,11563,0.36113210205938917,High,0.011559107744942898,3.07864104215469e-6,0.27331467578348334,0.7846113350194152,0.676,0.338,0.9569937117685435,1.183330016372266,0.8672463768115942
2007,Hengnan,10505,-0.06789184092786994,High,0.011455372566906066,2.7159767076324187e-6,-0.12780911938246742,0.8983000330326625,0.996,0.498,0.8349621458170312,1.155866875338683,1
2007,Hengshan,10328,-0.13786682826459756,Low,0.011245048427503663,3.0294193820057123e-06,-0.09113542838688218,0.9273849819837815,0.904,0.452,0.9563090835984808,0.991642986894766,1
2007,Leiyang,12086,0.4433607927581345,High,0.011680917813447862,2.7448174204515707e-6,0.3465774007759332,0.7289088263565786,0.632,0.316,0.6903060841405364,0.19635851179383268,0.8672463768115942
2007,Qidong,11343,-0.4851169285403999,High,0.011585745887196611,2.992747043538351e-6,-0.6194804659029051,0.5355998866003502,0.576,0.288,0.9182335243963331,1.1166962423101028,0.8672463768115942
2007,Chenxi,6556,-1.557569109984937,Low,0.010197774951251622,3.323273256954626e-6,-1.078434601985244,0.2808398521689437,0.224,0.112,0.9270169420324857,0.7432243487000267,0.6095609756097561
2007,Zhongfang,10660,-1.310624253010729,High,0.011422753868034683,3.037304025486237e-6,-1.5460371887826887,0.122095586660968,0.048,0.024,1.0137461312449223,1.398994571418692,0.28159999999999996
2007,Huitong,6993,-1.111891910829931,Low,0.010137356334456653,3.640449974551801e-6,-0.6307208044391934,0.5282230935297758,0.552,0.276,0.98177549989366,1.2163037930205878,0.8583859649122807
2007,Jingzhou,9246,-1.0251463473442952,Low,0.010800128927415796,4.006275258517842e-6,-0.9519326602204711,0.34113113451921545,0.28,0.14,1.3874352643215582,3.2695375841800844,0.6095609756097561
2007,Mayang,5962,-1.8825491568186785,Low,0.010074418461701491,3.7420714633405196e-6,-1.2903227093653593,0.1969386352784144,0.112,0.056,0.9728161851814279,1.4736906999793256,0.448
2007,Tongdao,5331,-1.390808170299371,Low,0.009263357016722719,3.919062482133129e-6,-0.631022604501576,0.5280257445081862,0.544,0.272,1.4437651807421663,2.8983251096371996,0.8583859649122807
2007,Xinhuang,6812,-1.1194794206702496,Low,0.008602365757475616,2.6159553137979724e-6,-0.470509503755866,0.6379910458723754,0.724,0.352,1.6776374344603362,4.281787106258628,0.8973521126760562
2007,Xupu,6603,-2.201816043175464,Low,0.010614713578497303,2.3122024223494394e-6,-1.897892703793175,0.0577102177034402,0.016,0.008,0.627869378929384,0.5368445927821828,0.1408
2007,Yuanling,10669,-2.0344028923711943,High,0.011399726592201584,2.415860565516204e-6,-2.183976230171772,0.028963994752302435,0.004,0.002,0.874336497441365,1.3825554009356935,0.088
2007,Zhijiang,8115,-1.456623095910486,Low,0.010672402216520452,2.702076541846002e-6,-1.3612507254942094,0.17343446886626745,0.136,0.068,0.8313497905942384,1.3905639951633368,0.5203478260869566
2007,Lengshuijiang,27434,1.956943093044314,High,0.018453261179132957,2.968011621613307e-6,-1.3795677486623117,0.167719773233714,0.064,0.032,1.3461911605235526,3.0375615942261067,0.296421052631579
2007,Shuangfeng,8357,-0.4731590364973039,Low,0.010946467338756654,3.031084766516044e-6,-0.26838778803729924,0.788400838546858,0.9,0.45,0.8519288067071474,1.0336252104791797,1
2007,Xinhua,4806,-1.0960008987193057,Low,0.009893009727300802,2.8238748312134214e-6,-0.3439735595664846,0.7308661705733003,0.804,0.402,0.9018148088710137,1.3963287691138362,0.9692054794520548
2007,Chengbu,6839,-1.8151649887766368,Low,0.009960047018940526,3.5566110580091573e-6,-1.3589747264437266,0.17415459752964974,0.08,0.04,1.022910178966653,1.4635643506694311,0.35200000000000004
2007,Dongan,10408,-0.8880594278594501,Low,0.011306235956410437,3.20483292748195e-6,-1.0519336119225797,0.2928300094692524,0.264,0.132,0.8325311052591148,0.4373374830475738,0.6095609756097561
2007,Dongkou,7013,-1.8359586887843171,Low,0.01048797483602088,3.629170512064435e-6,-1.4781501175027725,0.13936760207225657,0.04,0.02,1.1522679591619018,2.264845681716521,0.25142857142857145
2007,Longhui,4477,-2.8682092414423015,Low,0.009718139146764587,2.6941042005165285e-6,-2.263825463938598,0.02358485171218559,0.004,0.002,0.6866586524771011,0.2818457965315866,0.088
2007,Shaodong,9197,-1.2380525515067802,Low,0.011038274732376856,2.909324844814194e-6,-1.1659996074840595,0.24361460417555192,0.152,0.076,1.1520274053525514,2.1527473924144713,0.5573333333333333
2007,Suining,10283,-1.6672432340385943,Low,0.011310107692907877,2.6904195459063707e-6,-1.7474425090837367,0.08056060919688258,0.016,0.008,0.7214905814086012,0.23122632879927085,0.1408
2007,Wugang,6334,-2.361801973889197,Low,0.010169022842832344,2.764641881677512e-6,-1.9366352941699674,0.052789940449187694,0.008,0.004,0.8334409940353309,0.7077695579420484,0.10057142857142858
2007,Xinning,5389,-1.976271554690493,Low,0.009657615328624749,3.4219223354840192e-6,-1.412283573874807,0.15786648101328438,0.052,0.026,1.1514163448444101,2.1047000407588676,0.286
2007,Xinshao,5961,-0.9278980003875171,Low,0.010226550333048178,2.908794412068713e-6,-0.3502441221747339,0.7261554964982246,0.84,0.42,0.8529329869633016,1.2034495986217335,0.9965714285714286
2007,Shaoshan,20622,2.561376964068112,High,0.015772113159222976,3.5161953788285946e-6,0.9386446123885941,0.34791323957034154,0.28,0.14,1.201258275082845,1.5731664407688966,0.6095609756097561
2007,Xiangxiang,11950,1.2172546066754373,High,0.011845157688365774,3.293708963188875e-6,1.0832989618860567,0.27867574594245853,0.284,0.142,0.8758485171483422,1.2558298139176003,0.6095609756097561
2007,Baojing,7282,-0.9721898630977568,Low,0.010342936388017473,3.283587826390651e-6,-0.5154880514675684,0.606212016994472,0.644,0.322,1.0597856736798827,1.9285409426446343,0.8672463768115942
2007,Fenghuang,5524,-0.6352574753009772,Low,0.009586679675296498,3.933967350088352e-6,0.19602453243968387,0.8445909643786049,0.66,0.33,1.2448568665337914,1.7459113056727453,0.8672463768115942
2007,Guzhang,5085,-1.3150065247565341,Low,0.009812414602659858,3.427789031734534e-6,-0.5902925244502085,0.5549945503187714,0.612,0.306,0.7771244033451193,0.6124161378163877,0.8672463768115942
2007,Huayuan,14473,0.613726757898203,High,0.012951903139696411,4.2028476209635035e-6,-0.053766193461991546,0.9571214442517276,0.852,0.426,2.024487242581414,7.684044433489548,0.9965714285714286
2007,Jishou,17584,0.020510010268051212,High,0.013579306673919083,3.263313902689393e-6,-1.2036940145713984,0.22870786654455688,0.168,0.084,0.9484232008738871,1.1507559768220883,0.5686153846153846
2007,Longshan,4702,-2.2619621913675707,Low,0.008953800063844365,3.84635865734542e-6,-1.5488673524516223,0.12141361052199601,0.02,0.01,1.6202555912864656,3.976215767972409,0.16
2007,Luxi,6244,-1.4576066597885917,Low,0.010224648499263177,2.928171248800182e-6,-0.9265958388300652,0.35413641622418124,0.356,0.178,0.808548341932695,0.5829346199955885,0.6961777777777777
2007,Yongshun,4456,-2.357602790456173,Low,0.00950309693572637,3.4549134547477125e-6,-1.549401073507417,0.121285335881514,0.032,0.016,1.112134423110789,1.6906077367695937,0.23466666666666666
2007,Anhua,6130,-1.062311483675915,Low,0.0103715576595249,2.5157092219934805e-6,-0.5474447656448997,0.5840732076212776,0.624,0.312,0.6139417000875783,0.4907437108725792,0.8672463768115942
2007,Nan,8463,0.2347835611694607,Low,0.01080619869391337,2.87876026436784e-6,0.5871999644976843,0.5570694162254731,0.46,0.23,0.7168140194007796,0.6430808948541133,0.7937254901960785
2007,Yuanjiang,12085,0.08447580136473352,High,0.011894196746680933,3.154857546856445e-6,-0.20307683644800514,0.8390749763320531,0.96,0.48,0.838955049266896,0.9565664686238975,1
2007,Jianghua,6931,-1.3845845818234674,Low,0.010138909390286024,3.574561717886135e-6,-0.9525029690520803,0.3408419608940665,0.264,0.132,1.0726827097320013,1.3754602013301902,0.6095609756097561
2007,Lanshan,10033,-0.23876365222199936,Low,0.01113714984923265,3.573621244193313e-6,-0.15618737258679538,0.8758853298003014,0.96,0.48,1.2020642562698385,1.9407752852080922,1
2007,Ningyuan,5991,-1.0912158381081816,Low,0.0103246970822614,2.7362835950041905e-6,-0.5271882536615057,0.598062864917239,0.668,0.334,0.790027480017888,0.9683195153565545,0.8672463768115942
2007,Shuangpai,10869,-0.559374602842904,High,0.011439370176493038,3.0559560104433065e-6,-0.813943653624393,0.4156772310828136,0.424,0.212,0.9276970068222755,0.9590153112120214,0.7744
2007,Xintian,7231,-0.5497521462606302,Low,0.010237357299324663,2.775025338752746e-6,-0.045042001323990784,0.9640738306933628,0.936,0.468,0.8762749119391923,0.7945896994027595,1
2007,Huarong,13648,0.5789342025803793,High,0.013140044486516197,4.342339656907184e-6,-0.0999249412738369,0.9204039151746439,0.868,0.434,1.742930835100331,4.156977554434993,0.9965714285714286
2007,Linxiang,11710,0.45387511956466775,High,0.012157469217768434,2.9447600980594923e-6,0.36958259508229857,0.7116935214081979,0.484,0.248,1.9128413532199768,5.873084343165434,0.8169056603773586
2007,Miluo,13949,3.477046070262893,High,0.01239624616883964,3.1166354026596636e-6,3.375296629117585,7.373616768746455e-4,0.008,0.004,0.7952913097406631,0.37296602354380104,0.10057142857142858
2007,Pingjiang,8065,2.8504877628167513,Low,0.010542639933178277,3.3628440628639865e-6,3.8443809524812744,1.2085713732253098e-4,0.004,0.002,0.9247889156869293,1.0493714864211867,0.088
2007,Xiangyin,13413,1.571834208283485,High,0.012313124972740331,3.3760554201995947e-6,1.2033417979257854,0.22884408057897276,0.244,0.122,0.9858834146826971,1.2010998296521054,0.6095609756097561
2007,Cili,7841,-0.673952834415212,Low,0.010137487966509961,3.5223437828126383e-6,-0.211497152655144,0.83249935381591,0.996,0.498,1.0452198034235736,1.1532905731419199,1
2007,Chaling,9756,0.054135661427016514,Low,0.011052251801127675,3.4821152614212433e-6,0.2367361579224652,0.8128614822010758,0.68,0.34,1.136025107406717,1.8861713728382936,0.8672463768115942
2007,Liling,15769,2.232380175216176,High,0.013550762190357715,3.289009168606407e-6,1.758487781301604,0.07866454878345018,0.112,0.056,1.1730746391311937,2.102711481316777,0.448
2007,Yanling,10996,0.6401786115171548,High,0.01150012340326865,2.957608666282157e-6,0.6691192576977207,0.5034194063681581,0.436,0.218,0.9109340240842745,1.0151161221739633,0.7744
2007,You,15358,0.9870700170799273,High,0.012845862414594171,3.0602504053818066e-6,0.28724422684878986,0.7739253243524565,0.608,0.304,0.9465782093363431,1.2790168383801062,0.8672463768115942
2007,Zhuzhou,11301,3.4622434258262844,High,0.011614145448483243,2.722859245593396e-6,3.7701406866744285,1.631555478272964e-4,0.004,0.002,0.5784257133808125,-0.04820328309132149,0.088
2007,Sangzhi,6194,-1.5068869326099217,Low,0.01011359425498214,2.8032151277148065e-6,-0.9357108174658756,0.34942209949592146,0.304,0.152,0.8591970637594113,0.8827463208079789,0.622139534883721
2007,Yueyang,12043,0.7488449769491499,High,0.011702493374401917,2.462984340481135e-6,0.6197076164177436,0.5354503003552455,0.44,0.22,0.773694526525465,0.7681343336942019,0.7744
2007,Qiyang,9996,-0.3668905667058141,Low,0.011144208416293933,2.644640508817044e-6,-0.2601663450939667,0.7947354632992041,0.916,0.458,0.9456055874649694,1.3339407783220656,1
2007,Taojiang,8007,0.7368301027789687,Low,0.010912878395203766,2.494103656981083e-6,1.102492415544772,0.2702476540101829,0.252,0.126,0.7955601297553184,1.5523758540217116,0.6095609756097561
2007,Shaoyang,4704,-2.1966529181887036,Low,0.00999753420370596,2.602050415632586e-6,-1.5379212277543637,0.12406787627645265,0.056,0.028,0.7774018847325003,0.7997890181751734,0.2898823529411765
2007,Lianyuan,8648,0.1830675377610157,Low,0.011025263326778216,2.825623614219985e-6,0.3810849014698837,0.7031402505121195,0.584,0.292,0.8417879558387732,1.4247389371367527,0.8672463768115942
2007,Hongjiang,7906,-1.3410273359777816,Low,0.01069058937338901,3.1798954679784357e-6,-1.028255149436111,0.30382982251269225,0.276,0.138,0.6804641747049445,0.2036780277865362,0.6095609756097561
2007,Hengyang,9495,-0.3682051817810135,Low,0.010923780404118568,2.7292505947462356e-6,-0.18189619276515537,0.8556641923901369,0.972,0.486,0.8470243185342079,0.8120462514357913,1
2007,Guiyang,12879,1.4810296237196647,High,0.011807126082044556,2.2822325267643155e-6,1.2396055882483208,0.21512131269858786,0.256,0.128,0.6517894004701402,0.24164452920100876,0.6095609756097561
2007,Changsha,36272,5.295889289291289,High,0.01815666239351867,2.202929964990223e-6,2.092732586986569,0.036373032574513915,0.06,0.03,0.6498140706085902,0.6755487631845973,0.29333333333333333
2007,Taoyuan,11371,-0.46306109923665256,High,0.01145973392704453,1.7967689410449071e-6,-0.5621570003210605,0.5740090553185071,0.656,0.328,0.5877538932115149,0.5445768884895705,0.8672463768115942
2007,Xiangtan,11140,3.451982551155298,High,0.01140160334945943,2.290856577110216e-6,3.5416943389762814,3.9756587619702407e-4,0.008,0.004,0.6653428843039876,0.42950949906213376,0.10057142857142858
2007,Dao,8557,-1.1813856242005596,Low,0.01059285781451416,3.2524671496292243e-6,-1.0040541643077971,0.3153525067931673,0.28,0.14,1.0151955713609804,1.7549807552399246,0.6095609756097561
2007,Jiangyong,7789,-1.092533568548118,Low,0.009902684249505292,3.8128897484647463e-6,-0.7673812101256443,0.4428548968724832,0.392,0.196,1.4792354320538859,2.5815503791564414,0.7499130434782609
2008,Anxiang,14128,0.2425713831350668,High,0.011617866260296315,3.4460207027120625e-6,0.14377383625575962,0.8856790638361949,0.744,0.372,1.092806370633994,1.4019346073055434,0.9065205479452054
2008,Hanshou,11478,-0.227169573584446,Low,0.011048188309711694,3.869863847317714e-6,-0.0877327688730949,0.9300890742388229,0.896,0.448,1.093610885141483,1.710433280367547,0.9584578313253013
2008,Jinshi,16969,0.8031040853087412,High,0.012775737384389342,4.508915419277049e-6,0.21801674438523336,0.8274160650833826,0.66,0.33,1.1936441154109831,1.9489272734592467,0.8668656716417911
2008,Li,12723,0.5123215321431488,High,0.011400709705193615,4.033473548771494e-6,0.5771233255580039,0.5638561482173337,0.464,0.232,1.1470538873679073,1.841724283470259,0.81664
2008,Linli,14564,0.5705933056249128,High,0.011817800236111791,3.8319036909977855e-6,0.4485385175343985,0.6537645944718409,0.488,0.244,1.3850355014608142,2.83096540130851,0.8393846153846154
2008,Shimen,12902,-0.3826165492302932,High,0.011516401631675851,3.558762904595016e-6,-0.5167076761453164,0.6053602367635926,0.632,0.316,0.9046808530700866,0.8413131116722847,0.8668656716417911
2008,Liuyang,25545,4.153090711351005,High,0.015049171608801194,3.6211044051780117e-6,3.1587600404495855,0.0015844188793357537,0.028,0.014,1.034869447111939,1.389163492559316,0.20533333333333334
2008,Ningxiang,22659,2.1591822091123825,High,0.013334675320080716,3.3703618722333543e-6,1.1270156830272453,0.25973585025832746,0.252,0.126,1.0456588399967575,1.4684713742830784,0.6522352941176471
2008,Wangcheng,28581,4.560895930282463,High,0.014865875181990954,3.514630783939466e-6,2.9905544770408095,0.0027847145282385564,0.02,0.01,1.5157828981840602,5.637932485969962,0.19555555555555557
2008,Anren,8804,1.0083668474405092,Low,0.010688500735199382,2.5704658644923723e-6,1.53044803613443,0.12590586653022623,0.176,0.088,0.6373216395601885,0.2986208451216963,0.5983999999999999
2008,Guidong,5932,-0.3256256787258935,Low,0.00907053717801331,4.673880176690392e-6,0.6731166260860909,0.5008730973234687,0.38,0.19,1.2816710989027302,2.1178927335414963,0.7422608695652174
2008,Jiahe,15285,-0.16674448289785926,High,0.012021861375110571,3.4967520658059444e-6,-0.5435663310607816,0.5867399340672088,0.652,0.326,1.0378483822516058,1.5934233414531578,0.8668656716417911
2008,Linwu,13441,0.3878376556062835,High,0.01164602214538314,3.74408480867381e-6,0.3220296882939482,0.747430203526675,0.604,0.302,0.9218425724024982,1.0469956454145652,0.8572903225806452
2008,Rucheng,6366,-0.15891826164410744,Low,0.009174216673884768,4.4860857701831725e-6,0.8406373977045809,0.40055110119837983,0.344,0.172,1.1301211204181913,1.4430006309645007,0.7121860465116279
2008,Yizhang,13391,0.9304054981458252,High,0.01154514633496433,3.86079871600079e-6,1.0131594906808539,0.3109839862695111,0.296,0.148,1.020861313128522,0.9446194477040462,0.6688000000000001
2008,Yongxing,16973,1.4427818961704035,High,0.012472468703274862,3.439748633461679e-6,1.073375551589795,0.28310264936438523,0.296,0.148,0.8112652119262072,0.5174338693291487,0.6688000000000001
2008,Zixing,29006,1.1635008717999853,High,0.014403804132270428,2.967040885626077e-6,-0.5010856870717829,0.6163108195097622,0.656,0.328,0.9150466759710093,1.3977124998220942,0.8668656716417911
2008,Changning,12898,0.24507666823757004,High,0.011474765332322433,4.014689869403431e-6,0.2073082360858869,0.8357691423986595,0.688,0.344,1.0658689408938105,1.451023059754041,0.8876521739130433
2008,Hengdong,13874,0.3492511749653171,High,0.011702567289929437,3.4372821979614982e-6,0.19340528435831328,0.8466415772483133,0.696,0.348,0.9621817892369665,1.1787736528309987,0.8876521739130433
2008,Hengnan,12351,-0.09857263156736959,Low,0.011295235288964587,3.000950857483082e-6,-0.06698484775912526,0.9465937658420432,0.904,0.452,0.8006617612507217,0.9468741980433637,0.9584578313253013
2008,Hengshan,12627,-0.19442191831599964,Low,0.011404696009126962,3.609623595407068e-6,-0.24145600701826667,0.8092017091713926,0.996,0.498,0.9391303560132657,0.766097289568672,0.996
2008,Leiyang,14731,0.40290962969532645,High,0.011726944735849674,3.1502207871883298e-6,0.28299016670994814,0.7771843748689563,0.648,0.324,0.9283852655223714,1.4336972802148962,0.8668656716417911
2008,Qidong,13469,-0.5386710270774802,High,0.011456360066072348,2.7028267936062328e-6,-0.6694769181054522,0.5031912998662245,0.54,0.27,0.7089237116528283,0.6732828959848609,0.8572903225806452
2008,Chenxi,7868,-1.4038184767271864,Low,0.010155839439866662,3.501656713125997e-6,-0.9662261557761745,0.3339310275193358,0.304,0.152,0.8095320452884718,0.7385537909750424,0.6688000000000001
2008,Zhongfang,14660,-1.0212256517876375,High,0.011968634812003262,3.846490582163692e-6,-1.4271175541045837,0.1535460134733739,0.048,0.024,1.067074328135176,1.6824343353635038,0.264
2008,Huitong,8168,-1.1242188138716098,Low,0.010069506501679091,4.080558827196014e-6,-0.6587164110890189,0.5100778925683369,0.56,0.28,1.117194647231094,1.5430892632462196,0.8572903225806452
2008,Jingzhou,11398,-1.0379843906977082,Low,0.010850036196987958,3.843620597797764e-6,-1.1003586771266753,0.27117587553544364,0.18,0.09,1.2119100565799852,1.8964349642219007,0.5983999999999999
2008,Mayang,7130,-1.6254169090081998,Low,0.00995841255325391,3.9583748498675775e-6,-1.0488272345174967,0.29425764042745806,0.224,0.112,1.0716753128568142,1.7003094674704125,0.6358709677419355
2008,Tongdao,6655,-1.3982425354327923,Low,0.009266863590500428,3.939054676756474e-6,-0.7563284920214393,0.4494522695103442,0.432,0.216,1.1346483898092203,1.5246211956245563,0.7758367346938776
2008,Xinhuang,8479,-0.9696219429992019,Low,0.008788747045758544,3.596258325806035e-6,-0.361041683187039,0.7180682869679204,0.836,0.418,2.3535262211167653,8.150703138941385,0.9312405063291138
2008,Xupu,7354,-2.097378122668475,Low,0.010490947062421265,2.7950446539547764e-6,-1.6907829831765198,0.09087825839815829,0.028,0.014,0.6613064964030706,0.04870786167359009,0.20533333333333334
2008,Yuanling,12259,-2.015904954362412,Low,0.011232711127945489,2.7527992929046372e-6,-2.0641674215862933,0.039001845239151824,0.004,0.002,0.7898885892272074,0.8138857632559948,0.1408
2008,Zhijiang,10145,-1.2055430557575797,Low,0.01073897310833768,3.3672362532450973e-6,-1.0709756500806986,0.28418037844300753,0.196,0.098,1.1411345752195943,1.6672604950138252,0.5983999999999999
2008,Lengshuijiang,33518,1.8663920902553974,High,0.01881140043951738,3.929568620695627e-6,-1.3344464772019007,0.1820575767392005,0.084,0.042,1.1207415814492856,1.4482122655911995,0.36960000000000004
2008,Shuangfeng,9517,-0.5069567664667691,Low,0.010668991260405684,3.5030524490832034e-6,-0.16980639903068379,0.8651623943192951,0.992,0.496,0.9258872291149727,0.9987669433831532,0.996
2008,Xinhua,5622,-1.0786229474281783,Low,0.00995896918483874,3.6097432102604967e-6,-0.3944829667376921,0.6932245003704436,0.8,0.4,0.9321934709925527,1.705782226946317,0.9115897435897437
2008,Chengbu,7744,-1.8560738678530115,Low,0.00984477243799148,3.858092901077839e-6,-1.4329441641309317,0.15187379469039483,0.044,0.022,1.1838193918350617,1.7458723791265864,0.2581333333333333
2008,Dongan,11989,-0.9613139877863278,Low,0.011108542838802186,3.577635495307153e-6,-1.051740085242519,0.29291881453134494,0.204,0.102,1.4124557421648383,3.902936469904267,0.5983999999999999
2008,Dongkou,8018,-1.8865034064763018,Low,0.010294446225863828,3.7237458946457884e-6,-1.5461699655017547,0.12206352504898255,0.064,0.032,1.036003080526771,1.8772172229564799,0.33129411764705885
2008,Longhui,5336,-2.7574642500316036,Low,0.009751231516692868,3.413525164204869e-6,-2.1079710651792465,0.03503349233958692,0.008,0.004,0.8491737652877105,0.522091436341166,0.1408
2008,Shaodong,11413,-1.1939443318020475,Low,0.010946221396523305,3.0467619181095103e-6,-1.12693126444001,0.2597715435101895,0.2,0.1,0.8800995766775283,0.8224417063833958,0.5983999999999999
2008,Suining,10834,-1.7509924242470072,Low,0.011006429141943344,2.5987243081595453e-6,-1.8107926446852622,0.07017295531865007,0.02,0.01,0.6055346562844229,0.05808668882660051,0.19555555555555557
2008,Wugang,7751,-2.35002155947602,Low,0.010381285279340343,3.368340091107388e-6,-2.0219893177210166,0.04317745544502555,0.004,0.002,1.2224020304380443,2.705161857915977,0.1408
2008,Xinning,6295,-1.9322754177907029,Low,0.00939336074401606,3.344672266076144e-6,-1.3894524188389843,0.1646952200157977,0.072,0.036,0.9665549801040346,1.16255986916702,0.3334736842105263
2008,Xinshao,7055,-0.8528647748053317,Low,0.00999968993116846,2.9296548650726874e-6,-0.1982571857428688,0.842843847574356,0.956,0.478,0.8068521349977589,0.728706143042753,0.9864186046511628
2008,Shaoshan,25249,2.6219092677954365,High,0.015709172970358433,3.5425355618940286e-6,1.2756500297291449,0.20207926027505835,0.232,0.116,1.1252118942241565,1.5259402321444524,0.638
2008,Xiangxiang,14424,1.2739137503325704,High,0.01169492281862907,3.1763939115923287e-6,1.3497047942320635,0.17711069391128936,0.204,0.102,0.9255805690356018,0.9325528835262449,0.5983999999999999
2008,Baojing,8754,-0.9663479781137383,Low,0.010447375970744842,3.5966646454086805e-6,-0.6115389789106577,0.5408428215281473,0.58,0.29,1.0520002819130017,1.9587126594979951,0.8572903225806452
2008,Fenghuang,6491,-0.6682902125637453,Low,0.00961173140227411,3.7355072738861964e-6,0.09914314900734202,0.9210246128762194,0.752,0.376,0.8804181384207636,0.44177876010233286,0.9065205479452054
2008,Guzhang,6354,-1.2880981648496175,Low,0.009819040735888249,3.3718012538964843e-6,-0.6658512421452335,0.5055061881401082,0.508,0.254,0.9386624255304863,1.6480224237007564,0.8434716981132075
2008,Huayuan,17460,0.4756297111126188,High,0.013100798853330821,4.090977161298219e-6,-0.25378253331715994,0.7996635681688519,0.964,0.482,1.3087130141993695,2.362767416281226,0.9864186046511628
2008,Jishou,19997,-0.09665614967304309,High,0.013036145048259723,3.568535583231983e-6,-0.9952893938222795,0.31959553470707147,0.252,0.126,1.0055567631965456,1.0201595034123567,0.6522352941176471
2008,Longshan,5796,-2.1248944387478796,Low,0.008876406423530337,4.075258193945608e-6,-1.4763774251873683,0.1398425995191884,0.028,0.014,1.3867664471028394,2.446235645433867,0.20533333333333334
2008,Luxi,8003,-1.4170636996217927,Low,0.010313463733355538,3.253157289709907e-6,-0.9868306508335772,0.32372566597321667,0.284,0.142,1.0419858414629435,1.8908582033890369,0.6688000000000001
2008,Yongshun,5361,-2.2448784754249775,Low,0.009482744091770665,3.2927076875930826e-6,-1.6212286391414439,0.10496861284396411,0.036,0.018,0.9491051638670207,1.2596835125920416,0.22628571428571426
2008,Anhua,7230,-0.9631086953690036,Low,0.010415557131673117,2.9930144588289066e-6,-0.49363612124027106,0.62156318595002,0.732,0.366,0.9009568760138078,0.9350118460491972,0.9065205479452054
2008,Nan,10120,0.21124729824137817,Low,0.010776570233387498,3.2984036229471233e-6,0.5555463854429608,0.5785209919055818,0.496,0.248,0.8392325237735251,1.3445292359365943,0.8393846153846154
2008,Yuanjiang,14482,0.1670549321881578,High,0.011718205812573924,3.3710639005067647e-6,0.002352896782325948,0.9981226617164156,0.808,0.404,1.146123187063038,1.5614018407444856,0.9115897435897437
2008,Jianghua,8578,-1.2841139989089327,Low,0.010170663046166714,3.614516510193316e-6,-0.9494609207752323,0.34238623867371065,0.328,0.164,0.8472273736578944,0.8318252781697502,0.7040000000000001
2008,Lanshan,11564,-0.5459194882520426,Low,0.01087602761769609,3.852929586677301e-6,-0.40092627131718744,0.6884744071125479,0.792,0.396,1.1339363547238888,1.4421238774060923,0.9115897435897437
2008,Ningyuan,7051,-1.1085297338273197,Low,0.010342867081684939,3.231091013206996e-6,-0.5860374274564676,0.557850363676651,0.592,0.296,0.884647367801027,1.1465615524077313,0.8572903225806452
2008,Shuangpai,13854,-0.4932394933074973,High,0.011772254264365936,4.154127868432973e-6,-0.8231844208373408,0.41040312687894126,0.348,0.174,1.1642076342590604,2.010673439003541,0.7121860465116279
2008,Xintian,8312,-0.679432287932786,Low,0.00989668397235505,2.9461203054398895e-6,-0.06953279081534605,0.944565532510833,0.904,0.452,0.9298884912947118,1.0003195064377248,0.9584578313253013
2008,Huarong,16722,0.600662870902451,High,0.013195500581541073,4.752667251344335e-6,-0.04287476432275055,0.9658013654002136,0.8,0.4,1.5725387780155398,3.2203039243118328,0.9115897435897437
2008,Linxiang,15351,0.6722431686832998,High,0.012990149003175371,4.319277436837895e-6,0.3047489546726683,0.7605573614842389,0.42,0.218,2.3845399716950815,7.641792153001804,0.7699999999999999
2008,Miluo,16968,3.6320431778871676,High,0.012457920780484067,3.6083236152889357e-6,3.531636181213794,4.1299714475740974e-4,0.016,0.008,1.0057122037271293,1.1399145657624432,0.19555555555555557
2008,Pingjiang,9748,3.0244753183663007,Low,0.010371162599049622,3.5178862063887377e-6,4.294005307605083,1.7547827618401176e-5,0.008,0.004,1.2994142911683604,2.7999046799533875,0.1408
2008,Xiangyin,16070,1.690447223446522,High,0.012172135980911743,3.127852397347844e-6,1.596282176510698,0.11042580760512312,0.156,0.078,0.9062164644236719,0.6906200991153582,0.5983999999999999
2008,Cili,8817,-0.8680697209242606,Low,0.010100965914969348,4.964374284804962e-6,-0.43579393587568016,0.662986244009051,0.74,0.37,1.3904685949195734,2.715696899525218,0.9065205479452054
2008,Chaling,12069,-0.035020695707539996,Low,0.01107183828244996,3.8036671184955e-6,0.10341245252550885,0.9176356294482633,0.764,0.382,1.3158705416918324,2.9358530951320496,0.9085405405405406
2008,Liling,19447,2.354522005349326,High,0.013776697313341345,4.35495942725951e-6,1.7468561626101644,0.08066229158798584,0.14,0.07,1.2869142046462048,1.9416751106641348,0.5866666666666668
2008,Yanling,11434,0.41609220130612035,Low,0.010948460217551031,3.5397086285689517e-6,0.6957970091419795,0.4865559625501889,0.412,0.206,0.8298998447861264,0.594690508956341,0.7699999999999999
2008,You,18462,0.9932025195615205,High,0.01283096897683855,3.5799685466031273e-6,0.35220291015697375,0.7246860946182581,0.604,0.302,1.1395715254472643,2.16439189929826,0.8572903225806452
2008,Zhuzhou,14209,3.6009324297837217,High,0.011831420856907722,3.7932030509234525e-6,3.452311214932438,5.558062590520922e-4,0.012,0.006,0.9602139371399168,0.9201328974331804,0.176
2008,Sangzhi,7157,-1.6112685041735033,Low,0.01019883524926905,3.3908159735482235e-6,-1.1149693687499218,0.26486354823753583,0.176,0.088,0.9713916316639616,1.0596060451576665,0.5983999999999999
2008,Yueyang,14860,0.8079917103821104,High,0.011828729889529342,3.2915866539160565e-6,0.5769533910901153,0.5639709417208596,0.52,0.26,0.7868193801492583,0.5412498533011476,0.8474074074074074
2008,Qiyang,11495,-0.453122972951452,Low,0.011079464741514623,2.902888196690242e-6,-0.3308355166188133,0.7407687317300327,0.852,0.426,0.749719412742001,0.6731489610702095,0.9372
2008,Taojiang,9985,1.0469509699147128,Low,0.010891105663767614,2.8397551013428514e-6,1.4428891626767393,0.14905169649980168,0.2,0.1,0.709039149047586,0.6070332362797313,0.5983999999999999
2008,Shaoyang,5759,-2.0873784527687156,Low,0.010008523092321324,2.67776028376488e-6,-1.5586841904932394,0.11907114543506196,0.068,0.034,0.7703694400496054,1.2754884219712714,0.3324444444444445
2008,Lianyuan,10396,0.28222833490995136,Low,0.011031368893481,2.9936582285045215e-6,0.4797476512050204,0.6314068403086033,0.552,0.276,0.9056471461370896,0.9077276627624218,0.8572903225806452
2008,Hongjiang,9739,-1.2737822132916492,Low,0.010565961932053999,3.207873261479694e-6,-0.9749811563824826,0.32956960718645345,0.284,0.142,1.0530993932267085,1.5237586543906048,0.6688000000000001
2008,Hengyang,11057,-0.428606425754832,Low,0.010909623383436939,3.51054427560707e-6,-0.24912726481010933,0.80326233992656,0.936,0.468,0.9819200367712694,1.2054760034854217,0.9805714285714286
2008,Guiyang,14943,1.2722964315407501,High,0.011807234344901192,2.925144510733878e-6,0.9836336340752554,0.325295681579409,0.304,0.152,0.7728087225777501,0.36065120673033046,0.6688000000000001
2008,Changsha,46371,5.603953709687399,High,0.018605502403448253,2.3077163016747673e-6,2.6001942353059264,0.009317100795246093,0.036,0.018,0.46348630568577887,0.24275039396521736,0.22628571428571426
2008,Taoyuan,13197,-0.5768672522077386,High,0.01147640135803772,2.451733030100898e-6,-0.6308815068172865,0.5281180045236249,0.596,0.298,0.7359079529104877,0.41255647958301633,0.8572903225806452
2008,Xiangtan,13364,3.654968976787842,High,0.011631978986720424,2.678883781433876e-6,3.567379929061373,3.6056850920752095e-4,0.008,0.004,0.5877949495877676,0.277079153345269,0.1408
2008,Dao,10012,-1.0456479720450993,Low,0.01056825379465739,3.6525631819193494e-6,-0.8612207512093469,0.38911647316255066,0.372,0.186,0.9586235650058232,0.8439197192010011,0.7422608695652174
2008,Jiangyong,10172,-0.9095619209959005,Low,0.010273172177584597,4.20389832773769e-6,-0.7520326928278431,0.4520313985135154,0.388,0.194,1.700265918940768,4.503579300891248,0.7422608695652174
2009,Anxiang,16763,0.4058225583067368,High,0.011957685960507454,4.928320181917055e-6,0.18284621452112176,0.854918685878773,0.652,0.326,1.2193938027502829,1.7103207157890647,0.9107301587301587
2009,Hanshou,12140,-0.2467707943088278,Low,0.01092502874981849,5.563398208239056e-6,-0.07183943307747732,0.9427296908181262,0.812,0.406,1.4522071673308006,2.564748073551045,0.9584578313253013
2009,Jinshi,20528,0.9146754870439145,High,0.013033240985616895,5.152036249867147e-6,0.343535365428373,0.7311957400296601,0.596,0.298,1.1814042309706678,1.4718190583377648,0.8655737704918033
2009,Li,15786,0.8087707586578999,High,0.011681455590067641,4.827565961919891e-6,0.841057515160884,0.4003157142490826,0.312,0.156,1.4964376486966624,3.860762018721103,0.7317894736842105
2009,Linli,16160,0.7283305409182887,High,0.011807728311870033,5.429549350376567e-6,0.6464285593101889,0.5180018497488679,0.344,0.172,1.26749056014098,1.9078332055823752,0.736
2009,Shimen,17355,0.0013305246589236665,High,0.012052581919092026,4.63489578011535e-6,-0.31848817651198036,0.7501146618867068,0.88,0.44,1.1138237263593131,1.2715050790684534,0.9584578313253013
2009,Liuyang,31397,4.392061685083136,High,0.015849717601802742,5.80137180766796e-6,3.020507238005475,0.0025235167660396214,0.04,0.02,1.6912266997881504,4.3865367032314575,0.27076923076923076
2009,Ningxiang,29326,2.25177058680462,High,0.013899219457572201,4.211973836944742e-6,1.1191846013691458,0.2630613933404114,0.212,0.106,1.1871464466010884,1.9678537354925316,0.583
2009,Wangcheng,37231,5.185431953677713,High,0.015808968932450127,3.338152018073459e-6,4.068050895702284,4.740802785868706e-5,0.012,0.006,0.946448088551606,1.0244402334275549,0.15085714285714286
2009,Anren,6386,0.5940732461735705,Low,0.010218899555928296,3.3734716248698198e-6,1.2775975035915288,0.20139138125287806,0.192,0.096,1.2209902130612629,3.429512704710013,0.5450322580645162
2009,Guidong,5615,-0.48327249776765735,Low,0.008855069784790443,5.826002003974876e-6,0.4483959479557432,0.6538674656357104,0.536,0.268,1.469229606076266,2.873755311303272,0.8655737704918033
2009,Jiahe,17190,-0.19482443699299298,High,0.012180217318212372,4.87544232412205e-6,-0.5872343090077683,0.5570463530122385,0.592,0.296,1.146463260305929,1.6439252468253498,0.8655737704918033
2009,Linwu,15375,0.09043467926049306,High,0.011603707354315405,5.118075129361178e-6,9.280722484958484e-4,0.9992595055879158,0.808,0.404,1.3088184611422375,2.524376675892497,0.9584578313253013
2009,Rucheng,5707,-0.6114266020422415,Low,0.008671736544969506,5.288453616353569e-6,0.3858886057123414,0.6995791696218137,0.508,0.254,1.526999145099843,2.9252451771965413,0.8596923076923076
2009,Yizhang,10292,0.28714308902128305,Low,0.010254842532874559,5.18178167170776e-6,0.8248810425814714,0.4094391300732724,0.308,0.154,1.3943978007719187,2.264430772631446,0.7317894736842105
2009,Yongxing,19164,1.1520112945462309,High,0.012436733208088737,5.242967809553219e-6,0.7710484914310761,0.44067818967713096,0.34,0.17,1.3733700825100197,2.153418681064866,0.736
2009,Zixing,32958,0.5767294413586957,High,0.014554306772481075,3.6821511394045277e-6,-1.0177526800768832,0.30879550507583126,0.224,0.112,0.9031666747965,0.6855878723366113,0.5973333333333333
2009,Changning,14905,0.15868661412096166,High,0.011676606240004253,4.953148944552579e-6,0.03506568142006224,0.9720273668326855,0.788,0.394,1.1379420125086173,1.6534645949509539,0.9584578313253013
2009,Hengdong,16461,0.1637461351314396,High,0.01187905899121295,5.3816887540534945e-6,-0.06049567676602133,0.9517608589864541,0.888,0.444,1.367906375457494,3.0244502716867174,0.9584578313253013
2009,Hengnan,13334,-0.2355236798283029,Low,0.011141394350183709,3.830004686094747e-6,-0.14471466443627834,0.8849361604978304,1,0.5,0.9165366976865595,1.3038271393082947,1
2009,Hengshan,15357,-0.15754258231764642,High,0.011665778142262521,5.133755327555022e-6,-0.30467829363457144,0.7606111832408853,0.904,0.452,1.2669798794597873,1.844064018497157,0.9584578313253013
2009,Leiyang,17756,0.2833578716789647,High,0.01218744452468396,4.692644572985614e-6,-0.05798113692768784,0.9537636537969547,0.864,0.432,1.2428998922389876,2.175577436496501,0.9584578313253013
2009,Qidong,13516,-0.674450717720317,Low,0.011298445389154298,4.015841771320318e-6,-0.6897550400901781,0.4903482466671458,0.52,0.26,0.9681943378558306,1.651764465163656,0.8633962264150944
2009,Chenxi,9099,-1.1316057373311157,Low,0.010138701058530169,5.18546513632181e-6,-0.6865528282661603,0.49236456304208887,0.476,0.238,1.8671693113837204,7.008840981350877,0.83776
2009,Zhongfang,16912,-0.9106728229418223,High,0.011733208083062168,4.850378183401431e-6,-1.186687594082516,0.23535087027278617,0.108,0.054,1.1788722457376193,1.275504425681925,0.45257142857142857
2009,Huitong,8069,-1.2595791836136125,Low,0.009742353281655876,5.422343653165542e-6,-0.7522492742639685,0.4519011665438938,0.428,0.214,1.235408849478912,1.7377765928211417,0.8013617021276596
2009,Jingzhou,11994,-1.153381443012248,Low,0.010707343011820376,5.588763299598006e-6,-1.162259918259586,0.24512990247188168,0.16,0.08,1.5042165152846791,3.287813274970154,0.5405714285714285
2009,Mayang,8044,-1.2525993766720682,Low,0.010077245060588515,5.7393929110081085e-6,-0.7513742270010573,0.4524274690104487,0.444,0.222,1.4383325980225492,2.7823624213185454,0.814
2009,Tongdao,7491,-1.469441166845836,Low,0.009167641765799381,5.405590570958189e-6,-0.9207448198308057,0.35718367015115204,0.3,0.15,1.4274441279673717,2.9870533061533173,0.7317894736842105
2009,Xinhuang,8029,-1.0607704594564225,Low,0.007984226726068473,4.81878316317348e-6,-0.323714610092635,0.7461541087207375,0.896,0.444,2.7903484748410725,12.067092824465982,0.9584578313253013
2009,Xupu,7855,-1.898790168255232,Low,0.010419277317093759,4.4199895300643075e-6,-1.377940696962943,0.1682215985210279,0.06,0.03,1.217021803400144,2.2766457240248537,0.352
2009,Yuanling,13596,-1.7005855193115276,Low,0.011270714289052313,3.6455312511463275e-6,-1.7531900964837641,0.07956938239375419,0.024,0.012,0.7919174491150043,0.8264148569468301,0.21120000000000003
2009,Zhijiang,11462,-1.2005610789008077,Low,0.010761519048632984,4.579330577825252e-6,-1.1010224789742298,0.2708868738675031,0.18,0.09,1.1359525983623329,1.6792620981523614,0.5450322580645162
2009,Lengshuijiang,35033,1.2066422105911259,High,0.01777730800708713,4.604999630571423e-6,-1.3292829212723247,0.18375464667072053,0.08,0.04,1.6457019081992352,4.29109893612893,0.3705263157894737
2009,Shuangfeng,9553,-0.5839444905480075,Low,0.010445418997757134,4.379895399480926e-6,-0.2003917406858177,0.8411742184650144,0.972,0.486,1.3500366791270293,3.2693563575218025,0.9831724137931035
2009,Xinhua,7037,-1.1364047861889324,Low,0.009934914600800239,4.609352529427575e-6,-0.5469933144518468,0.58438332521805,0.64,0.32,1.0354906465451823,1.5711334126890417,0.9083870967741936
2009,Chengbu,6690,-1.970463439159068,Low,0.009259920678722057,4.952308160987419e-6,-1.4257763117180802,0.15393292069087233,0.04,0.02,1.5434151136165517,3.434516382761207,0.27076923076923076
2009,Dongan,13364,-1.0177650321264389,Low,0.010836115700567684,4.443491848480945e-6,-1.0426683489267383,0.2971019217470153,0.168,0.084,1.6674523761959597,4.718715399446016,0.5405714285714285
2009,Dongkou,7873,-1.9382453230133727,Low,0.010017100892102209,5.08496474057997e-6,-1.520801719952071,0.12830960268918382,0.028,0.014,1.3307395640487885,2.1566366116686755,0.224
2009,Longhui,5888,-2.571598672945969,Low,0.00967380149097088,3.962950816433322e-6,-2.110169291569059,0.034843776577939745,0.004,0.002,1.3719672695030636,2.5337016892557536,0.11733333333333333
2009,Shaodong,13348,-1.2754717810346357,Low,0.01112005195297734,4.028538623447404e-6,-1.3342738975379123,0.1821141088632368,0.1,0.05,0.9901809031486615,1.0142009879546432,0.44000000000000006
2009,Suining,10645,-1.9521504116364268,Low,0.010785747802942997,4.3353278448228955e-6,-1.7345557312164679,0.08281952631531,0.012,0.006,0.9670502889845818,1.1510025250594893,0.15085714285714286
2009,Wugang,7797,-2.380392372316485,Low,0.010137439452689115,4.5680234067306546e-6,-1.9774556368221374,0.04799015037990014,0.004,0.002,1.5339105763944256,3.7519160159245084,0.11733333333333333
2009,Xinning,6748,-1.897080246656736,Low,0.009410595077922768,4.816492809912974e-6,-1.4248537697704837,0.15419947554332872,0.044,0.022,1.2769965909310343,2.614712655359619,0.2765714285714285
2009,Xinshao,6681,-1.0148185212491616,Low,0.009915212643036289,4.310080401006011e-6,-0.4220230449417291,0.6730081967857473,0.716,0.358,1.2891384180526444,2.42245278641028,0.9584578313253013
2009,Shaoshan,26459,2.2247822390166325,High,0.015085466017029925,4.761233378265352e-6,1.3034250980190247,0.19242967262234853,0.188,0.094,1.564363859187255,3.039640331899621,0.5450322580645162
2009,Xiangxiang,16184,1.0273860072159409,High,0.011728354836175976,4.005617510889705e-6,1.0826433107179503,0.27896677534478675,0.264,0.132,1.1281598315770316,1.435835544155541,0.6832941176470589
2009,Baojing,10974,-0.8205711766240916,Low,0.010735311515447548,5.003285437439706e-6,-0.6230318378703603,0.5332636000604432,0.6,0.3,1.0970981215822464,1.408143776925149,0.8655737704918033
2009,Fenghuang,8412,-0.4538445608929841,Low,0.010017998485510183,5.71034079144642e-6,0.05453133942613799,0.9565118404766833,0.804,0.402,1.4162264176058794,2.5003101583544254,0.9584578313253013
2009,Guzhang,7061,-1.0022914867740864,Low,0.009606607686283176,3.909215073442744e-6,-0.36044499995503976,0.7185143798241238,0.8,0.4,1.1083847137617304,2.11544992561525,0.9584578313253013
2009,Huayuan,18150,0.36018032185421345,High,0.012418480369009168,5.231337849242729e-6,0.0035614662206336824,0.9971583670959684,0.84,0.42,1.9617301452850848,6.479535337942616,0.9584578313253013
2009,Jishou,22675,0.03337177337497443,High,0.013181751096998994,4.459938594754197e-6,-0.8219711205557303,0.4110933334728646,0.368,0.184,1.2925571257134465,2.81012765536477,0.736
2009,Longshan,6586,-1.7828142218267085,Low,0.00899212098226865,5.198214407836319e-6,-1.267589731616424,0.2049445008005213,0.072,0.036,1.4647787414771571,2.5647175848140042,0.3705263157894737
2009,Luxi,11100,-1.0196646641933804,Low,0.010702927868075399,3.946512592984829e-6,-0.8431395052004881,0.3991504267574286,0.392,0.196,1.1710675914608177,1.6196445956300076,0.7575652173913044
2009,Yongshun,6051,-1.9178805121364564,Low,0.009572879890418006,4.473789206803647e-6,-1.387613085759274,0.16525489459390158,0.076,0.038,1.2265100969793952,2.456789941128295,0.3705263157894737
2009,Anhua,8528,-0.7063891048770683,Low,0.010447388646212785,4.662035301149314e-6,-0.2777565633513974,0.7811992369802349,0.9,0.45,1.226717124650354,2.165221513520083,0.9584578313253013
2009,Nan,12410,0.2263133020719763,Low,0.011212242703121572,5.534535119076842e-6,0.284708604773137,0.7758673977186752,0.596,0.298,1.3628788195672241,2.599431569821613,0.8655737704918033
2009,Yuanjiang,14923,0.04238193800674707,High,0.011584935261705563,4.795574837461647e-6,-0.05336726444364477,0.957439287218522,0.9,0.45,0.9537625223854412,0.8543098585484823,0.9584578313253013
2009,Jianghua,9605,-1.32284566161495,Low,0.010177735192057247,4.819325746265373e-6,-1.0734233213579847,0.28308122543598274,0.152,0.076,1.403598438590001,2.6706275667399026,0.5405714285714285
2009,Lanshan,12406,-0.5605388865083447,Low,0.010836590280618669,5.062555192016009e-6,-0.4328836210129884,0.6650993196784624,0.748,0.374,1.4018384946569655,2.7636704664080414,0.9584578313253013
2009,Ningyuan,7649,-1.1189608155780355,Low,0.010280086642829898,4.352909019497605e-6,-0.6316437076449306,0.5276197193915964,0.576,0.288,0.9406350391651968,0.6995392794616793,0.8655737704918033
2009,Shuangpai,14984,-0.5849360471544558,High,0.011622158030927072,5.8608994952613305e-6,-0.8198613955681466,0.4122951262668225,0.352,0.176,1.6509358552693967,4.060674907426194,0.736
2009,Xintian,9089,-0.6719214456729473,Low,0.010089769978745323,4.839302612167727e-6,-0.2388531343117613,0.8112194671726449,0.968,0.484,1.0347227793442026,1.1902174960013419,0.9831724137931035
2009,Huarong,19538,0.6628405596501451,High,0.013560707845531712,6.366118373305301e-6,0.0012633285111395126,0.998992009953865,0.736,0.368,1.9385614233257855,5.126365182900512,0.9584578313253013
2009,Linxiang,20713,1.0536772453664422,High,0.014609728117839886,4.611532242802253e-6,0.38025510615110525,0.7037560570568331,0.488,0.248,2.9165680529473907,13.446320556007958,0.8420392156862745
2009,Miluo,22143,4.177036158980905,High,0.01288207831073554,4.1523749990974764e-6,4.30573650837204,1.6643106626879292e-5,0.004,0.002,1.1583557499549773,1.5487780245244034,0.11733333333333333
2009,Pingjiang,10617,3.4419788188727147,Low,0.010530950664144669,6.295736378671488e-6,4.005288378627057,6.194186663195612e-5,0.012,0.006,1.4930569638015696,3.953522141610944,0.15085714285714286
2009,Xiangyin,18089,1.7887908888284796,High,0.012120687864065062,4.61893625840008e-6,1.6986126383828852,0.08939219357465042,0.144,0.072,1.3484694695373507,2.397163785314379,0.5405714285714285
2009,Cili,10653,-0.5349640064939255,Low,0.010168833002511578,5.057913747088695e-6,-0.17075315680786207,0.8644178634673678,0.968,0.484,1.6236605237461894,4.30257959897162,0.9831724137931035
2009,Chaling,13154,-0.3272307708018729,Low,0.011061697317130593,4.952540694024907e-6,-0.29828284363040775,0.7654872974403123,0.916,0.458,1.3783945171247893,3.090042970451136,0.9596190476190477
2009,Liling,21856,2.1093092117268704,High,0.013675119826682645,5.107152618866035e-6,1.7317838974779909,0.08331204621525512,0.132,0.066,1.6266763870537502,3.831807185837314,0.528
2009,Yanling,12769,0.11464713597178439,Low,0.010967484899099045,4.331993416788436e-6,0.3260619496658363,0.7443774848967437,0.6,0.3,1.1677597743550772,1.5902234181566124,0.8655737704918033
2009,You,20105,0.6180670996582489,High,0.012594812402947844,5.059931681771124e-6,0.12970797031090792,0.8967974764482495,0.72,0.36,1.1978656973536341,1.6597147794489624,0.9584578313253013
2009,Zhuzhou,15699,3.687411285179557,High,0.011625899599392095,4.5865666407784855e-6,3.821503008335949,1.3264079565174786e-4,0.016,0.008,1.3455989235821932,3.015485289358189,0.15644444444444447
2009,Sangzhi,8282,-1.2586400881301618,Low,0.010342724985993439,4.812434473597261e-6,-0.8488608709906766,0.3959587141129219,0.36,0.18,1.4086876487166395,3.360548559059967,0.736
2009,Yueyang,16940,0.9576911801950103,High,0.01188454257125705,4.745824898101883e-6,0.7043326455648258,0.4812256406100873,0.396,0.198,1.2195899179209575,2.389918981451112,0.7575652173913044
2009,Qiyang,12173,-0.5725598733462075,Low,0.01086607577322461,3.374581064023142e-6,-0.3980411271408637,0.6905998700170564,0.78,0.39,1.0504822013396256,1.7084391856016357,0.9584578313253013
2009,Taojiang,11818,1.2170982090427132,Low,0.010853319492248518,4.141334201783926e-6,1.5342873032581652,0.1249589879100776,0.164,0.082,1.1250929265830123,1.661265777465518,0.5405714285714285
2009,Shaoyang,6201,-2.021404986358071,Low,0.009945589981551846,4.138586108467102e-6,-1.4353788275353614,0.15117917596116268,0.072,0.036,0.982068282648287,1.1093217612299062,0.3705263157894737
2009,Lianyuan,10330,0.11892296752129916,Low,0.010815401870337884,3.3322269334108498e-6,0.4321258236376039,0.665649966978625,0.556,0.278,0.683323212594263,0.35114047567033335,0.8655737704918033
2009,Hongjiang,10227,-1.357899480219783,Low,0.010599666783468974,4.380948536081876e-6,-1.1210685591894363,0.2622586805545324,0.172,0.086,1.3013108184164381,2.5598208583401156,0.5405714285714285
2009,Hengyang,12198,-0.49726256511766354,Low,0.010987157800941507,4.45241641593074e-6,-0.402259925375716,0.6874927442391667,0.788,0.394,1.1031713668736371,1.7124099906874832,0.9584578313253013
2009,Guiyang,17184,0.9637182866111615,High,0.011678144387848073,3.239576223095772e-6,0.8514101289645652,0.39454156708644494,0.344,0.172,1.0216964393237644,1.5772010755214732,0.736
2009,Changsha,64022,6.278886224600474,High,0.021009961428384533,2.7300912346769632e-6,2.866482031431142,0.004150617208929813,0.016,0.008,0.581679044688083,0.3753785133237626,0.15644444444444447
2009,Taoyuan,14759,-0.3000654566611606,High,0.011289286214185073,2.834651915935683e-6,-0.2659242870901529,0.7902975199437307,0.888,0.444,0.7363623766007643,0.45941375163385256,0.9584578313253013
2009,Xiangtan,14634,3.83313810934851,High,0.01141724400481891,3.1638417487787167e-6,4.099872542107985,4.133777397680706e-5,0.008,0.004,0.8809435956564925,1.261448195273334,0.15085714285714286
2009,Dao,10982,-1.1276670964860176,Low,0.010376823642106518,5.28611281540333e-6,-0.884199523691708,0.3765885154366531,0.316,0.158,1.4198240655804257,3.0674693875659527,0.7317894736842105
2009,Jiangyong,8937,-1.1265816684160375,Low,0.009239077689624587,5.570631011167131e-6,-0.6842844631478677,0.49379555593429664,0.46,0.23,1.863429897746458,5.2728932603231105,0.8261224489795919
2010,Anxiang,19817,0.3226007229658533,High,0.012015930270306476,5.052061471196944e-6,0.0661267358528071,0.9472769252991188,0.864,0.432,0.8924688360643482,1.0716628013918026,0.9805714285714286
2010,Hanshou,15906,-0.23169445744508707,Low,0.011030626448279271,4.278012317376486e-6,-0.11710930256778211,0.906773438080997,0.936,0.468,0.831881194967237,0.5948043970829451,0.9805714285714286
2010,Jinshi,24824,0.8159405853628987,High,0.013015484151549414,5.502460372275664e-6,0.23432979219128755,0.8147289588653939,0.684,0.342,1.0669423795528352,1.1547787835392826,0.9260307692307693
2010,Li,18426,0.6828293033336259,High,0.011527759864425693,4.991027013741119e-6,0.7512089036628782,0.45252694261424187,0.396,0.198,0.9511355570166136,0.6306121101918278,0.7575652173913044
2010,Linli,19273,0.6195025593967171,High,0.011778198704903563,5.241623992001035e-6,0.5490129992608669,0.5829965289239329,0.468,0.234,1.2291997159414076,1.5498016497770504,0.7626666666666667
2010,Shimen,20501,-0.09025387759661867,High,0.011914911590687699,4.754414730168679e-6,-0.3555897094574376,0.7221478512703154,0.856,0.428,1.0101345407743096,1.1784008606787015,0.9805714285714286
2010,Liuyang,42619.32,4.492187226783604,High,0.016795747922484297,5.042917066770853e-6,2.978407544092671,0.0028975043149500374,0.016,0.008,1.3795761290896231,3.7948471571504356,0.128
2010,Ningxiang,40403.58,2.6257522248275107,High,0.0145524765015963,3.863681644354538e-6,1.2662387486486528,0.20542761863044695,0.236,0.118,0.8820340652271043,0.5878244081044568,0.6108235294117647
2010,Wangcheng,46470.71,5.192559470954094,High,0.015785499410207626,3.463511705194726e-6,4.0635615934688865,4.832956153631377e-5,0.008,0.004,0.808022791310713,0.6679663900824031,0.10057142857142858
2010,Anren,9171,0.9211700900882612,Low,0.010318882785400293,3.8409144313667054e-6,1.4911681615673276,0.13591735042300204,0.164,0.082,0.8501140764938576,0.9109917465450379,0.5550769230769231
2010,Guidong,6406,-0.275303399209174,Low,0.008460265391730545,5.334089519599535e-6,0.9026461040477145,0.3667137492741071,0.324,0.162,1.308577079360575,1.6643219179886675,0.6958139534883722
2010,Jiahe,22247,-0.0850278699945621,High,0.012268513800582592,4.989615788693888e-6,-0.4995993245727727,0.6173572335571619,0.736,0.368,0.9483826840170249,0.7762535733548663,0.9666865671641791
2010,Linwu,18416,0.17379367903005577,High,0.011713720853076181,5.860798312240129e-6,0.04908709371203239,0.960849888734732,0.728,0.364,1.3243751938271233,2.0910631210916524,0.9666865671641791
2010,Rucheng,7629,-0.33414754936036883,Low,0.008827282789155726,5.4483051233735255e-6,0.6609319983546398,0.5086559242651014,0.416,0.208,1.2333503229056144,2.241843231512213,0.7581538461538462
2010,Yizhang,12483,0.5786570113634772,Low,0.010313552402944159,5.5521081347512825e-6,1.1082595405043563,0.26774974343911917,0.236,0.118,1.248921599440387,2.0935789104070928,0.6108235294117647
2010,Yongxing,26600,1.6796708265358828,High,0.013030256999910728,5.369339556837091e-6,1.0804163537953344,0.2799568166030049,0.272,0.136,1.426349833275462,3.3875541687596415,0.6746666666666667
2010,Zixing,45207,1.131212995407242,High,0.015247301825032715,3.753176735335408e-6,-0.7420535476601096,0.45805489278099737,0.444,0.222,1.174837008517314,2.239405645434669,0.7581538461538462
2010,Changning,17739,0.09976225492708014,High,0.011498924538379578,4.575543300923425e-6,0.05254339511624972,0.9580957187662161,0.84,0.42,0.7874475060024206,0.3314094651040995,0.9805714285714286
2010,Hengdong,19781,0.22495991546003014,High,0.011769871922033286,4.198748351849347e-6,0.05513143611449228,0.9560337518239119,0.824,0.412,0.8296992091364738,0.7663752674583018,0.9805714285714286
2010,Hengnan,16146,-0.32297382556902243,Low,0.01116988735300201,4.24965970823379e-6,-0.24479269732528533,0.806616948615923,0.936,0.468,0.7962635249264666,0.421826141563455,0.9805714285714286
2010,Hengshan,18130,-0.2292130437635348,High,0.011365192377656283,4.533114692612369e-6,-0.26801165627510587,0.7886903464540094,0.912,0.456,1.0411722173229376,1.6832645288920256,0.9805714285714286
2010,Leiyang,21325,0.4900209521166324,High,0.011928632883247362,4.436487670706825e-6,0.30935129623021734,0.7570543144658003,0.624,0.312,0.8829111640115979,0.4686322342672353,0.8856774193548388
2010,Qidong,14138,-0.8094374580294278,Low,0.010883458463080947,4.253169379121632e-6,-0.6158631636150191,0.5379848352616843,0.6,0.3,1.2379654907531605,3.3268090390355445,0.8799999999999999
2010,Chenxi,11367,-1.073608041854108,Low,0.010347202261862217,4.759776127503377e-6,-0.7558487383071409,0.44973989133927117,0.492,0.246,1.0109502629024505,1.1390339511080878,0.7872
2010,Zhongfang,21265,-0.8415958626289906,High,0.012050421472945437,5.191231801733793e-6,-1.218484079773388,0.22304007101622975,0.1,0.05,1.2265301493951537,2.0794987732364296,0.4
2010,Huitong,9679,-1.30895622027539,Low,0.009516075793050369,4.45313634305176e-6,-0.7981004372920812,0.4248122077129168,0.424,0.212,1.2031417918454046,1.793376835159246,0.7581538461538462
2010,Jingzhou,14104,-1.2303452745532832,Low,0.010610307223348055,5.874692643782656e-6,-1.1986527283072204,0.2306630062330759,0.148,0.074,1.0551803454762945,1.140445993706681,0.52096
2010,Mayang,10097,-1.185309254700945,Low,0.010029029354309486,4.774602593015743e-6,-0.7359790541969334,0.4617434449253398,0.444,0.222,1.2106671244660323,2.7504156476401516,0.7581538461538462
2010,Tongdao,8794,-1.5538342881925244,Low,0.009068724551891715,5.925427311277016e-6,-0.9553866396247802,0.33938220787209156,0.22,0.11,1.466915977891542,2.407988152132072,0.605
2010,Xinhuang,10221,-0.990270766293448,Low,0.008142198677537103,5.119333074785177e-6,-0.276534727386105,0.7821373905271264,0.88,0.436,2.750038384409956,10.255880621462456,0.9805714285714286
2010,Xupu,9186,-1.9117145638822508,Low,0.0103886951085716,4.044053321970224e-6,-1.4529306395750274,0.1462430128606013,0.052,0.026,1.0781872543527309,2.0583366178848523,0.2288
2010,Yuanling,16385,-1.7469504663274171,Low,0.011331500551395592,3.48536042243177e-6,-1.890167371970671,0.058735578928616326,0.02,0.01,0.7326351399457041,0.666839737709052,0.13538461538461538
2010,Zhijiang,14069,-1.1366961048487196,Low,0.01078696809408488,4.783864846183111e-6,-1.026618072436301,0.30460034071016995,0.18,0.09,1.1615393920102397,1.3721411431771733,0.5657142857142857
2010,Lengshuijiang,43373,1.2509090657653135,High,0.01810732950083192,4.9566805542231075e-6,-1.358247525645276,0.17438515478108596,0.024,0.012,1.2776385141609967,1.6395344516000314,0.15085714285714286
2010,Shuangfeng,11320,-0.5639461504460677,Low,0.01048378371295284,4.307483911420682e-6,-0.2031984014325942,0.8389799622442725,0.92,0.46,0.7216126091716416,0.6239528428054446,0.9805714285714286
2010,Xinhua,8582,-1.148238441935575,Low,0.010001604316611332,3.883869381022397e-6,-0.6536014077006927,0.5133686370691417,0.592,0.296,0.7176878321939872,0.3230103001719282,0.8799999999999999
2010,Chengbu,7628,-2.078240949043711,Low,0.009271078691313352,4.548425832056899e-6,-1.6480625974910914,0.09933982649669115,0.008,0.004,1.172122317222186,1.9482995968287176,0.10057142857142858
2010,Dongan,15645,-1.1684991973942909,Low,0.010970543411626572,5.730124685016126e-6,-1.1528614317955581,0.24896726466687968,0.12,0.06,1.3030890171665372,2.1095844630131317,0.43999999999999995
2010,Dongkou,9331,-2.0231999411716926,Low,0.00998928403686093,4.987084107854757e-6,-1.6338491926297156,0.1022905201949747,0.02,0.01,1.4435227308207819,3.5639248727983484,0.13538461538461538
2010,Longhui,6944,-2.626468567312578,Low,0.009646230945619012,4.155411219422749e-6,-2.131217478295331,0.033071229742461176,0.004,0.002,0.9725675255647206,1.5725520117262084,0.10057142857142858
2010,Shaodong,18090,-1.264063568823417,High,0.011512017840664327,4.711364921125776e-6,-1.4124523341622772,0.15781681621885835,0.044,0.022,1.2165205314618164,2.103032443804823,0.22776470588235295
2010,Suining,12280,-2.067245937763306,Low,0.010737435544794657,3.761522951919843e-6,-1.9819411861116518,0.047485823598365506,0.008,0.004,0.6643932486851793,0.28791103329660483,0.10057142857142858
2010,Wugang,8749,-2.488490513620034,Low,0.00989841635017355,3.882176058093939e-6,-2.1713098422213024,0.029907758825140664,0.004,0.002,0.7226993219875864,0.5005569259259257,0.10057142857142858
2010,Xinning,7779,-1.994531792303653,Low,0.009444639717454566,5.842657756253668e-6,-1.4324797716130409,0.15200656318954628,0.036,0.018,0.9614960461455329,0.4505332385257952,0.19799999999999998
2010,Xinshao,7825,-0.9509499963505711,Low,0.009874574034775287,4.558397356983769e-6,-0.33054074408649803,0.7409914116282785,0.864,0.432,1.2649986356126495,3.736623484989626,0.9805714285714286
2010,Shaoshan,33571,2.5632601795980707,High,0.015447072627146794,5.861405378767278e-6,1.4616726715084527,0.1438309295524502,0.172,0.086,1.6259739160835243,2.972519846858627,0.5605925925925925
2010,Xiangxiang,19930,1.259205805406443,High,0.01193171535942288,4.941752102696889e-6,1.1507709937910995,0.24982646087229063,0.276,0.138,1.0851761808816236,1.6114163089314033,0.6746666666666667
2010,Baojing,11906,-1.2331704610133043,Low,0.010215953398995507,4.458755589189151e-6,-0.9063974411261653,0.36472552671570346,0.34,0.17,1.0695834370785544,1.379135100557165,0.6958139534883722
2010,Fenghuang,9801,-0.7622232225893633,Low,0.009849849977109918,5.461449987406256e-6,-0.23226584299434977,0.8163315403823007,0.98,0.49,1.0609221439514964,1.1985456926415097,0.9912643678160921
2010,Guzhang,8301,-1.1859108095328361,Low,0.009658125894539451,4.63246506150346e-6,-0.5755510502468004,0.5649186753036695,0.648,0.324,0.8085959719358766,0.40694308910325283,0.9051428571428571
2010,Huayuan,17517,-0.24111314617136248,High,0.011255435507388034,5.2662542427728995e-6,-0.26528354447126745,0.7907910401274194,0.968,0.484,1.384404167170842,2.2172370187562036,0.9905116279069768
2010,Jishou,24730,-0.4225001306856433,High,0.0128034641349831,5.126271594554092e-6,-1.099220571015667,0.27167186808413524,0.22,0.11,0.8885183146342799,0.5502228725350324,0.605
2010,Longshan,7524,-1.8920453259547303,Low,0.00879130766144683,5.470691664369198e-6,-1.3056793486840903,0.1916616236926643,0.052,0.026,1.3870111115649113,2.2935562664727147,0.2288
2010,Luxi,13518,-1.1117179619636068,Low,0.01077504073837798,4.2015192360196565e-6,-0.9646173938610998,0.3347364840243666,0.288,0.144,1.0640027306857365,1.7163672372195196,0.684972972972973
2010,Yongshun,7057,-2.0158684916580154,Low,0.009448428803148374,4.303037484000995e-6,-1.4894206155730745,0.13637664322255666,0.048,0.024,0.9448909956311288,0.6272352221031672,0.2288
2010,Anhua,9924,-0.6211311429114226,Low,0.010516561592694259,4.312158143876087e-6,-0.23886802967715132,0.8112079166397331,0.92,0.46,0.9834040720848425,2.051847403799327,0.9805714285714286
2010,Nan,14130,0.14848631350322397,Low,0.01078795550661286,4.608638716824152e-6,0.4277978568991001,0.6687982973624921,0.544,0.272,1.0454171708727535,1.6802772459842696,0.8253793103448276
2010,Yuanjiang,18469,0.09246840259039679,High,0.011693108660981425,5.139455007024757e-6,-0.04406617198432847,0.964851657424426,0.896,0.448,0.7774229133633233,0.23500263675633848,0.9805714285714286
2010,Jianghua,11445,-1.2891792256743155,Low,0.009898241636751475,5.085046024725422e-6,-0.8926778135925402,0.372029734956373,0.312,0.156,1.2412928297367656,2.0406907715704055,0.6958139534883722
2010,Lanshan,14625,-0.5607804061527066,Low,0.010772735307077914,5.473386637554985e-6,-0.3941666666152301,0.6934579938450701,0.82,0.41,1.3699561743777147,2.997056430625088,0.9805714285714286
2010,Ningyuan,9097,-1.1534436957400578,Low,0.010108682763429865,3.6111005159884865e-6,-0.6521076279752273,0.5143317435701715,0.52,0.26,0.9406495634013363,1.3024237696730196,0.8028070175438596
2010,Shuangpai,17322,-0.6706007334959523,Low,0.0113730257144478,5.824959554040733e-6,-0.8301279554101111,0.4064664429210285,0.34,0.17,1.4134229821775912,2.9932696463491633,0.6958139534883722
2010,Xintian,10379,-0.6029982354439793,Low,0.009895785423349408,5.783551959210415e-6,-0.06616625544387345,0.9472454621342242,0.876,0.438,1.2578050438423665,2.2282942203712093,0.9805714285714286
2010,Huarong,23666,0.5716727617098615,High,0.013387682378657555,6.2516013403523655e-6,-0.04480808053799814,0.9642602842257757,0.776,0.388,1.692259563251817,3.360472425317453,0.9805714285714286
2010,Linxiang,23986,0.8749467144248739,High,0.014162747956286853,5.082514984085172e-6,0.2661353941518818,0.7901349370293587,0.52,0.268,2.603674715182424,9.218551030324718,0.8028070175438596
2010,Miluo,26689,3.9295129677771894,High,0.0130302601892881,4.879932968145989e-6,3.6618503179988706,2.504001552856794e-4,0.016,0.008,1.049989231017336,1.3717652961465756,0.128
2010,Pingjiang,12527,3.2461025676871924,Low,0.0102472284802588,5.459471732935728e-6,4.226250292665814,2.3761768282834258e-5,0.012,0.006,1.3123680600405678,2.607369652640698,0.128
2010,Xiangyin,23468,1.9017464478534636,High,0.01251558452855,5.7753051885718796e-6,1.4853387143320562,0.13745412133062648,0.216,0.108,1.100213683236304,1.2101587149137467,0.605
2010,Cili,13345,-0.5481222820610159,Low,0.010240054907236165,6.173357066304978e-6,-0.20378660962328277,0.838520257241859,1,0.5,2.1705348397802537,10.803784105607708,1
2010,Chaling,15077,-0.327775329963862,Low,0.010802389752777055,5.835815982619257e-6,-0.17114275480080182,0.864111518301407,0.956,0.478,1.1624038557569105,1.3990443729295876,0.9897411764705882
2010,Liling,27737,2.452503975072268,High,0.01406470148581075,5.52648394564198e-6,1.9532453675706545,0.05079052765633053,0.088,0.044,1.3431788113968406,2.850132191612037,0.36876190476190474
2010,Yanling,15045,0.40644242766071953,Low,0.01108216909304463,5.145940407954208e-6,0.5689076230494172,0.569418831822842,0.448,0.224,1.248977794305738,2.2261188293219902,0.7581538461538462
2010,You,25129,0.7453809782545364,High,0.012630032409879352,4.459964107313924e-6,0.2766147346780188,0.782075949387601,0.612,0.306,0.9988916319400698,0.8019015862833467,0.8828852459016393
2010,Zhuzhou,19542,3.667309935374421,High,0.011674986072778322,4.441990070512936e-6,3.8682588634325414,1.0961526269146235e-4,0.016,0.008,1.083285709243029,1.8963355929965156,0.128
2010,Sangzhi,9893,-1.3140669004129435,Low,0.010207969323998796,4.1383267620100764e-6,-0.9227712067111811,0.3561264488529034,0.348,0.174,0.8318211758858,0.7240153789176365,0.696
2010,Yueyang,19809,0.8739301728836649,High,0.011718182424132783,4.394068881929812e-6,0.7323694210275775,0.463943117772666,0.384,0.192,1.0012228812613961,1.370269149579629,0.7509333333333333
2010,Qiyang,14839,-0.6734264030844972,Low,0.011052965159982943,4.148405306318485e-6,-0.5624173952280714,0.5738316699567789,0.66,0.33,1.09202397130296,1.6745431629953398,0.9075000000000001
2010,Taojiang,13949,1.4577029834325306,Low,0.010861727742728417,3.848221278546739e-6,1.8626659242104933,0.06250928294637959,0.108,0.054,0.8353418205370526,0.9367971435407805,0.4132173913043478
2010,Shaoyang,7352,-2.103439449792592,Low,0.009988979770259756,3.838880073456758e-6,-1.619814337867564,0.10527216538854059,0.036,0.018,0.8369774132798593,1.0613315575251923,0.19799999999999998
2010,Lianyuan,12269,0.32281292162921416,Low,0.010676127030427338,3.768907672204412e-6,0.6930773952998183,0.4882609826072095,0.436,0.218,0.9751953242842387,1.2957184648914373,0.7581538461538462
2010,Hongjiang,12107,-1.383958322839918,Low,0.010551037362758151,4.711819998254297e-6,-1.0971523750752705,0.27257478803289265,0.196,0.098,1.0064364723133818,1.2633236385911113,0.5947586206896551
2010,Hengyang,14328,-0.5737535737293394,Low,0.010735017916103824,4.645434736449305e-6,-0.36924699673976635,0.7119436287100895,0.8,0.4,0.8674107840576691,0.6322893662708995,0.9805714285714286
2010,Guiyang,22468,1.3185665013635741,High,0.011898228944999001,3.296888075342688e-6,1.107849739640096,0.26792671471761825,0.324,0.162,0.5374863832442481,-0.08621956602691494,0.6958139534883722
2010,Changsha,70604.01,5.935745576293733,High,0.019777100082179314,3.0486011851264344e-6,3.027540445190428,0.002465527180673321,0.008,0.004,0.6525234437070507,0.5989147737622229,0.10057142857142858
2010,Taoyuan,17401,-0.38248952628230487,High,0.011267364471885083,2.910170266245364e-6,-0.33662045545160374,0.7364030340520801,0.872,0.436,0.6656221604228076,0.3002307404488622,0.9805714285714286
2010,Xiangtan,17809,3.816364690856766,High,0.011397036784972416,3.4648786095388848e-6,3.9410812622761466,8.111513832901662e-5,0.004,0.002,0.8062273349241488,0.6467867528235409,0.10057142857142858
2010,Dao,13118,-1.11280072280351,Low,0.010445068539063983,5.680223137011544e-6,-0.8743785238927262,0.3819121490045605,0.328,0.164,1.3433444657767817,2.7412722111509638,0.6958139534883722
2010,Jiangyong,12678,-0.9595641095559795,Low,0.009921822813070082,6.219885045989554e-6,-0.7087238165543366,0.4784958822129447,0.464,0.232,1.5727096281195974,2.8444642343425306,0.7626666666666667
2011,Anxiang,22840,0.15419240823491895,High,0.01152958354208819,4.759269091735848e-6,0.10266127057035963,0.9182318127857013,0.732,0.366,0.925892500650102,0.4536860953038775,0.9402105263157896
2011,Hanshou,18561,-0.3390677733508649,Low,0.0108479214564683,4.634803691296991e-6,-0.15871670818254408,0.8738920738198174,0.96,0.48,0.9996502814085962,1.1695839027884887,0.99388235294117655
2011,Jinshi,30286,0.6382818959101796,High,0.012881500289167926,6.266147397724598e-6,0.09436913165343912,0.9248159357229099,0.708,0.354,1.2798641467351213,1.8748668991936839,0.9402105263157896
2011,Li,21847,0.4912917768806121,High,0.011677929971323416,5.5908786314362484e-6,0.43808239474216965,0.6613265560676349,0.58,0.29,0.9179071397533964,0.6267800728975685,0.8799999999999999
2011,Linli,23172,0.4606314578066593,High,0.011587783023727585,5.0860903059875966e-6,0.46191856340109305,0.6441397212871449,0.556,0.278,0.934237931076238,0.8108784244585907,0.864561403508772
2011,Shimen,24409,-0.20187530876048196,High,0.011597583936744925,4.354547646333904e-6,-0.35674284451848004,0.7212843278301394,0.848,0.424,0.9644576706989169,0.9315556562482614,0.9567179487179487
2011,Liuyang,54768.72,4.347026176485206,High,0.01692661018941279,4.345123768974346e-6,3.062267858947743,0.0021966678651817984,0.024,0.012,1.2113159739630188,1.7376665174450547,0.176
2011,Ningxiang,54648.25,3.1118439586599895,High,0.015232851412210636,4.246405439260252e-6,1.4482497819031792,0.14754720660835718,0.168,0.084,0.9291090864611372,1.1588349215050844,0.47690322580645167
2011,Wangcheng,62293,5.423026072918331,High,0.01640215256015878,4.1297879040335095e-6,3.7938020894870172,1.4835793918919753e-4,0.012,0.006,1.0596451211621496,1.2598906651527164,0.132
2011,Anren,11395,0.8859509072975007,Low,0.010418379237522035,4.20650896848747e-6,1.3576994779297498,0.17455906253303663,0.208,0.104,0.9137001287075909,1.2309746373419586,0.5546666666666666
2011,Guidong,7601,-0.21011411619951445,Low,0.008438937411477545,4.945000936171331e-6,1.029041893038614,0.30345998928683643,0.32,0.16,1.2313854587122515,2.0207369214493642,0.6712558139534884
2011,Jiahe,28612,-0.04077787046183344,High,0.012449612822502466,4.813969431352925e-6,-0.5419559526258921,0.5878488500506869,0.656,0.328,1.0380658592107177,1.507426482542952,0.9402105263157896
2011,Linwu,21323,0.1472682594134151,Low,0.011457986974383936,6.172220038832152e-6,0.12492534782723932,0.90058265090225,0.748,0.374,1.010933089373561,0.7988912169153832,0.9402105263157896
2011,Rucheng,10056,-0.19909084942292174,Low,0.008979630495261433,6.131669378985421e-6,0.7192455825641817,0.4719896184071339,0.404,0.202,1.382380826162101,2.1570639389277098,0.7406666666666667
2011,Yizhang,15822,0.6715052510613696,Low,0.010354902919149332,5.868331907761827e-6,1.1781918537307454,0.23872012946943544,0.248,0.124,1.129041084838559,1.2444549503808462,0.5898378378378378
2011,Yongxing,32953,1.7041658345925694,High,0.012968368281093073,4.813718228650381e-6,1.2327321370286621,0.21767571764668356,0.28,0.14,0.8713896743949561,0.4010280804638242,0.6317948717948718
2011,Zixing,58313,1.266040035413627,High,0.015525474342670327,4.0542025359240304e-06,-0.6821352381237646,0.4951534404940533,0.544,0.272,0.8151375851682269,0.4580607548649951,0.864561403508772
2011,Changning,21594,0.02347607260170667,High,0.011480753335979548,5.170162340112891e-6,-0.02539907997939963,0.979736644942447,0.892,0.446,0.9895791205470594,1.5221642509990234,0.9615609756097562
2011,Hengdong,24044,0.18827775384039344,High,0.011661129999717093,4.379357371865815e-6,0.06933762760478294,0.9447208752983389,0.812,0.406,0.8419243891212692,0.433221876571142,0.9402105263157896
2011,Hengnan,19335,-0.45931497786339087,Low,0.011257110532249252,4.276297191371735e-6,-0.4376762379172267,0.6616209971276581,0.768,0.384,0.6136414209179208,0.08242010673021927,0.9402105263157896
2011,Hengshan,22094,-0.2644579927383007,High,0.01149615348049235,5.128236108061299e-6,-0.35382534927802584,0.7234697748568591,0.888,0.444,0.966736606971385,0.8538318109462901,0.9615609756097562
2011,Leiyang,25415,0.42436934578913565,High,0.011992477788749631,4.717469866342618e-6,0.2045478659026121,0.837925391009071,0.74,0.37,0.6648212533037835,0.0027605372398822325,0.9402105263157896
2011,Qidong,16139,-0.9265592061148721,Low,0.010833580170039145,4.324211024276843e-6,-0.7264428277356956,0.4675673442364207,0.512,0.256,0.7411681243015144,0.7906597340648296,0.8633962264150944
2011,Chenxi,14509,-1.0181063086619324,Low,0.01043709113544161,5.184437443610928e-6,-0.7237652718897182,0.4692098532265386,0.504,0.252,0.9498133749976178,0.7286797690564635,0.8633962264150944
2011,Zhongfang,26145,-0.814391763677388,High,0.012187239795246937,5.1332291100708545e-6,-1.272465232813415,0.20320786939932808,0.144,0.072,0.7860264595805254,0.2898837301310926,0.46933333333333327
2011,Huitong,12212,-1.2789331657653638,Low,0.009815001055548793,5.450838169954189e-6,-0.8421022738604642,0.3997307086004854,0.38,0.19,1.1733416027198784,2.3408297939110563,0.726468085106383
2011,Jingzhou,17550,-1.2190569800583626,Low,0.010375314317078747,5.423590933643734e-6,-1.1610348763648,0.24562771654172544,0.16,0.08,1.2300957050295345,1.8486981640104823,0.4693333333333333
2011,Mayang,11862,-1.1706982319707484,Low,0.01003356863171448,4.939228716373215e-6,-0.733567481373034,0.46321238604871345,0.56,0.28,0.7135743165907645,0.10236917032306714,0.864561403508772
2011,Tongdao,11003,-1.5504177747129695,Low,0.009190768030155866,5.59397462346961e-6,-1.0667143861695154,0.28610082881595145,0.14,0.07,1.226581990399699,1.414623535172459,0.46933333333333327
2011,Xinhuang,13002,-0.9241751481859463,Low,0.008447137634249481,6.070067244487202e-6,-0.30051250413459085,0.7637862600257068,0.916,0.45,2.304560971885928,5.7373750783751305,0.9711807228915664
2011,Xupu,11749,-1.8242060563771938,Low,0.010378703588195476,3.658252889020035e-6,-1.4651699150594055,0.1428745654808079,0.072,0.036,0.5442659607760769,-0.15002418398940298,0.3334736842105263
2011,Yuanling,20453,-1.6870837321361016,Low,0.011309512996840075,3.923681176616944e-6,-1.74093368302516,0.08169520368287424,0.028,0.014,0.6620732129303468,0.2726043305150019,0.18953846153846154
2011,Zhijiang,17762,-1.0957303244112444,Low,0.010713879608357403,4.865543403985225e-6,-0.9615775669219274,0.33626184460280534,0.324,0.162,0.9296500847606783,0.7750421349716787,0.6712558139534884
2011,Lengshuijiang,55692,1.4202828540675687,High,0.01839220168681492,4.4283634957377946e-6,-1.295825637109776,0.19503556340832134,0.104,0.052,0.9680968151685487,0.8080172615443644,0.416
2011,Shuangfeng,14788,-0.48650886115947506,Low,0.010505747088643106,4.628314719697646e-6,-0.13283578348420705,0.8943232539919117,0.996,0.498,0.8042971800809794,0.48523465812369393,0.996
2011,Xinhua,11135,-1.0040456438902048,Low,0.010075229279374476,4.830222403252058e-6,-0.48770363773245157,0.6257597747215031,0.696,0.348,1.1964402019667328,3.280001204022657,0.9402105263157896
2011,Chengbu,9260,-2.084431328939164,Low,0.009188747477105089,5.472774629313059e-6,-1.5189522088483425,0.12877452599372202,0.012,0.006,1.1591565833002295,1.5965445046401676,0.132
2011,Dongan,18744,-1.236931412049635,Low,0.010766782609587753,5.165560696643486e-6,-1.2330294780977233,0.21756476639098216,0.128,0.064,0.7710099415464972,0.2050065459031205,0.46933333333333327
2011,Dongkou,11678,-1.9937634877763102,Low,0.009904246491007325,5.353055853186956e-6,-1.5483180715362352,0.12154573559111728,0.024,0.012,0.8944530976907674,0.9325469093971477,0.176
2011,Longhui,8509,-2.5518244502549026,Low,0.009795323971128587,4.0248451470621235e-6,-2.2083600180359055,0.02721918657753511,0.004,0.002,0.6336858242780085,0.04092732816139133,0.11733333333333333
2011,Shaodong,22479,-1.254134114181764,High,0.011435492860764236,4.289453617332131e-6,-1.4581748405819634,0.1447923567623723,0.036,0.018,0.921416797234074,0.8070806081646622,0.19799999999999998
2011,Suining,14294,-2.0639945482061894,Low,0.010579028057834535,4.399466710799199e-6,-1.7931808931394266,0.07294400421566999,0.016,0.008,0.7978605929786201,0.4870124197882504,0.15644444444444447
2011,Wugang,10746,-2.489407671529996,Low,0.010073281728371724,5.546097322699416e-6,-1.9369922209572694,0.052746294277251735,0.004,0.002,1.0641907789462326,1.3129258170909663,0.11733333333333333
2011,Xinning,9442,-2.006867449651765,Low,0.009514350317366438,6.600597598057555e-6,-1.426876121111401,0.15361560484830464,0.036,0.018,1.0748983247139814,1.0150730448563712,0.19799999999999998
2011,Xinshao,10127,-0.831570836792578,Low,0.009860018449659816,3.6887610324457645e-6,-0.23492785647258171,0.8142647282091684,0.888,0.444,0.5378347347316303,0.22796382282355365,0.9615609756097562
2011,Shaoshan,45806,3.023967588467006,High,0.016544737542354485,6.119719527340718e-6,1.607934589337497,0.10784950533068764,0.16,0.08,1.2946193644564412,2.134370955949568,0.4693333333333333
2011,Xiangxiang,25635,1.6087623081232836,High,0.012043675117750088,5.280063658542177e-6,1.47446417171099,0.14035665747998605,0.208,0.104,0.8328303862383956,0.4284382429627631,0.5546666666666666
2011,Baojing,13374,-1.4636460745679196,Low,0.010281995118029361,5.261937440455108e-6,-1.1419544384564406,0.253472958556828,0.156,0.078,1.0269223370019946,1.3175350253176203,0.4693333333333333
2011,Fenghuang,11974,-0.9191149384721907,Low,0.009631587601065783,6.07452886820074e-6,-0.3220784381219064,0.7473932725414816,0.94,0.47,1.3472532721192376,2.034185712881577,0.9847619047619047
2011,Guzhang,10086,-1.2592152756894945,Low,0.009693390995540707,4.5104207291995865e-6,-0.712865347545021,0.4759290838507864,0.536,0.268,0.7281663369152818,0.17045744897915815,0.864561403508772
2011,Huayuan,18850,-0.5590214399320527,Low,0.010759477861384096,5.571759664519843e-6,-0.4613401165878826,0.6445546075494302,0.812,0.406,1.2493794073685438,1.631161448730591,0.9402105263157896
2011,Jishou,28482,-0.6593526395644789,High,0.012354622169827677,5.108691365274071e-6,-1.176116966982114,0.2395481387111657,0.136,0.068,0.926519222740806,0.551407323831504,0.46933333333333327
2011,Longshan,8701,-1.9322204799971756,Low,0.008896193446957822,6.52380710000728e-6,-1.325186009983492,0.18510946431064884,0.06,0.03,1.1127643956285747,0.9313024065764561,0.29333333333333333
2011,Luxi,17236,-1.1306488939861339,Low,0.01084423807746534,4.496914838109444e-6,-1.0084379034386863,0.31324428432539775,0.316,0.158,0.6708794398809326,0.1531700998511054,0.6712558139534884
2011,Yongshun,8667,-2.0266216351580835,Low,0.009554739954701201,5.353102967182516e-6,-1.4331624167746384,0.15181142739094988,0.052,0.026,0.9998122776278308,1.1411410096705543,0.2691764705882353
2011,Anhua,12374,-0.47164769898039743,Low,0.010311256986436404,4.245957440186118e-6,0.0066058379554369785,0.9947293422169183,0.896,0.448,0.8178200001821597,0.6190481494123343,0.9615609756097562
2011,Nan,18812,0.06396471075141398,Low,0.011021524662284147,4.976378704214719e-6,0.2207646865232886,0.8252756612402576,0.7,0.35,0.9981795028490362,1.3226629732232178,0.9402105263157896
2011,Yuanjiang,22897,0.043005331896606644,High,0.011316461072644382,4.5625666926722494e-6,0.0729975683342289,0.9418080525381768,0.776,0.388,1.1547461107182555,2.084755019331494,0.9402105263157896
2011,Jianghua,13981,-1.299629682089056,Low,0.010085805910351454,5.525112007544199e-6,-0.9758290873644035,0.3291491678039567,0.244,0.122,1.2655873184893456,2.1928259884228725,0.5898378378378378
2011,Lanshan,17893,-0.5812747455413294,Low,0.01066908534427382,5.036373440860745e-6,-0.40231787356476134,0.6874501022347383,0.844,0.422,1.1307496417297962,2.370017303795688,0.9567179487179487
2011,Ningyuan,11221,-1.1419520793026703,Low,0.01030172804305651,3.795011408407947e-6,-0.7459414475013221,0.4557027861784595,0.52,0.26,0.718502258954052,0.25084380655239036,0.8633962264150944
2011,Shuangpai,20239,-0.7371727798942673,Low,0.011206761347431288,5.805359119503259e-6,-0.8615443226764552,0.3889383208778223,0.328,0.164,1.1299569002968515,1.1535711967674986,0.6712558139534884
2011,Xintian,12860,-0.5198579935405279,Low,0.0096390305163071,4.900800155267354e-6,0.13369045696893303,0.893647351654283,0.72,0.36,0.9170245839223168,0.6105626179295296,0.9402105263157896
2011,Huarong,28734.07,0.5190073242933368,High,0.013152685004957313,6.675478556819017e-6,-0.008132153169779601,0.9935115520554091,0.676,0.338,1.616328299488505,2.3463607837052898,0.9402105263157896
2011,Linxiang,28255.98,0.6733232444074803,High,0.013824364794521277,5.637499023543351e-6,0.08573213866845507,0.9316793532122306,0.592,0.304,2.1556704456519324,5.098672170546447,0.8829830508474577
2011,Miluo,37507.74,4.000785896622046,High,0.013635460754941098,4.5308964071074295e-6,3.685570303328028,2.281910781998315e-4,0.008,0.004,0.8780783790824734,0.9617035149407385,0.11733333333333333
2011,Pingjiang,15105.53,3.105395707197998,Low,0.010409007191638188,5.880683030425064e-6,3.9128497428229374,9.121329406763947e-5,0.008,0.004,1.1524482555351272,1.5297432513812712,0.11733333333333333
2011,Xiangyin,28712.92,2.0796631322159715,High,0.012323134115465862,4.55343958702831e-6,2.014829119346276,0.043922556827304934,0.084,0.042,0.9781889173368552,1.1576036013652757,0.35200000000000004
2011,Cili,16696,-0.5746842462063887,Low,0.01029666529733892,5.482538225902896e-6,-0.28768095468756993,0.7735909699632334,0.992,0.496,0.9824892563147284,0.5837337974716794,0.996
2011,Chaling,17668,-0.39813755900279163,Low,0.01078965105668339,6.180664920013164e-6,-0.25416212729625864,0.7993703080845848,0.984,0.492,0.9659036145315294,0.5320390701736248,0.996
2011,Liling,35669,2.5843091279708297,High,0.014501939003901619,6.661933646429134e-6,1.8166502412606922,0.06927068528983787,0.116,0.058,1.3709162794363845,2.2889037777006376,0.44382608695652176
2011,Yanling,17961,0.39616684871758545,Low,0.01083701269586498,4.960198288413512e-6,0.6862676971247232,0.4925443150812606,0.444,0.222,0.9662854482638754,0.7510232948959636,0.7973877551020409
2011,You,31450,0.7514884679068607,High,0.013003287096685011,5.33967556650401e-6,0.1128012092273242,0.9101881596388345,0.78,0.39,0.7933545838080156,0.1276393589753586,0.9402105263157896
2011,Zhuzhou,24082,3.50315702794964,High,0.011662583160732976,4.406560400662319e-6,3.780587077332603,1.5645898426101132e-4,0.008,0.004,0.9393871957725767,1.3285861031814248,0.11733333333333333
2011,Sangzhi,12722,-1.3247532778696194,Low,0.010263880349619607,4.966998771124915e-6,-0.9038645182366075,0.3660672455203707,0.376,0.188,0.9402607360322558,1.0293158197120906,0.726468085106383
2011,Yueyang,23151.46,0.8722500538047184,High,0.011382665598536908,4.082257821095574e-6,0.9413867228470026,0.34650671509917,0.364,0.182,0.8528165557354531,1.0568509899645342,0.726468085106383
2011,Qiyang,18597,-0.7174026521953184,Low,0.011010671884261181,4.055659639604588e-6,-0.6093051154107487,0.5423222170551613,0.648,0.324,0.8107027513346639,0.7020137929988075,0.9402105263157896
2011,Taojiang,16987,1.6102147670562479,Low,0.010911759381739604,4.192218247686186e-6,1.9527563207723342,0.05084847650568262,0.08,0.04,0.8726978113342073,0.9417958068327965,0.35200000000000004
2011,Shaoyang,8792,-2.127530382118551,Low,0.009958853570265156,4.000000836196035e-6,-1.640468975381389,0.10090769405208191,0.032,0.016,0.6394359328916283,-0.04290133375221661,0.19799999999999998
2011,Lianyuan,15624,0.5856316435312108,Low,0.010775903672340176,4.1752994019163155e-6,0.882657850978464,0.3774211616067881,0.388,0.194,0.8138733897114933,0.8813140602428993,0.726468085106383
2011,Hongjiang,15117,-1.3487424448502996,Low,0.010595598422703559,4.781697642678195e-6,-1.0986976705015226,0.27189995899916874,0.216,0.108,0.8220378309225602,0.5409169388903972,0.5590588235294118
2011,Hengyang,17014,-0.6480417968236156,Low,0.0107659770238376,5.064580962074972e-6,-0.46259876992521265,0.6436519905142416,0.8,0.4,0.8561833528290581,0.6111047186969212,0.9402105263157896
2011,Guiyang,28690,1.3734351446518056,High,0.012007687211875825,3.1749809270784662e-6,1.154534156161429,0.2482812436123193,0.276,0.138,0.5218301098276247,0.1253550833890884,0.6317948717948718
2011,Changsha,80356,5.750870905429889,High,0.01884833830621398,3.4049516043942915e-6,3.2701337278914067,0.0010749665281377101,0.02,0.01,0.822025049706322,1.038019347587741,0.176
2011,Taoyuan,20558,-0.48283876953566973,Low,0.011406357132954053,3.1419537722303305e-6,-0.5104743500014576,0.6097191800954272,0.664,0.332,0.6493271311003787,0.4737133719619018,0.9402105263157896
2011,Xiangtan,22347,3.951247152413526,High,0.01142474308706128,3.4578735876657513e-6,4.146279800218875,3.379208499689659e-5,0.004,0.002,0.7527914071341395,0.4811540040436717,0.11733333333333333
2011,Dao,16127,-1.1557152063521738,Low,0.010422847503446454,5.044053942784869e-6,-0.9952745779749783,0.31960273853760524,0.248,0.124,1.1046670995758407,1.6255746356581673,0.5898378378378378
2011,Jiangyong,15298,-0.9823989591263311,Low,0.009789979253283496,6.731484579225866e-6,-0.6833501518831832,0.4943856106172081,0.5,0.25,1.4557797948959776,1.6895595368599245,0.8633962264150944
2012,Anxiang,23667,0.019357981347106697,Low,0.011486550535770319,5.3977046258404305e-6,-0.03181032540103057,0.9746233123254124,0.872,0.436,0.8280635507404196,0.3462667106767374,0.9636000000000001
2012,Hanshou,20981,-0.40060426969867613,Low,0.010917778914411718,5.330708094421034e-6,-0.24617126522031926,0.8055496582434127,0.98,0.49,1.0018572274500646,0.7364939137235651,0.98
2012,Jinshi,34592,0.54515945542061806,High,0.01285856529663071,5.304298598669242e-6,0.002185549011371158,0.9982561855752069,0.804,0.402,1.0551687018473608,1.2390599646796119,0.9234285714285715
2012,Li,24473,0.3798470354436052,High,0.0114632844673035,5.771102730678188e-6,0.39356692375277863,0.6939008053174849,0.536,0.268,1.3650784642386036,2.206103960880151,0.8548571428571429
2012,Linli,25554,0.3881112461675884,High,0.011588751535308093,5.275444981735378e-6,0.3669145814605946,0.7136827344680672,0.596,0.298,1.0184922968421373,0.6279484133397428,0.8741333333333332
2012,Shimen,27137,-0.2710334088677007,High,0.011741309576717828,5.378520874543756e-6,-0.45872534576369,0.6464314105930734,0.796,0.398,0.7795369874040978,0.35430890538714177,0.9234285714285715
2012,Liuyang,63118,4.36607356513328,High,0.017184597071301915,5.1775939624452294e-06,2.7212144187976386,0.0065042557627000295,0.024,0.012,1.1932487710246293,2.1836586530374165,0.16246153846153846
2012,Ningxiang,62202,3.2810433663556657,High,0.015131224696803173,3.9882824140256926e-6,1.7361779849976724,0.08253236863140496,0.124,0.062,0.8632835746423815,0.5858492655046783,0.4022857142857143
2012,Wangcheng,70666,5.440640142400598,High,0.01651551163698453,4.649682778553597e-6,3.5491175119363625,3.8652454635089103e-4,0.012,0.006,1.0152554969969922,0.8939891146701342,0.11733333333333335
2012,Anren,12761,0.8444061194492185,Low,0.010298986166136042,4.011665458903765e-6,1.4078688346774806,0.15916991297884922,0.196,0.098,0.8402052203168939,1.280182255506121,0.539
2012,Guidong,8497,-0.21550009662140243,Low,0.00842999379084159,5.661308379946918e-6,0.9583163734701811,0.33790324985765247,0.376,0.188,0.9720138923373879,0.536409239673489,0.7694883720930233
2012,Jiahe,32091,-0.06835643160498993,High,0.012303052273930965,4.7032561951389455e-6,-0.5129695251439526,0.6079726383115851,0.74,0.37,0.7884338750183602,0.14733395135787664,0.9234285714285715
2012,Linwu,23986,0.12379753048688882,Low,0.011414495644685555,5.8804357011943876e-6,0.11949045417677542,0.9048868023172258,0.74,0.37,1.0018427873322038,1.020955648218366,0.9234285714285715
2012,Rucheng,11286,-0.2283372445822593,Low,0.008959680841602969,5.369829256894929e-6,0.7386029564620014,0.4601481284606793,0.46,0.23,1.0590817416114835,1.0656347139548483,0.8404897959183674
2012,Yizhang,17814,0.6495762066157895,Low,0.010376848854787684,5.003584514728294e-6,1.2401458745668985,0.21492144373738006,0.284,0.142,0.8340848923061562,0.15571084588012063,0.6669473684210526
2012,Yongxing,37651,1.653005357653989,High,0.013222651539876428,4.992000820307016e-6,1.041035784305357,0.2978589406599322,0.332,0.166,0.8695861409420114,0.8811942051018842,0.7125853658536586
2012,Zixing,65706,1.258823763020628,High,0.01547447448517709,3.797691821293932e-6,-0.6850859115068677,0.4932897099369988,0.524,0.262,0.7897407870237142,0.7761770280055322,0.8539259259259259
2012,Changning,24418,-0.06541375316923352,High,0.011477939935329137,5.324568136532159e-6,-0.12130611018626697,0.9034485805322489,0.94,0.47,0.8542395313271068,0.44777905948008545,0.98
2012,Hengdong,27485,0.2593820149249992,High,0.011845065837358245,4.958196643707597e-6,0.05795212458620748,0.9537867634379584,0.876,0.438,0.7988658111387001,0.3822522454999433,0.9636000000000001
2012,Hengnan,21911,-0.5278518829435408,Low,0.011280585167189435,4.6436693026537145e-6,-0.5015908939985653,0.6159553261039683,0.712,0.356,0.9781125967727013,1.3747309575959488,0.9234285714285715
2012,Hengshan,25172,-0.18120289483332022,High,0.011460980575552187,5.047953204689589e-6,-0.247512643823301,0.8045115075042285,0.948,0.474,1.034108198946449,1.3717052788390873,0.98
2012,Leiyang,26105,0.28823313741361467,High,0.011524489355574445,4.958827525080771e-6,0.25546407478161737,0.7983646874153344,0.716,0.358,0.8607235280225091,0.7525936927378032,0.9234285714285715
2012,Qidong,18001,-0.9735294873124662,Low,0.01074568184476514,4.288182331796555e-6,-0.7382311646960622,0.4603739878638059,0.524,0.262,0.7393596182273982,0.2448179776768007,0.8539259259259259
2012,Chenxi,17026,-0.9632722369647498,Low,0.010350013994413836,4.706115107535754e-6,-0.6569371959704584,0.5112213000729469,0.584,0.292,0.8296959898651469,0.49655463174461234,0.8741333333333332
2012,Zhongfang,30846,-0.6898921555000745,High,0.012054272563863915,4.90701665712618e-6,-1.1002559303852946,0.2712206276056353,0.184,0.092,0.9194704078251027,0.7010385262014296,0.5223225806451613
2012,Huitong,14334,-1.215455894755987,Low,0.0099001573334278,5.313233081942548e-6,-0.8159277562263041,0.41454145611055215,0.456,0.228,1.0401601921939667,1.2121992737047549,0.8404897959183674
2012,Jingzhou,20348,-1.1714376673812157,Low,0.01057664340424276,5.584144702569943e-6,-1.1701757036203908,0.24193026821386723,0.076,0.038,1.3653849360959787,2.848879627741005,0.33792
2012,Mayang,13744,-1.1587238877110952,Low,0.010004530364370781,4.65289562128921e-6,-0.7299209263439832,0.46543852015016607,0.508,0.254,0.9841122622238279,1.2181189551725655,0.8539259259259259
2012,Tongdao,12781,-1.5328740175040103,Low,0.00916077642993595,5.702753323600578e-6,-1.0239985512377734,0.3058359592013164,0.212,0.106,1.306050298065469,2.3481835598144007,0.5653333333333332
2012,Xinhuang,15412,-0.8569261192746593,Low,0.008501479618847289,4.981411984104201e-6,-0.2386618215774386,0.8113678232809431,0.98,0.498,2.20732415718231,5.416236516689679,0.98
2012,Xupu,13863,-1.6967951193272492,Low,0.010452245754656066,4.047608788597591e-6,-1.3000776766953337,0.19357434782354946,0.108,0.054,0.7647313586135579,0.2932474283840314,0.36553846153846153
2012,Yuanling,24194,-1.6590044925713512,Low,0.01134398035336853,3.717827926084966e-6,-1.778251594222349,0.07536254257712208,0.028,0.014,0.5438046622313741,-0.0219386616491124,0.16426666666666667
2012,Zhijiang,20518,-0.9912802299336445,Low,0.010681698639259371,4.7513238256319265e-6,-0.8385012281893541,0.4017492582124843,0.408,0.204,1.0072437647295935,0.9434987622100515,0.7978666666666666
2012,Lengshuijiang,64257,1.5278030229911779,High,0.018706747696090476,5.640641657374743e-6,-1.1411667437789117,0.25380054072320407,0.088,0.044,1.7245110652261657,4.384393929389872,0.33792
2012,Shuangfeng,17755,-0.3749457131752964,Low,0.010503766078667159,4.364432829888475e-6,-0.010811956615586472,0.9913734748158542,0.916,0.458,0.7420969223913809,0.6559747451369198,0.98
2012,Xinhua,13398,-0.8982846364524291,Low,0.010218287547536956,4.338867437796813e-6,-0.46510883712378015,0.6418535178390619,0.776,0.388,0.5770504844902031,-0.03560721060890337,0.9234285714285715
2012,Chengbu,10132,-2.1004879906506617,Low,0.009429616190679812,5.592440560460492e-6,-1.626035355443499,0.10394213439696229,0.012,0.006,0.8439682557223069,0.17066415593772177,0.11733333333333335
2012,Dongan,20901,-1.2862516931081964,Low,0.010783676000848983,5.46612239291344e-6,-1.2656504901843482,0.2056382410780423,0.096,0.048,1.0225662424552184,0.8447926030074742,0.33792
2012,Dongkou,13240,-1.9706666707483715,Low,0.009965970203824379,4.988935920145797e-6,-1.6079694678026384,0.10784186589774362,0.024,0.012,0.9032200919330156,0.6973966824925015,0.16246153846153846
2012,Longhui,9572,-2.5302503715427447,Low,0.009890566640998513,4.68239453493449e-6,-2.0712893152717022,0.0383317671858743,0.004,0.002,0.6728706945114742,0.17045177111970533,0.11733333333333333
2012,Shaodong,25246,-1.2388679296842913,High,0.01137435236527167,4.427519406393872e-6,-1.390796274627813,0.1642872131169601,0.084,0.042,0.6763009401610313,0.08086090540198487,0.33792
2012,Suining,16069,-2.037172700729499,Low,0.010525933852723228,4.014193601719513e-6,-1.8239462744131834,0.06816019490978162,0.012,0.006,0.7621632620451698,0.4815407610333855,0.11733333333333335
2012,Wugang,12112,-2.5129887436981444,Low,0.009850806496247961,4.13029813475906e-6,-2.1658290656519106,0.030324251395462545,0.004,0.002,0.5836574509837535,-0.17918533186637342,0.11733333333333333
2012,Xinning,10732,-2.0355025247528564,Low,0.009188733347733695,5.025791963250571e-6,-1.5280472370745537,0.12650081018567738,0.024,0.012,0.9286244624458021,0.9981158482717629,0.16246153846153846
2012,Xinshao,11514,-0.784897009421635,Low,0.009933603159828006,4.083211211887019e-6,-0.20649826521315764,0.8364017197014926,0.98,0.49,0.7605026688515617,0.555676344800411,0.98
2012,Shaoshan,55570,3.3087576818382356,High,0.017042277281233465,5.446441845761686e-6,1.865947697527167,0.062048683393622725,0.128,0.064,1.2026850504569957,1.3323874458004896,0.4022857142857143
2012,Xiangxiang,29361,1.8082053712255253,High,0.012141999278657141,5.2584154655597685e-6,1.656928734735809,0.09753388408199237,0.14,0.07,0.9607728780890074,1.2894776928211575,0.4248275862068966
2012,Baojing,14563,-1.5477880151814378,Low,0.010154515760665554,5.026086801578259e-6,-1.2085656762183121,0.22682974974100423,0.148,0.074,0.8188496420267493,0.4589891232875809,0.43413333333333326
2012,Fenghuang,13382,-1.0316124630190535,Low,0.009814843981876025,5.873164333124932e-6,-0.5321341610532223,0.5946330789404047,0.728,0.364,1.0170647380288618,0.7180823747586089,0.9234285714285715
2012,Guzhang,11580,-1.3220425408955665,Low,0.00965915347886178,4.61753614310283e-6,-0.7644033657968817,0.44462690361174567,0.484,0.242,0.8408128537045796,0.2810380940371706,0.8420392156862745
2012,Huayuan,20337,-0.6715873797953026,Low,0.010812326217970153,6.292343700226185e-6,-0.5920693864485471,0.5538041257940329,0.684,0.342,1.0558705181241939,0.7833767756611665,0.9234285714285715
2012,Jishou,31537,-0.79940183157357525,High,0.012369857369315085,5.368558511966129e-6,-1.3077594608896863,0.19095490825673403,0.096,0.048,0.7226657715305216,0.24933131466909542,0.33792
2012,Longshan,9754,-1.9574826483815502,Low,0.008799062932549602,5.767620793127627e-6,-1.4037394815586475,0.16039644101163938,0.04,0.02,0.9944506611179076,0.4714890286625093,0.22
2012,Luxi,17472,-1.2076090506075359,Low,0.010580127708211897,4.512758854306895e-6,-0.9690951226077588,0.3324977310062222,0.304,0.152,0.9578850865949284,0.9520416577467268,0.6859487179487179
2012,Yongshun,9590,-2.0214804215943767,Low,0.009463445077981789,5.7734360748065395e-6,-1.339135196032257,0.18052666437757614,0.084,0.042,1.0246485601043085,1.3322420997825155,0.33792
2012,Anhua,14567,-0.3781821046719227,Low,0.010283919196808912,4.537100669609735e-6,0.11540020659012867,0.9081279152219012,0.792,0.396,1.2272425695051774,3.109314672982353,0.9234285714285715
2012,Nan,21311.46,-0.05088412242254697,Low,0.011039805931541113,4.9568435010462885e-6,0.09165998867019871,0.9269681879310403,0.788,0.394,0.9125100038337401,1.0128369335770007,0.9234285714285715
2012,Yuanjiang,26258,0.10054437747645292,High,0.011618454674917946,5.0139111513797485e-6,-1.1885091216475419e-4,0.9999051706923696,0.808,0.404,0.8854193416670464,0.31567134733993596,0.9234285714285715
2012,Jianghua,15801,-1.3204367558981878,Low,0.010138900622273581,5.615920243403709e-6,-1.0162658562870501,0.3095028031376051,0.22,0.11,1.2895200128382738,1.946660380436784,0.5694117647058824
2012,Lanshan,20088,-0.6114351689740863,Low,0.010760469880092584,5.145779838852152e-6,-0.47572451645623143,0.6342706523844994,0.76,0.38,0.7108899406708059,-0.01403084316423131,0.9234285714285715
2012,Ningyuan,12697,-1.2014010795015175,Low,0.010211160584425151,4.4217912735308954e-6,-0.711749107505805,0.47662015241074096,0.544,0.272,0.7835430779569901,0.37220001367835476,0.8548571428571429
2012,Shuangpai,21942,-0.8213950538456884,Low,0.01077629489456914,5.423365846632565e-6,-0.8173340083850922,0.41373757690018587,0.396,0.198,1.0354329861912648,0.7528954129448029,0.792
2012,Xintian,14426,-0.5443060852775687,Low,0.009886036736708811,6.00750973512692e-6,-0.00816593111461987,0.9934846020495746,0.828,0.414,1.1015255818002572,1.2266409266749259,0.9341538461538461
2012,Huarong,30413,0.3712822487726757,High,0.012719718358404505,5.758719999108326e-6,-0.037409951931166745,0.9701581377328152,0.772,0.386,1.3319307634677044,1.7185600159630248,0.9234285714285715
2012,Linxiang,31897,0.6636642865646729,High,0.013767790967921117,5.815601938867447e-6,0.09331759302905653,0.9256512558528118,0.572,0.292,1.919685952729533,3.597628221851018,0.8741333333333332
2012,Miluo,42497,3.969392490971641,High,0.013650014063588763,4.68910530745179e-6,3.585004094661763,3.3707291674283984e-4,0.008,0.004,0.889107935043005,0.4012685807976273,0.11733333333333333
2012,Pingjiang,17252,3.066110397701014,Low,0.010216800761714535,5.416242009496211e-6,4.117675390228529,3.827132456428524e-5,0.008,0.004,1.0986146879851018,1.2661768038155055,0.11733333333333333
2012,Xiangyin,33983,2.1655568837676737,High,0.01249588373658959,5.0050692958017665e-6,1.944563024511825,0.051827593149515794,0.092,0.046,0.900733387806602,0.5590746516780838,0.33792
2012,Cili,18714,-0.6128681766824824,Low,0.010229298416453802,5.13445854005685e-6,-0.3195564753248663,0.7493045731848318,0.96,0.48,1.1987909538733024,1.7755079394608,0.98
2012,Chaling,20078,-0.36306587641068166,Low,0.010621049221055683,5.566269744973349e-6,-0.1518913229296564,0.8792726521852237,0.916,0.458,1.1112963849514956,1.5723257177834942,0.98
2012,Liling,41491,2.700375143310529,High,0.014534312246669082,5.6842972113373996e-6,2.104631023137739,0.03532343897017685,0.068,0.034,0.9944951782047702,0.39831876219583506,0.3324444444444445
2012,Yanling,21021,0.41778981033070334,Low,0.010831312874480845,5.466586339988939e-6,0.6800721609376501,0.49645877074603767,0.488,0.244,1.0188565106788423,1.3473835674532246,0.8420392156862745
2012,You,36264,0.8170744905823778,High,0.012894141450492903,5.039123697652751e-6,0.23971620836314012,0.8105502688012455,0.696,0.348,0.8925700924652421,0.6152405122156477,0.9234285714285715
2012,Zhuzhou,27589,3.5614720692950557,High,0.011659618759036617,4.577201309399647e-6,3.7795698960769184,1.5709949021838605e-4,0.008,0.004,0.7975031036446183,0.28116905266535897,0.11733333333333333
2012,Sangzhi,14624,-1.328564096149,Low,0.010103273198126721,3.9406221855558056e-6,-0.9402519120035056,0.34708835958121287,0.368,0.184,0.6635457854749747,0.007193252595043553,0.7694883720930233
2012,Yueyang,26360,0.8608100821142612,High,0.011585130776010382,4.205974258789714e-6,0.8175315141972556,0.4136247473245801,0.436,0.218,0.5265666037912323,-0.23634078101462386,0.8340869565217391
2012,Qiyang,20638,-0.7773093343597249,Low,0.010995235751453216,4.443531922543675e-6,-0.6383410584203131,0.5232516902488652,0.592,0.296,0.8066179464452033,0.8057660798773862,0.8741333333333332
2012,Taojiang,19509,1.6637697895435708,Low,0.010853460781348818,3.5906643081495906e-6,2.2053171195277015,0.027431849354190758,0.052,0.026,0.48021377478442034,-0.1482649723266154,0.2691764705882353
2012,Shaoyang,9653,-2.1646700475123763,Low,0.009944558182888264,3.856118783699753e-6,-1.7080615153121312,0.08762492882391557,0.028,0.014,0.6946047232253136,0.11557848938956816,0.16426666666666667
2012,Lianyuan,18346,0.6931764091770963,Low,0.01079860126636429,3.899762047813271e-6,1.0157467801787794,0.3097499850974272,0.324,0.162,0.684496642999317,0.42407362332403276,0.7125853658536586
2012,Hongjiang,17733,-1.2588251412467455,Low,0.010663056976307789,4.594868068820828e-6,-1.0553184399364586,0.2912797103454115,0.276,0.138,1.0036802395483913,1.885328191620693,0.6669473684210526
2012,Hengyang,19382,-0.6301715476029864,Low,0.010755057936481807,5.303188173449662e-6,-0.42853217701331303,0.6682637122023141,0.78,0.39,1.0120620899011632,1.2746142452854912,0.9234285714285715
2012,Guiyang,32853,1.29170352622292,High,0.011911389714802566,3.3011552373987437e-6,1.098448402157686,0.27200873680162724,0.288,0.144,0.5686929754248669,-4.815085787064355e-4,0.6669473684210526
2012,Changsha,88656,5.694247583011458,High,0.018534579159443572,4.038182997373253e-6,3.1006456368483843,0.0019309922878619258,0.02,0.01,0.91569106214471,0.7180158084531802,0.16246153846153846
2012,Taoyuan,22879,-0.5340451469655788,Low,0.01125943415857227,3.267287851410824e-6,-0.47051611349887573,0.6379863246758438,0.696,0.348,0.7919693577198604,1.1421961985443616,0.9234285714285715
2012,Xiangtan,27060,4.08704501448758,High,0.011558863323655865,3.1215974030877004e-6,4.44457789321149,8.806459793976505e-6,0.004,0.002,0.5744708960768887,0.26042165244987814,0.11733333333333333
2012,Dao,18059,-1.2044557507889104,Low,0.010379993123574365,5.502707190636867e-6,-0.9934073665254123,0.3205114731124118,0.248,0.124,0.9806501412413595,1.1707621142472222,0.6235428571428572
2012,Jiangyong,17168,-1.0042394773820362,Low,0.0095923735219514,5.688932133526381e-6,-0.6933871216119935,0.4880666420233415,0.468,0.234,1.501351541968264,2.2769172536615994,0.8404897959183674
2013,Anxiang,24012,-0.04204984059361024,Low,0.011047487832069582,4.9887181653369894e-6,0.093491125212187,0.9255133998703748,0.804,0.402,0.7424685597130121,0.03200156610580995,0.8995555555555554
2013,Hanshou,24034,-0.40533173420023894,Low,0.01112611964013409,5.377917386698109e-6,-0.3437166303055845,0.7310594031874568,0.904,0.452,0.8908297631646324,0.35482324050866243,0.9470476190476191
2013,Jinshi,38042,0.4986441651863203,High,0.012965458215979383,5.8091336058737465e-6,-0.09069522000625514,0.9277347688615651,0.896,0.448,1.0907769743831583,1.4471457657600606,0.9470476190476191
2013,Li,27721,0.3478030551704952,High,0.011382646081158474,5.332819692137141e-6,0.4095577639811,0.6821303850705671,0.576,0.288,1.0839078794366126,1.0816849587869513,0.8367213114754098
2013,Linli,27994,0.3972226333428505,High,0.011486700582248162,5.2231574530503815e-6,0.4282891584161271,0.668440611170303,0.58,0.29,0.9478922820387975,0.7668281926154323,0.8367213114754098
2013,Shimen,30054,-0.26614128132654863,High,0.011656117646621712,5.088001843048359e-6,-0.4308298063294432,0.6665921252434877,0.824,0.412,1.198975234747662,2.370070460567338,0.8995555555555554
2013,Liuyang,71634,4.421424452244407,High,0.017480111883080462,4.514364453037607e-6,2.893791978102011,0.003806202315993356,0.036,0.018,1.1300226338851465,1.4132577588289674,0.176
2013,Ningxiang,69797,3.365255803784216,High,0.01521724957934881,3.953005221364704e-6,1.8246340231289822,0.06805627557694839,0.112,0.056,0.7349586661175336,0.20937635962727486,0.38841379310344826
2013,Wangcheng,79195,5.4724086166232535,High,0.01681707850270665,4.167547299852577e-6,3.6894214092361377,2.2476464710620891e-4,0.004,0.002,0.7382914204643638,0.30212355685460723,0.058666666666666666
2013,Anren,15490,0.9157450688125729,Low,0.01053123908242947,4.039515861618189e-6,1.3689935852402229,0.17100128009035365,0.188,0.094,0.9102809995123186,1.287158424069779,0.517
2013,Guidong,9434,-0.1891480316571192,Low,0.008468831024440529,5.92101740805981e-6,0.9520102181079676,0.3410917997661583,0.364,0.182,1.2288181686073032,1.595463806535057,0.7113333333333334
2013,Jiahe,35328,-0.10322571906774569,High,0.012484500428315618,5.416533199789887e-6,-0.594818294103736,0.5519649376207685,0.676,0.338,0.8068259647083392,0.7307831701842225,0.8995555555555554
2013,Linwu,25241,0.19121489379958556,Low,0.011155863250017843,5.055199720127101e-6,0.32832509335715987,0.742665873066888,0.636,0.318,1.0132857150301837,1.4197681613336481,0.8995555555555554
2013,Rucheng,12569,-0.07811116813790403,Low,0.008884316723988898,6.131182683538772e-6,0.9048491326195203,0.36554531833775866,0.376,0.188,1.2327164696988524,1.583184587257536,0.7113333333333334
2013,Yizhang,25040,0.8822788311933373,Low,0.011029786826652366,5.512223587341931e-6,1.1846217647082142,0.2361670277057675,0.264,0.132,1.132261220464224,1.4817173135877564,0.6113684210526317
2013,Yongxing,42868,1.7207540870495182,High,0.013100048680017762,4.729361832408542e-6,1.221222224074541,0.22200189185489877,0.24,0.12,0.880666874499543,0.4835832644416076,0.6034285714285714
2013,Zixing,72393,1.4320358601046737,High,0.015398905515196489,3.543266821923459e-6,-0.45245191297598664,0.6509434558620353,0.74,0.37,0.7163879062972319,0.4624479038800775,0.8995555555555554
2013,Changning,27057,-0.10015985006171738,High,0.01122786168225728,4.826779917319822e-6,-0.054566765981274655,0.9564836161986211,0.88,0.44,0.8869526946413976,0.43473554347980325,0.9443902439024391
2013,Hengdong,30326,0.3108209743139905,High,0.011685300015633003,4.568138717368232e-6,0.19457530331132042,0.84572543861262806,0.76,0.38,0.8351373842678518,0.7951312118948315,0.8995555555555554
2013,Hengnan,23818,-0.5414726618289945,Low,0.01117927621177784,4.051997926700893e-6,-0.5064193855598306,0.6125622685610661,0.696,0.348,0.6017837277268112,0.21349767644890072,0.8995555555555554
2013,Hengshan,27622,-0.17767916869875966,High,0.011573296776132891,5.388267578728111e-6,-0.28570016987979036,0.7751077745732226,0.96,0.48,0.7695290458642201,0.46249069446913005,0.9710344827586207
2013,Leiyang,27600,0.28373411670851817,High,0.011603493854285989,5.095550722433793e-6,0.2145773197653094,0.8300968782535848,0.76,0.38,0.6544761833822391,0.20860197190603103,0.8995555555555554
2013,Qidong,19849,-0.9812773558597584,Low,0.010729150828322109,4.1348264782477244e-6,-0.7607922347491517,0.44678117324838706,0.504,0.252,0.613426947366888,-0.044255170396139576,0.8089824561403509
2013,Chenxi,18986,-1.0007234951709594,Low,0.010243152379809795,4.283022365877383e-6,-0.6928366570000323,0.4884120648550986,0.58,0.29,0.6747030094052576,0.08188795676493621,0.8367213114754098
2013,Zhongfang,34218,-0.6561434025011034,High,0.012128518909864543,4.5568424820894745e-6,-1.1428830399686056,0.25308715509463786,0.176,0.088,0.9826795742165073,1.283765122220462,0.4996129032258064
2013,Huitong,16023,-1.1798492741942093,Low,0.009770073507822908,4.889021670389395e-6,-0.7594865093681744,0.4475615811218518,0.512,0.256,0.7846161729912433,0.26247115111704966,0.8089824561403509
2013,Jingzhou,22774,-1.144814859979901,Low,0.010657275985655273,5.866564200967506e-6,-1.1533716122651179,0.24875788811400912,0.14,0.07,1.1279507080056355,1.1782786994435543,0.4106666666666667
2013,Mayang,15420,-1.1672001821983025,Low,0.009975317420511214,4.9184196008300814e-6,-0.717372480671572,0.47314429519432094,0.52,0.26,0.7783063320412932,0.38093088715232026,0.8089824561403509
2013,Tongdao,14134,-1.5326168947337053,Low,0.009104098016310149,4.802286010196466e-6,-1.1070466227387727,0.2682737714291868,0.204,0.102,1.0074050680194453,1.0204878354860076,0.528
2013,Xinhuang,17193,-0.8272316036953734,Low,0.00854837679002092,5.310115906954799e-6,-0.21211708531356302,0.8320156908266897,0.928,0.47,2.095625386994725,4.552876751571425,0.9607529411764707
2013,Xupu,15330,-1.6829266506258311,Low,0.010493990759672854,4.303938590772409e-6,-1.2808191231387804,0.20025720551365164,0.128,0.064,0.77098555363251,0.4081201178937319,0.38841379310344826
2013,Yuanling,26525,-1.6878931618816437,Low,0.01130966583804165,3.878936989854301e-6,-1.7686007978008047,0.07696051753766373,0.024,0.012,0.6664304777705229,0.46207062893887585,0.16246153846153846
2013,Zhijiang,22994,-0.9467877842725974,Low,0.010982075607234541,5.080295989202907e-6,-0.9029078472311463,0.3665748055039446,0.388,0.194,0.9356165125643665,1.0785200003210509,0.7113333333333334
2013,Lengshuijiang,70781,1.5173132392697724,High,0.018724259136524927,5.112246825590285e-6,-1.2038223436486526,0.22865825172097623,0.124,0.062,0.8701364377638927,0.16182689618030688,0.38841379310344826
2013,Shuangfeng,19797,-0.3210198978925197,Low,0.010476808238945243,4.479051928306818e-6,0.05910767098430521,0.952866348764531,0.808,0.404,0.9186993022072024,1.179285081759227,0.8995555555555554
2013,Xinhua,15063,-0.8876211578374029,Low,0.010159909602274288,4.800801119168425e-6,-0.41188515669448883,0.68042360083740006,0.828,0.414,0.8370197411649826,1.2423486270644215,0.8995555555555554
2013,Chengbu,10595,-2.1364674920438183,Low,0.008937807936744811,4.951782274125721e-6,-1.573155923887563,0.1156827183343057,0.028,0.014,0.9826580452906895,0.7797078043261605,0.176
2013,Dongan,23002,-1.286486191848902,Low,0.01089631867345884,6.132553468008742e-6,-1.2523683391803244,0.21043567751291753,0.12,0.06,1.070403668091556,1.4007164544220396,0.38841379310344826
2013,Dongkou,14480,-1.9868248855483934,Low,0.009950529148775866,5.063124846453447e-6,-1.6257899570640855,0.10399434552207752,0.024,0.012,0.6634788005654064,-0.11777058577134492,0.16246153846153846
2013,Longhui,10191,-2.5449825631758873,Low,0.009785750041005735,4.655350382848112e-6,-2.067545871446274,0.03868274648742197,0.004,0.002,0.7691885360102569,0.49514736877055165,0.058666666666666666
2013,Shaodong,27817,-1.2265608106522286,High,0.011489550346023692,5.009072333238869e-6,-1.3566739900742415,0.17488482044485157,0.108,0.054,0.6878098327948613,0.19738587528779483,0.38841379310344826
2013,Suining,17604,-2.0439649513248885,Low,0.010493227604383065,4.537111546865518e-6,-1.7246446402248587,0.08459153336297395,0.016,0.008,0.8347896622146771,0.5463288108098734,0.16
2013,Wugang,12657,-2.5570360199496416,Low,0.009858297258518058,4.6767861083621835e-6,-2.1095740999981976,0.0348950571892479,0.004,0.002,0.863843239791907,0.911072548863201,0.058666666666666666
2013,Xinning,11834,-2.0596544796591227,Low,0.009123199895673137,5.011212092144671e-6,-1.5514323136674344,0.12079811638718946,0.02,0.01,0.9546789902965951,0.5990987990816614,0.16
2013,Xinshao,12649,-0.7869981015658981,Low,0.009980983119900385,5.100178513558211e-6,-0.21466041660367918,0.8300320860894088,1,0.5,0.9548635923449371,0.86719454186558,1
2013,Shaoshan,61301,3.357057339172682,High,0.017158156392611312,5.3805475426098394e-6,1.9265009934891602,0.054041847918832986,0.116,0.058,1.3175531276142867,1.660911304252565,0.38841379310344826
2013,Xiangxiang,33585,1.8992819976313267,High,0.012212273015397694,4.773988013577608e-6,1.8303753764450077,0.06719382712786845,0.1,0.05,0.8473991357615835,0.473594301121643,0.38841379310344826
2013,Baojing,12695,-1.7605637529034959,Low,0.009597080128164202,4.665991659707231e-6,-1.2625737386484537,0.2067424106220945,0.092,0.046,0.9346565972456727,0.5788164174195098,0.38552380952380955
2013,Fenghuang,15368,-1.1365058736659968,Low,0.009684135359650129,4.802221802148105e-6,-0.6722373034605863,0.501432636389021,0.496,0.248,1.3569455517434286,2.2730442111312774,0.8089824561403509
2013,Guzhang,13345,-1.447373442133823,Low,0.009772314430028637,4.560708015888764e-6,-0.9847863222248929,0.3247290405375508,0.32,0.16,0.660461880720692,0.1082336249412097,0.686829268292683
2013,Huayuan,19980,-0.9072488992528401,Low,0.01015831902220831,5.512893034874228e-6,-0.6679574615398274,0.5041607463579026,0.508,0.254,1.2286721811804018,1.6401759398563254,0.8089824561403509
2013,Jishou,33904,-1.0070674856526647,High,0.012033118667932744,5.085185470388144e-6,-1.436791924295431,0.15077712574723398,0.036,0.018,0.8682681835635915,0.48180039661564855,0.176
2013,Longshan,10791,-2.0447978590303846,Low,0.008553010610842524,4.835423205069156e-6,-1.5647186555686015,0.1176488922319374,0.02,0.01,0.9833208537017079,0.5186525937993052,0.16
2013,Luxi,16876,-1.2972833028827635,Low,0.010683368418984002,4.9752660818471224e-6,-1.075079957906741,0.28233893170939367,0.272,0.136,0.7477077638044617,0.516641097122323,0.6137435897435898
2013,Yongshun,10712,-2.0829516706912536,Low,0.009293232863810754,5.236686058818106e-6,-1.4186101290431337,0.15601271119181903,0.032,0.016,0.9839404604581989,0.7723359786103945,0.176
2013,Anhua,16071,-0.3378816079959538,Low,0.010249550288841464,4.007641873017245e-6,0.1812935906050908,0.8561371366282154,0.76,0.38,0.6595082557087969,0.1904102124905691,0.8995555555555554
2013,Nan,23479,-0.07633250559585146,Low,0.010965813494997997,4.864269575709094e-6,0.09825252571470905,0.9217317747012961,0.82,0.41,0.8997579499456955,1.1747193700176082,0.8995555555555554
2013,Yuanjiang,28826,0.11070118672982196,High,0.01161084645804983,5.50648661237348e-6,0.01506616504447406,0.9879793942804314,0.828,0.414,1.1124155971510856,1.771071120387937,0.8995555555555554
2013,Jianghua,17580,-1.3016766359592573,Low,0.00999580486117326,5.079044020521697e-6,-0.9952587347086627,0.31961044204214756,0.256,0.128,1.0463921452612852,1.5608189582191692,0.6113684210526317
2013,Lanshan,22137,-0.6398543034779385,Low,0.010658340439787709,5.841356051929879e-6,-0.44257067565067215,0.6580762992981388,0.812,0.406,1.098958848595264,1.189590381959082,0.8995555555555554
2013,Ningyuan,14110,-1.241436690503346,Low,0.010196151749499503,4.5100968576670615e-6,-0.7498158441136725,0.4533656248743553,0.52,0.26,0.7672936115797814,0.36880062074558095,0.8089824561403509
2013,Shuangpai,21770,-0.9466686397772888,Low,0.010509090830818309,6.175368625151288e-6,-0.8207632483544386,0.411781136281154,0.372,0.186,1.1173886526659873,1.2104509142190922,0.7113333333333334
2013,Xintian,15881,-0.5433190311566323,Low,0.009754119925512766,5.120076459565844e-6,0.045237927787591566,0.9639176631790729,0.776,0.388,1.0085731141160317,1.0017291270354702,0.8995555555555554
2013,Huarong,33611,0.3676668751047016,High,0.012793472071097448,5.6955351365589625e-6,-0.06938025307643166,0.9446869468001222,0.816,0.408,1.3624014842519396,1.9592700905348241,0.8995555555555554
2013,Linxiang,35394,0.6701315409873472,High,0.013668333329757098,5.369233404010214e-6,0.16049098320753122,0.8724943239208882,0.524,0.27,2.136631815679564,4.881236869484271,0.8089824561403509
2013,Miluo,47066,3.9542632415489636,High,0.013770981343336201,5.538391430682362e-6,3.265896659954973,0.0010911806246499786,0.012,0.006,0.9184450149573188,0.893720369553467,0.15085714285714286
2013,Pingjiang,19076,3.075196660371042,Low,0.010402019963512423,5.1474273391356695e-6,4.183780878822574,2.867004693199676e-5,0.004,0.002,0.8242410293582317,0.5682653214318343,0.058666666666666666
2013,Xiangyin,37621,2.1752809589971,High,0.012583201856517866,5.2665381139368125e-6,1.8880297642534303,0.059021954756008216,0.108,0.054,0.9981872340127084,1.1392056332411755,0.38841379310344826
2013,Cili,20303,-0.6289400178998114,Low,0.010207513489408009,6.392685798772961e-6,-0.30323002865094517,0.7617145660909868,0.94,0.47,1.390130873522175,2.246048886142388,0.9618604651162791
2013,Chaling,22363,-0.26878693401735126,Low,0.010425906510156072,5.8359925895071565e-6,0.048014076289471824,0.9617050242891795,0.732,0.366,1.3280317290248107,2.3985484768074627,0.8995555555555554
2013,Liling,46052,2.768352459004767,High,0.014403727635503346,5.5942572378511e-6,2.292958294655154,0.02185040613520041,0.08,0.04,1.321950036959142,2.101326627880449,0.35200000000000004
2013,Yanling,24147,0.5204427875816514,Low,0.011056082497366055,4.496387021499829e-6,0.7715188196536645,0.44039947176523464,0.388,0.194,0.8083923094540277,0.6632998192462405,0.7113333333333334
2013,You,40725,0.8892904126146086,High,0.013022501021816674,5.467020860343114e-6,0.26133496844277565,0.793834202336968,0.688,0.344,0.8287598668357894,0.4380832025148078,0.8995555555555554
2013,Zhuzhou,30801,3.6067643661500832,High,0.01166865363457803,4.197997762190651e-6,4.028165802091055,5.621369598827463e-5,0.004,0.002,0.8358184427143226,0.4268854754641209,0.058666666666666666
2013,Sangzhi,15672,-1.3390153447513777,Low,0.010213870109651777,4.68926172889378e-6,-0.9362974757229727,0.34912004748349434,0.344,0.172,0.8145051139528143,0.5884234823211525,0.704
2013,Yueyang,29171,0.8572760121521005,High,0.011502851389946708,4.389788315667625e-6,0.8431800614512887,0.399127747758105,0.404,0.202,0.745499640571356,0.4743380086002258,0.7255510204081633
2013,Qiyang,22774,-0.8238928575361507,Low,0.0111056151563783,4.752755628216762e-6,-0.7218054508291669,0.47041409773340837,0.524,0.262,0.7692913903548341,0.4091243111721665,0.8089824561403509
2013,Taojiang,21511,1.7174255746481228,Low,0.01081457644381926,4.127898191267902e-6,2.1494613055740763,0.031597850239296385,0.052,0.026,0.5919679078180692,0.07637681732105062,0.24084210526315789
2013,Shaoyang,10531,-2.1828794636950897,Low,0.009821162389619206,4.256164946202932e-6,-1.6045862786208336,0.10858488309227816,0.032,0.016,0.778120797805757,0.8761501562647656,0.176
2013,Lianyuan,20607,0.7459185341299936,Low,0.010807081212884673,4.00064832298603e-6,1.059783675187958,0.28924302526233864,0.284,0.142,0.7904654341953367,0.6341665323883237,0.6248
2013,Hongjiang,19786,-1.2324432527241342,Low,0.010722819102857684,4.422016146775836e-6,-1.0859468538182424,0.27750250600513066,0.26,0.13,0.6378273360077418,0.08158877774212714,0.6113684210526317
2013,Hengyang,21419,-0.6375359359952849,Low,0.010863069923144656,4.9843079223669216e-6,-0.5046863736914616,0.6137791331679876,0.744,0.372,0.9557551646740792,0.9463419408611822,0.8995555555555554
2013,Guiyang,36372,1.3561220318998486,High,0.012091363606830625,3.800530397318509e-6,1.0077206605903253,0.31358858358234465,0.34,0.17,0.6829660531283818,0.11489970840783315,0.704
2013,Changsha,97249,5.708505423705478,High,0.018415948614651102,3.7624577764092166e-6,3.3474922049931815,8.154628108462043e-4,0.02,0.01,1.1067629803798096,2.2089939213156953,0.16
2013,Taoyuan,25691,-0.5665366823511555,Low,0.01132953899887699,3.001670358234256e-6,-0.569674234841987,0.5688986683746187,0.648,0.324,0.2625494302885043,-0.31326290529180945,0.8995555555555554
2013,Xiangtan,30636,4.135066434286472,High,0.0115215803041756,3.869712278358789e-6,4.092855461971411,4.260933395924412e-5,0.004,0.002,0.7859481990504704,0.6697202363420534,0.058666666666666666
2013,Dao,20073,-1.2478518289948988,Low,0.01025222821929364,4.72877336783505e-6,-1.0807185705161628,0.27982231985686173,0.196,0.098,0.841831147858828,0.22403415417789097,0.5226666666666666
2013,Jiangyong,18912,-0.9924185722810046,Low,0.009457150001867792,5.730160423729601e-6,-0.6291481226600297,0.5292520880924534,0.572,0.286,1.6580523341451758,3.3865769635377694,0.8367213114754098
2014,Anxiang,24818,-0.04414960565621612,Low,0.010805283838636286,4.863374212296407e-6,0.20217853257653753,0.8397771550979236,0.696,0.348,0.8665059013917915,0.7122366978776937,0.9101714285714285
2014,Hanshou,26745,-0.37909394419258713,Low,0.010985855430146204,4.844404296761257e-6,-0.26719542194537776,0.7893187008153851,0.976,0.488,0.969807401611017,1.1120117421733458,0.98
2014,Jinshi,41277,0.48904327444197315,High,0.012774451226999613,5.490431005598194e-6,-0.024191180709219842,0.980700112847743,0.804,0.402,1.0033730380333126,0.7109822736152216,0.9309473684210527
2014,Li,31861,0.34606835589729995,High,0.01162926597279741,5.413542841947321e-6,0.2976799101933612,0.7659474780247775,0.636,0.318,1.0868709258502094,1.2120649172318227,0.893968253968254
2014,Linli,29998,0.40076112690896154,High,0.01141230042031466,5.914126558761641e-6,0.4362925952468581,0.6626244536179512,0.58,0.29,1.0067077245098806,0.7477473928375686,0.8565333333333333
2014,Shimen,32286,-0.23981993649029415,High,0.011678455437120447,5.142764463709377e-6,-0.4082636863700728,0.6830800963761361,0.86,0.43,0.8981779908544831,0.5787040355440323,0.9343209876543209
2014,Liuyang,78127,4.465793803697304,High,0.017528105221625158,5.4242438992252834e-6,2.6625329123237385,0.0077554984814457205,0.048,0.024,0.9972627051903178,0.933944546350673,0.22231578947368422
2014,Ningxiang,75076,3.3288216272895874,High,0.015125907585001375,4.115339465654995e-6,1.786759502526153,0.07397636735062353,0.12,0.06,0.8300310843770053,0.8788687743527408,0.352
2014,Wangcheng,84780,5.445771718140135,High,0.016647266802927215,4.371858669424462e-6,3.641944050032641,2.705868908010751e-4,0.004,0.002,0.6691766168406735,0.1289944055094452,0.10057142857142858
2014,Anren,17947,1.0487077330198993,Low,0.010473763814079686,3.6376747665654623e-6,1.6167650985420559,0.1059289958302055,0.124,0.062,0.805293992426131,1.082795819488915,0.35200000000000004
2014,Guidong,10583,-0.11243837832108372,Low,0.008595805287235707,6.363700716519276e-6,0.9611794273266656,0.3364619585669812,0.38,0.19,1.1581103568587177,1.4949070270701617,0.6824489795918367
2014,Jiahe,38064,-0.1477652690378938,High,0.012292178519647876,4.9077411042329074e-6,-0.5890861256449278,0.5558035001199699,0.64,0.32,0.9431890754547386,0.7939037085594287,0.893968253968254
2014,Linwu,26275,0.15993687979450696,Low,0.01088356465420755,5.467493356200768e-6,0.39470559696123836,0.6930601716973126,0.608,0.304,1.116746646460784,1.8876444746198215,0.8771147540983607
2014,Rucheng,14018,2.9866029535857147e-5,Low,0.009066431679422482,6.7548455768223515e-6,0.8839123682031723,0.37674352007321543,0.38,0.19,1.245116427806499,1.6878473446929876,0.6824489795918367
2014,Yizhang,28354,0.9588775741702688,Low,0.011309740538076972,5.8441348869138564e-6,1.1205827701263966,0.2624655024609782,0.308,0.154,0.9656533845382171,0.7479983458118,0.6537142857142857
2014,Yongxing,48646,1.8944845755542499,High,0.013355092346017165,4.9186512725369285e-6,1.2784836918219646,0.20107893134512725,0.224,0.112,1.0652952512618479,1.1861682888327554,0.5632
2014,Zixing,80663,1.6061993394476688,High,0.015419931512146347,3.371260020245335e-6,-0.2679588162257397,0.7887310196791794,0.916,0.458,0.9456704567733579,1.191140141626942,0.9596190476190477
2014,Changning,29665,-0.0660683700752151,High,0.011483149670854138,5.146582832991605e-6,-0.12688231799008082,0.8990335417198809,0.98,0.49,0.7144284762417838,0.0823075707542329,0.98
2014,Hengdong,33307,0.39470528180185427,High,0.011870458799601632,5.0906081534638186e-6,0.18972100870701547,0.84952775723104,0.72,0.36,0.8914463784973546,0.6770410311593902,0.9101714285714285
2014,Hengnan,26001,-0.5133078471614159,Low,0.011122635151751202,4.670179043310871e-6,-0.4155709336458507,0.6777239995910671,0.804,0.402,0.8513140162524868,0.8393919444298348,0.9309473684210527
2014,Hengshan,30462,-0.15667726567592533,High,0.011402417640114503,5.45445505984473e-6,-0.18753038814566853,0.8512448000030467,0.948,0.474,1.0135150369710915,1.0447590659352057,0.98
2014,Leiyang,30360,0.3707489372944384,High,0.011580719247427991,5.092816198052508e-6,0.32238436669775317,0.7471615261188613,0.692,0.346,0.9109083114360395,0.9007862497432324,0.9101714285714285
2014,Qidong,21906,-0.9684074128141739,Low,0.010764970613346081,4.2191309943955444e-6,-0.7547590678990775,0.4503935577752783,0.524,0.262,0.604257697156062,0.28228622411812676,0.8384
2014,Chenxi,20132,-1.1289912039641827,Low,0.010510384215818059,5.341288067204811e-6,-0.8754443356306761,0.3813321852471474,0.38,0.19,0.8890164364299846,0.7106923970067003,0.6824489795918367
2014,Zhongfang,35747,-0.8110077113297308,High,0.01204079550214789,4.776371085973453e-6,-1.2553211664975656,0.2093621943573395,0.108,0.054,0.813618991129319,0.25208529593505125,0.352
2014,Huitong,17040,-1.2307096383639133,Low,0.009642759244663499,5.333925524509683e-6,-0.7304010135296096,0.46514509903039103,0.46,0.23,1.0452144615991859,0.9715412236770962,0.7937254901960785
2014,Jingzhou,25078,-1.163773063457327,Low,0.010852656598261567,6.246498753288667e-6,-1.216524616877011,0.22378513938745878,0.088,0.044,0.984713485909582,0.5547345834428827,0.32266666666666666
2014,Mayang,16700,-1.2403803725973974,Low,0.009803056287863786,4.800068602026789e-6,-0.7301707214835871,0.46528583677496815,0.508,0.254,0.9971604894828162,1.0265547235671653,0.8343703703703703
2014,Tongdao,14871,-1.5568444067988938,Low,0.00898559281355705,5.253947259033969e-6,-1.0352362267452262,0.3005586043478088,0.212,0.106,1.12486974532478,1.3417290465554803,0.5487058823529412
2014,Xinhuang,18328,-0.8942292052674343,Low,0.008277171350297817,4.343355463287171e-6,-0.22969498132121854,0.8183287949779098,0.964,0.476,2.1676007854192343,5.564779483255295,0.98
2014,Xupu,15331,-1.7964968413466567,Low,0.010298700063117516,3.941578712074926e-6,-1.3564699599489811,0.17494968702471514,0.088,0.044,0.8292630679455895,0.4803331051742523,0.32266666666666666
2014,Yuanling,27798,-1.7366851394735925,Low,0.011158708810517257,4.236182032134091e-6,-1.665508431858411,0.09581136282237701,0.028,0.014,0.8361482401341765,0.8212124313429019,0.16426666666666667
2014,Zhijiang,24134,-1.0636509477415226,Low,0.010433312023693807,3.889740274854726e-6,-0.9023785361190841,0.3668558189873919,0.324,0.162,0.710637962624894,0.08446467430086546,0.6630697674418605
2014,Lengshuijiang,75181,1.4018094462111925,High,0.018301762561041164,6.174068339704126e-6,-1.070635827205634,0.28433320760500314,0.152,0.076,1.2448086380324874,1.1701768952835945,0.418
2014,Shuangfeng,21252,-0.2987655244497206,Low,0.01061689275863551,5.024958080087065e-6,0.017444063581425265,0.9860823568399893,0.84,0.42,0.9483835281418123,1.1905761029067214,0.9343209876543209
2014,Xinhua,16620,-0.9527318724475008,Low,0.010194443216497633,4.5700785958483374e-6,-0.5086586343307764,0.6109915220227712,0.72,0.36,0.7324359006689088,0.39309331364873534,0.9101714285714285
2014,Chengbu,11663,-2.135653772023606,Low,0.009067638047719836,4.957718356227691e-6,-1.6246774898462,0.10423129618605743,0.016,0.008,0.9014644936750883,0.8560985403582664,0.13538461538461538
2014,Dongan,24876,-1.283734523093135,Low,0.010783904505716438,6.066857952320001e-6,-1.2077671833167885,0.22713682770705138,0.084,0.042,1.269256373954931,2.170292151582977,0.32266666666666666
2014,Dongkou,16024,-2.005668413197346,Low,0.01003527089907318,5.02782744188597e-6,-1.6865840575967286,0.09168335956999246,0.02,0.01,0.6558547015330299,0.1567615592211098,0.13538461538461538
2014,Longhui,11486,-2.545137289421287,Low,0.009745940448654,4.179014009448213e-6,-2.1575406621545503,0.030963562426811822,0.004,0.002,0.8181922870376602,0.6377881481127128,0.10057142857142858
2014,Shaodong,30800,-1.219310800252671,High,0.011462617621797093,4.958978091687232e-6,-1.3413302277495798,0.179813259777218,0.096,0.048,0.8472209385240632,0.5568319104290684,0.3249230769230769
2014,Suining,19428,-2.0572972445599653,Low,0.010550374092321764,4.060012105174829e-6,-1.8621130678286169,0.06258715441442034,0.012,0.006,0.5218123801781466,-0.26266316486514585,0.132
2014,Wugang,14135,-2.526593551433773,Low,0.010058681302136954,4.88183973364744e-6,-2.1178661990342036,0.03418640094415783,0.004,0.002,0.7778162210180197,0.697804799531887,0.10057142857142858
2014,Xinning,13209,-2.0461902050405336,Low,0.009373310220468827,6.957814224151189e-6,-1.3933942666531063,0.16350059851946927,0.02,0.01,1.246751622679307,1.5666666810760743,0.13538461538461538
2014,Xinshao,14085,-0.813948343785198,Low,0.010023878423544812,4.936571226016584e-6,-0.26469830369232944,0.7912418843564404,0.9,0.45,0.9650138646359072,1.473898428438619,0.9542168674698797
2014,Shaoshan,67578,3.3984171507527186,High,0.017070501812765173,5.1894585180812225e-6,2.0473523587862563,0.04062350046329284,0.096,0.048,0.9775573419556706,0.39594478410457956,0.3249230769230769
2014,Xiangxiang,37651,1.9237884289064204,High,0.012266104013914526,4.974017602786196e-6,1.7931060263741896,0.07295597222241103,0.112,0.056,1.0472232130901011,1.224353293379556,0.352
2014,Baojing,13954,-1.8052455929212334,Low,0.00967163336716296,5.1397759859927175e-6,-1.2824755660267342,0.19967587090679648,0.12,0.06,0.7304389055517022,-0.01165233424285006,0.352
2014,Fenghuang,17265,-1.1848196005095724,Low,0.00967816993776233,4.819079529237868e-6,-0.726675158391887,0.4674249746695603,0.512,0.256,0.9667059883930693,0.8301201883696576,0.8343703703703703
2014,Guzhang,15258,-1.4772280120623638,Low,0.009889496178629751,5.106405914562221e-6,-1.0132289881071297,0.31095079731636904,0.264,0.132,0.9375646014711105,1.0807330819811405,0.6113684210526317
2014,Huayuan,20450,-1.0015907779281767,Low,0.009932845715127857,5.9176673326775855e-6,-0.6682999335318488,0.503942155764078,0.568,0.284,1.1170224250032894,0.8613134964236409,0.8565333333333333
2014,Jishou,35806,-1.0707503348938536,High,0.012036802988191736,5.176847416284251e-6,-1.4948953241513476,0.13494176279187434,0.028,0.014,1.2116967479334788,2.0110030021795238,0.16426666666666667
2014,Longshan,11980,-2.0323184759295336,Low,0.008747130826963365,5.864361261131362e-6,-1.4805802567815756,0.13871845966881785,0.02,0.01,1.2511751490680834,1.6353502635605919,0.13538461538461538
2014,Luxi,18529,-1.344547041688608,Low,0.01025671085243841,4.192489774792304e-6,-1.0147203059593823,0.31023917178769594,0.284,0.142,0.9242930674140771,0.8270268227406397,0.6248
2014,Yongshun,11628,-2.0915084195559133,Low,0.009454594577773263,4.7534146003789275e-6,-1.5685613045615219,0.11675019483495538,0.044,0.022,0.8341341527807834,0.7744347395642421,0.22231578947368422
2014,Anhua,17840,-0.38917051380260387,Low,0.01036378797999875,4.334270481633452e-6,0.0654429650263793,0.9478213162329236,0.832,0.416,0.9009313971508068,1.2449350696962238,0.9343209876543209
2014,Nan,26081.76,-0.045398349860452665,Low,0.011080379314615016,4.694607931188796e-6,0.08110423951602545,0.9353590541515321,0.856,0.428,0.7353404041392871,0.45056218341002374,0.9343209876543209
2014,Yuanjiang,31834,0.175413507641528,High,0.011519752997447247,4.772675711470078e-6,0.13311652400954194,0.8941012271773812,0.764,0.382,0.8963568997808463,0.8311546201732751,0.9209863013698629
2014,Jianghua,20033,-1.2810937031459388,Low,0.010127991214896336,5.204173535557995e-6,-1.013308014499121,0.3109130605825466,0.264,0.132,0.8481861358255655,0.21234190891323967,0.6113684210526317
2014,Lanshan,24207,-0.6758594684057163,Low,0.01061517132387427,5.3624246939187404e-6,-0.4849301859682036,0.6277258690529592,0.836,0.418,0.982949877784707,1.1391849492488326,0.9343209876543209
2014,Ningyuan,15200,-1.257919877325628,Low,0.010109226806671971,4.188613503393682e-6,-0.7510097196665512,0.4526468062885787,0.472,0.236,0.8232924726666004,0.3457135067297088,0.7987692307692307
2014,Shuangpai,23077,-0.9770742644702708,Low,0.010366800177808501,5.133531021098431e-6,-0.8760365137451503,0.38101018398768527,0.38,0.19,1.0103572523422888,0.7921100714446401,0.6824489795918367
2014,Xintian,17140,-0.546412960818609,Low,0.009610862744179868,5.228590534651323e-6,0.1048667938610652,0.9164815083073041,0.724,0.362,1.2327916757762691,1.8813166117193019,0.9101714285714285
2014,Huarong,36875,0.3988020241986282,High,0.012740618544794432,6.472612080848067e-6,-0.0032048761886575177,0.9974428831472426,0.74,0.37,1.425333793692051,2.1786660816102357,0.9171830985915492
2014,Linxiang,38903,0.6991467801687965,High,0.013885026376514675,5.864974722628333e-6,0.10984098046213292,0.9125354899499798,0.584,0.294,1.9887566816739655,4.05570113516773,0.8565333333333333
2014,Miluo,51832,3.977086559887599,High,0.013639051006925529,4.590299585604585e-6,3.6675147773158874,2.4491940007462346e-4,0.02,0.01,1.1947731908333963,2.1222143854802225,0.13538461538461538
2014,Pingjiang,20521,3.1019029613196833,Low,0.010333174114307052,6.0978952273770316e-6,3.8954701988221667,9.800841270666077e-5,0.008,0.004,1.0169414705951272,1.3103967379810886,0.10057142857142858
2014,Xiangyin,41965,2.202002406277212,High,0.01260785551892835,4.187846338924128e-6,2.133564205004421,0.03287847071297615,0.076,0.038,0.7941232164005524,0.6518916557594743,0.32266666666666666
2014,Cili,22584,-0.5957819455987051,Low,0.010417500514101084,5.7057916714946906e-6,-0.36505011944889737,0.7150739940729945,0.9,0.45,0.9463523844460975,0.4133031895906263,0.9542168674698797
2014,Chaling,24910,-0.18608880969668548,Low,0.010720250931202036,6.394872148058693e-6,0.029858219523391287,0.9761801269706281,0.764,0.382,0.9819900868034498,0.5689625746518425,0.9209863013698629
2014,Liling,50629,2.8221025252386363,High,0.014617575308555036,7.214264239069563e-6,1.9948922950071315,0.046054628058279735,0.084,0.042,1.6803439754680565,4.237483956002112,0.32266666666666666
2014,Yanling,27330,0.6629027447576477,Low,0.011282226409205962,5.578592975307028e-6,0.7495617438016542,0.4535186988216898,0.428,0.214,1.106600019250617,1.8795515753110301,0.75328
2014,You,45160,0.9796994097526519,High,0.013015435812012288,4.868825687010045e-6,0.38265192946383114,0.7019778611931193,0.564,0.282,1.0163853177224975,0.9571509259640201,0.8565333333333333
2014,Zhuzhou,34977,3.7171013086600713,High,0.011935291259512268,5.218199282092253e-6,3.6038781670665982,3.135040538262935e-4,0.008,0.004,0.7955190048807989,0.45510543912003065,0.10057142857142858
2014,Sangzhi,17518,-1.3377023103613441,Low,0.010220011099136441,4.578498037380408e-6,-0.9462754762799168,0.3440080982569142,0.336,0.168,0.9665362932566907,1.2199118888592597,0.672
2014,Yueyang,32503,0.9109909618404254,High,0.01155009382294966,3.9575694596163235e-6,0.9224610149506298,0.3562881563438056,0.352,0.176,0.7316671928082858,0.3108083182454924,0.6824489795918367
2014,Qiyang,25139,-0.8230152705924663,Low,0.010782115478594362,4.260499081888836e-6,-0.6030827421434355,0.5464536465654981,0.656,0.328,1.0635840207320508,1.7613069110770434,0.902
2014,Taojiang,23855,1.719834523368333,Low,0.010843239796677853,3.428403943976472e-6,2.3422288336654775,0.01916895786213868,0.048,0.024,0.4403991254779419,-0.07735889912372906,0.22231578947368422
2014,Shaoyang,11739,-2.1537628593991784,Low,0.0098843758435331,4.029229549965432e-6,-1.6440674200460212,0.1001622767937867,0.032,0.016,0.7409484988310799,0.38655887037035486,0.176
2014,Lianyuan,22145,0.6903894599716673,Low,0.010785873978403528,3.589433854094911e-6,1.0672283585559452,0.2858687297624556,0.312,0.156,0.6332986264473891,0.09300621941504872,0.6537142857142857
2014,Hongjiang,21314,-1.3381491474212843,Low,0.010486114798286372,4.532234308736496e-6,-1.076585604653336,0.2816654381772747,0.248,0.124,0.6600650801606871,-0.11017525019496777,0.6062222222222222
2014,Hengyang,23456,-0.633458296468421,Low,0.010751037335258543,5.325218189632624e-6,-0.4339335744285706,0.6643366780909258,0.784,0.392,0.9680254812651162,1.0100371191561583,0.9309473684210527
2014,Guiyang,40891,1.4352231020355604,High,0.012015243157292696,4.021433116837888e-6,1.0933397338173974,0.2742446634127904,0.276,0.138,1.0813525670004718,2.131546234626529,0.6227692307692309
2014,Changsha,107562,5.760812156173352,High,0.018528656320166877,3.4530657234951283e-6,3.4870235470201076,4.884283515326781e-4,0.008,0.004,0.8169326726940738,0.5550793580842099,0.10057142857142858
2014,Taoyuan,29042,-0.5753831946258502,Low,0.011230102058575917,3.1236482595468918e-6,-0.5101343184823467,0.6099573636713123,0.704,0.352,0.6147154818745173,0.1299384464385498,0.9101714285714285
2014,Xiangtan,34488,4.181202885862599,High,0.011585550074315807,3.798898108691921e-6,4.137265412662262,3.5146948044357806e-5,0.008,0.004,0.7728033846945166,0.7255942648199749,0.10057142857142858
2014,Dao,22404,-1.2523458298611145,Low,0.010643741262662192,5.826779600076884e-6,-1.1383260875777776,0.2549843446070375,0.16,0.08,0.9255089469134072,0.6619370977253958,0.42666666666666664
2014,Jiangyong,19982,-1.0009178293230618,Low,0.009837463996872377,7.4655301765161346e-6,-0.6987960516655499,0.48467949638603425,0.56,0.28,1.0815646182341627,0.4141885629457205,0.8565333333333333
2015,Anxiang,27038,-0.05840348121481207,Low,0.010781556400326082,5.0138711902938445e-6,0.19200641614047245,0.8477371795840588,0.72,0.36,0.8898141140409447,0.4469640110838995,0.90230985915492945
2015,Hanshou,27488,-0.4474303697453606,Low,0.011053796732883144,5.801098995793044e-6,-0.3552971513143729,0.7223669893549935,0.86,0.43,0.9457878867517507,0.6894263725354146,0.9386666666666668
2015,Jinshi,44464,0.4776157856086264,High,0.012671814406433697,5.119547771950081e-6,0.01945013223873531,0.9844820182158291,0.78,0.39,1.009862176479881,0.7726885321003016,0.9386666666666666
2015,Li,35530,0.3588533599249503,High,0.011831070158575999,6.219456917555347e-6,0.21994707485697493,0.8259123734427785,0.704,0.352,1.4220116825139624,3.3673552502155903,0.90230985915492945
2015,Linli,32103,0.39016913638154077,Low,0.011278103153576424,5.896882233636827e-6,0.4901057458773,0.6240590723744861,0.5,0.25,1.272781579416614,1.9585696913819222,0.8
2015,Shimen,35202,-0.21202290960831152,High,0.011695220816044677,4.826119310348656e-6,-0.4023591857065285,0.6874197027108306,0.832,0.416,0.8887977478862867,0.7963864895711277,0.9386666666666666
2015,Liuyang,85426,4.649052227938001,High,0.017648902704416408,5.5138477361481825e-6,2.9285715714360587,0.0034052342563654233,0.024,0.012,1.031365122017028,0.9588814300715951,0.132
2015,Ningxiang,81677,3.238391427492213,High,0.015085843152888382,3.649856290734814e-6,1.897679877409711,0.05773826490840047,0.1,0.05,0.6255724792624259,0.03887497021370301,0.3142857142857143
2015,Wangcheng,91430,5.505364061840765,High,0.016417429504875906,4.883859804382018e-6,3.7461292360016283,1.795840998428731e-4,0.008,0.004,0.9610133154924226,0.9264085892079539,0.0704
2015,Anren,19235,1.0294852340419958,Low,0.010614621003936888,4.424249032681125e-6,1.4029247555403213,0.1606392779152828,0.18,0.09,0.6701842656250954,0.48002950242825193,0.48
2015,Guidong,11909,-0.1078625472917872,Low,0.008657251816117392,6.158240374431336e-6,0.9549693875241186,0.3395931780370085,0.292,0.146,1.742728519404677,5.631426424019107,0.6023111111111111
2015,Jiahe,40607,-0.20249326471365367,High,0.012140343802055796,5.580657289936196e-6,-0.552086788166393,0.5808888933205021,0.68,0.34,1.1560339497458283,1.7657610000624864,0.893134328358209
2015,Linwu,27477,0.08474134724171524,Low,0.010864324541715724,5.635085560511557e-6,0.31140540570365566,0.7554924449116257,0.612,0.306,1.1531709936635688,1.6173143610249134,0.8415
2015,Rucheng,15164,-0.02020287869620995,Low,0.008868795070330494,5.529038827723488e-6,1.034198350918796,0.30104344493246465,0.26,0.13,1.5292751307016543,3.1538853300568856,0.5866666666666667
2015,Yizhang,30839,0.8825331506501287,Low,0.011275382740265842,5.770810734177497e-6,1.0768271338433963,0.28155750085810766,0.3,0.15,1.0099122467343904,0.8944847890277177,0.6023111111111111
2015,Yongxing,52963,1.831998581391226,High,0.01328568010882805,4.865202337404254e-6,1.292298645092598,0.19625374100946072,0.252,0.126,0.9991541947268472,1.014894248613647,0.5866666666666667
2015,Zixing,86570,1.536081549139995,High,0.015522019988015171,4.206828603423701e-6,-0.3281915424125028,0.742766842204104,0.896,0.448,0.8398444433807477,0.3955806254137548,0.9386666666666668
2015,Changning,32424,-0.03711219720373519,High,0.011287076847862369,5.03469710221858e-6,-0.008967115453594528,0.9928453729076939,0.812,0.406,0.9167688548850892,0.6286410111182579,0.9386666666666666
2015,Hengdong,36790,0.4846116333867035,High,0.011819106835760164,5.244502498281825e-6,0.31358215287785324,0.7538384162440677,0.672,0.336,0.7776896739555171,0.30181222017125053,0.893134328358209
2015,Hengnan,29475,-0.41967607604978296,Low,0.011004387900852971,4.229049759774052e-6,-0.2883406444542639,0.7730859978560548,0.936,0.468,0.8133685569362819,0.5734164220603954,0.9467586206896553
2015,Hengshan,34386,-0.045166785047488334,High,0.011528246196905886,5.3854104443530835e-6,-0.12163524863239968,0.9031878963744662,0.908,0.454,1.2000257350261196,2.2243506876796664,0.9400470588235296
2015,Leiyang,33069,0.3803289482021235,High,0.011248274595323588,4.870123939034882e-6,0.5012367167154678,0.6162045367056388,0.532,0.266,1.1353776477034045,1.7534911958060633,0.8071724137931034
2015,Qidong,23976,-0.9077662079442288,Low,0.010725462926015466,4.281774240356399e-6,-0.6869532768505351,0.4921121721244799,0.548,0.274,1.0511001781472604,1.7812087063107347,0.8173559322033899
2015,Chenxi,21550,-1.2177400972892114,Low,0.010250936432786163,5.276354604935444e-6,-0.896637174907573,0.3699125545019516,0.308,0.154,1.1475615526234424,1.8849994176780047,0.6023111111111111
2015,Zhongfang,37870,-0.8372336040921746,High,0.011817925606331214,4.588921323337506e-6,-1.2302184262198876,0.2186153215894053,0.1,0.05,0.9321153881515738,0.67906315243073,0.3142857142857143
2015,Huitong,18404,-1.2172073709505427,Low,0.00984944026976593,5.4043220544423585e-6,-0.8310084578768301,0.4059688513540837,0.424,0.212,0.9062356825704779,1.2524011384445384,0.6974814814814815
2015,Jingzhou,27127,-1.1508855605811954,Low,0.01057025780447303,5.381996992723508e-6,-1.2059074577854416,0.22785317474973815,0.08,0.04,1.2492757324677675,1.6421972246299195,0.3060869565217392
2015,Mayang,18334,-1.2515111402967523,Low,0.010103615339475644,5.684818632824506e-6,-0.8389342549991892,0.4015062039884625,0.392,0.196,1.1024469723648567,1.4023155047670821,0.6974814814814815
2015,Tongdao,16106,-1.5265698545622426,Low,0.00911897677574681,6.237558310671291e-6,-1.0084142479005385,0.3132556357622519,0.22,0.11,1.18709502623364,1.429412896894969,0.5377777777777778
2015,Xinhuang,19851,-0.8811127963333496,Low,0.00862707592729535,6.670164155448736e-6,-0.3311296511028371,0.740546555476848,0.92,0.452,2.190753859984595,5.505637056347249,0.9413953488372094
2015,Xupu,16743,-1.8264446007207464,Low,0.01041586642298128,4.394731227406705e-6,-1.4113330364312484,0.15814643769812028,0.06,0.03,0.8457147264506102,0.6546257263801758,0.264
2015,Yuanling,27318,-1.8115185129449818,Low,0.010972396669380855,4.125265707788699e-6,-1.714988448715901,0.08634734478154983,0.024,0.012,0.5644909029620159,-0.19518622883625492,0.132
2015,Zhijiang,26175,-1.0649552406481972,Low,0.010854666247823361,5.431836514131992e-6,-0.97197658604904,0.33106219685693,0.28,0.14,0.9081499091376434,0.8060882567881067,0.6023111111111111
2015,Lengshuijiang,78672,1.2195779776908815,High,0.017989118328316598,7.789796368223678e-6,-1.0104438254943289,0.31228269993253677,0.196,0.098,1.5267556218967977,2.6472197232089902,0.5072941176470589
2015,Shuangfeng,22900,-0.25263982932772744,Low,0.010598052814470705,5.234644310631771e-6,0.06720328937406835,0.9464198665050656,0.828,0.414,0.9139911565031178,0.819566577863792,0.9386666666666666
2015,Xinhua,17929,-0.9976735633486566,Low,0.010342295041967054,5.351997238216838e-6,-0.6028948460645785,0.5465786448410308,0.596,0.298,0.9251936286168269,0.8613511048837221,0.8325079365079364
2015,Chengbu,12865,-2.07115088264273,Low,0.009562319931125721,6.5689527703905005e-6,-1.585002521618984,0.11296576134587014,0.008,0.004,1.0813307201949147,1.1468129824702693,0.0704
2015,Dongan,27068,-1.2425016840698382,Low,0.010706970979681707,5.493922407459759e-6,-1.2206106600251887,0.22223346826094473,0.108,0.054,1.0782699796856021,1.0713499619971705,0.32772413793103444
2015,Dongkou,17523,-1.9483009190402778,Low,0.010007047531691094,5.282520720457618e-6,-1.61804886942413,0.10565206628899176,0.008,0.004,0.9113186090841152,0.47918272605580015,0.0704
2015,Longhui,12777,-2.4718111239274476,Low,0.00982188345108621,4.791712529878284e-6,-2.0302985735995995,0.04232619913094554,0.004,0.002,0.9849018258890406,1.124364239944481,0.0704
2015,Shaodong,33525,-1.1896727920606192,High,0.01149730660605713,4.700050143194725e-6,-1.390589826850301,0.1643498430016461,0.068,0.034,0.9068419405206187,0.8630314950518923,0.272
2015,Suining,21042,-2.0122042387164987,Low,0.010511587190950867,4.672782002790542e-6,-1.7178816241568111,0.08581820922196089,0.008,0.004,0.9752352616608868,1.385969864006766,0.0704
2015,Wugang,15688,-2.4431299831969264,Low,0.009977130090661711,4.682469964629311e-6,-2.093490867050415,0.03630535849916872,0.004,0.002,0.7541016727469306,0.23814380987501949,0.0704
2015,Xinning,14673,-1.9754325346443427,Low,0.009292427931089675,5.444488638921901e-6,-1.5091972280499693,0.13124838838610567,0.04,0.02,1.190206482401643,1.907860043178422,0.19555555555555557
2015,Xinshao,15249,-0.8552908812762461,Low,0.00986617802847008,4.5129099083195495e-6,-0.2701188143647165,0.7870688481708167,0.88,0.44,0.9908165841719049,1.2992179462526652,0.9386666666666668
2015,Shaoshan,72777,3.3193945577990753,High,0.01718936093173286,6.623292540341734e-6,1.7607446753348879,0.07828162756110923,0.092,0.046,1.4752864123140719,3.0851833713572443,0.3142857142857143
2015,Xiangxiang,41058,1.883742030045309,High,0.012264920868154871,4.889049130753578e-6,1.8117538922377656,0.07002423235316099,0.092,0.046,0.8983044528219366,1.0432399296240433,0.3142857142857143
2015,Baojing,15331,-1.7754087057579926,Low,0.009683854202837065,5.291340380551186e-6,-1.2803987407940165,0.20040493660571412,0.064,0.032,1.041787368174051,0.8118228521850881,0.2681904761904762
2015,Fenghuang,19362,-1.1984970800270442,Low,0.00992155362367492,5.760584597833991e-6,-0.8128771291187603,0.41628850851229615,0.428,0.214,0.9117331654944744,0.3896352961263805,0.6974814814814815
2015,Guzhang,16893,-1.5020379352055682,Low,0.009909335667937317,5.215931218113885e-6,-1.0765285321530733,0.28169094748720036,0.216,0.108,1.1263341124002952,1.9735725719624666,0.5377777777777778
2015,Huayuan,20056,-1.051905453416986,Low,0.009541373020521896,5.714481621062905e-6,-0.6107008380855836,0.5413976511023679,0.596,0.298,1.398494119503003,2.7030713371849293,0.8325079365079364
2015,Jishou,39364,-1.0817825362157478,High,0.011991461398105849,5.182291893324726e-6,-1.5137283915460842,0.13009474097804738,0.024,0.012,0.9219784225912654,0.8444795204038806,0.132
2015,Longshan,13383,-1.9611476525997382,Low,0.008679578852102571,6.178622462824293e-6,-1.3819504885794072,0.1669869039758638,0.016,0.008,1.3656280537243641,1.7873377874964307,0.11733333333333333
2015,Luxi,18644,-1.4020776476490096,Low,0.010300724690231544,5.2347526017743285e-6,-1.0194895438284732,0.30797061470681525,0.304,0.152,0.8089756062229839,0.6399989036078657,0.6023111111111111
2015,Yongshun,12918,-2.0750781908364035,Low,0.009497286548651477,4.969654884393096e-6,-1.5876857903719974,0.11235740778598534,0.02,0.01,1.023890728424081,1.1990541737770206,0.132
2015,Anhua,19174,-0.4425198242773622,Low,0.0103134057570537,4.933887014845593e-6,0.020794276335005135,0.9834097635762166,0.824,0.412,1.113536424202737,1.422562893807486,0.9386666666666666
2015,Nan,28216,-0.10600064675199775,Low,0.010957464416116173,4.713195907257045e-6,0.06884714013331351,0.9451112946784316,0.892,0.446,0.9364980115574156,1.5194688651684798,0.9386666666666668
2015,Yuanjiang,33822,0.08642383080948221,High,0.011686265140648692,5.946828293799351e-6,-0.03997693850391464,0.9681115120000496,0.872,0.436,0.9439371825746798,0.5563456084872302,0.9386666666666668
2015,Jianghua,22078,-1.233771604006424,Low,0.010107143073361092,4.884577258798781e-6,-1.0119233673801948,0.31157469553929396,0.26,0.13,0.8862056668214761,0.37343566748003676,0.5866666666666667
2015,Lanshan,26199,-0.6959444997655938,Low,0.010781657691143302,5.797226593342144e-6,-0.5766073916002237,0.5642047048034402,0.72,0.36,1.0535059616899929,0.9931927009948915,0.90230985915492945
2015,Ningyuan,16682,-1.2348581780131889,Low,0.010313377070935851,4.735303239287362e-6,-0.8049050213314212,0.42087449055672344,0.416,0.208,1.1147907005712911,1.6893896430699957,0.6974814814814815
2015,Shuangpai,24885,-0.9558291862062535,Low,0.010407958605986796,6.584407292322675e-6,-0.7898211001663714,0.42963225456526166,0.42,0.21,1.1900119511766796,1.0357586751597685,0.6974814814814815
2015,Xintian,18634,-0.5545547066621856,Low,0.009895402759703818,6.112092099595549e-6,-0.04116723524997897,0.9671625740017442,0.828,0.414,1.3037540706349535,2.1730595017920136,0.9386666666666666
2015,Huarong,38676,0.32198400086515566,High,0.012544175091625212,7.4312957583869445e-6,-0.018546697986421928,0.9852027243554514,0.728,0.364,1.5896896966314664,2.523034190155437,0.90230985915492945
2015,Linxiang,41901,0.6688915173149624,High,0.013655655846219118,5.096110319639924e-6,0.1925361353153081,0.8473222654795662,0.532,0.272,2.358701335149022,6.9817033206934855,0.8071724137931034
2015,Miluo,56180,4.07911213792577,High,0.013616775742618754,5.324540228744046e-6,3.628717277917347,2.8483296561960007e-4,0.008,0.004,1.2085415270119086,1.9886867230559169,0.0704
2015,Pingjiang,22238,3.2875347772844044,Low,0.010167473761980076,5.968433641707855e-6,4.299385812824343,1.712720914820297e-5,0.008,0.004,1.2760203298993142,2.3668485492767433,0.0704
2015,Xiangyin,44546,2.07833310889221,High,0.01260348382040843,5.508311377959627e-6,1.7786120878156477,0.07530338096206121,0.16,0.08,0.9085788624169809,0.5710870817188107,0.4693333333333333
2015,Cili,24747,-0.5625630487568908,Low,0.010326983416764036,6.3702238384179285e-6,-0.28473426929147616,0.7758477338096256,0.996,0.498,1.2984597427743625,1.54959231158222,0.996
2015,Chaling,26919,-0.19132525970460607,Low,0.010639632280353275,6.80736541152256e-6,0.04868869927544374,0.961167381867421,0.744,0.372,2.032342788402731,8.64814109652658,0.9093333333333334
2015,Liling,54625,2.7741759202841902,High,0.014341690580385813,5.137415698665453e-6,2.505042269545092,0.012243676015230827,0.056,0.028,1.186609004498797,1.5776769937703152,0.2593684210526316
2015,Yanling,30230,0.6464020680816529,Low,0.011173357826375666,5.020365419100979e-6,0.8364678381938497,0.40289176270162713,0.376,0.188,0.9916249815352837,0.8014177229075261,0.6974814814814815
2015,You,48800,0.965829554184016,High,0.012998838193279459,4.82155527390605e-6,0.4011543458493704,0.6883064910121852,0.588,0.294,0.8982556992736018,0.6003970526016715,0.8325079365079364
2015,Zhuzhou,39345,3.9231515786111673,High,0.011903592673853403,4.87658811643198e-6,4.0578180297720365,4.9533338657129414e-5,0.004,0.002,0.8734576343123666,0.31140010326206014,0.0704
2015,Sangzhi,19075,-1.3367321442139302,Low,0.010144529310503633,4.8425533962974525e-6,-0.917078367101341,0.35910157609733456,0.34,0.17,1.014802188706475,0.8811413811057136,0.6504347826086957
2015,Yueyang,35632,0.8298145563284174,High,0.011664317873737961,4.375440925707352e-6,0.756350587788678,0.44943902517473205,0.388,0.194,0.7216936109396809,0.30276852663972775,0.6974814814814815
2015,Qiyang,27359,-0.8053679799256078,Low,0.011127004347353498,4.652149247035742e-6,-0.737491008350255,0.4608238092513727,0.528,0.264,0.7257044966918992,0.2929862544417823,0.8071724137931034
2015,Taojiang,25678,1.6031395627154927,Low,0.01095609316648763,4.359740242526643e-6,1.937231178259282,0.052717090657408414,0.096,0.048,0.6411571122563249,0.1395551102750554,0.3142857142857143
2015,Shaoyang,12866,-2.0846698770621073,Low,0.009960095629628074,4.215598333299196e-6,-1.6201143958179691,0.10520770557378804,0.04,0.02,0.5975915285360219,0.1445362328332238,0.19555555555555557
2015,Lianyuan,23773,0.6065904455747497,Low,0.010929876655439147,5.03957758550429e-6,0.771146374347953,0.4406201756365427,0.42,0.21,0.8754211725751037,0.7646994723306859,0.6974814814814815
2015,Hongjiang,23072,-1.3328044720756735,Low,0.010744544730647473,5.238125959895518e-6,-1.1397796050829856,0.25437813261691233,0.168,0.084,0.9835291532928516,0.9596625975536721,0.47690322580645167
2015,Hengyang,25922,-0.5559635148592511,Low,0.01069916684138733,5.140228825456342e-6,-0.3457367938958282,0.7295405299969566,0.88,0.44,0.9871455740521211,0.8129742654203866,0.9386666666666668
2015,Guiyang,44112,1.3495547947795121,High,0.01206484620370074,4.37042671272069e-6,0.9725718955759283,0.3307661163114508,0.304,0.152,0.9817118494031826,1.27072096950028,0.6023111111111111
2015,Changsha,128715,6.097127241257188,High,0.01952847391713785,3.3679919100175898e-6,3.5967519973548963,3.222154212619565e-4,0.016,0.008,0.9674931738692675,1.1446656882972404,0.11733333333333333
2015,Taoyuan,31968,-0.635781908988979,Low,0.01133718813297869,3.534165501199111e-6,-0.6080172494039855,0.5431760335176745,0.64,0.32,0.5953741920600695,0.16546976869267827,0.8664615384615385
2015,Xiangtan,38565,4.335624294414646,High,0.011711586893116747,3.921427316147457e-6,4.260430708803667,2.0403333170851724e-5,0.004,0.002,0.7368414093561324,0.3763196838629801,0.0704
2015,Dao,24593,-1.2087481525597406,Low,0.010485181816491879,5.4338358822264906e-06,-1.0912011841192562,0.2751843669818754,0.18,0.09,1.1474044366386191,1.7620090788810625,0.48
2015,Jiangyong,21799,-0.9621173999093092,Low,0.009424885745318457,5.643823998792587e-6,-0.6051889026226496,0.5450534885537223,0.576,0.288,1.521469842165768,2.649809403872725,0.8325079365079364
2016,Anxiang,30104,0.07614733970357697,Low,0.010925470718844666,5.340086597643349e-6,0.2737803830976193,0.7842533998535338,0.664,0.332,0.8474888356200853,0.5293900388533812,0.8721194029850747
2016,Hanshou,31328,-0.36392722114586595,Low,0.010922764474643033,4.6794253962038485e-6,-0.22591915229450155,0.8212643015126261,0.936,0.468,0.8887040582582553,0.567924352420035,0.9467586206896553
2016,Jinshi,51473,0.6636856298013759,High,0.013010963131412976,5.039689466742945e-6,0.08687329596947904,0.9307722259814486,0.756,0.378,0.8818427694618213,0.5149272083166987,0.9358048780487805
2016,Li,39741,0.5076345394768377,High,0.01193756797458923,5.292817325770657e-6,0.36304721005599,0.7165696182167338,0.608,0.304,0.978905766317819,1.1255963296867506,0.848
2016,Linli,35898,0.5508439051244695,High,0.011466676635265224,5.7536012050533075e-6,0.5945256586461313,0.5521605859732155,0.468,0.234,1.1243465006153612,1.44653054403559,0.777056603773585
2016,Shimen,39871,-0.11270683213652564,High,0.01180546421841126,5.472771751622764e-6,-0.3119246068145833,0.7550978213096409,0.892,0.446,1.1053645880568455,2.106717604463263,0.942857142857143
2016,Liuyang,92823,4.600361927577581,High,0.017294903944919077,5.446574132124318e-6,2.9304511304368104,0.0033847022728870964,0.04,0.02,1.327109460704822,2.0541108581145693,0.20705882352941177
2016,Ningxiang,87826,3.261042276793128,High,0.014983694082225387,3.7303296389354846e-6,1.8819314367972844,0.059845325432914556,0.1,0.05,0.7932724028872145,0.37663336517635226,0.3384615384615385
2016,Wangcheng,98877,5.452819219022512,High,0.016390478111645238,4.9914477291521136e-6,3.545443474584361,3.91953042512233e-4,0.016,0.008,1.2286892801962042,2.350471262605221,0.12571428571428572
2016,Anren,21192,1.0650171511406687,Low,0.010396155005443155,4.069463963128282e-6,1.586763288532612,0.11256626633037874,0.14,0.07,0.7854147266452697,0.7515732998530251,0.3946666666666666
2016,Guidong,13191,-0.11514868567608909,Low,0.00862821309171211,5.607514779177658e-6,1.0063855630601437,0.31423013561255136,0.316,0.158,1.106808332997608,1.2105160495969747,0.6179555555555556
2016,Jiahe,43764,-0.07527986257588044,High,0.011990999992663254,4.341437358743865e-6,-0.3933799690443224,0.6940388620017501,0.852,0.426,0.908157413028824,0.7261245761189468,0.9358048780487805
2016,Linwu,37554,0.37818130057838206,High,0.01168246698508877,5.716413996047414e-6,0.30573293974645316,0.7598079911340347,0.628,0.314,1.0691616102923347,1.1128610480934187,0.848
2016,Rucheng,16448,-0.029388570620262587,Low,0.00906251001614103,6.015976068392655e-6,0.9015255910370706,0.36730893357327227,0.38,0.19,1.083311026371063,0.8934014106127957,0.6824489795918367
2016,Yizhang,33840,1.047518466012975,Low,0.011214852361031473,5.943273222637569e-6,1.2538056359352716,0.20991266019715094,0.228,0.114,1.2570079813728325,2.244366674244657,0.528
2016,Yongxing,58464,1.8967667095740919,High,0.013637289809473251,5.650395741755775e-6,1.0816993449450407,0.27938614433206954,0.28,0.14,0.9148483840972776,0.6771832317541531,0.6160000000000001
2016,Zixing,94267,1.573018681739437,High,0.015538254696376716,4.094128202002565e-6,-0.3336609999969285,0.7386353820672031,0.836,0.418,0.9281648761006543,1.8871739127126492,0.9358048780487805
2016,Changning,35619,-0.004461810404311181,High,0.011398606824058318,4.982253633188685e-6,-0.020772969918536627,0.9834267599656944,0.872,0.436,1.12941511169305,2.0086985759476583,0.9358048780487805
2016,Hengdong,41012,0.5297775151924662,High,0.011827770884628202,4.66807768331512e-6,0.36742136671145453,0.7133047361209,0.604,0.302,0.8297606291684443,0.4400988332965756,0.848
2016,Hengnan,32506,-0.3688751285577188,Low,0.011180712065400868,4.527567783470987e-6,-0.29970331214731855,0.7644034719544369,0.932,0.466,0.8892422387018074,0.5177333512828741,0.9467586206896553
2016,Hengshan,38492,0.015970998412887353,High,0.011474158766197106,4.526008175442e-6,-0.03277535748650858,0.9738537295293028,0.832,0.416,0.9934071296459773,1.0978352621380338,0.9358048780487805
2016,Leiyang,36524,0.4285544728200589,High,0.011696532886653207,5.725241146961977e-6,0.3183623196327257,0.7502101170563908,0.676,0.338,0.927148089748392,0.9064182468933786,0.8748235294117648
2016,Qidong,26598,-0.9102645142354306,Low,0.010664869658673417,4.062861965775313e-6,-0.6579978825423705,0.5105394917786401,0.564,0.282,0.7728827475091439,0.30566168733712473,0.8412203389830508
2016,Chenxi,23466,-1.2781370569226709,Low,0.010134457735616338,4.711832442106593e-6,-0.9377580025709998,0.3483687883458934,0.316,0.158,1.271846080244948,2.8991253692477574,0.6179555555555556
2016,Zhongfang,41634,-0.8437815107643122,High,0.011752098809593055,4.943135565124311e-6,-1.1441172453014679,0.252575016661581,0.144,0.072,1.0796220147470819,1.4089673343285378,0.3946666666666666
2016,Huitong,20455,-1.2408681902102996,Low,0.009793481650866282,6.043927802557157e-6,-0.7624426893357173,0.4457958359116291,0.508,0.254,1.0816925071672587,1.335966655553963,0.8108571428571428
2016,Jingzhou,29475,-1.181628814049162,Low,0.010653865910488503,5.514630163801092e-6,-1.23716896409358,0.21602436102863892,0.084,0.042,1.1330248009610593,1.1877722194851987,0.3213913043478261
2016,Mayang,20272,-1.2936109732545618,Low,0.01002096010313603,5.340319825415341e-6,-0.8488401029150544,0.39597027181492184,0.372,0.186,1.2158145493714656,2.3937380866567333,0.6819999999999999
2016,Tongdao,17587,-1.575080313783577,Low,0.009205552142351017,5.605310781682558e-6,-1.1238082918781735,0.26109436305753575,0.132,0.066,1.2426088447720296,1.861470597334952,0.3872
2016,Xinhuang,21709,-0.8971292901729384,Low,0.008247442068277721,4.552619750760279e-6,-0.2200773703625248,0.8258108985964774,0.984,0.484,2.498876605275951,7.9606675436407635,0.984
2016,Xupu,18475,-1.8590669789634358,Low,0.010382723855809307,3.889028678538827e-6,-1.4795668968161402,0.13898886622469867,0.084,0.042,0.7117433279231331,0.5586432388759048,0.3213913043478261
2016,Yuanling,29374,-1.8780927135633496,Low,0.010995802459327582,3.885196770524037e-6,-1.8115739776358843,0.07005204881083447,0.012,0.006,0.70838581540517,0.6567786304153933,0.12571428571428572
2016,Zhijiang,28689,-1.0740261465237553,Low,0.010779112952487601,4.835906419479297e-6,-0.9817165478248164,0.32623951077164537,0.3,0.15,1.052653467125886,1.9365392770102723,0.6179555555555556
2016,Lengshuijiang,83756,1.1425041510737732,High,0.017563619844692516,5.180315663561844e-6,-1.1883123022457642,0.2347103926934336,0.112,0.056,1.0697225344889574,1.0763550911746247,0.352
2016,Shuangfeng,25017,-0.22615639016795613,Low,0.01055116398935727,5.114450101464288e-6,0.12180156117592447,0.9030561775185669,0.772,0.386,1.0565440999887052,1.7880175197343826,0.9358048780487805
2016,Xinhua,19720,-1.0479295902872126,Low,0.010072318966023652,4.293630652919515e-6,-0.5776863283971823,0.563475911065241,0.636,0.318,0.8432352015141581,0.74041397288762,0.848
2016,Chengbu,13744,-2.1261356118534227,Low,0.009289053400451554,5.93813377728068e-6,-1.5706643288486293,0.11626063903741203,0.02,0.01,0.8481331759065126,0.412228906328465,0.12571428571428572
2016,Dongan,29134,-1.2763255158878755,Low,0.01077504393602639,4.881518853507357e-6,-1.3371901962491919,0.1811605612096963,0.1,0.05,0.9491955566192817,1.038277616812147,0.3384615384615385
2016,Dongkou,19132,-1.99344824885446,Low,0.010038704753301205,5.359423451287125e-6,-1.6271558962559896,0.1037039920040098,0.028,0.014,1.0400786614678235,1.3201222142959992,0.154
2016,Longhui,13887,-2.5248421014362266,Low,0.009920594603558312,5.1759982178687355e-6,-2.0009321497759776,0.045399702343802854,0.004,0.002,0.804047566313019,0.5843780532283214,0.11733333333333333
2016,Shaodong,36527,-1.2128089004995692,High,0.011469772097390056,4.716754913996193e-6,-1.374887485088312,0.1691663297837461,0.08,0.04,0.880078591415499,0.8273764446751137,0.3213913043478261
2016,Suining,22734,-2.066757447274418,Low,0.010384363362712234,4.008260439781904e-6,-1.807452923611709,0.07069168850085848,0.02,0.01,0.8746067593735467,1.172812803797454,0.12571428571428572
2016,Wugang,17286,-2.500022475960516,Low,0.010035257319005921,4.81780405480724e-6,-2.099370417858804,0.03578426032245358,0.004,0.002,0.8274556960256979,0.9919901328668312,0.11733333333333333
2016,Xinning,16172,-2.025631093645152,Low,0.009660127434836439,7.1570945940433996e-6,-1.465090468407757,0.14289623683177302,0.02,0.01,1.2430633126639778,1.9953424276788017,0.12571428571428572
2016,Xinshao,16397,-0.9259267367134042,Low,0.009944743828628014,4.696607415203853e-6,-0.3598031768852269,0.7189943272778007,0.848,0.424,0.8862263866935134,0.7486237824591133,0.9358048780487805
2016,Shaoshan,79293,3.357078251896234,High,0.016853604402086952,5.451744028816536e-6,2.0474530592114712,0.04061362128099852,0.108,0.054,1.351543003408366,2.45880124744387,0.352
2016,Xiangxiang,45462,1.911317620370396,High,0.012416318804653232,5.496719170476108e-6,1.6333482156201817,0.10239578156680543,0.164,0.082,0.911665045503703,0.4918752708134897,0.42447058823529416
2016,Baojing,16272,-1.9011476952958093,Low,0.009816208253391785,5.538274737370142e-6,-1.4059405516744936,0.15974177837451736,0.088,0.044,0.8773751348878259,0.6130039456127041,0.32266666666666666
2016,Fenghuang,21499,-1.3019519337337495,Low,0.009931431612182788,5.573303059202148e-6,-0.9242412758732137,0.3553607097822156,0.264,0.132,1.1999478835483248,1.664176413905853,0.5956923076923077
2016,Guzhang,17913,-1.631159527062876,Low,0.010053384729208054,5.340067812544655e-6,-1.2359999049475925,0.21645859899837794,0.148,0.074,0.7047700538494297,0.08539777919434188,0.3946666666666666
2016,Huayuan,19868,-1.1853519961532137,Low,0.009337899879246823,5.816256378002004e-6,-0.6637247263633368,0.5068665107263971,0.56,0.28,1.2458979399976002,1.3906758244912574,0.8412203389830508
2016,Jishou,42043,-1.224729422892949,High,0.011914510610942229,4.567031478423951e-6,-1.7216173856465786,0.08513885167880891,0.016,0.008,0.9773715204952637,1.0163232427899542,0.12571428571428572
2016,Longshan,14736,-2.013167689879065,Low,0.00882676666764578,5.767780565162855e-6,-1.508216896901377,0.13149902411848144,0.016,0.008,1.0948532831022206,1.4092989672637408,0.12571428571428572
2016,Luxi,18507,-1.5220917557754803,Low,0.010126964518582074,4.480122678870957e-6,-1.1232896744492014,0.2613144877064304,0.216,0.108,0.8126848567701791,0.6317787392704348,0.5137297297297297
2016,Yongshun,13666,-2.1569650138353254,Low,0.009416992951002316,5.5164327898592206e-6,-1.5169590141026492,0.1292770323425445,0.016,0.008,1.0583078769385637,1.3277660121560064,0.12571428571428572
2016,Anhua,21499,-0.43391038104942276,Low,0.010391732954779355,3.91153232861556e-6,0.00332911968055504,0.9973437517123711,0.9,0.45,0.642381953191458,0.22526744666816167,0.942857142857143
2016,Nan,31103,-0.05512753651240682,Low,0.011015764834093536,4.504909368110206e-6,0.1022245393919292,0.9185784501655108,0.812,0.406,0.9039635265059568,0.8801512884014788,0.9358048780487805
2016,Yuanjiang,36998,0.11545651663090876,High,0.01147998165655208,4.7358441698772204e-06,0.0820537950451534,0.9346039353778266,0.8,0.4,0.7461676484533587,0.19081947194902948,0.9358048780487805
2016,Jianghua,23836,-1.2381093188425107,Low,0.00996423680963576,4.70089540459496e-6,-0.9397467178826632,0.34734749532798076,0.312,0.156,0.8801304898221075,0.69517076787593,0.6179555555555556
2016,Lanshan,28786,-0.5695687289436879,Low,0.010739350577298983,5.563305858029911e-6,-0.4056539649604835,0.6849968714861904,0.864,0.432,1.1213950636318148,1.1665163058079129,0.9358048780487805
2016,Ningyuan,18658,-1.2609926490074173,Low,0.0102894465216195,3.5335103555631216e-6,-0.920933452490468,0.35708517199645773,0.424,0.212,0.4232548665209028,-0.2739791221595653,0.7175384615384615
2016,Shuangpai,26379,-0.9876002557630149,Low,0.010222455028931163,6.121796699574906e-6,-0.7599376411354902,0.44729186044617836,0.416,0.208,1.316896938213004,1.8494369642446022,0.7175384615384615
2016,Xintian,20464,-0.5565515189689074,Low,0.00984398491523807,5.790494224387647e-6,-0.0105145456920968,0.9916107609083642,0.82,0.41,1.1099857061741427,1.4756649532712904,0.9358048780487805
2016,Huarong,41942,0.3166447702307107,High,0.012495881638416991,6.0418724701132364e-6,-0.017356071672176777,0.9861525535985594,0.744,0.372,1.4035552921474566,2.249495370808158,0.9358048780487805
2016,Linxiang,45267,0.6512532565272208,High,0.013441044736797799,5.149330679090868e-6,0.23162682861417075,0.8168278679056947,0.512,0.258,2.3271818091629783,6.257588666058263,0.8108571428571428
2016,Miluo,60517,4.00454938989855,High,0.013649463183662874,4.4120472585337235e-6,3.7815025894997367,1.5588460033767826e-4,0.008,0.004,0.9758453110916079,1.2081230389424409,0.11733333333333333
2016,Pingjiang,24369,3.2258999836135502,Low,0.010067258523132042,4.754859851286362e-6,4.701205234761845,2.586304047996721e-6,0.004,0.002,1.0295068875648057,1.4526203366355412,0.11733333333333333
2016,Xiangyin,48145,2.072047270596746,High,0.012516990496048248,5.236301719321236e-6,1.808890745105775,0.07046797850599264,0.116,0.058,1.0224962565072055,1.3019012950413726,0.352
2016,Cili,27029,-0.5177600595642216,Low,0.010339671143961891,6.598685999490064e-6,-0.21802350807746385,0.8274107951844287,0.928,0.464,1.6411229783764008,3.6276245730251686,0.9467586206896553
2016,Chaling,29527,-0.20803784828342334,Low,0.010692875477564336,5.690181094389529e-6,0.014377054230191123,0.9885291655709165,0.76,0.38,1.1284930893271683,1.2175584547919795,0.9358048780487805
2016,Liling,58799,2.7554458709915206,High,0.014369839617265737,5.566680725848151e-6,2.2987965787655784,0.021516493186302114,0.064,0.032,0.897114274693451,0.3009963454014759,0.296421052631579
2016,Yanling,33043,0.6680110657876102,Low,0.011272027096678619,4.941676645796098e-6,0.8087810424291886,0.41864110252994224,0.416,0.208,0.7298974883366522,0.2986536375557787,0.7175384615384615
2016,You,52460,0.9517719244633145,High,0.013000407031189851,5.885704390863582e-6,0.3274221304409046,0.7433486304333189,0.608,0.304,1.099080259598022,1.183316896283542,0.848
2016,Zhuzhou,42956,3.887121609740757,High,0.012065844292520302,4.8572786887282635e-6,3.8694171455532165,1.0909584715524511e-4,0.008,0.004,0.928099450277693,0.8853278382622158,0.11733333333333333
2016,Sangzhi,21008,-1.3299057471159286,Low,0.010324396854149718,5.033407600918487e-6,-0.9443477895495739,0.3449919523108961,0.328,0.164,0.8722619269492426,0.5921941793140704,0.6274782608695653
2016,Yueyang,38948,0.8111171228517812,High,0.011772050530841077,4.7589002271111565e-6,0.6399642407424238,0.5221958476222053,0.516,0.258,0.6998962159666471,0.003900684531332743,0.8108571428571428
2016,Qiyang,30037,-0.8154753104919293,Low,0.01088965316900747,4.081475065557361e-6,-0.6633791735501398,0.507087740871706,0.584,0.292,0.8117857099855148,1.0593878016612814,0.848
2016,Taojiang,28676,1.6508702749930482,Low,0.010806642472481379,4.009753632417635e-6,2.1122664713143116,0.034663599965131256,0.068,0.034,0.7634513398141926,0.42799679005717195,0.2992
2016,Shaoyang,13932,-2.1363503392300043,Low,0.010039507481813916,4.129766172222718e-6,-1.6871533692700065,0.09157386513954588,0.052,0.026,0.6014653884664927,0.42470786256276183,0.25422222222222224
2016,Lianyuan,25962,0.5703326211012087,Low,0.01079589074938664,4.10669351964151e-6,0.8703729080336354,0.38409664717951086,0.344,0.172,0.777278635790545,0.7791700672006812,0.6440851063829787
2016,Hongjiang,25024,-1.358796676976467,Low,0.010488004402810665,4.703487440883038e-6,-1.0839773619544022,0.2783748363076973,0.204,0.102,0.8550889809786844,0.7247611194904637,0.5129142857142857
2016,Hengyang,28777,-0.5270639250238431,Low,0.010807156560885543,5.020729411994518e-6,-0.35247947951500186,0.7244787052322489,0.864,0.432,0.9913515712530873,1.4976702325727995,0.9358048780487805
2016,Guiyang,48667,1.5042108922672965,High,0.012139248041943666,3.9373731197390585e-6,1.1151502767705024,0.2647860296170346,0.292,0.146,0.702379962742679,0.3991370428817369,0.6179555555555556
2016,Changsha,135712,6.003654777967315,High,0.019178591677808356,3.620897255956603e-6,3.384860543473893,7.121442543118243e-4,0.028,0.014,0.8703057120940189,1.3988185842149585,0.154
2016,Taoyuan,36171,-0.5080493817275976,High,0.011374890878942856,2.9701954902372534e-6,-0.5382111245839456,0.5904313007159515,0.624,0.312,0.7457348368062369,0.7356772488499694,0.848
2016,Xiangtan,42403,4.341135039981909,High,0.011861476614543513,4.34241605313496e-6,3.899807631399294,9.62691468623977e-5,0.008,0.004,0.9453777213043503,1.2476224715895086,0.11733333333333333
2016,Dao,27445,-1.2147560555743222,Low,0.010341529221041946,4.672507443491857e-6,-1.08714996307284,0.2769705400641379,0.216,0.108,1.0377758154595746,1.4936807774727745,0.5137297297297297
2016,Jiangyong,24413,-0.9488613914052092,Low,0.009708275273018057,6.512299278018811e-6,-0.6307789909778637,0.5281850420503671,0.564,0.282,1.4580656573743378,2.0065205965556707,0.8412203389830508
2017,Anxiang,33070,0.21886798174719438,Low,0.011114411218662667,4.790306873976505e-6,0.36372705157916285,0.7160618407753496,0.596,0.298,0.9909401257991515,1.4101393555597266,0.8436825396825396
2017,Hanshou,33863,-0.1843898336677068,Low,0.011110289501888304,5.226985365432449e-6,-0.0906997056238998,0.9277312045467705,0.94,0.47,1.3789830704362505,3.3269424553814773,0.970046511627907
2017,Jinshi,55037,0.7836141287966074,High,0.01332236536986506,5.219989114430874e-6,0.07400025747654525,0.9410101803873517,0.78,0.39,1.1188209736011456,1.4535199540594217,0.9275675675675676
2017,Li,41246,0.5822766656705983,High,0.011723214302009906,4.816046580841094e-6,0.5566138976948256,0.5777912563069894,0.484,0.242,1.080550244990257,1.6718528725780812,0.7343448275862068
2017,Linli,37346,0.6136509585027455,High,0.011521118540723456,5.770165380106575e-6,0.6281147800514527,0.5299287514868143,0.436,0.218,1.2229560865648645,1.6951538744777581,0.6976
2017,Shimen,41855,-0.03429398243438758,High,0.011929722297316031,4.903015635421151e-6,-0.29434986792930995,0.7684905704083032,0.892,0.446,0.827591212797814,0.6445434579698732,0.970046511627907
2017,Liuyang,98683,4.889524319946834,High,0.017607920718177388,4.150029463106127e-6,3.4521387951891502,5.561615606743793e-4,0.016,0.008,1.2362967339898476,2.738046982891209,0.128
2017,Ningxiang,85867,3.2504774470544175,High,0.014817048277164084,4.806158306733821e-6,1.6512943674304852,0.0986784818646742,0.124,0.062,1.1958120084360016,2.1282629392020604,0.34099999999999997
2017,Wangcheng,99573,5.290926190018085,High,0.016122665308202454,3.5868167936159144e-6,3.9761138767512296,7.005059080663636e-5,0.008,0.004,0.8251463347299091,1.1607351173323979,0.088
2017,Anren,22670,1.0115558484695013,Low,0.0105391431590268,4.197095931387169e-6,1.4153350417204111,0.15697028543349723,0.172,0.086,1.0129584533057427,1.4751962814198203,0.40908108108108104
2017,Guidong,14717,-0.14279080728093313,Low,0.00890892778695607,5.938461294407154e-6,0.831956084671503,0.4054337329704038,0.34,0.17,1.3658203749317532,2.745531337610166,0.6306666666666666
2017,Jiahe,43409,-0.05797320171373142,High,0.011955489514420565,4.86849663302986e-6,-0.3338835169022514,0.7384674583582369,0.88,0.44,0.9828548012192249,1.1106989502737568,0.970046511627907
2017,Linwu,41595,0.4818369435443233,High,0.012010444679417918,5.997154146548918e-6,0.2701430142168316,0.7870502312700021,0.676,0.338,1.0598035688782887,1.509252404237425,0.8775890410958903
2017,Rucheng,17609,-0.02050470496905045,Low,0.009084635635171048,5.813451724496194e-6,0.9197580926474149,0.3576991874503942,0.34,0.17,1.2477649883097104,1.7164387206667362,0.6306666666666666
2017,Yizhang,36914,1.111841903991324,High,0.01119812986314994,3.8067248491861255e-6,1.6322036571263907,0.1026365906312516,0.14,0.07,0.9174980740491937,0.8766426381400922,0.36235294117647066
2017,Yongxing,59964,1.804578721961551,High,0.0132433348074548,4.6415985173006435e-6,1.2203461237704376,0.2223336918125653,0.272,0.136,1.0507650648517992,1.0731418425837056,0.569904761904762
2017,Zixing,94905,1.5285235645058872,High,0.015200463391417866,3.543690805030022e-6,-0.271200006758026,0.7862372077815751,0.932,0.466,0.8766832043743186,0.9474873620099595,0.970046511627907
2017,Changning,37591,-0.03320957374366574,High,0.011422777755176071,4.260166838352061e-6,-0.06885488765590113,0.9451051276843123,0.884,0.442,0.9673658831783792,1.3615312692396868,0.970046511627907
2017,Hengdong,43995,0.671694417665621,High,0.011962166531557497,4.34454403104296e-6,0.4613552180519202,0.6445437747392598,0.56,0.28,0.7255075598516605,0.2884467223648559,0.8352542372881356
2017,Hengnan,33691,-0.3326877899026923,Low,0.011053333035989474,3.698557534044813e-6,-0.21510197307275036,0.8296878156222149,0.936,0.468,0.8898812966478177,1.5196636236745285,0.970046511627907
2017,Hengshan,41912,0.13535375749262843,High,0.01189799041857516,5.398830888411432e-6,-0.08442463969780196,0.932718817570324,0.912,0.456,0.9058440939903599,0.5662291565567128,0.970046511627907
2017,Leiyang,36312,0.3611418686540048,Low,0.011504587811598278,5.5362788742729615e-6,0.3235901743469433,0.7462483277994427,0.64,0.32,0.9713421842648899,0.8641259616772485,0.8775890410958903
2017,Qidong,27371,-0.8717945485546978,Low,0.0106464118234927,3.812436368922018e-6,-0.6043052585318538,0.5456407108695263,0.588,0.294,0.76339000453999994,1.120771614287242,0.8436825396825396
2017,Chenxi,22699,-1.4555804549445872,Low,0.010202249081644051,4.890119771609022e-6,-1.1194348164630727,0.2629546846652283,0.232,0.116,0.8901580236214268,0.9040355873875225,0.5372631578947369
2017,Zhongfang,43240,-0.9390285971368466,High,0.01195253223140516,4.939282267890851e-6,-1.3206687920453541,0.18661182420524655,0.08,0.04,1.0216903174138983,1.309072703250754,0.30976
2017,Huitong,21574,-1.2864975904136033,Low,0.00996728449802789,5.324794262560549e-6,-0.9087383624810007,0.36348824915279393,0.356,0.178,0.9483235263738056,1.2036046502411342,0.6393469387755102
2017,Jingzhou,31094,-1.1598329954976034,Low,0.010639422252139031,5.951782017345364e-6,-1.125877793253491,0.26021725014277003,0.124,0.062,1.3164199962349823,1.7543676339744136,0.34099999999999997
2017,Mayang,21572,-1.3856449829889257,Low,0.010241864732605408,4.443988595081452e-6,-1.1101835549044088,0.2669199377386422,0.264,0.132,0.6343251856786759,-0.08673365570310532,0.569904761904762
2017,Tongdao,18919,-1.5668161050779836,Low,0.009353216136737712,5.426563073530284e-6,-1.1498015728127342,0.2502256073082502,0.124,0.062,1.1952728703393551,1.795223248956673,0.34099999999999997
2017,Xinhuang,20545,-1.1305720570508895,Low,0.007957477358805537,4.398361919826722e-6,-0.4835263616295667,0.6287220466338406,0.728,0.358,1.902259349733717,3.8461007666389078,0.8775890410958903
2017,Xupu,18872,-1.9708770575325467,Low,0.010326547366239135,3.883132530906028e-6,-1.5254056597758057,0.12715794795399424,0.04,0.02,0.9534829260354066,1.0108906520748757,0.18526315789473685
2017,Yuanling,25623,-2.031170788856496,Low,0.010716891776471333,3.557332194668408e-6,-1.8662652854315858,0.06200425909511903,0.012,0.006,0.9703072142166155,2.096599908966412,0.10560000000000001
2017,Zhijiang,25905,-1.2374543133848608,Low,0.010339881788687385,4.6967447222109016e-6,-0.9542764359859863,0.3399437325627446,0.304,0.152,0.8161813589482517,0.7370243490987991,0.608
2017,Lengshuijiang,74509,0.6233830524376293,High,0.01596708532705974,5.489461530427566e-6,-1.1685653913738174,0.24257877880121298,0.12,0.06,1.4667621025605146,3.2518509168220087,0.34099999999999997
2017,Shuangfeng,25791,-0.10309415437826919,Low,0.010685679771399269,4.750359756262942e-6,0.20118886594427374,0.8405508971888976,0.716,0.358,0.9433836424760601,1.0229403869745735,0.8775890410958903
2017,Xinhua,19891,-1.2781946173511949,Low,0.01012440458922535,4.212182670069391e-6,-0.8427655270434631,0.3993595913707465,0.412,0.206,1.0592614324813372,2.2592236530551117,0.6972307692307692
2017,Chengbu,14163,-2.152802121327548,Low,0.009290494618210805,5.660141786342571e-6,-1.585682302730654,0.11281139567926433,0.012,0.006,1.1248461033837946,1.508558631243953,0.10560000000000001
2017,Dongan,29552,-1.3114023666580996,Low,0.010515557199658793,4.6312897959818674e-06,-1.2605968951257487,0.20745411787055806,0.12,0.06,0.873353219729422,0.6529972977202485,0.34099999999999997
2017,Dongkou,19764,-2.0102466116524145,Low,0.009763535984394271,4.439404185494364e-6,-1.624417984430551,0.10428663134813713,0.024,0.012,0.9527224868939942,1.2438508381028655,0.132
2017,Longhui,14860,-2.583692612760584,Low,0.009604201704417299,4.248908714518979e-6,-2.057821980472357,0.039607225273261576,0.004,0.002,0.8829578083166788,0.9389909681846844,0.0704
2017,Shaodong,40829,-1.1365025469454484,High,0.011713288772063492,4.453541028240077e-6,-1.416562914339633,0.156610757696218,0.088,0.044,0.9157278589014918,1.5397475906587257,0.30976
2017,Suining,24243,-2.058689854772739,Low,0.01048251574336303,4.2201455996798875e-6,-1.7518887076306038,0.0797929466644619,0.024,0.012,0.8301648347250516,0.7544724009944987,0.132
2017,Wugang,17767,-2.5354189208474316,Low,0.009890906460908436,4.465002930950472e-6,-2.0900268427572453,0.03661538849829401,0.004,0.002,1.00844668963191,1.2782995968532065,0.0704
2017,Xinning,17228,-2.066484647799686,Low,0.00938623540082591,6.110442447064571e-6,-1.4700501020895422,0.14154818502736694,0.024,0.012,1.1709060953198427,1.6460630242611147,0.132
2017,Xinshao,16893,-1.1127756508855353,Low,0.009863143743184912,4.275677909974938e-6,-0.5243207793137024,0.6000554465837391,0.708,0.354,0.8655394719673122,0.6613974804031737,0.8775890410958903
2017,Shaoshan,85484,3.4974077564242267,High,0.017233851692971064,4.658008108913626e-6,2.129598240747226,0.033204796429046696,0.096,0.048,1.2259989670367943,1.7758597289909561,0.3249230769230769
2017,Xiangxiang,48812,1.9781374440518193,High,0.012447367953852,5.034806958350757e-6,1.7197204682800376,0.08548326538605432,0.156,0.078,0.989737317695494,0.8529793455565735,0.3922285714285714
2017,Baojing,17599,-1.8548384022379785,Low,0.009824108576799506,4.942573945786414e-6,-1.3921016407449678,0.16389162148654043,0.088,0.044,0.9210061526363166,0.9315642494007843,0.30976
2017,Fenghuang,23651,-1.2229093034812932,Low,0.010156565426182982,5.6767014650496394e-6,-0.8870944320222672,0.3750280615480989,0.328,0.164,1.4734427777826644,4.91482409624229,0.6306666666666666
2017,Guzhang,18797,-1.7144341425771203,Low,0.009718632126700141,4.607347811891287e-6,-1.229281924850028,0.21896612181500158,0.076,0.038,1.1611359417642588,1.476701807595993,0.30976
2017,Huayuan,22265,-1.0835106753970858,Low,0.009645946972496818,5.9404230572853205e-6,-0.6256286143645261,0.5315585657632755,0.584,0.292,1.2692042366895167,1.5660838449164673,0.8436825396825396
2017,Jishou,44817,-1.1490838936869472,High,0.012038004576654264,4.962228235000315e-6,-1.5915871511299495,0.11147749900448198,0.02,0.01,1.104085197453418,1.4642483076509984,0.132
2017,Longshan,15911,-1.9838148308545107,Low,0.008835944399448398,5.8431045139597796e-6,-1.4103236701625854,0.15844413235632218,0.028,0.014,1.2185212861733692,1.6075016044995252,0.14494117647058824
2017,Luxi,19253,-1.6183861009859635,Low,0.010051863611098695,4.499989097237161e-6,-1.153663842922199,0.2486380129997266,0.172,0.086,1.0292362871635452,1.4620279426796667,0.40908108108108104
2017,Yongshun,14511,-2.23187485996742,Low,0.009735484319910817,5.1586622350107215e-6,-1.7383817495076426,0.08214357032949211,0.004,0.002,0.8988850363064463,0.7545185147955991,0.0704
2017,Anhua,24141,-0.5278419282492024,Low,0.010653479033614403,4.1305013322988974e-6,-0.21576235491012816,0.8291729935600519,0.972,0.486,0.9388159950520026,1.585537100463406,0.9831724137931035
2017,Nan,33248.83,0.06514694064131564,Low,0.011262054889441406,4.818738402411234e-6,0.11520772649682777,0.9082804745993275,0.8,0.4,0.9366867346619329,1.1602157347821969,0.9386666666666668
2017,Yuanjiang,41210,0.1561856039852054,High,0.011657776223801979,5.107803807684204e-6,0.04252128495849387,0.9660831441505222,0.848,0.424,0.9201626260738771,0.717115714766702,0.9691428571428571
2017,Jianghua,25827,-1.1454086932675756,Low,0.010218833858253614,4.889727089002077e-6,-0.8888102771132731,0.37410505167418207,0.344,0.172,1.0949544114295888,1.6271657621474231,0.6306666666666666
2017,Lanshan,31412,-0.47912482121843764,Low,0.010702640663309133,5.120362697082026e-6,-0.28283437633744973,0.7773038012719706,0.904,0.452,1.4093536100652377,3.3561726403963874,0.970046511627907
2017,Ningyuan,20528,-1.1854572399604018,Low,0.010256284198368378,4.035694190507683e-6,-0.7329292541889376,0.46360157943729524,0.456,0.228,1.1623288847922304,2.815656001556322,0.7165714285714286
2017,Shuangpai,29085,-0.8973074871529431,Low,0.010494217164431824,5.898403147628118e-6,-0.7476866788891356,0.4546491680093743,0.436,0.218,1.2372843968562308,2.025605022720735,0.6976
2017,Xintian,22611,-0.5480375775547438,Low,0.01018008644121834,5.884384004638243e-6,-0.12555698042058425,0.9000826180294522,0.948,0.474,0.8919284581277857,0.7245815519212644,0.970046511627907
2017,Huarong,42786,0.2971223964935715,High,0.012330929503710798,6.114128875383589e-6,0.01326660687797794,0.9894150896944754,0.728,0.364,1.8223521507782836,4.301565000295378,0.8775890410958903
2017,Linxiang,44893,0.5402300353462762,High,0.01312463619942117,5.952096081379852e-6,0.1439321108215703,0.8855540789161351,0.676,0.342,2.263891923838765,6.188810250777442,0.8775890410958903
2017,Miluo,59092,3.837187260971824,High,0.013471659506915536,5.218822428922037e-6,3.274030650069419,0.0010602511040870787,0.024,0.012,1.1269691366244834,1.8897234531289406,0.132
2017,Pingjiang,26209,3.3467259129294953,Low,0.01008865236211761,4.3534207673978134e-06,4.966520354266323,6.816490173599009e-7,0.008,0.004,1.1115509206485739,2.232520039487664,0.088
2017,Xiangyin,43257,1.8201337646563145,High,0.0120427044005796,5.041013226682144e-6,1.7230624670359622,0.08487722925565842,0.128,0.064,1.0795825950152194,1.1919134650323295,0.3413333333333333
2017,Cili,29654,-0.4078098300312746,Low,0.010247239176521088,5.476977293018299e-6,-0.044448097118010156,0.9645472235511635,0.816,0.408,1.1561157666992214,1.1952773027390293,0.9448421052631579
2017,Chaling,28907,-0.2732431692714173,Low,0.010401440615350008,6.3491842833908294e-6,0.05734019970771807,0.9542741982775907,0.716,0.358,1.555016683014304,3.554316727367115,0.8775890410958903
2017,Liling,62025,2.9267877639711064,High,0.014657935851588184,6.531236026276399e-6,2.1382047789219256,0.03250012669254729,0.088,0.044,1.353101589225846,2.247529244300371,0.30976
2017,Yanling,33921,0.5896321129463581,Low,0.011095091608366803,5.3038042723828125e-6,0.7563090245849208,0.44946393859214434,0.392,0.196,1.0637188931822712,1.0856103611138348,0.68992
2017,You,55186,1.027608783655973,High,0.012984940942447646,3.96395096522298e-6,0.47526783913370835,0.6345960791341851,0.604,0.302,0.8631226902805755,1.4149093780051922,0.8436825396825396
2017,Zhuzhou,45673,4.157741012397827,High,0.012023706983607935,4.828984484129835e-6,4.094300135735843,4.234454993112037e-5,0.008,0.004,0.9744626030101482,1.1517654549126188,0.088
2017,Sangzhi,23338,-1.3309359265055303,Low,0.010426464620276474,4.132699785648492e-6,-1.0596769953576561,0.2892915719789897,0.26,0.13,0.8976237130699564,1.0533083113617385,0.569904761904762
2017,Yueyang,40238,0.6705443419287629,High,0.011505534254094042,3.682233725639e-6,0.6864866148212097,0.492406302107951,0.4,0.2,0.7831524721399549,0.7276087816936587,0.6901960784313727
2017,Qiyang,31801,-0.777590964649371,Low,0.011135643299472342,3.922418625399611e-6,-0.7392864331021091,0.45973308572757976,0.476,0.238,0.8118452665565037,0.8120241812341318,0.7343448275862068
2017,Taojiang,31596,1.5999620760619984,Low,0.010909941658537632,3.808620593647282e-6,2.016560867823052,0.04374136020842452,0.088,0.044,0.9503154933317726,1.3977283456410952,0.30976
2017,Shaoyang,15068,-2.1320016428541,Low,0.009861241966478326,3.761388296596033e-6,-1.6175720794733035,0.10575485025172375,0.036,0.018,0.8708073510271046,1.0017549479083963,0.176
2017,Lianyuan,26939,0.3808816000055683,Low,0.010844768232109062,3.5291182485232177e-6,0.6921120413405466,0.4888669703360873,0.432,0.216,0.589471359565431,0.10144948961667266,0.6976
2017,Hongjiang,27487,-1.4024178023644516,Low,0.010805672003008962,4.606215864142037e-6,-1.2577810244227208,0.20847096007253177,0.12,0.06,0.8861220255879024,0.6995005836063579,0.34099999999999997
2017,Hengyang,30744,-0.44007615906375247,Low,0.010750559396889374,4.53473159807806e-6,-0.2284498655841462,0.8192965270506808,0.992,0.496,1.2947995986333924,2.1640897352530324,0.992
2017,Guiyang,49612,1.4878967066265643,High,0.012067488900247999,3.826504083777069e-6,1.1183317387744767,0.26342533631172615,0.288,0.144,0.8706720492961587,0.9972237176853875,0.5893953488372092
2017,Changsha,144225,6.202805354035791,High,0.019431221394988485,3.0711674872989495e-6,3.6176300215245285,2.973129831711187e-4,0.004,0.002,0.5794566448145236,-0.021985800725798477,0.0704
2017,Taoyuan,38614,-0.39485386938366135,High,0.011485297823721005,3.374517502212246e-6,-0.4454448612957089,0.6559982984475656,0.696,0.348,0.7718390675677451,1.0339962788231292,0.8775890410958903
2017,Xiangtan,45406,4.510604318539835,High,0.011784294346056552,3.4507540378616723e-6,4.492266854999449,7.0469045618926806e-6,0.004,0.002,0.5042952622708711,-0.2753344596913987,0.0704
2017,Dao,29059,-1.128137564914112,Low,0.01055739443956653,5.8327241786488835e-6,-0.9345625180949764,0.3500138029964235,0.268,0.134,1.4365278538817303,3.0540551494763566,0.569904761904762
2017,Jiangyong,26617,-0.8792207071480923,Low,0.009717770819911205,6.134299951185909e-6,-0.5303484723777597,0.5958703448543331,0.668,0.334,1.6017497696098344,2.6581580254040063,0.8775890410958903
2018,Anxiang,36358,0.37584367576964245,Low,0.011089171005044652,4.002601776198034e-6,0.5834185230595433,0.5596115913683324,0.504,0.252,0.7706572549637749,0.4046017176293928,0.8064
2018,Hanshou,36743.3,-0.0987482415377916,Low,0.011223239976349393,4.563126064330915e-6,-0.044080682721552994,0.9648400907706076,0.88,0.44,0.8079211184697771,0.8444731241623726,0.9554285714285715
2018,Jinshi,60435.19,1.0081832789067648,High,0.013360307149983548,4.490619024682352e-6,0.2859162463432222,0.7749422701663538,0.644,0.322,1.1291475407769143,2.1732157689296496,0.8397714285714286
2018,Li,45765.96,0.8011200486991308,High,0.012251774303830907,5.552371227640591e-6,0.5007328221445692,0.6165591694855461,0.56,0.28,0.828970687695705,0.4513458280772289,0.8397714285714286
2018,Linli,41142.96,0.8420898472193176,High,0.011657155482009572,4.977422097289972e-6,0.8427917457954629,0.3993449251694893,0.4,0.2,0.8349508917984282,0.5974925838603045,0.676923076923077
2018,Shimen,46830.37,0.12355921349489464,High,0.012025168097005184,4.198410609323587e-6,-0.1796183252813205,0.8574522171707506,1,0.5,0.8621114695348117,0.6178058973768517,1
2018,Liuyang,100200.1,4.6287538463585,High,0.017235179660358316,5.30346991708707e-6,2.6389369432754126,0.00831664485598758,0.044,0.022,1.0388490053012385,1.2321337674405264,0.22231578947368422
2018,Ningxiang,86096.34,3.383466918834467,High,0.014324326853332505,3.271187250274038e-6,2.233211738074192,0.025534984625528587,0.06,0.03,0.7403112300081236,0.5633585628827151,0.25142857142857145
2018,Wangcheng,103407.3,5.283469557513522,High,0.015767148333396094,3.5052778959972497e-6,3.879425441068603,1.0470348778970754e-4,0.008,0.004,0.9528916912481854,1.2752329159477016,0.12571428571428572
2018,Anren,23797.66,0.8824677254526657,Low,0.010559829413163871,3.2838497239332743e-6,1.393262920057656,0.16354029910591905,0.172,0.086,0.7709938602151356,0.6727342923880246,0.40757894736842104
2018,Guidong,15813.21,-0.18268379087894826,Low,0.008671649167363014,4.993255023508748e-6,0.9721156861987695,0.3309929992709537,0.324,0.162,1.1294822723704299,1.2864385875275417,0.6198260869565217
2018,Jiahe,45731.97,-0.029403936464219987,High,0.011810146716697223,3.81965191520365e-6,-0.2642018682481757,0.7916243715481601,0.952,0.476,0.9077135180178585,0.691411937193223,0.974139534883721
2018,Linwu,44286.73,0.5025793148084924,High,0.011858150316571923,5.036065176878366e-6,0.35776247996650273,0.7205210712019673,0.628,0.314,1.0642174741370667,1.4818429926520835,0.8397714285714286
2018,Rucheng,18562.16,-0.08581907833484473,Low,0.008991031740139838,4.855584365430745e-6,0.9659227662692077,0.3340828293912718,0.352,0.176,1.055399119552213,1.278037158922591,0.659063829787234
2018,Yizhang,38803.83,1.0887826200322843,Low,0.011421543857002904,5.548119666790064e-6,1.1686593977962987,0.24254088663906168,0.256,0.128,1.3316179820229614,3.2229206913830337,0.5494634146341464
2018,Yongxing,62761.83,1.7977599642088864,High,0.01336268360110947,4.26772175837472e-6,1.0994127782396277,0.2715880596076631,0.272,0.136,0.9824986236252602,1.6596139351591086,0.5648372093023256
2018,Zixing,98871.2,1.502608678048781,High,0.01504722768606745,3.5255881580272675e-6,-0.3062169813094215,0.7594394438282848,0.836,0.418,0.964679628140171,1.2340876224702573,0.9554285714285713
2018,Changning,40762.36,-0.03350966691902959,High,0.01136279384973438,4.006443886914032e-6,-0.039345248703151196,0.9686151312779696,0.912,0.456,0.8279444550314957,0.5813313709561614,0.9554285714285715
2018,Hengdong,45690.89,0.5680550016077144,High,0.01179476808511703,3.271690984452618e-6,0.45512518642138167,0.649019179236884,0.616,0.308,0.6692149540393277,0.11675811325149432,0.8397714285714286
2018,Hengnan,35273.61,-0.3826438340307737,Low,0.01127069152093854,4.0440530365824955e-6,-0.34742957255567014,0.7282686196925472,0.828,0.414,0.856918651620325,1.111300839222884,0.9554285714285713
2018,Hengshan,46481.11,0.2420845734845207,High,0.011990089357708941,4.455933080968824e-6,-0.024360751377178115,0.9805648548911291,0.892,0.446,1.0992313841705503,1.9343926707785029,0.9554285714285715
2018,Leiyang,37932.34,0.31556706191331174,Low,0.01135134147582454,4.450028296879844e-6,0.3611595892350414,0.7179801493074194,0.62,0.31,0.8875957196014812,1.1680650649612243,0.8397714285714286
2018,Qidong,28171.6,-0.8430607326380877,Low,0.010624977715974841,3.7512152764306723e-6,-0.5191431276380241,0.6036609353000121,0.664,0.332,0.7770050983058339,0.5703498221002259,0.8397714285714286
2018,Chenxi,25075.84,-1.5607238639821908,Low,0.010246355444208427,4.31637124661977e-6,-1.2466122417373748,0.21253971086601384,0.152,0.076,0.7744512055422028,0.6867707510663226,0.38217142857142855
2018,Zhongfang,44407.66,-1.0010078134733533,High,0.011933734270440808,4.6973566226958804e-6,-1.3601093032461333,0.1737953374985657,0.068,0.034,0.8122059937639845,0.36030945488904953,0.2601739130434783
2018,Huitong,23701.32,-1.292598665260009,Low,0.009906084096433286,5.076192181834478e-6,-0.8340752234000589,0.4042385960026642,0.396,0.198,1.1723808563030664,1.8625498908396443,0.676923076923077
2018,Jingzhou,34146.72,-1.167595293993708,Low,0.01092641779988536,5.8847281548615655e-6,-1.1891114195010442,0.23439582528079161,0.128,0.064,1.2813565315080602,2.6384462034811254,0.33129411764705885
2018,Mayang,22964.36,-1.4904036914221803,Low,0.009960995426253913,3.627047267454213e-6,-1.1223810027971157,0.26170047824882275,0.228,0.114,0.7494493565154837,0.4788057783503854,0.5144615384615385
2018,Tongdao,20627.71,-1.6194723244281015,Low,0.009269959110116016,5.184491573464756e-6,-1.1039939765488946,0.26959575059917434,0.168,0.084,1.2769358694179564,1.8617344614363134,0.40757894736842104
2018,Xinhuang,22646.38,-1.1328802687154882,Low,0.008275761479532686,4.964636808316409e-6,-0.5039635899673105,0.6142869632097621,0.692,0.336,2.029451419183768,5.030399242386274,0.8576901408450703
2018,Xupu,20461.71,-2.044168391463365,Low,0.010308260935245705,3.649681716357988e-6,-1.534296567417085,0.12495670982354347,0.048,0.024,0.6317939538217379,0.30043929728149443,0.22231578947368422
2018,Yuanling,25896.41,-2.1329074884102632,Low,0.010505292223034101,2.8912695660884913e-6,-1.9414742355121593,0.05220078156815675,0.02,0.01,0.5458916017596122,0.19518692267055515,0.12571428571428572
2018,Zhijiang,28276.74,-1.2697664205236643,Low,0.010406995354533655,3.6189526448227398e-6,-1.0825888040346774,0.27899097898893693,0.252,0.126,0.7448993570883038,0.41931748503166366,0.5494634146341464
2018,Lengshuijiang,76852.12,0.5909115740063768,High,0.015800925007836007,5.318555147576557e-6,-1.1951003889232323,0.23204781006823957,0.12,0.06,1.1375958436629707,1.3052024083706124,0.32999999999999996
2018,Shuangfeng,28263.26,0.11273409302171192,Low,0.01077924918396294,4.0170436058686724e-6,0.4157759471667077,0.6775739610241632,0.584,0.292,0.701987164057478,0.779184579782735,0.8397714285714286
2018,Xinhua,21889.43,-1.308680941377283,Low,0.010175521650755765,4.264971611452342e-6,-0.8239745308985242,0.4099540296920641,0.432,0.216,1.031075298809567,1.321132781377461,0.7105185185185184
2018,Chengbu,15182.39,-2.251891026382896,Low,0.00918461961156043,4.732072962801568e-6,-1.670590535783289,0.09480258314559056,0.016,0.008,0.8684915468643113,0.5864157592933905,0.12571428571428572
2018,Dongan,32449.15,-1.3084502939846046,Low,0.01071561732174238,4.158806641997943e-6,-1.338517207477849,0.18072789483339183,0.108,0.054,0.9882848176619222,2.1990505925487014,0.31679999999999997
2018,Dongkou,21365.84,-2.0838290081415285,Low,0.009951548911144659,4.294616067581016e-6,-1.707092214337015,0.0878049140041035,0.016,0.008,0.9034555331906523,1.0275181868417267,0.12571428571428572
2018,Longhui,16191.74,-2.657883627352083,Low,0.009918771872603909,4.033615292226694e-6,-2.20284120228114,0.027605943003703785,0.004,0.002,0.6810668258996224,0.2926993387063397,0.12571428571428572
2018,Shaodong,46661.11,-1.0604513548555161,High,0.01189847571858355,4.020193019709944e-6,-1.4346238289722115,0.15139432050789312,0.052,0.026,0.871177645541306,0.8267900458962405,0.2288
2018,Suining,25232.11,-2.127947162834251,Low,0.010457551227836776,3.630578490698708e-6,-1.8349074982581761,0.06651939648208645,0.02,0.01,0.7769356165692639,0.5936641990114002,0.12571428571428572
2018,Wugang,19249.76,-2.6361579556215995,Low,0.010106095070720413,4.363225714055556e-6,-2.184714735757866,0.028909769061041972,0.004,0.002,0.8906766821704495,0.8331264607377338,0.12571428571428572
2018,Xinning,18703.7,-2.1209163673234688,Low,0.009328280770847774,4.633409010927485e-6,-1.5979523914991747,0.11005357287474646,0.02,0.01,1.080160728022517,1.1905096469583167,0.12571428571428572
2018,Xinshao,18509.28,-1.1014043616471283,Low,0.00991533505785147,4.010868857054652e-6,-0.49121849752272967,0.623271917408744,0.728,0.364,0.6576448083108999,0.20333791041937932,0.8775890410958903
2018,Shaoshan,93691.87,3.7969679443368314,High,0.01769526183747214,5.032454725206726e-6,1.9929378264864699,0.04626825560552286,0.092,0.046,1.199240070853075,1.7654385185810035,0.31679999999999997
2018,Xiangxiang,54994.68,2.2162308177024577,High,0.012805287821643413,4.398586649624707e-6,1.8226545523538658,0.0683557277111068,0.096,0.048,0.7745500109559269,0.31789682271860586,0.31679999999999997
2018,Baojing,19069.44,-2.004192397268147,Low,0.009661056535139786,4.528729142316274e-6,-1.4369892674750184,0.1507210431475509,0.048,0.024,1.1701218314561828,1.4235415943524208,0.22231578947368422
2018,Fenghuang,24201.51,-1.393046863162494,Low,0.010133406071548579,4.617582256036396e-6,-1.1009707854627402,0.2709093722659343,0.176,0.088,0.8740323954426782,0.8378754847683099,0.40757894736842104
2018,Guzhang,19185.73,-1.8683627999367476,Low,0.009770139823546851,4.3716178052976075e-6,-1.3604443863283162,0.17368934051765905,0.108,0.054,0.7159338172153167,0.25645049791279506,0.31679999999999997
2018,Huayuan,21065.99,-1.2694194309373326,Low,0.009282482881825444,4.838304083365832e-6,-0.6957385967269872,0.4865925494658982,0.56,0.28,0.8896709554989578,0.4553860979730522,0.8397714285714286
2018,Jishou,47485.71,-1.3043938406842068,High,0.012053764189132279,4.670700977257959e-6,-1.7529715760535105,0.07960688618226032,0.016,0.008,0.9159066393458554,1.0622303243142062,0.12571428571428572
2018,Longshan,17068.8,-2.0761133713382236,Low,0.00891099203230887,4.968575951900052e-6,-1.5495158417435042,0.12125776631095202,0.028,0.014,0.9815018147245456,0.8781926995797331,0.154
2018,Luxi,19865.15,-1.768976893396264,Low,0.009944720471929817,3.880931706581147e-6,-1.2625634886305925,0.20674609627741122,0.116,0.058,0.8692281757902987,0.5823696210447538,0.32929032258064517
2018,Yongshun,15521.63,-2.3793375761853808,Low,0.009409592262339804,4.16304686712832e-6,-1.8122621336462996,0.06994570251152357,0.028,0.014,0.7581636729106094,0.898194751207424,0.154
2018,Anhua,27110.04,-0.5512860376269664,Low,0.01054460173180981,3.694501355238042e-6,-0.16725120177696431,0.8671723985531274,0.968,0.484,0.7876955330754363,1.0949855418170094,0.9791264367816093
2018,Nan,35325.32,0.18042017727849796,Low,0.011021737032543805,4.2607022139801035e-6,0.35864461154179095,0.7198609688166822,0.668,0.334,0.7860987630193162,0.607889023435134,0.8397714285714286
2018,Yuanjiang,44550.83,0.24091521654319295,High,0.011917333385510577,4.5086914505202475e-6,0.008738504733055184,0.9930277707240457,0.852,0.426,0.744952341564089,0.3949944463757462,0.9554285714285715
2018,Jianghua,28426.16,-1.075120910272377,Low,0.010591219761617914,5.094732491121736e-6,-0.8873736394845126,0.37487777081672746,0.372,0.186,0.787032995438473,0.8176111890704134,0.676923076923077
2018,Lanshan,35090.04,-0.4164375745552125,Low,0.010943917924667857,4.707760227151004e-6,-0.3020123670066759,0.7626426353940818,0.884,0.442,1.0768347244323309,1.3375524726527326,0.9554285714285715
2018,Ningyuan,23019,-1.099794360712525,Low,0.010372295381111908,3.848836036706718e-6,-0.6544510894018211,0.5128212285971143,0.62,0.31,0.6037687809118472,0.2780552665222764,0.8397714285714286
2018,Shuangpai,31967.03,-0.8120338654844121,Low,0.010620034928874377,6.117538270893992e-6,-0.6334051180763538,0.5264691236171339,0.6,0.3,1.1388985485401848,1.1012560089040964,0.8397714285714286
2018,Xintian,24935.12,-0.5128209384093412,Low,0.009982483901089174,4.8359636956749845e-6,0.02607417026291244,0.9791981792006593,0.824,0.412,1.0210921793586842,1.2171640509440973,0.9554285714285713
2018,Huarong,46936.05,0.40032358817762886,High,0.012515826296503288,5.628688478368695e-6,0.05429498513550532,0.9567001449439759,0.716,0.358,1.8007776840088021,5.158887392614783,0.8751111111111112
2018,Linxiang,51344.05,0.7851997913264651,High,0.01381782787948873,5.062659195299571e-6,0.20635301869865616,0.8365151666453446,0.64,0.322,2.0606312793401864,5.022795085678309,0.8397714285714286
2018,Miluo,64462.19,3.8829452982652253,High,0.013300176983718062,4.233940163696751e-6,3.5412749758205346,3.9819835359549284e-4,0.016,0.008,1.0490220548033722,1.1200935752999532,0.12571428571428572
2018,Pingjiang,28944.92,3.290352482613154,Low,0.010347560608299066,4.84468505934128e-6,4.320592220065407,1.5561100555071653e-5,0.012,0.006,1.1316615569976551,1.5682208373862823,0.12571428571428572
2018,Xiangyin,46861.46,1.961997778034332,High,0.011949329962546253,4.240874708618425e-6,1.9786402915356935,0.047856519873878484,0.104,0.052,1.0834520108666972,1.654517960657727,0.31679999999999997
2018,Cili,31216.77,-0.36005431252966735,Low,0.010621865105444852,5.325152842929475e-6,-0.12245755758410862,0.9025366570924042,0.904,0.452,1.256296675977404,2.3972627920418654,0.9554285714285715
2018,Chaling,31356.85,-0.3930696397587059,Low,0.010433927602439637,4.6693428094696595e-6,-0.08726965868902488,0.9304571708417256,0.86,0.43,0.948157593541428,0.583402220231414,0.9554285714285715
2018,Liling,63128.86,2.6513519804798165,High,0.014301198959070938,5.620099376757945e-6,1.9427205073490692,0.05204993705835041,0.108,0.054,1.1046987954053842,1.0897416875339099,0.31679999999999997
2018,Yanling,36828.71,0.5883808781464406,Low,0.011038613455920169,4.1458606575005045e-6,0.8460224760192945,0.3975402059452509,0.38,0.19,0.9430661219338842,0.7862312072857156,0.676923076923077
2018,You,52287.95,0.7225778314554976,High,0.012409811162653875,4.3046656474497966e-6,0.323015663566315,0.7466833796012818,0.632,0.316,0.8985555815664918,0.9317228478346058,0.8397714285714286
2018,Zhuzhou,45358,3.856533613510845,High,0.011935818646695783,4.114130311618003e-6,3.9163431588223605,8.990225687036265e-5,0.008,0.004,0.6713706665116702,0.25656471060411423,0.12571428571428572
2018,Sangzhi,24817.69,-1.359724711979024,Low,0.01046880462160765,3.978245532159915e-6,-1.0567033758449398,0.29064698383238524,0.284,0.142,0.6953142237884657,0.5583668726980742,0.568
2018,Yueyang,44208.33,0.880470815526781,High,0.011547206435450647,4.353024008979842e-6,0.78507002617592,0.4324125125628472,0.4,0.2,1.0022716777060443,1.4622931449034908,0.676923076923077
2018,Qiyang,35658.51,-0.716983479475547,Low,0.01127342051400676,4.678876076368582e-6,-0.6440340368212323,0.5195533628151621,0.556,0.278,1.0240516063218361,1.7901440866006437,0.8397714285714286
2018,Taojiang,34210.58,1.6559892834038104,Low,0.011161113261407153,3.7036660509556968e-6,1.885413175061363,0.0593740766266468,0.1,0.05,0.8369217368581362,0.8274454068020711,0.31679999999999997
2018,Shaoyang,16844.35,-2.146321298109314,Low,0.00988400659428073,3.703656067100074e-6,-1.538442509144706,0.12394045523052134,0.064,0.032,0.7481295706127691,0.3613160277530181,0.256
2018,Lianyuan,29513.61,0.44581339760832855,Low,0.01081350332239668,3.5252073620505598e-6,0.7560657536568904,0.44960977342725805,0.436,0.218,0.7199604683681335,0.3502199283856089,0.7105185185185184
2018,Hongjiang,30060,-1.4548393329602076,Low,0.010887548572923716,4.455595268025291e-6,-1.2963745081224591,0.1948464901743949,0.124,0.062,0.9422045501361596,1.2006018126338782,0.33066666666666666
2018,Hengyang,32826.89,-0.38965656709299157,Low,0.010947298687732776,4.220693832636855e-6,-0.24786576782581643,0.8042382668434145,0.936,0.468,0.7585376320683405,0.4099359079919398,0.9690352941176472
2018,Guiyang,52246.09,1.5167951076688129,High,0.01214877659235003,3.5773465326820265e-6,1.0664665849954147,0.28621277605977385,0.312,0.156,0.6932040916964458,0.3804758381439246,0.6101333333333333
2018,Changsha,141720.7,6.037181620273832,High,0.018605513625652742,3.0241078305560833e-6,3.5015365314226488,4.6258354864262707e-4,0.016,0.008,0.8317190716711986,1.1230937862823573,0.12571428571428572
2018,Taoyuan,43156.57,-0.2685490780705174,High,0.011522659374289286,2.5969131394116457e-6,-0.37818161297880265,0.7052956836571866,0.804,0.402,0.6104871764293809,0.36950891122125196,0.9554285714285713
2018,Xiangtan,51500.44,4.594989613951103,High,0.01198276843190408,3.26363656412575e-6,4.356359947368816,1.3224324177476915e-5,0.008,0.004,0.7886708181531427,1.1115982002893343,0.12571428571428572
2018,Dao,32583.66,-1.0556396493287394,Low,0.010891833948154326,5.078629693748879e-6,-0.9998578888453759,0.3173792862277466,0.276,0.138,0.8812690866830081,0.7496895691628631,0.5648372093023256
2018,Jiangyong,29121.65,-0.8336993514683053,Low,0.00991984591886139,5.169915749594495e-6,-0.5383110262800644,0.5903623402889693,0.664,0.332,1.4015739523259743,2.155201857669816,0.8397714285714286
2019,Anxiang,39667.81,0.4683681345029986,Low,0.011197829958287933,4.33417310782225e-6,0.5993859655348756,0.5489155336483564,0.448,0.224,1.0042061450946873,1.2576212312037791,0.7300740740740741
2019,Hanshou,37430.75,-0.3059844179303995,Low,0.011215916948847271,4.386038605568375e-6,-0.26699944507258705,0.7894695883541105,0.944,0.472,1.0498695297226406,1.4726898102294639,0.9548505747126437
2019,Jinshi,66238.08,1.2309950940673626,High,0.013688799374656124,4.858914175690419e-6,0.3472663132268709,0.7283912560165758,0.572,0.286,1.2251992993694256,1.9116709455966872,0.8251803278688524
2019,Li,47873.93,0.9413362713646496,High,0.011887285144007319,4.988637765553051e-6,0.8236974478180593,0.41011148996141283,0.376,0.188,1.2370910947761966,1.8994945066005036,0.7040000000000001
2019,Linli,45571.98,1.0531736964601832,High,0.01176684444029461,4.777885779905962e-6,1.02522657303273,0.3052562926329363,0.288,0.144,1.4050212642322373,3.728459515172605,0.6034285714285714
2019,Shimen,50646.03,0.15555798142381191,High,0.012136339855857665,4.865501994170093e-6,-0.18738403970668763,0.8513595354353994,0.992,0.496,1.2497893194693517,2.1687841483890953,0.992
2019,Liuyang,103409.33,4.954163324321458,High,0.016989188488271106,4.053693979082212e-6,3.3837590982262182,7.150070857601109e-4,0.012,0.006,1.1987388761437643,1.8855828889779822,0.066
2019,Ningxiang,80888.5,3.107433768713657,High,0.013763280164569448,3.590801983590353e-6,2.033242524914121,0.04202802670280907,0.084,0.042,0.9198854858913407,1.1255044276119577,0.3213913043478261
2019,Wangcheng,116352.94,5.6007000804678215,High,0.016272037899078266,2.9576330879732677e-6,4.1399947116095515,3.473138281337424e-5,0.004,0.002,0.901527689096138,1.0259049171772574,0.05028571428571429
2019,Anren,27186.84,0.6587181477995714,Low,0.010512754834461575,3.083088645009021e-6,1.1961571212263669,0.23163525021246145,0.244,0.122,0.7219820951712339,0.2926255247832503,0.5368
2019,Guidong,19513.82,-0.1822100558403061,Low,0.009191098398223307,4.991346554540198e-6,0.7467580155986189,0.45520964278802833,0.364,0.182,1.419103940120159,2.727726719061681,0.6963478260869566
2019,Jiahe,42095.78,-0.31718876255580397,High,0.011367558771806967,3.790296029240598e-6,-0.3784025348939094,0.705131585377817,0.824,0.412,0.7766108266184923,0.14377244195918815,0.9125925925925925
2019,Linwu,40893.65,-0.017904763089567108,Low,0.011377715505756631,4.9226934019638816e-6,-0.026606557993621986,0.9787735425901116,0.828,0.414,1.0547839081571455,0.904780806863184,0.9125925925925925
2019,Rucheng,24712.22,-0.1957413996371288,Low,0.009572305154481516,4.2674220060533e-6,0.6049585579250351,0.5452065330047388,0.436,0.218,1.1454204628329014,1.4376421202249219,0.7300740740740741
2019,Yizhang,36143.58,0.5968759154522033,Low,0.010932790954731578,3.9830090565644895e-6,0.9667617008724018,0.3336631744746278,0.308,0.154,0.9658858391454733,1.1179873440745158,0.6303255813953489
2019,Yongxing,58195.37,1.2308397729277682,High,0.012706649789239709,4.484397556964036e-6,0.7085736591255573,0.47858908721580334,0.396,0.198,1.0571981518754314,1.3539134565972049,0.726
2019,Zixing,90613.01,1.0644718607444867,High,0.014264398458055065,3.0504662878315946e-6,-0.43452351798630223,0.6639083205221417,0.74,0.37,0.763170200765722,0.660623255650783,0.9065205479452054
2019,Changning,41584.05,-0.26675621723222775,High,0.011344903448165668,3.571642241558584e-6,-0.31617582754114876,0.7518690541804948,0.884,0.442,1.007993885044307,1.337831341160963,0.9152000000000001
2019,Hengdong,45032.22,0.5261786032372887,High,0.011754136605938279,3.7319651151666683e-6,0.38281860892121033,0.7018542627369619,0.636,0.318,0.8398653349684513,0.7023759720129665,0.8883809523809524
2019,Hengnan,37014.91,-0.6303525370029652,Low,0.010987489546282073,3.416227771321967e-6,-0.4827105861213623,0.6293012456258864,0.72,0.36,0.9336515394598639,0.9120231561742314,0.9065205479452054
2019,Hengshan,44780.22,0.07063903441772634,High,0.011636090251009664,4.013926556005709e-6,-0.05453604951370181,0.9565080879545442,0.884,0.442,0.9810334627131707,1.159342618854546,0.9152000000000001
2019,Leiyang,32863.04,-0.12615323335938522,Low,0.010759203301288734,3.990071248016318e-6,0.15668992858528802,0.8754892248568342,0.712,0.356,1.1485086243358276,1.8496326302532307,0.9065205479452054
2019,Qidong,29668.12,-0.6201548551651029,Low,0.010754840503207873,3.615998997083492e-6,-0.33605139689523184,0.7368321087597953,0.84,0.42,1.0048215932422706,1.5174964036334417,0.9125925925925925
2019,Chenxi,23798.83,-1.6389339915062906,Low,0.010002061079833624,3.90631585813874e-6,-1.2268174626953106,0.2198912058856858,0.152,0.076,0.8845445380069679,1.0930457510858274,0.38217142857142855
2019,Zhongfang,45025.68,-1.1498063007666952,High,0.011711327406738352,3.914712329163455e-6,-1.5182747533808738,0.1289451494365717,0.028,0.014,0.8066891075659236,0.3390228135968134,0.1296842105263158
2019,Huitong,26558.73,-1.4107305048926086,Low,0.009977342359893194,4.216551346018982e-6,-1.0497611858878089,0.2938279247167846,0.228,0.114,1.0540194766864293,1.281542372061356,0.528
2019,Jingzhou,32058.85,-1.280336382867155,Low,0.01033327971167367,4.5537513901934915e-6,-1.177337011658473,0.23906101981924585,0.116,0.058,1.3297483284105536,2.2866613446279533,0.352
2019,Mayang,25230.63,-1.5359796915355028,Low,0.010188475977765388,4.450497423722231e-6,-1.1249885728836035,0.2605938765829286,0.212,0.106,0.8705882355129718,0.6862825231967573,0.5042162162162163
2019,Tongdao,25082.37,-1.5620140094594086,Low,0.00981811459756516,5.67906228415242e-6,-1.1651433572530787,0.24396096908725165,0.128,0.064,1.0430534392131372,0.7480154719346812,0.352
2019,Xinhuang,27218.85,-1.0090433510467935,Low,0.008715052627862728,3.84653516306769e-6,-0.5094276976521586,0.6104524660207901,0.716,0.35,2.351241181811191,8.004058115586515,0.9065205479452054
2019,Xupu,22470.2,-2.140142052381787,Low,0.010396619069999887,3.104503010006549e-6,-1.755022151216492,0.07925551888318964,0.012,0.006,0.767048274943583,0.44853586955697766,0.066
2019,Yuanling,27727.93,-2.0806665788962544,Low,0.010646422651074869,3.0382168798583018e-6,-1.85265839375479,0.0639313370546614,0.012,0.006,0.5729820364252193,0.05125647176377024,0.066
2019,Zhijiang,29278.8,-1.2906655842365697,Low,0.010392057451022358,3.878159959866001e-6,-1.0207407388232317,0.30737728777311896,0.284,0.142,1.0547639913099864,1.881615390336921,0.6034285714285714
2019,Lengshuijiang,67826.44,0.07727593509402356,High,0.014166844404512229,4.64938098442464e-6,-1.2008774148222114,0.22979875637288122,0.116,0.058,1.2363924401788216,1.8516307395644338,0.352
2019,Shuangfeng,31075.68,0.36144767705756575,Low,0.010684277560756813,3.600533711814569e-6,0.7671207231540806,0.4430097418497912,0.36,0.18,0.9414351925734817,1.446549556739516,0.6963478260869566
2019,Xinhua,24109.44,-1.510144692943365,Low,0.010135185321347074,3.4592043914656286e-6,-1.0832830266461293,0.27868281680139356,0.244,0.122,0.916243874611407,1.11144487867372,0.5368
2019,Chengbu,19441.07,-2.1483476810103865,Low,0.009449116314977109,4.3592295814571405e-6,-1.6664311940536287,0.09562756202292368,0.008,0.004,1.3920784214126836,3.1057907054412306,0.066
2019,Dongan,33158.95,-1.3425257564324073,Low,0.010838132822223942,4.747459925477218e-6,-1.3057958242906653,0.19162200047738834,0.08,0.04,0.9857579640637045,0.8714328348542684,0.32
2019,Dongkou,22122.67,-2.1422533961570394,Low,0.009863754613078337,4.0839480762836835e-6,-1.7067858546366952,0.08786186254814203,0.028,0.014,0.9606327902480216,1.1832649160470243,0.1296842105263158
2019,Longhui,19852.45,-2.578611496239495,Low,0.01002148087222966,4.254902837198914e-6,-2.034072226776883,0.041944313725506714,0.004,0.002,1.1234864536176408,1.6968766740749013,0.05028571428571429
2019,Shaodong,66620.27,-0.5218231876010396,High,0.013113105933637232,3.650359000690646e-6,-1.502234558748276,0.1330365426535244,0.052,0.026,0.708338443068895,0.13373838650035186,0.2288
2019,Suining,25666.8,-2.1853446503794545,Low,0.01050517023481461,3.557681802396273e-6,-1.8761191938567927,0.060638914647503976,0.016,0.008,0.7443934083901709,0.4797411119262538,0.08282352941176471
2019,Wugang,20550.53,-2.605673193770472,Low,0.00995124242594907,3.816555893535794e-6,-2.141504917557513,0.032233342345511166,0.004,0.002,1.023054161997506,1.8527522316942369,0.05028571428571429
2019,Xinning,19360.98,-2.1179201687743383,Low,0.009355579097051621,4.1891097328159955e-6,-1.61690577817886,0.10589862096520557,0.004,0.002,1.0760072273306662,1.1567338925070834,0.05028571428571429
2019,Xinshao,20268.83,-0.9846534681238561,Low,0.009804993421038912,3.491338473082186e-6,-0.29758167890821513,0.766022459519997,0.936,0.468,0.8998338454714124,0.828811085618554,0.9548505747126437
2019,Shaoshan,89948.04,3.4017006309373214,High,0.01664589263482942,4.853226806141301e-6,1.8748822802355551,0.0608089203263096,0.128,0.064,1.4693269226855128,2.3791442753257757,0.352
2019,Xiangxiang,59232.66,2.0124068427038933,High,0.01271565420215901,3.753937415849472e-6,1.7017194870792347,0.08880796558620088,0.14,0.07,1.1233695237669898,1.8506913008363322,0.36235294117647066
2019,Baojing,23898.43,-1.6923551029783093,Low,0.010148599289718223,4.5604400083551625e-6,-1.261840690273514,0.20700611714524092,0.1,0.05,1.0705349470209877,1.5577014682225228,0.352
2019,Fenghuang,25508.94,-1.2440895275332529,Low,0.009886983348637926,4.461301395285218e-6,-0.779698582125232,0.4355683136196038,0.44,0.22,1.157265274867751,2.264542555953142,0.7300740740740741
2019,Guzhang,23179.7,-1.5864178792117827,Low,0.00995357898196587,3.789210992186976e-6,-1.1583978606289973,0.24670171181420172,0.168,0.084,0.9031884975006582,0.8016874973983565,0.41066666666666674
2019,Huayuan,25016.13,-1.0449162624019421,Low,0.009553334987594616,4.258872944132446e-6,-0.5238251851000094,0.6004001346557396,0.708,0.354,1.1987251277542026,1.635264950763446,0.9065205479452054
2019,Jishou,53765.55,-1.0049011084478823,High,0.012293072430145088,4.2878022259369885e-6,-1.5699920460556567,0.11641696173448547,0.012,0.006,1.1902803775467308,2.0757958146576945,0.066
2019,Longshan,19574.68,-1.9570108945352918,Low,0.00909410216907426,4.565968223286861e-6,-1.4720926693748717,0.1409958547987917,0.012,0.006,1.0331190417525824,1.061062716707334,0.066
2019,Luxi,23777.48,-1.6417834023663966,Low,0.010311342462997778,4.0035113284158266e-6,-1.2362877409692943,0.21635162628117346,0.132,0.066,0.9924931164370384,1.41388992933223,0.352
2019,Yongshun,19372.26,-2.2126952629895,Low,0.009872676795672863,4.531480492469316e-6,-1.7009527676884992,0.0889518567585096,0.008,0.004,0.9514507356188007,0.7651510404732038,0.066
2019,Anhua,26984.9,-0.7517024773386582,Low,0.010634138843505034,3.827070100869492e-6,-0.40025532037919564,0.6889684726401211,0.788,0.394,0.8931964090491719,1.0714698345091156,0.912421052631579
2019,Nan,36136.61,0.055663401865137095,Low,0.011144851079614408,4.220699712090541e-6,0.16468284028380986,0.8691936240282612,0.752,0.376,0.7435794438145441,0.2958191784295128,0.9065205479452054
2019,Yuanjiang,36964.45,-0.18035863185714396,Low,0.011099316541017187,4.8559761105203e-6,-0.06913564377973015,0.9448816492594111,0.884,0.442,1.3282972845964836,2.522256743430084,0.9152000000000001
2019,Jianghua,29197.69,-0.977475821112303,Low,0.010176191074644384,4.106079872556161e-6,-0.6251093225159265,0.5318993097833085,0.62,0.31,1.4181555521946128,3.8015321525741284,0.88
2019,Lanshan,34985.54,-0.6036846664353859,Low,0.010670215494815794,4.037914737632982e-6,-0.4091857179732147,0.6824033746312332,0.824,0.412,1.3798753590649424,3.7280946655968785,0.9125925925925925
2019,Ningyuan,31539.34,-0.9664860741946643,Low,0.01072905620840446,3.217061731071529e-6,-0.730424867315917,0.4651305226844281,0.512,0.256,0.7768195129016374,0.5409869171100579,0.8045714285714286
2019,Shuangpai,35275.67,-0.5670675264449757,Low,0.010623733306892723,4.6617167259232034e-6,-0.3840457085048842,0.7009445698229978,0.872,0.436,1.2396698637025962,1.815112551223998,0.9152000000000001
2019,Xintian,26924.21,-0.5457758089812456,Low,0.010088759811118642,4.684365682913657e-6,-0.04407546846834546,0.9648442471031553,0.84,0.42,1.10807511197291,1.2869470156103677,0.9125925925925925
2019,Huarong,49204.21,0.41738542278100527,High,0.01239324621149129,4.906261013514382e-6,0.12161850442954604,0.9032011578625089,0.732,0.366,1.5904326496633745,3.0577055989747386,0.9065205479452054
2019,Linxiang,57679.5,1.0377689333067415,High,0.014366708033009452,4.7579352857617755e-6,0.34313729419047356,0.7314951757294978,0.428,0.224,2.5995671432544847,8.467513249226561,0.7300740740740741
2019,Miluo,70953.25,4.355941110905028,High,0.013561324694397607,3.591198019271155e-6,4.150568433871278,3.3165058696487664e-5,0.008,0.004,0.8634378063952309,0.6511751828287182,0.066
2019,Pingjiang,33079.13,3.6368024823852796,Low,0.01063104022465769,4.84218665780899e-6,4.482378273665745,7.381574893683477e-6,0.012,0.006,1.3279246134967853,2.567879005211733,0.066
2019,Xiangyin,46906.22,1.9343370279579102,High,0.011920829874214223,4.471879190253754e-6,1.8497159399326044,0.06435450185629134,0.112,0.056,0.9683104758923613,1.1321600981049134,0.352
2019,Cili,28834.75,-0.4789225310795207,Low,0.00989997043524704,4.51508466945583e-6,0.06516617938325334,0.9480416888121092,0.784,0.392,1.5992444920813083,4.078739094618466,0.912421052631579
2019,Chaling,36308.86,-0.07836169877143433,Low,0.01079136308989005,4.660060015845381e-6,0.16465500777123532,0.8692155321094863,0.672,0.336,1.2006824860535412,1.5523637267507349,0.9065205479452054
2019,Liling,74026.04,3.0522367796926178,High,0.014726022074260112,3.698532030115851e-6,2.6431878212195405,0.008212946246268596,0.056,0.028,1.302200520819576,2.1817993485557503,0.2346666666666667
2019,Yanling,42019.04,0.4816741700201399,High,0.011538166167426003,4.773005293910877e-6,0.42945806982031737,0.6675899018607185,0.556,0.278,1.2298771445409595,1.919678466706876,0.8154666666666667
2019,You,59744.51,1.049211584510987,High,0.01281220545252866,4.395382346734255e-6,0.46522212849961353,0.6417723935646509,0.544,0.272,1.1178092214973088,1.7677916185908833,0.8113898305084747
2019,Zhuzhou,47006.13,4.163154782352906,High,0.011637109556461663,3.2116658317616058e-6,4.836455828419016,1.3217462766293185e-6,0.004,0.002,0.773382221361577,0.5196712807498756,0.05028571428571429
2019,Sangzhi,25147.18,-1.3561860456623518,Low,0.010297063190650114,3.972200184178567e-6,-0.926235178257937,0.3543237745701964,0.344,0.172,0.8619466425841981,0.6841923316357819,0.688
2019,Yueyang,48638.04,0.8904597526355122,High,0.011860632094380605,3.735194767775398e-6,0.66991066343656,0.5029147416561408,0.44,0.22,0.803158325868602,0.4559904819498657,0.7300740740740741
2019,Qiyang,38769.74,-0.6655836130535747,Low,0.011289597277008333,3.4293292950187724e-6,-0.6832066354709994,0.4944762803291397,0.544,0.272,1.0367471833991178,1.9856146026483135,0.8113898305084747
2019,Taojiang,34095.65,1.403220168575721,Low,0.010924350299724026,3.651942400062708e-6,1.7073359238883117,0.0877596326261207,0.124,0.062,0.9617862309943845,1.1323215648941183,0.352
2019,Shaoyang,19328.03,-1.858878206530879,Low,0.010152990873338201,3.4589171732671944e-6,-1.360152519260481,0.1737816642436539,0.132,0.066,0.8516614507099152,1.302315900497268,0.352
2019,Lianyuan,29324.51,0.3597445166713392,Low,0.01075521374976738,2.986275414614419e-6,0.7469340067632125,0.4551033972345639,0.448,0.224,0.7459853323001969,0.8966798295034737,0.7300740740740741
2019,Hongjiang,29607,-1.5843244890115273,Low,0.010669883301712072,3.972447996249296e-6,-1.3590890216659157,0.17411838121856602,0.092,0.046,0.9203095947150426,0.9680503795007374,0.3373333333333333
2019,Hengyang,33452.1,-0.19870089461282012,Low,0.01072668669355533,4.511723715021952e-6,0.08375659011050554,0.933249962762997,0.752,0.376,1.1951129048012121,1.9523378531447975,0.9065205479452054
2019,Guiyang,50599.19,0.8002567841035988,High,0.011898589771758797,2.7608526386737504e-6,0.5434470303771539,0.5868220519615317,0.54,0.27,0.6707270091100258,0.3454471671493611,0.8113898305084747
2019,Changsha,155564.46,6.579432171885526,High,0.019036124541052565,2.7859961055544502e-6,3.868926282850189,1.0931568355913748e-4,0.004,0.002,0.5370712092287735,0.10774624968732693,0.05028571428571429
2019,Taoyuan,48062.77,-0.256397850391188,High,0.011598486797103465,2.547652807427068e-6,-0.4091746393957213,0.682411504198749,0.768,0.384,0.6814441394966799,0.5068715241351054,0.912421052631579
2019,Xiangtan,55680.73,4.604808944471169,High,0.011964183662635587,2.756573410038434e-6,4.621813899721473,3.8039919336906366e-6,0.004,0.002,0.8483341539788137,0.6148021519859466,0.05028571428571429
2019,Dao,36254.6,-0.8426206287404062,Low,0.010815963004874715,4.09766290669078e-6,-0.7745420896345614,0.4386102880820275,0.46,0.23,1.0942742287599754,1.3674813435078663,0.7360000000000001
2019,Jiangyong,32158.18,-0.769002448744428,Low,0.010172251278855007,5.23404482571636e-6,-0.5253601358404499,0.599332860226703,0.708,0.354,1.348755902635054,1.6656945799254315,0.9065205479452054
2020,Anxiang,52289.88,1.1796876355699368,High,0.011883708947923838,3.1017632061016696e-6,1.0146531610980585,0.310271188769982,0.312,0.156,0.7766403791819181,0.731474804274101,0.5603265306122449
2020,Hanshou,44998.41,0.13707136159712383,Low,0.011293105071181168,2.9695036647013067e-6,0.19648949075454888,0.8442270575070552,0.792,0.396,0.4653713839251742,-0.23842146839837408,0.8691358024691358
2020,Jinshi,85563.81,2.0599244543177373,High,0.01442097943619685,3.3163315486048633e-6,0.7252361406763324,0.4683071746996945,0.472,0.236,1.0073516178567365,1.307285613328892,0.6593015873015873
2020,Li,52856.66,1.4843978449235238,High,0.011845353316324221,3.0573797127088775e-6,1.5287898444706565,0.12631655078306234,0.172,0.086,0.7329024761296885,0.30455195420919745,0.42044444444444445
2020,Linli,54799.84,1.535944935183851,High,0.012047267479083466,3.0088533725488913e-6,1.487823789653758,0.13679737010292975,0.172,0.086,0.8319564975943619,1.1770638387742318,0.42044444444444445
2020,Shimen,55881.31,0.15067462332507162,High,0.012189788467920739,2.979728854736164e-6,-0.3078947420136795,0.7581624268400506,0.904,0.452,0.6182152253290293,-0.21236021138854566,0.9291162790697675
2020,Liuyang,105244.85,4.673322573054796,High,0.016055353338315335,2.8321243383908654e-6,3.1141154694364386,0.0018449727054909272,0.012,0.006,0.685205733469107,0.2532109205959694,0.10057142857142858
2020,Ningxiang,88100.29,3.0744135532878074,High,0.013700978286342274,2.5160990632110485e-06,1.8278057095526796,0.06757871603550812,0.084,0.042,0.5087076045618234,0.21780685224937013,0.2843076923076923
2020,Wangcheng,99736.87,5.004484808677977,High,0.014514504768986273,2.2753926587521823e-6,3.9427384370699494,8.05564965414202e-5,0.004,0.002,0.5693635075184815,0.047694562240084615,0.05028571428571429
2020,Anren,32825.27,0.9085663705117302,Low,0.010771633082178872,2.551943163926798e-6,1.2837883342113348,0.19921602649466033,0.232,0.116,0.550326293265432,0.050559999808255096,0.464
2020,Guidong,28143.54,0.16779976698803592,Low,0.00967345064800002,3.6458636873940675e-6,1.0910320352785972,0.27525878662748554,0.304,0.152,0.793112077790293,0.20453734024116788,0.5603265306122449
2020,Jiahe,42149.43,-0.7154040776463445,Low,0.011022392185746506,2.868797257020228e-6,-0.6245536474346233,0.5322640499341289,0.58,0.29,0.7164897527566937,0.3645639937443339,0.7188732394366196
2020,Linwu,44728.37,-0.28462768463784655,Low,0.011289709721600523,3.529486265155465e-6,-0.28264664341603263,0.7774477213123282,0.888,0.444,0.682381444868514,0.3310615878253995,0.9291162790697675
2020,Rucheng,26668.9,-0.1896774104534408,Low,0.009306721599367091,2.8933323336857966e-6,0.9480552782008561,0.3431013137213997,0.336,0.168,1.052064002743449,1.380360573946123,0.5605925925925925
2020,Yizhang,38855.12,0.5160210980379764,Low,0.01086273146501446,3.4601280289752434e-6,0.8588748955123959,0.3904095411719123,0.392,0.196,0.6624923217942349,0.2749940007822276,0.6051929824561404
2020,Yongxing,58581.29,1.264557582551482,High,0.012228631496614814,3.154327171716967e-6,0.9054079159505044,0.3652493236169133,0.332,0.166,0.7530060885213111,0.528058650934609,0.5605925925925925
2020,Zixing,101688.21,1.2862607322523818,High,0.014226834292841196,2.0902255763980436e-6,-0.46502197347172897,0.6419157209742226,0.748,0.374,0.5868116297600905,7.463530906770544e-5,0.842126582278481
2020,Changning,44122.94,-0.4027514379117062,Low,0.011138939274975905,2.527600710310559e-6,-0.35408886673383677,0.7232722853527023,0.8,0.4,0.46143911818953093,-0.057976049473126956,0.8691358024691358
2020,Hengdong,50975.21,0.7965193199173679,High,0.011718745995111213,2.849376339170388e-6,0.6474955008029911,0.5173113054662385,0.516,0.258,0.5359444921251629,0.2927429234650414,0.6777313432835821
2020,Hengnan,44000.4,-0.5514909050308252,Low,0.011299865169208388,2.535931975161495e-6,-0.5498300835240286,0.582435922644641,0.596,0.298,0.5512822416161921,0.44566998080178966,0.72844444444444445
2020,Hengshan,51263.33,0.2859285513190598,High,0.01155757047735252,2.785509007861815e-6,0.21884172741155888,0.8267733408438822,0.74,0.37,0.7543221603929812,0.6284160297790442,0.842126582278481
2020,Leiyang,34563.84,-0.38781802758880957,Low,0.010607493126663745,3.082308510524943e-6,-0.0013071827524041802,0.9989570193607371,0.88,0.44,0.8180045243707559,0.8496026565256076,0.9291162790697675
2020,Qidong,39532.38,-0.7224821824044684,Low,0.010906549243385721,2.7474483162243296e-6,-0.4666644801943445,0.6407399463704695,0.68,0.34,0.5766339877083875,0.1770286586357841,0.7978666666666667
2020,Chenxi,28878.67,-1.687090649318176,Low,0.010219320554426276,3.321300744179539e-6,-1.182506344741752,0.2370048495016129,0.192,0.096,0.8744591428504515,1.0018563378513257,0.44225641025641027
2020,Zhongfang,53078.04,-1.156901323022999,High,0.01184003257299138,2.7243846638727146e-6,-1.6593626284991159,0.09704274214958108,0.04,0.02,0.4693920944565057,0.09282359585798705,0.16761904761904764
2020,Huitong,30976.92,-1.4058824263195207,Low,0.010162735516182584,3.1235923956664477e-6,-1.0111575581122354,0.31194102560113657,0.28,0.14,0.8051481362105037,0.7271525931230194,0.5475555555555556
2020,Jingzhou,37487.94,-1.322314966673845,Low,0.010578915629342708,3.8258299583809525e-6,-1.1823326559457663,0.23707373294703613,0.168,0.084,1.0286522495049053,1.2105833376520883,0.42044444444444445
2020,Mayang,29171.01,-1.676065774211685,Low,0.010089646179653395,2.759879564777325e-6,-1.2061817599823224,0.22774741529119374,0.212,0.106,0.5655367835197755,0.12622173796611857,0.464
2020,Tongdao,27748.29,-1.6563583939636013,Low,0.009678082886278907,3.701192891653824e-6,-1.1405400654872315,0.25406137068937007,0.224,0.112,0.7878186218217802,0.5495684944492365,0.464
2020,Xinhuang,32327.93,-1.0728221378315208,Low,0.009284029294882564,4.023737102137073e-6,-0.5999356059805325,0.5485491516723069,0.672,0.328,1.3687220212521234,1.5561999625138156,0.7978666666666667
2020,Xupu,24327.69,-2.3714406879269845,Low,0.010325965823726857,2.1473171730126226e-6,-1.8902975923067584,0.058718170627995704,0.024,0.012,0.3998051222429333,-0.07223432748674874,0.12423529411764707
2020,Yuanling,34614.24,-2.2757355155598518,Low,0.010704196984317921,2.149792636076092e-6,-2.042367627081082,0.0411150784541807,0.02,0.01,0.5989995280401925,0.5271856256362732,0.11
2020,Zhijiang,33926.61,-1.319517871586862,Low,0.010553448138560082,3.1587712432610146e-6,-0.9960839432493138,0.3192093607740263,0.296,0.148,0.7499730889812961,0.48662392709244884,0.5603265306122449
2020,Lengshuijiang,72335.86,-0.016475858549860327,High,0.013919219690462581,3.1188789073137683e-6,-1.4689266843229856,0.14185267602868754,0.068,0.034,0.6350483465249929,-0.13778970906723087,0.23936000000000002
2020,Shuangfeng,38528.83,0.42314694236694456,Low,0.010888741468184686,2.702845778513981e-6,0.7567879141969249,0.44917693464587105,0.412,0.206,0.6292088942558471,0.31444449321899004,0.6101333333333333
2020,Xinhua,23998.17,-1.859769021334274,Low,0.00995988179988051,2.45947192309351e-6,-1.2608432799579221,0.20736531706235814,0.196,0.098,0.4368409055631711,-0.18754001275082866,0.44225641025641027
2020,Chengbu,24806.93,-2.244324013803791,Low,0.009694274080715696,2.8928993496036287e-6,-1.8229721819573599,0.06830760422635662,0.008,0.004,0.643139741464674,0.2664820344536558,0.088
2020,Dongan,38903.75,-1.3920236247276803,Low,0.010828717085182646,3.3245037722845194e-6,-1.3292303023274123,0.18377200067548244,0.124,0.062,0.8967333917226389,1.0603929973691129,0.34099999999999997
2020,Dongkou,28000,-2.20416961432356,Low,0.01008526055795032,3.1588266856848857e-6,-1.7060732823627716,0.08799443629832898,0.02,0.01,0.579926473338086,0.19216799767797887,0.11
2020,Longhui,22952.22,-2.8880649785507986,Low,0.01005181002244268,2.7981357829163176e-6,-2.3546278903636653,0.018541262247063713,0.004,0.002,0.5013271128148227,0.40435542128240387,0.05028571428571429
2020,Shaodong,59433.18,-0.7998082227949295,High,0.012209502645959786,2.436546466312958e-6,-1.4734248469169595,0.14063651455784673,0.104,0.052,0.46202534847971954,0.1316527327184267,0.30506666666666665
2020,Suining,34378.93,-2.1657209533273853,Low,0.010784216768655132,2.585749053045168e-6,-1.9337068079402684,0.05314918632795565,0.016,0.008,0.5446352404968537,0.21978090207374112,0.10057142857142858
2020,Wugang,26499.3,-2.710220003560283,Low,0.01006544989723136,2.583236202636102e-6,-2.257931140999845,0.023949952776199945,0.004,0.002,0.790601310013503,1.0109197716659635,0.05028571428571429
2020,Xinning,22643.65,-2.278482086652637,Low,0.009494612336498703,2.9412601781762124e-6,-1.733833888089149,0.08294756093736222,0.016,0.008,0.5813217189389438,-0.011059459529125348,0.10057142857142858
2020,Xinshao,26531.96,-1.3394533104101942,Low,0.010206519489686454,2.985270674485178e-6,-0.7396927246590389,0.459486463617107,0.516,0.258,0.5842348917278064,0.11098016235114683,0.6777313432835821
2020,Shaoshan,93706.42,3.697613023855059,High,0.015976631250060637,3.5728481014695195e-6,2.1416425592416344,0.03222225623046849,0.064,0.032,1.2470116958839823,3.4077971038667343,0.23936000000000002
2020,Xiangxiang,68526.22,2.3729834297840293,High,0.012910074022632972,2.9036706362493966e-6,1.8158859738530808,0.06938786532590735,0.112,0.056,0.5084181269796263,-0.01554739118851245,0.31793548387096776
2020,Baojing,31410.56,-2.0216170033950265,Low,0.010300531344040907,2.572648284573828e-6,-1.802103630410299,0.071529102644429,0.032,0.016,0.5262221719455994,0.08298991455837301,0.1482105263157895
2020,Fenghuang,25336.74,-1.7216862350792048,Low,0.009662270360783192,2.8878571025780876e-6,-1.1520837227991245,0.24928667115484363,0.228,0.114,0.5183388580719157,0.03951393529582292,0.464
2020,Guzhang,28687.74,-1.8048008065055672,Low,0.010095833531094396,2.878283300752877e-6,-1.3331549351794376,0.1824809646007534,0.096,0.048,0.8408213621795275,0.7240865435528576,0.3017142857142857
2020,Huayuan,30024.62,-1.4016406328595594,Low,0.00983042145745136,3.983665520517896e-6,-0.8767546685743478,0.38061990602440254,0.372,0.186,0.9281700273967114,0.8945755070953108,0.5845714285714285
2020,Jishou,47505.4,-1.48012024645793,High,0.011468967151150438,3.2632314780060165e-6,-1.6606874926244786,0.09677622666079795,0.036,0.018,0.8177597042445723,0.7350957838871994,0.1584
2020,Longshan,20409.02,-2.32098002071647,Low,0.008900833968187364,3.4804647712273764e-6,-1.5939947793374358,0.11093720422165401,0.016,0.008,0.8341539768358752,0.4763572466525203,0.10057142857142858
2020,Luxi,30612.48,-1.9320902244856106,Low,0.010612683826890401,2.9266246848642216e-6,-1.6142895624786087,0.10646463300730656,0.088,0.044,0.5193978124968173,0.552318818682997,0.2868148148148148
2020,Yongshun,21489.66,-2.4893479045989158,Low,0.009603278524998008,2.609429726360334e-6,-1.9239813329371074,0.05435692334708114,0.016,0.008,0.8263024177813358,0.7127327839118096,0.10057142857142858
2020,Anhua,30480.21,-0.8838150046516707,Low,0.010486955522301252,2.564572175843608e-6,-0.3926000378396518,0.6946149116035216,0.756,0.378,0.6078760353805246,0.44501857948623513,0.842126582278481
2020,Nan,48137.23,0.8854498384241549,High,0.011447178573625554,2.589096179347547e-6,0.9485146599163575,0.34286751327839515,0.332,0.166,0.6365961336435528,0.4755573009364529,0.5605925925925925
2020,Yuanjiang,46953.47,0.48218034556226597,High,0.011329469017300772,2.6981550544516016e-6,0.5948751892923931,0.5519269029510839,0.552,0.276,0.6049036677729623,0.07595520892231145,0.7143529411764706
2020,Jianghua,30996.53,-1.3796880205335211,Low,0.010042952710721654,2.779867115749285e-6,-0.9666165036330633,0.3337357812198187,0.34,0.17,0.7044934343888941,0.46338482787811675,0.5605925925925925
2020,Lanshan,38814.37,-0.9233676609555493,Low,0.010875192063880344,3.0762469688654707e-6,-0.8404205222393063,0.4006726465523171,0.416,0.208,0.6723947527919661,0.3568813717891479,0.6101333333333333
2020,Ningyuan,33883.14,-1.2836382487994198,Low,0.010755496603841366,2.402532138166965e-6,-1.0182387041842342,0.30856453012668483,0.312,0.156,0.35935551751548966,-0.21891317735742577,0.5603265306122449
2020,Shuangpai,49903.17,-0.41597249275883524,High,0.011588685333857117,3.0279526101203713e-6,-0.6892726840016853,0.4906516844447628,0.568,0.284,0.5885680423476157,-0.27757682134798056,0.7188732394366196
2020,Xintian,28695.97,-0.9473491013869729,Low,0.009998181147621542,2.995976927678949e-6,-0.3743689552443418,0.7081298365711817,0.812,0.406,0.6398846327518699,-0.013614387348466206,0.8714146341463416
2020,Huarong,63966.45,1.3017110504452838,High,0.013404096189129161,3.6331455049474422e-6,0.728708800637492,0.46617980829795613,0.4,0.2,1.1775134120122903,1.2766283893085504,0.6068965517241379
2020,Linxiang,70845.89,1.8111785769389177,High,0.015542772842426823,3.505603957762251e-6,0.7281870004982542,0.46649912235063684,0.344,0.178,1.4435240020270783,2.090839270828334,0.5605925925925925
2020,Miluo,81856.24,4.161820789545915,High,0.013826879262339675,3.025938827376188e-6,3.2628733956573766,0.0011028877766815404,0.016,0.008,0.7009242214411388,0.4169201013406978,0.10057142857142858
2020,Pingjiang,34746.77,3.4381456244852577,Low,0.010501191665003393,3.0462336728825506e-6,4.680847599982272,2.856912646277193e-6,0.004,0.002,0.7506449347165903,0.4372991726621467,0.05028571428571429
2020,Xiangyin,58005.32,2.2696507328990947,High,0.011991822547233912,2.7231007301284336e-6,2.309119316833839,0.02093696112711369,0.068,0.034,0.847790082783591,0.5901519611971544,0.23936000000000002
2020,Cili,32633.23,-0.631842286814325,Low,0.009956652162946573,3.3324459185009094e-6,-0.03999721896415093,0.9680953434655822,0.924,0.462,0.9708633773191352,1.4384833714155416,0.9346206896551725
2020,Chaling,45190.05,0.2716772358083157,Low,0.011306989928284689,3.806831261031449e-6,0.35518803766411694,0.7224487258010358,0.628,0.314,0.8299115646448858,0.2782901675520688,0.7570410958904109
2020,Liling,82722.1,3.4280300988574948,High,0.014821885808901153,2.8479742224445457e-6,2.7088352802985693,0.0067519852360485464,0.028,0.014,0.949141112791656,1.0130335197752274,0.1368888888888889
2020,Yanling,54406.21,0.9297360989484319,High,0.011930388205987503,3.024908036101434e-6,0.7195676917081767,0.4717912102844202,0.44,0.22,0.6351200362058921,0.20819802956414657,0.6245161290322581
2020,You,66386.24,1.4056783550099705,High,0.01274838023222637,2.7677689797041383e-6,0.8200453783238892,0.4121902387085323,0.356,0.178,0.8796318737429988,1.1852761733814354,0.5696
2020,Zhuzhou,57251.6,4.187527709515836,High,0.012131376943998446,2.8560816055350577e-6,4.050468380694674,5.11152165349541e-5,0.004,0.002,0.7231293524909278,0.5884691212627242,0.05028571428571429
2020,Sangzhi,26797.88,-1.6577797823627307,Low,0.010127543605326911,2.6300140891669222e-6,-1.096225903442158,0.2729799263564823,0.232,0.116,0.7902948116319992,0.6332597877669719,0.464
2020,Yueyang,64561.71,1.8884997612180003,High,0.012243893709391671,2.5778646238629136e-6,1.4551959028794539,0.14561503483951083,0.188,0.094,0.7147414879823484,0.5916748996580061,0.44225641025641027
2020,Qiyang,41483.73,-0.7164268599124322,Low,0.01110305035210659,2.492356975186456e-6,-0.6078997097816798,0.5432539920757204,0.576,0.288,0.7592129438068752,0.6562704851932781,0.7188732394366196
2020,Taojiang,40715.53,1.3926827563629152,Low,0.011142875537790788,2.7527512257027093e-6,1.5628059740435751,0.11809823861972027,0.168,0.084,0.54641180838372,0.07932286464774707,0.42044444444444445
2020,Shaoyang,23615.38,-2.1202714662512805,Low,0.01019623035170556,2.401901305146334e-6,-1.5770037200090785,0.11479466911770492,0.064,0.032,0.49722003993168973,-0.10474428663948343,0.23936000000000002
2020,Lianyuan,35071.97,0.24445341755499772,Low,0.010821914612156938,2.401661110828639e-6,0.6028304036638596,0.5466215185497516,0.516,0.258,0.6704282048186075,0.4198785498970343,0.6777313432835821
2020,Hongjiang,36616.63,-1.5516284081069516,Low,0.010738892726158961,2.3523527124630535e-6,-1.431892531374629,0.152174580006793,0.1,0.05,0.51771273347608,-0.0623646715011521,0.30344827586206896
2020,Hengyang,40241.52,-0.18395340044857103,Low,0.010924545770075,2.7207193688163932e-6,0.048101332889659426,0.9616354839446744,0.908,0.454,0.5767874945893086,0.3444694163701265,0.9291162790697675
2020,Guiyang,53234.34,0.4851265418260486,High,0.011692181777819189,2.1980857741978314e-6,0.2761129778805287,0.7824612930949109,0.728,0.364,0.5840293658005297,0.3677784410361409,0.842126582278481
2020,Changsha,134409.31,5.76691556641955,High,0.0165684678619815,1.989172784637322e-6,3.7433431419891563,1.8158797762657294e-4,0.004,0.002,0.4086910561138113,0.010103560539654222,0.05028571428571429
2020,Taoyuan,53019.83,0.167105606850429,High,0.01164795843271524,1.91656797014122e-6,-0.038694232921234806,0.9691341714298611,0.968,0.484,0.3909603329557513,-0.4127080222748498,0.968
2020,Xiangtan,63127.09,4.415285952341917,High,0.01201701807454702,1.9600548790251823e-6,4.330335505782434,1.488823277770589e-5,0.004,0.002,0.5945340440916468,0.29996122546233206,0.05028571428571429
2020,Dao,36073.6,-1.0679547490402814,Low,0.01050224236930666,3.179134888893707e-6,-0.7898884659982429,0.4295929078969995,0.48,0.24,0.8182154718035832,1.0129938862215884,0.6599999999999999
2020,Jiangyong,34958.17,-1.1167934182907577,Low,0.010006136497509853,3.414915257025319e-6,-0.857578461553652,0.3911252724442927,0.44,0.22,0.9272242574770513,0.7051122843936812,0.6245161290322581
2021,Anxiang,56557.5,1.1877122382650822,High,0.011809811514286499,3.0943785163493168e-6,1.0572383482321623,0.29040282228637065,0.308,0.154,0.6377427849233949,0.2683721560492507,0.54912
2021,Hanshou,51498.49,0.21595061468111362,High,0.011361809712722933,2.745105346725052e-6,0.25415636811861253,0.7993747571981633,0.72,0.36,0.6421827253340225,0.19886317670815767,0.8360000000000001
2021,Jinshi,91429.24,1.9846151193058876,High,0.014193904398069038,2.7081242266270953e-6,0.8247296091097254,0.409525117676074,0.416,0.208,0.7659946251860617,0.6067608348434703,0.5904516129032258
2021,Li,58025.99,1.461741155578509,High,0.011887103083440771,2.9500378653984106e-6,1.4909227342116946,0.1359817818419692,0.144,0.072,0.545480535978106,-0.03349761255377226,0.37270588235294116
2021,Linli,59191.87,1.4986281122659344,High,0.012050173042930795,3.5395899075193755e-6,1.31580060434152,0.18824097639283469,0.212,0.106,0.8407482480772092,0.8511758413006802,0.442046511627907
2021,Shimen,61489.87,0.11206628832430149,High,0.012231538113988796,2.7994628455251514e-6,-0.38868064019286896,0.6975124053795684,0.76,0.38,0.519912078530536,0.2291701024467594,0.8360000000000001
2021,Liuyang,112990.98,4.677522253723574,High,0.016082670822931557,3.431166186473119e-6,2.7804753560243256,0.005427937936719421,0.016,0.008,0.8120083280904967,0.7140933641080376,0.10830769230769231
2021,Ningxiang,92094.64,3.0126131925402784,High,0.013471203710619604,2.2894938185258792e-6,1.973873425688259,0.04839613714204748,0.072,0.036,0.35953577846386114,-0.007949058101659467,0.25344
2021,Wangcheng,109828.34,4.974135385635895,High,0.014666318922616661,2.6455706174563917e-6,3.4890154996977536,4.8480303690838587e-4,0.012,0.006,0.6090724948676977,0.4178329559514471,0.096
2021,Anren,35381.33,0.9784852276156291,Low,0.010714807643297825,2.332903549966807e-6,1.4459665229500738,0.14818659171866905,0.184,0.092,0.5214330533848609,-0.039223175894879336,0.41517948717948716
2021,Guidong,31444.43,0.26163904823103373,Low,0.009771192884999415,3.817934338651583e-6,1.1263626400943776,0.26001205358711293,0.28,0.14,0.7805352042957678,0.4341645132177523,0.5242553191489362
2021,Jiahe,45982.28,-0.7735138544241735,Low,0.011073518428704191,2.758572455823509e-6,-0.7295232020902006,0.46568168033773155,0.544,0.272,0.6704883129292828,0.3489692559187816,0.6937971014492753
2021,Linwu,50764.49,-0.21087376781762437,High,0.011336702748992364,3.190470264000953e-6,-0.23401965997127577,0.8149697159470233,0.924,0.462,0.9146570652410793,1.1467528557397664,0.9454883720930234
2021,Rucheng,29078.93,-0.14698706835908731,Low,0.00959917978629406,3.705001096526904e-6,0.7391022787608262,0.45984489323580513,0.436,0.218,0.7911852285921571,0.6150587050369634,0.5995
2021,Yizhang,42720.2,0.5923168964226895,Low,0.01096784664218062,3.290403462471696e-6,0.9071706479270775,0.3643165629603826,0.348,0.174,0.8661146469068091,1.515461158685123,0.567111111111111
2021,Yongxing,64680.42,1.3378232495174034,High,0.01226644830113995,3.138915102804781e-6,0.9564697234890835,0.33883497360879195,0.328,0.164,0.5650955693141851,0.10800371578174328,0.5578867924528302
2021,Zixing,112253.71,1.3872689952782797,High,0.014272156433088287,2.1475295038528145e-6,-0.3839684240594074,0.7010018509184051,0.756,0.378,0.4609282552109739,0.15273000191331754,0.8360000000000001
2021,Changning,50831.75,-0.2999871501590031,High,0.011438133658676936,2.9763664698731743e-6,-0.38077762355244477,0.703368264490833,0.792,0.396,0.7718138299151257,0.7133393396202097,0.8604444444444445
2021,Hengdong,56094.09,0.8503319172970613,High,0.011575305652100935,2.3269146301431503e-6,0.8673428076892781,0.3857542082725318,0.392,0.196,0.4809497987250118,0.10552822466316636,0.5904516129032258
2021,Hengnan,48598.98,-0.49056302830277126,Low,0.011228583875997494,2.1174604914819617e-6,-0.477254486749124,0.6331809160541653,0.736,0.368,0.4499824606461524,0.04186826830746071,0.8360000000000001
2021,Hengshan,55985.48,0.30281849008891415,High,0.011716987622613834,2.9218100831541786e-6,0.13723019609528628,0.8908488436595436,0.804,0.402,0.7195230515783454,0.5686671022069509,0.862829268292683
2021,Leiyang,36945.49,-0.35326347206286046,Low,0.0105983473516229,3.080310308228204e-6,0.04525541918974749,0.9639037213379499,0.852,0.426,0.5796310983252504,-0.1651803851849012,0.8925714285714286
2021,Qidong,43733.1,-0.6063511992537274,Low,0.010889180483087686,2.1029965013545366e-6,-0.3798641558274405,0.7040462559373499,0.76,0.38,0.5952459840036775,0.5120541493323341,0.8360000000000001
2021,Chenxi,33211.21,-1.6560423598543126,Low,0.010262634977486352,2.6104248730111405e-6,-1.3085564718108702,0.19068463367401084,0.16,0.08,0.47079804306313305,0.057694679807219096,0.37978947368421057
2021,Zhongfang,55189.81,-1.2123512712570754,High,0.011685092918915858,3.0490933030907025e-6,-1.532065780246356,0.12550620305989835,0.048,0.024,0.7235338713189525,0.34847955495538896,0.21120000000000003
2021,Huitong,34465.96,-1.432605946899497,Low,0.010193551404363883,3.207907466235588e-6,-1.0343954942131564,0.3009513099748899,0.276,0.138,0.5986593648074842,0.13265779092255592,0.5242553191489362
2021,Jingzhou,39509.88,-1.3754932687252903,Low,0.010270293252538273,3.5705275851824542e-6,-1.1141266536078793,0.265224855598325,0.204,0.102,0.8524096652432572,0.49784073825630637,0.43785365853658537
2021,Mayang,33604.97,-1.6640839530767002,Low,0.010204409138016228,2.8510270261411545e-6,-1.2268869262006128,0.21986509304940285,0.164,0.082,0.7239804191983727,0.43293766356551266,0.37978947368421057
2021,Tongdao,30252.86,-1.6967332757005607,Low,0.009638921735338635,3.625918779363421e-6,-1.1663142036174063,0.24348743257186747,0.204,0.102,0.7942110753640685,0.683346103117783,0.43785365853658537
2021,Xinhuang,36768.8,-1.0122632071606343,Low,0.009319926157967189,3.461690973096151e-6,-0.5544482202824059,0.5792721330977912,0.748,0.372,1.3571310495773685,1.5367025880453005,0.8360000000000001
2021,Xupu,26490.79,-2.3972660157482246,Low,0.010321938903239104,2.224876588639536e-6,-1.863483530183937,0.06239426760507488,0.032,0.016,0.4890724018762437,0.1915275266783989,0.16564705882352943
2021,Yuanling,38385.63,-2.274423133415299,Low,0.01096012560917189,2.252381260033614e-6,-2.1468304982294093,0.03180677837301191,0.008,0.004,0.6637486449526735,1.1099148665465064,0.096
2021,Zhijiang,36814.16,-1.3258035068828162,Low,0.010547359719786096,2.9330711018547287e-6,-1.0263652327796287,0.30471945954546836,0.28,0.14,0.8427493134332676,1.0146947603146108,0.5242553191489362
2021,Lengshuijiang,78220.18,-0.04028741963056437,High,0.013827685280215699,3.816825907421465e-6,-1.3091943231546699,0.19046853470143194,0.108,0.054,0.8551064982914871,0.5688663524486723,0.3394285714285714
2021,Shuangfeng,40536.86,0.44092552368971877,Low,0.010826622362950507,2.446931299703602e-6,0.8520442751708057,0.3941895187215438,0.388,0.194,0.6504135709872659,0.5841452789062527,0.5904516129032258
2021,Xinhua,26067.63,-1.873362892423846,Low,0.010067357939784574,2.738471203448885e-6,-1.2598781050515693,0.20771333828677366,0.152,0.076,0.5664015158034993,0.04809219364576567,0.37978947368421057
2021,Chengbu,27146.64,-2.2499398030608564,Low,0.009674904047902928,3.6713593391322694e-6,-1.5962642406356549,0.11042981029845965,0.016,0.008,0.7893449022132641,0.1834597297937166,0.10830769230769231
2021,Dongan,42636.79,-1.3648016377056074,Low,0.010918620595139658,3.432246067325949e-6,-1.314169102952945,0.18878930355096715,0.124,0.062,0.8216588539757536,0.923020793557316,0.352
2021,Dongkou,30503.87,-2.2210840297367604,Low,0.010013558876525322,2.75558687987729e-6,-1.784440216218869,0.07435216111732532,0.04,0.02,0.5232659264694164,0.21057311724116268,0.18526315789473685
2021,Longhui,25459.21,-2.88285796631015,Low,0.010040777268869445,2.825866673327707e-6,-2.3082902455531253,0.02098299861522026,0.004,0.002,0.45182872366854565,-0.14743851646092399,0.0704
2021,Shaodong,66843.24,-0.733826262739056,High,0.012222043287058433,2.5201304038189005e-6,-1.3750393529612355,0.16911924464940475,0.144,0.072,0.6083449084892771,0.3238734648769759,0.37270588235294116
2021,Suining,37445.34,-2.1980990911395097,Low,0.010620515165915454,2.1347481168935e-6,-2.0353513930690577,0.04181552843575035,0.02,0.01,0.5139850537699971,0.23726092922254827,0.11733333333333333
2021,Wugang,29255.79,-2.701935924092113,Low,0.010322028220036054,2.8764090868198976e-6,-2.2612171417130535,0.02374581413841055,0.004,0.002,0.5641134732237184,0.1610112945085751,0.0704
2021,Xinning,24933.77,-2.2669958912855885,Low,0.009544136025803299,2.7795234814443943e-6,-1.7777145343994818,0.07545075133688597,0.02,0.01,0.5859528027575021,0.32853041264993754,0.11733333333333333
2021,Xinshao,29170.36,-1.3078389356117754,Low,0.01024209289561714,2.5750078294280488e-6,-0.7720704474265379,0.44007270434708173,0.492,0.246,0.6199987371871367,0.3814302321307119,0.6559999999999999
2021,Shaoshan,102405.23,3.6736241769434943,High,0.015817217785248916,3.1450580778343135e-6,2.3057465343226773,0.021124799278957444,0.064,0.032,1.1065083834783493,1.4403657989976297,0.25344
2021,Xiangxiang,75317.08,2.330278011498574,High,0.012793900192994916,2.387232196762339e-6,2.0024877220909083,0.04523230229965189,0.068,0.034,0.485379673402441,0.10371379595305541,0.25344
2021,Baojing,34373.07,-2.0145172307078383,Low,0.010478388205750477,3.3941686274724905e-6,-1.6424570950296704,0.10049531083767727,0.04,0.02,0.7614774556929845,0.9149274292690839,0.18526315789473685
2021,Fenghuang,27183.47,-1.7058162554585459,Low,0.009790947262130372,3.15681733052909e-6,-1.140585927392642,0.2540422761671733,0.216,0.108,0.7300601259555132,0.6080489877132034,0.442046511627907
2021,Guzhang,31346.95,-1.8182904519437963,Low,0.010239546261678929,2.9150569189072282e-6,-1.4092721765249356,0.15875470273711376,0.128,0.064,0.4741093511031489,0.15082387886154525,0.352
2021,Huayuan,34107.49,-1.3713567295683426,Low,0.009909681107593955,3.043722878712286e-6,-0.9944846277521838,0.31998698565071854,0.336,0.168,0.6121616343145085,-0.18394537321015614,0.5578867924528302
2021,Jishou,51625.85,-1.4874436258088577,High,0.011489146392363305,3.039882668436545e-6,-1.728328878425991,0.08392927844378759,0.032,0.016,0.4691693032525123,-0.3279561878121129,0.16564705882352943
2021,Longshan,22463.74,-2.350749863837706,Low,0.00897808153359857,3.6995358000057325e-6,-1.6017793146398092,0.10920441881770769,0.012,0.006,0.8319035102033581,0.2268880976192169,0.096
2021,Luxi,33047.17,-1.9039376259606198,Low,0.010490761606535412,2.6454096731688e-6,-1.5760954382384127,0.11500381020044821,0.076,0.038,0.5356032720603773,0.026587224112680996,0.2572307692307692
2021,Yongshun,23229.15,-2.5145860172643917,Low,0.009719183826114525,2.942757503752039e-6,-1.8873355629658202,0.059115206031611106,0.012,0.006,0.7680668838342674,0.7096299764498823,0.096
2021,Anhua,33532.19,-0.9435813285661483,Low,0.010583713018194217,2.685322000929839e-6,-0.4977422707338105,0.6186657101202799,0.676,0.338,0.660688625499768,0.6471956889343113,0.8149041095890411
2021,Nan,53129.49,0.938175990027907,High,0.01147083463793728,2.7179856419048145e-6,0.9620598482195708,0.33601954170619347,0.336,0.168,0.700415392834694,0.32625030850602466,0.5578867924528302
2021,Yuanjiang,51714.27,0.5179945671266005,High,0.011379510329712697,2.747592959576648e-6,0.5971417008148953,0.5504127785008341,0.544,0.272,0.4792508503735609,0.20664450496727627,0.6937971014492753
2021,Jianghua,32449.03,-1.4129776249352501,Low,0.010098365446687635,3.425910712382444e-6,-0.9271417290660418,0.35385295263071814,0.364,0.182,0.6621118268160187,0.31145586053022667,0.5824
2021,Lanshan,42179.1,-0.917210362983433,Low,0.010656759233107367,3.103974558688187e-6,-0.6972416756461903,0.4856515616041949,0.544,0.272,0.6340597852547101,0.19467755104258178,0.6937971014492753
2021,Ningyuan,37505.95,-1.3747395404102272,Low,0.010644384370221421,2.6959055638130723e-6,-0.977754797266793,0.3281956125707353,0.308,0.154,0.7626086859016596,0.6950536486805285,0.54912
2021,Shuangpai,53948.38,-0.40528055764369536,High,0.011742197524763588,3.89548845909605e-6,-0.6693029132168978,0.5033022688360405,0.584,0.292,0.8214432711580623,0.6050596182416905,0.7137777777777778
2021,Xintian,25621.89,-1.1367994228246943,Low,0.009628462438238252,3.3358947686341903e-6,-0.36323958175902943,0.7164259219897071,0.848,0.424,0.6885730784946864,0.38037041981541364,0.8925714285714286
2021,Huarong,71324.08,1.3527190742593147,High,0.013488931371837085,2.879727873553049e-6,0.8325029229018042,0.4051251290360557,0.412,0.206,0.8708983563987623,0.41986602738766754,0.5904516129032258
2021,Linxiang,71581.61,1.4988190942689703,High,0.014517930878888826,2.990037822958144e-6,0.8091597954256333,0.41842323736889037,0.312,0.162,1.522542667011074,2.3781899829461333,0.54912
2021,Miluo,89186.75,4.139506502636401,High,0.013812164160971927,3.0817265463310116e-6,3.183358005221624,0.0014557749626673382,0.012,0.006,0.663094425569322,0.2491766027394955,0.096
2021,Pingjiang,38165.79,3.3636225186169546,Low,0.010463356287105543,3.21399191414308e-6,4.460949352762202,8.159737452111959e-6,0.004,0.002,0.7310905622610947,0.37039400705175085,0.0704
2021,Xiangyin,63264.98,2.274399027276819,High,0.012152383582768373,2.856599608490065e-6,2.145969237512615,0.0318754330891391,0.072,0.036,0.4727188539036871,-0.25516378080653457,0.25344
2021,Cili,33792.95,-0.7226807245226549,Low,0.010068148048044435,3.7354217204100866e-6,-0.19921990939557394,0.842090726118513,0.968,0.484,0.9112416854669543,0.7089589535107619,0.976
2021,Chaling,50017.34,0.3380742300088827,Low,0.011062489015443726,2.6955940957398845e-6,0.6622544455735394,0.5078081663957899,0.456,0.228,0.7858687597357886,0.3287802669164708,0.6173538461538463
2021,Liling,93399.58,3.5642741974812924,High,0.015119885410490762,3.46524863317191e-6,2.43464341701976,0.014906471334434145,0.052,0.026,0.9743791388521131,1.184932962409679,0.2179047619047619
2021,Yanling,61440.26,1.0550000030544648,High,0.012110014048126946,3.199373955166778e-6,0.7278598619574679,0.46669937570573455,0.432,0.216,0.6362188532307159,0.37233502815267583,0.5995
2021,You,72749.63,1.5072158138073526,High,0.012779606103996283,2.8564387611525186e-6,0.8936122174287341,0.3715294072241169,0.38,0.19,0.6337411251238645,0.17824162801374932,0.5904516129032258
2021,Zhuzhou,63541.62,4.255139137807198,High,0.012161555755492786,2.539893465596665e-6,4.3182599302957785,1.572641558347723e-5,0.004,0.002,0.619821016912907,0.5702517450383291,0.0704
2021,Sangzhi,28329.9,-1.71616059752308,Low,0.01026539971402094,2.644527450413147e-6,-1.2293691048954034,0.2189334483427006,0.24,0.12,0.5033317492258297,-0.017420094450506518,0.48
2021,Yueyang,68758.67,1.8062222403182702,High,0.012185727670802508,2.429088034170424e-6,1.432214850986818,0.15208234281763255,0.156,0.078,0.6099564377126658,0.747590382665563,0.37978947368421057
2021,Qiyang,45655.76,-0.73977760079325094,Low,0.011118766067217394,2.4273526298534914e-6,-0.6457487391447533,0.5184420904676282,0.564,0.282,0.6337088508247912,0.936797234735657,0.7090285714285713
2021,Taojiang,44188.01,1.3900138321123658,Low,0.011133746439222093,2.4456679425615703e-6,1.649995256186578,0.09894390632253691,0.112,0.056,0.5012202650347146,0.21005222729590356,0.33986206896551724
2021,Shaoyang,26315.99,-2.0613351788435295,Low,0.010235464369886305,2.382361894604956e-6,-1.5273771458216054,0.1266672560810514,0.084,0.042,0.550354255873088,0.18032630532592675,0.2737777777777778
2021,Lianyuan,38403.67,0.2016845275881106,Low,0.010896481930033668,2.3174127603837103e-6,0.5180579160979785,0.6044178613614974,0.584,0.292,0.46230314410874024,0.2323209556312662,0.7137777777777778
2021,Hongjiang,39401.34,-1.6189799670822462,Low,0.010811982919918164,2.668849621050305e-6,-1.4509651441350533,0.14678956631234016,0.116,0.058,0.3894656341760939,-0.13640251419265992,0.34026666666666666
2021,Hengyang,44587.12,-0.1351791710655475,Low,0.01100705283889703,2.6814941903969963e-6,0.05748471564825383,0.9541590811204032,0.884,0.442,0.5886240305978356,0.28717564509254645,0.9152000000000001
2021,Guiyang,58334.65,0.5069460713045966,High,0.01173240654285993,2.331275346762313e-6,0.2598469649914169,0.7949818220599532,0.704,0.352,0.4521911238303614,-0.3106637426941763,0.8360000000000001
2021,Changsha,144308.98,5.748653479415649,High,0.016537233542774542,2.3666118103214975e-6,3.3814427140254986,7.210626602524178e-4,0.004,0.002,0.5276715752829072,0.0028558190346998913,0.0704
2021,Taoyuan,57464.1,0.13699102351998685,High,0.01157545435421322,1.9085619200202e-6,-0.017385340645701505,0.9861292038595318,0.976,0.488,0.35426536110985557,0.0847301561487428,0.976
2021,Xiangtan,69501.79,4.4000053007032305,High,0.012066688559488626,2.2330188033880027e-6,3.975838533928554,7.013169928758213e-5,0.008,0.004,0.7508268916116724,1.2661048086147009,0.096
2021,Dao,40189.5,-1.0657340794088732,Low,0.010552186096583531,3.0257181450849093e-6,-0.8262421804385547,0.4086667251503159,0.416,0.208,0.9746406131869398,2.113402324002931,0.5904516129032258
2021,Jiangyong,38432.84,-1.1247855643542908,Low,0.010023750577403184,3.7593887403078895e-6,-0.8262290776211418,0.40867415646857463,0.404,0.202,1.0802089196301738,1.1245246489542016,0.5904516129032258
