township_id,tau,trend_p,hot_quarters,cold_quarters,final_gi,final_bin_p,classification,bh_bin_class,trend_q,specification,source
MMR001001,0.05865128338336944,0.7527137994766235,2,0,0.4524956481298395,0.564,No pattern detected,No pattern detected,0.8177322672055013,Queen,"ACLED (Armed Conflict Location & Event Data), course file accessed 2026-10-08; https://acleddata.com/; original township/time aggregation and statistics"
MMR001002,0.05263158306479454,0.7795660495758057,1,0,-0.6025883967974721,0.344,No pattern detected,No pattern detected,0.8357970433156998,Queen,"ACLED (Armed Conflict Location & Event Data), course file accessed 2026-10-08; https://acleddata.com/; original township/time aggregation and statistics"
MMR001003,0.15882627665996552,0.36243224143981934,0,0,-0.9154382600973386,0.43,No pattern detected,No pattern detected,0.46552030338960537,Queen,"ACLED (Armed Conflict Location & Event Data), course file accessed 2026-10-08; https://acleddata.com/; original township/time aggregation and statistics"
MMR001004,-0.181286558508873,0.293917179107666,0,0,1.5910164647639429,0.128,No pattern detected,No pattern detected,0.3922894594620685,Queen,"ACLED (Armed Conflict Location & Event Data), course file accessed 2026-10-08; https://acleddata.com/; original township/time aggregation and statistics"
MMR001005,0.21637429296970367,0.2078566551208496,0,0,-0.46184365300380614,0.944,No pattern detected,No pattern detected,0.2929703716574044,Queen,"ACLED (Armed Conflict Location & Event Data), course file accessed 2026-10-08; https://acleddata.com/; original township/time aggregation and statistics"
MMR001006,0.1433148831129074,0.418819785118103,0,14,-1.3228892992491623,0.008,Sporadic cold spot,Sporadic cold spot,0.5251055564589172,Queen,"ACLED (Armed Conflict Location & Event Data), course file accessed 2026-10-08; https://acleddata.com/; original township/time aggregation and statistics"
MMR001007,0.05263158306479454,0.7795660495758057,7,0,2.840566830043337,0.024,Sporadic hot spot,No pattern detected,0.8357970433156998,Queen,"ACLED (Armed Conflict Location & Event Data), course file accessed 2026-10-08; https://acleddata.com/; original township/time aggregation and statistics"
MMR001008,-0.03519076853990555,0.8610520958900452,2,0,4.100093028430739,0.004,Sporadic hot spot,New hot spot,0.9024488312693744,Queen,"ACLED (Armed Conflict Location & Event Data), course file accessed 2026-10-08; https://acleddata.com/; original township/time aggregation and statistics"
MMR001009,0.12903282046318054,0.4622499942779541,0,0,3.237373779126566,0.256,No pattern detected,No pattern detected,0.5661263974864832,Queen,"ACLED (Armed Conflict Location & Event Data), course file accessed 2026-10-08; https://acleddata.com/; original township/time aggregation and statistics"
MMR001010,0.22287487983703613,0.19523084163665771,3,0,-0.03837239597643051,0.7,No pattern detected,No pattern detected,0.27756734820811646,Queen,"ACLED (Armed Conflict Location & Event Data), course file accessed 2026-10-08; https://acleddata.com/; original township/time aggregation and statistics"
MMR001011,0.1000017300248146,0.5751687288284302,0,0,1.1090641173364837,0.342,No pattern detected,No pattern detected,0.6698692328565061,Queen,"ACLED (Armed Conflict Location & Event Data), course file accessed 2026-10-08; https://acleddata.com/; original township/time aggregation and statistics"
MMR001012,0.22287487983703613,0.19523084163665771,3,0,0.633892495180635,0.34,No pattern detected,No pattern detected,0.27756734820811646,Queen,"ACLED (Armed Conflict Location & Event Data), course file accessed 2026-10-08; https://acleddata.com/; original township/time aggregation and statistics"
MMR001013,0.1461988389492035,0.40110254287719727,2,0,-0.6120906526328876,0.73,No pattern detected,No pattern detected,0.5103522627270175,Queen,"ACLED (Armed Conflict Location & Event Data), course file accessed 2026-10-08; https://acleddata.com/; original township/time aggregation and statistics"
MMR001014,-0.5621695518493652,9.78196389041841e-4,0,7,-1.5552867889773252,0.026,Sporadic cold spot,No pattern detected,0.00363488885473502,Queen,"ACLED (Armed Conflict Location & Event Data), course file accessed 2026-10-08; https://acleddata.com/; original township/time aggregation and statistics"
MMR001015,-0.5117735862731934,0.00259149353951215,0,5,-1.58377946292659,0.054,No pattern detected,No pattern detected,0.00822736298466481,Queen,"ACLED (Armed Conflict Location & Event Data), course file accessed 2026-10-08; https://acleddata.com/; original township/time aggregation and statistics"
MMR001016,-0.4273467659950256,0.01267991308122873,0,12,-1.6769078603194345,0.006,Sporadic cold spot,Sporadic cold spot,0.03150224808434193,Queen,"ACLED (Armed Conflict Location & Event Data), course file accessed 2026-10-08; https://acleddata.com/; original township/time aggregation and statistics"
MMR001017,-0.4013127386569977,0.02021404728293419,0,13,-1.4815029709259384,0.032,Sporadic cold spot,No pattern detected,0.04527392781862657,Queen,"ACLED (Armed Conflict Location & Event Data), course file accessed 2026-10-08; https://acleddata.com/; original township/time aggregation and statistics"
MMR001018,-0.2746868431568146,0.11369752883911131,0,18,-1.722513084871192,0.006,Persistent cold spot,Sporadic cold spot,0.19364110380411148,Queen,"ACLED (Armed Conflict Location & Event Data), course file accessed 2026-10-08; https://acleddata.com/; original township/time aggregation and statistics"
MMR002001,-0.09941521286964417,0.5756368637084961,1,1,1.1741652480174702,0.274,No pattern detected,No pattern detected,0.6698692328565061,Queen,"ACLED (Armed Conflict Location & Event Data), course file accessed 2026-10-08; https://acleddata.com/; original township/time aggregation and statistics"
MMR002002,-0.2580656409263611,0.1322466880083084,8,0,1.7690224943736512,0.284,No pattern detected,No pattern detected,0.20891150529833807,Queen,"ACLED (Armed Conflict Location & Event Data), course file accessed 2026-10-08; https://acleddata.com/; original township/time aggregation and statistics"
MMR002003,-0.09941521286964417,0.5756368637084961,4,1,1.904866860440602,0.082,No pattern detected,No pattern detected,0.6698692328565061,Queen,"ACLED (Armed Conflict Location & Event Data), course file accessed 2026-10-08; https://acleddata.com/; original township/time aggregation and statistics"
MMR002004,-0.20467838644981384,0.23423928022384644,0,1,-0.9877217893808172,0.392,No pattern detected,No pattern detected,0.32048646076952564,Queen,"ACLED (Armed Conflict Location & Event Data), course file accessed 2026-10-08; https://acleddata.com/; original township/time aggregation and statistics"
MMR002005,-0.23460513353347776,0.17216724157333374,3,1,0.06136811326848992,0.752,No pattern detected,No pattern detected,0.2515030587092042,Queen,"ACLED (Armed Conflict Location & Event Data), course file accessed 2026-10-08; https://acleddata.com/; original township/time aggregation and statistics"
MMR002006,-0.08823682367801666,0.6238518953323364,0,0,0.20221913100853617,0.782,No pattern detected,No pattern detected,0.7112841066167744,Queen,"ACLED (Armed Conflict Location & Event Data), course file accessed 2026-10-08; https://acleddata.com/; original township/time aggregation and statistics"
MMR002007,-0.08259911090135574,0.6485075950622559,0,0,0.12729284179564798,0.614,No pattern detected,No pattern detected,0.7313995747730649,Queen,"ACLED (Armed Conflict Location & Event Data), course file accessed 2026-10-08; https://acleddata.com/; original township/time aggregation and statistics"
MMR003001,0.4035088121891022,0.01735877990722656,6,0,4.492942242883617,0.002,Sporadic hot spot,Consecutive hot spot,0.03914704158388335,Queen,"ACLED (Armed Conflict Location & Event Data), course file accessed 2026-10-08; https://acleddata.com/; original township/time aggregation and statistics"
MMR003002,0.3284471929073334,0.05418121814727783,13,0,8.133858561277354,0.002,Sporadic hot spot,Sporadic hot spot,0.10312451517512632,Queen,"ACLED (Armed Conflict Location & Event Data), course file accessed 2026-10-08; https://acleddata.com/; original township/time aggregation and statistics"
MMR003003,0.7076023817062378,2.6941299438476563e-05,5,0,2.840566830043336,0.042,Sporadic hot spot,No pattern detected,2.753064036369324e-4,Queen,"ACLED (Armed Conflict Location & Event Data), course file accessed 2026-10-08; https://acleddata.com/; original township/time aggregation and statistics"
MMR003004,0.6140351295471191,2.741813659667969e-4,8,0,2.5607650219043423,0.042,Sporadic hot spot,No pattern detected,0.00117970140356766,Queen,"ACLED (Armed Conflict Location & Event Data), course file accessed 2026-10-08; https://acleddata.com/; original township/time aggregation and statistics"
MMR003005,0.4970760643482208,0.00329494476318359,10,0,8.488499248757133,0.002,Sporadic hot spot,Sporadic hot spot,0.01006959754729939,Queen,"ACLED (Armed Conflict Location & Event Data), course file accessed 2026-10-08; https://acleddata.com/; original township/time aggregation and statistics"
MMR003006,0.5353034138679504,0.0016183853149414,6,0,6.790725562289144,0.002,Sporadic hot spot,New hot spot,0.00545598177800972,Queen,"ACLED (Armed Conflict Location & Event Data), course file accessed 2026-10-08; https://acleddata.com/; original township/time aggregation and statistics"
MMR003007,0.4970760643482208,0.00329494476318359,12,0,6.247808477918738,0.002,Sporadic hot spot,Sporadic hot spot,0.01006959754729939,Queen,"ACLED (Armed Conflict Location & Event Data), course file accessed 2026-10-08; https://acleddata.com/; original township/time aggregation and statistics"
MMR004001,-0.21114462614059448,0.22048288583755493,3,0,0.06632749558412689,0.838,No pattern detected,No pattern detected,0.30679959008034235,Queen,"ACLED (Armed Conflict Location & Event Data), course file accessed 2026-10-08; https://acleddata.com/; original township/time aggregation and statistics"
MMR004002,-0.2580656409263611,0.1322466880083084,7,0,-0.3714991256479219,0.83,No pattern detected,No pattern detected,0.20891150529833807,Queen,"ACLED (Armed Conflict Location & Event Data), course file accessed 2026-10-08; https://acleddata.com/; original township/time aggregation and statistics"
MMR004003,-0.13450293242931366,0.4414881467819214,0,0,-0.847048284218834,0.522,No pattern detected,No pattern detected,0.5447797131988237,Queen,"ACLED (Armed Conflict Location & Event Data), course file accessed 2026-10-08; https://acleddata.com/; original township/time aggregation and statistics"
MMR004004,-0.0469210259616375,0.8064184784889221,3,0,0.30856560942624933,0.57,No pattern detected,No pattern detected,0.856165072941161,Queen,"ACLED (Armed Conflict Location & Event Data), course file accessed 2026-10-08; https://acleddata.com/; original township/time aggregation and statistics"
MMR004005,0.01754386164247989,0.9442166090011596,7,0,0.21792922561094863,0.488,No pattern detected,No pattern detected,0.96487134732306,Queen,"ACLED (Armed Conflict Location & Event Data), course file accessed 2026-10-08; https://acleddata.com/; original township/time aggregation and statistics"
MMR004006,-0.1651982218027115,0.3439703583717346,0,1,-0.8341751390805485,0.498,No pattern detected,No pattern detected,0.4445782892788823,Queen,"ACLED (Armed Conflict Location & Event Data), course file accessed 2026-10-08; https://acleddata.com/; original township/time aggregation and statistics"
MMR004007,-0.192982479929924,0.26291054487228394,1,0,-1.0525338914469289,0.262,No pattern detected,No pattern detected,0.3523432302181838,Queen,"ACLED (Armed Conflict Location & Event Data), course file accessed 2026-10-08; https://acleddata.com/; original township/time aggregation and statistics"
MMR004008,-0.0760233998298645,0.6746119260787964,1,1,-0.8711892201551587,0.434,No pattern detected,No pattern detected,0.7503336728835592,Queen,"ACLED (Armed Conflict Location & Event Data), course file accessed 2026-10-08; https://acleddata.com/; original township/time aggregation and statistics"
MMR004009,0.0469210259616375,0.8064184188842773,2,1,-1.2628110960388317,0.144,No pattern detected,No pattern detected,0.856165072941161,Queen,"ACLED (Armed Conflict Location & Event Data), course file accessed 2026-10-08; https://acleddata.com/; original township/time aggregation and statistics"
MMR005001,0.21114462614059448,0.22048282623291016,11,2,2.205600279851033,0.1,No pattern detected,No pattern detected,0.30679959008034235,Queen,"ACLED (Armed Conflict Location & Event Data), course file accessed 2026-10-08; https://acleddata.com/; original township/time aggregation and statistics"
MMR005002,0.08771930634975433,0.624276876449585,15,1,2.1692134452684364,0.092,No pattern detected,No pattern detected,0.7112841066167744,Queen,"ACLED (Armed Conflict Location & Event Data), course file accessed 2026-10-08; https://acleddata.com/; original township/time aggregation and statistics"
MMR005003,0.16959065198898315,0.3272855281829834,14,1,1.867852779365992,0.092,No pattern detected,No pattern detected,0.4280895488262177,Queen,"ACLED (Armed Conflict Location & Event Data), course file accessed 2026-10-08; https://acleddata.com/; original township/time aggregation and statistics"
MMR005004,0.01754386164247989,0.9442166090011596,13,1,1.4421908470079752,0.224,No pattern detected,No pattern detected,0.96487134732306,Queen,"ACLED (Armed Conflict Location & Event Data), course file accessed 2026-10-08; https://acleddata.com/; original township/time aggregation and statistics"
MMR005005,0.13529646396636963,0.4409283399581909,15,1,2.978275211604297,0.026,Consecutive hot spot,No pattern detected,0.5447797131988237,Queen,"ACLED (Armed Conflict Location & Event Data), course file accessed 2026-10-08; https://acleddata.com/; original township/time aggregation and statistics"
MMR005006,0.2932564318180084,0.08628237247467041,16,1,3.334526311739952,0.032,Consecutive hot spot,No pattern detected,0.15333878151748492,Queen,"ACLED (Armed Conflict Location & Event Data), course file accessed 2026-10-08; https://acleddata.com/; original township/time aggregation and statistics"
MMR005007,-0.16959065198898315,0.3272855877876282,11,2,1.366558117285073,0.324,No pattern detected,No pattern detected,0.4280895488262177,Queen,"ACLED (Armed Conflict Location & Event Data), course file accessed 2026-10-08; https://acleddata.com/; original township/time aggregation and statistics"
MMR005008,-0.1941210031509399,0.262325644493103,1,2,-0.6215126936242277,0.636,No pattern detected,No pattern detected,0.3523432302181838,Queen,"ACLED (Armed Conflict Location & Event Data), course file accessed 2026-10-08; https://acleddata.com/; original township/time aggregation and statistics"
MMR005009,-0.2815261483192444,0.09990194439888,12,1,1.029870596066768,0.296,No pattern detected,No pattern detected,0.17376561605549873,Queen,"ACLED (Armed Conflict Location & Event Data), course file accessed 2026-10-08; https://acleddata.com/; original township/time aggregation and statistics"
MMR005010,-0.0760233998298645,0.6746119260787964,13,1,1.689378735544871,0.106,No pattern detected,No pattern detected,0.7503336728835592,Queen,"ACLED (Armed Conflict Location & Event Data), course file accessed 2026-10-08; https://acleddata.com/; original township/time aggregation and statistics"
MMR005011,-0.20467838644981384,0.23423928022384644,5,1,0.3298398168253631,0.526,No pattern detected,No pattern detected,0.32048646076952564,Queen,"ACLED (Armed Conflict Location & Event Data), course file accessed 2026-10-08; https://acleddata.com/; original township/time aggregation and statistics"
MMR005012,-0.13450293242931366,0.4414881467819214,15,2,1.809337412975764,0.202,No pattern detected,No pattern detected,0.5447797131988237,Queen,"ACLED (Armed Conflict Location & Event Data), course file accessed 2026-10-08; https://acleddata.com/; original township/time aggregation and statistics"
MMR005013,-0.2631579041481018,0.12371517717838287,14,0,1.4421908470079758,0.216,No pattern detected,No pattern detected,0.1992850391001537,Queen,"ACLED (Armed Conflict Location & Event Data), course file accessed 2026-10-08; https://acleddata.com/; original township/time aggregation and statistics"
MMR005014,0.0058479537256062,1,15,1,2.4091308001302187,0.032,Oscillating hot spot,No pattern detected,1,Queen,"ACLED (Armed Conflict Location & Event Data), course file accessed 2026-10-08; https://acleddata.com/; original township/time aggregation and statistics"
MMR005015,-0.04093567654490471,0.8337352275848389,15,0,1.5162190091571948,0.224,No pattern detected,No pattern detected,0.8794561916782011,Queen,"ACLED (Armed Conflict Location & Event Data), course file accessed 2026-10-08; https://acleddata.com/; original township/time aggregation and statistics"
MMR005016,-0.22287487983703613,0.1952308565378189,16,0,2.534106238708975,0.04,Consecutive hot spot,No pattern detected,0.27756734820811646,Queen,"ACLED (Armed Conflict Location & Event Data), course file accessed 2026-10-08; https://acleddata.com/; original township/time aggregation and statistics"
MMR005017,-0.27485382556915283,0.10754283517599106,10,0,1.1901979871231037,0.304,No pattern detected,No pattern detected,0.18411783823324124,Queen,"ACLED (Armed Conflict Location & Event Data), course file accessed 2026-10-08; https://acleddata.com/; original township/time aggregation and statistics"
MMR005018,0.02346051298081875,0.9163591861724854,16,1,3.0260611412033755,0.026,Consecutive hot spot,No pattern detected,0.9482577654379832,Queen,"ACLED (Armed Conflict Location & Event Data), course file accessed 2026-10-08; https://acleddata.com/; original township/time aggregation and statistics"
MMR005019,0.0058479537256062,1,14,0,3.077472002959471,0.018,Sporadic hot spot,No pattern detected,1,Queen,"ACLED (Armed Conflict Location & Event Data), course file accessed 2026-10-08; https://acleddata.com/; original township/time aggregation and statistics"
MMR005020,-0.17595385015010834,0.31000906229019165,0,0,0.09117688778470472,0.728,No pattern detected,No pattern detected,0.4087619490681157,Queen,"ACLED (Armed Conflict Location & Event Data), course file accessed 2026-10-08; https://acleddata.com/; original township/time aggregation and statistics"
MMR005021,-0.08771930634975433,0.624276876449585,0,0,0.09117688778470472,0.668,No pattern detected,No pattern detected,0.7112841066167744,Queen,"ACLED (Armed Conflict Location & Event Data), course file accessed 2026-10-08; https://acleddata.com/; original township/time aggregation and statistics"
MMR005022,0.1407630741596222,0.4207267761230469,4,2,1.061936074278035,0.254,No pattern detected,No pattern detected,0.5251055564589172,Queen,"ACLED (Armed Conflict Location & Event Data), course file accessed 2026-10-08; https://acleddata.com/; original township/time aggregation and statistics"
MMR005023,0.21114462614059448,0.22048282623291016,0,0,-0.3841926886176774,0.672,No pattern detected,No pattern detected,0.30679959008034235,Queen,"ACLED (Armed Conflict Location & Event Data), course file accessed 2026-10-08; https://acleddata.com/; original township/time aggregation and statistics"
MMR005024,0.0058479537256062,1,1,2,0.03565576617278947,0.79,No pattern detected,No pattern detected,1,Queen,"ACLED (Armed Conflict Location & Event Data), course file accessed 2026-10-08; https://acleddata.com/; original township/time aggregation and statistics"
MMR005025,-0.01173025649040937,0.9720741510391236,0,2,-0.6676117742448029,0.646,No pattern detected,No pattern detected,0.984112221021032,Queen,"ACLED (Armed Conflict Location & Event Data), course file accessed 2026-10-08; https://acleddata.com/; original township/time aggregation and statistics"
MMR005026,0.0760233998298645,0.6746119260787964,0,2,-0.9452173823043792,0.404,No pattern detected,No pattern detected,0.7503336728835592,Queen,"ACLED (Armed Conflict Location & Event Data), course file accessed 2026-10-08; https://acleddata.com/; original township/time aggregation and statistics"
MMR005027,-0.20467838644981384,0.23423928022384644,4,1,-0.5803262170731592,0.412,No pattern detected,No pattern detected,0.32048646076952564,Queen,"ACLED (Armed Conflict Location & Event Data), course file accessed 2026-10-08; https://acleddata.com/; original township/time aggregation and statistics"
MMR005028,-0.23976610600948337,0.16168621182441711,4,0,-0.39988661122729063,0.938,No pattern detected,No pattern detected,0.24142187792960912,Queen,"ACLED (Armed Conflict Location & Event Data), course file accessed 2026-10-08; https://acleddata.com/; original township/time aggregation and statistics"
MMR005029,-0.2631579041481018,0.12371517717838287,10,0,0.08393898883438759,0.732,No pattern detected,No pattern detected,0.1992850391001537,Queen,"ACLED (Armed Conflict Location & Event Data), course file accessed 2026-10-08; https://acleddata.com/; original township/time aggregation and statistics"
MMR005030,0.11730256676673888,0.5059653520584106,5,0,-0.5380624904836676,0.668,No pattern detected,No pattern detected,0.6105190779450196,Queen,"ACLED (Armed Conflict Location & Event Data), course file accessed 2026-10-08; https://acleddata.com/; original township/time aggregation and statistics"
MMR005031,0.02346051298081875,0.9163591861724854,3,0,-0.5565695310209724,0.588,No pattern detected,No pattern detected,0.9482577654379832,Queen,"ACLED (Armed Conflict Location & Event Data), course file accessed 2026-10-08; https://acleddata.com/; original township/time aggregation and statistics"
MMR005032,0.15789474546909332,0.3630204200744629,0,2,-1.2581773384713135,0.128,No pattern detected,No pattern detected,0.46552030338960537,Queen,"ACLED (Armed Conflict Location & Event Data), course file accessed 2026-10-08; https://acleddata.com/; original township/time aggregation and statistics"
MMR005033,0.17595385015010834,0.3100090026855469,0,0,1.809337412975764,0.056,No pattern detected,No pattern detected,0.4087619490681157,Queen,"ACLED (Armed Conflict Location & Event Data), course file accessed 2026-10-08; https://acleddata.com/; original township/time aggregation and statistics"
MMR005034,0.35672518610954285,0.0358051061630249,2,0,2.5850462893132233,0.02,Sporadic hot spot,No pattern detected,0.07317668572068214,Queen,"ACLED (Armed Conflict Location & Event Data), course file accessed 2026-10-08; https://acleddata.com/; original township/time aggregation and statistics"
MMR005035,0.2411806434392929,0.1611725091934204,0,0,-1.1520112135410003,0.148,No pattern detected,No pattern detected,0.24142187792960912,Queen,"ACLED (Armed Conflict Location & Event Data), course file accessed 2026-10-08; https://acleddata.com/; original township/time aggregation and statistics"
MMR005036,-0.4817907512187958,0.00881690997630357,0,15,-1.3089727413859618,0.03,Consecutive cold spot,No pattern detected,0.02306503649801015,Queen,"ACLED (Armed Conflict Location & Event Data), course file accessed 2026-10-08; https://acleddata.com/; original township/time aggregation and statistics"
MMR005037,-0.479323536157608,0.00502039166167378,0,6,-1.3228892992491623,0.074,No pattern detected,No pattern detected,0.01415231097730454,Queen,"ACLED (Armed Conflict Location & Event Data), course file accessed 2026-10-08; https://acleddata.com/; original township/time aggregation and statistics"
MMR006001,0.42690062522888184,0.01177012920379638,13,2,4.9215144680213285,0.004,Consecutive hot spot,Sporadic hot spot,0.02960649094042869,Queen,"ACLED (Armed Conflict Location & Event Data), course file accessed 2026-10-08; https://acleddata.com/; original township/time aggregation and statistics"
MMR006002,0.2580656409263611,0.132246732711792,8,0,3.2089298915158695,0.03,Sporadic hot spot,No pattern detected,0.20891150529833807,Queen,"ACLED (Armed Conflict Location & Event Data), course file accessed 2026-10-08; https://acleddata.com/; original township/time aggregation and statistics"
MMR006003,0.23976610600948337,0.16168618202209473,10,0,2.733088876485542,0.034,Sporadic hot spot,No pattern detected,0.24142187792960912,Queen,"ACLED (Armed Conflict Location & Event Data), course file accessed 2026-10-08; https://acleddata.com/; original township/time aggregation and statistics"
MMR006004,0.22287487983703613,0.19523084163665771,11,0,2.8463843562546676,0.088,No pattern detected,No pattern detected,0.27756734820811646,Queen,"ACLED (Armed Conflict Location & Event Data), course file accessed 2026-10-08; https://acleddata.com/; original township/time aggregation and statistics"
MMR006005,0.5672515034675598,7.833242416381836e-4,8,2,2.325225149316689,0.046,Oscillating hot spot,No pattern detected,0.00294421870132972,Queen,"ACLED (Armed Conflict Location & Event Data), course file accessed 2026-10-08; https://acleddata.com/; original township/time aggregation and statistics"
MMR006006,0.7823665142059326,3.814697265625e-6,2,2,1.3962022152098572,0.142,No pattern detected,No pattern detected,1.1485463276655468e-4,Queen,"ACLED (Armed Conflict Location & Event Data), course file accessed 2026-10-08; https://acleddata.com/; original township/time aggregation and statistics"
MMR006007,0.49267077445983887,0.00366568565368652,12,0,3.6541491001763418,0.014,Sporadic hot spot,Sporadic hot spot,0.01099715265445411,Queen,"ACLED (Armed Conflict Location & Event Data), course file accessed 2026-10-08; https://acleddata.com/; original township/time aggregation and statistics"
MMR006008,0.5044010281562805,0.00292420387268066,4,0,2.367542873873229,0.134,No pattern detected,No pattern detected,0.00919437179198631,Queen,"ACLED (Armed Conflict Location & Event Data), course file accessed 2026-10-08; https://acleddata.com/; original township/time aggregation and statistics"
MMR006009,0.4392175078392029,0.01038169860839843,0,1,-0.3104503300331792,0.972,No pattern detected,No pattern detected,0.02694297972179594,Queen,"ACLED (Armed Conflict Location & Event Data), course file accessed 2026-10-08; https://acleddata.com/; original township/time aggregation and statistics"
MMR006010,0.7660819292068481,5.364418029785156e-6,2,3,1.6454522707019337,0.112,No pattern detected,No pattern detected,1.169443130493164e-4,Queen,"ACLED (Armed Conflict Location & Event Data), course file accessed 2026-10-08; https://acleddata.com/; original township/time aggregation and statistics"
MMR007001,0.4647139310836792,0.00629091262817382,0,10,-1.0967371496746587,0.3,No pattern detected,No pattern detected,0.0173175036907196,Queen,"ACLED (Armed Conflict Location & Event Data), course file accessed 2026-10-08; https://acleddata.com/; original township/time aggregation and statistics"
MMR007002,-0.2662908434867859,0.12264151126146317,0,2,-1.277571107341512,0.158,No pattern detected,No pattern detected,0.1992850391001537,Queen,"ACLED (Armed Conflict Location & Event Data), course file accessed 2026-10-08; https://acleddata.com/; original township/time aggregation and statistics"
MMR007003,-0.6176577806472778,2.695194270927459e-4,0,8,-1.5350166104203071,0.024,Sporadic cold spot,No pattern detected,0.00117970140356766,Queen,"ACLED (Armed Conflict Location & Event Data), course file accessed 2026-10-08; https://acleddata.com/; original township/time aggregation and statistics"
MMR007004,0.6725146770477295,6.651878356933594e-5,0,0,0.7468462700164399,0.356,No pattern detected,No pattern detected,4.728617875472359e-4,Queen,"ACLED (Armed Conflict Location & Event Data), course file accessed 2026-10-08; https://acleddata.com/; original township/time aggregation and statistics"
MMR007005,0.5427941679954529,0.00142490863800048,1,2,1.505510173132416,0.204,No pattern detected,No pattern detected,0.00495686302793786,Queen,"ACLED (Armed Conflict Location & Event Data), course file accessed 2026-10-08; https://acleddata.com/; original township/time aggregation and statistics"
MMR007006,0.7309942245483398,1.430511474609375e-5,7,4,3.285772676928095,0.016,Oscillating hot spot,No pattern detected,2.126260237260298e-4,Queen,"ACLED (Armed Conflict Location & Event Data), course file accessed 2026-10-08; https://acleddata.com/; original township/time aggregation and statistics"
MMR007007,0.3470648229122162,0.04218900203704834,1,1,0.3703801739393996,0.496,No pattern detected,No pattern detected,0.08463683230745281,Queen,"ACLED (Armed Conflict Location & Event Data), course file accessed 2026-10-08; https://acleddata.com/; original township/time aggregation and statistics"
MMR007008,0.7192983031272888,1.9669532775878903e-5,11,0,3.9478291132920766,0.002,Consecutive hot spot,Sporadic hot spot,2.2971204348972864e-4,Queen,"ACLED (Armed Conflict Location & Event Data), course file accessed 2026-10-08; https://acleddata.com/; original township/time aggregation and statistics"
MMR007009,0.6764823198318481,6.520748138427734e-5,0,3,0.2577402526204504,0.708,No pattern detected,No pattern detected,4.728617875472359e-4,Queen,"ACLED (Armed Conflict Location & Event Data), course file accessed 2026-10-08; https://acleddata.com/; original township/time aggregation and statistics"
MMR007010,0.6568943858146667,1.0204315185546876e-4,0,2,-0.07538647705104035,0.924,No pattern detected,No pattern detected,5.655611975718353e-4,Queen,"ACLED (Armed Conflict Location & Event Data), course file accessed 2026-10-08; https://acleddata.com/; original township/time aggregation and statistics"
MMR007011,0.7192983031272888,1.9669532775878903e-5,8,0,3.660128436195228,0.028,Sporadic hot spot,No pattern detected,2.2971204348972864e-4,Queen,"ACLED (Armed Conflict Location & Event Data), course file accessed 2026-10-08; https://acleddata.com/; original township/time aggregation and statistics"
MMR007012,0.6686246395111084,7.62939453125e-5,6,3,2.3063090766180276,0.056,No pattern detected,No pattern detected,4.9896240234375e-4,Queen,"ACLED (Armed Conflict Location & Event Data), course file accessed 2026-10-08; https://acleddata.com/; original township/time aggregation and statistics"
MMR007013,0.6686246395111084,7.62939453125e-5,0,2,0.49200124528150857,0.436,No pattern detected,No pattern detected,4.9896240234375e-4,Queen,"ACLED (Armed Conflict Location & Event Data), course file accessed 2026-10-08; https://acleddata.com/; original township/time aggregation and statistics"
MMR007014,0.6842105984687805,4.947185516357422e-5,7,0,2.7006696035447204,0.018,Sporadic hot spot,No pattern detected,4.1480247790996847e-4,Queen,"ACLED (Armed Conflict Location & Event Data), course file accessed 2026-10-08; https://acleddata.com/; original township/time aggregation and statistics"
MMR008001,0.5117735862731934,0.00259149074554443,0,10,-0.6491047337074981,0.666,No pattern detected,No pattern detected,0.00822736298466481,Queen,"ACLED (Armed Conflict Location & Event Data), course file accessed 2026-10-08; https://acleddata.com/; original township/time aggregation and statistics"
MMR008002,0.6842105984687805,4.947185516357422e-5,0,4,0.02215320429525698,0.888,No pattern detected,No pattern detected,4.1480247790996847e-4,Queen,"ACLED (Armed Conflict Location & Event Data), course file accessed 2026-10-08; https://acleddata.com/; original township/time aggregation and statistics"
MMR008003,0.2647104561328888,0.12325525283813477,0,12,-1.214712878721931,0.072,No pattern detected,No pattern detected,0.1992850391001537,Queen,"ACLED (Armed Conflict Location & Event Data), course file accessed 2026-10-08; https://acleddata.com/; original township/time aggregation and statistics"
MMR008004,0.7543860077857971,7.510185241699219e-6,0,2,-0.0313208298811282,0.824,No pattern detected,No pattern detected,1.4446062200209673e-4,Queen,"ACLED (Armed Conflict Location & Event Data), course file accessed 2026-10-08; https://acleddata.com/; original township/time aggregation and statistics"
MMR008005,0.778791606426239,4.410743713378906e-6,0,1,-0.44552728779714224,0.71,No pattern detected,No pattern detected,1.1485463276655468e-4,Queen,"ACLED (Armed Conflict Location & Event Data), course file accessed 2026-10-08; https://acleddata.com/; original township/time aggregation and statistics"
MMR008006,0.45565322041511536,0.00768887996673584,0,8,-0.76120567482905,0.54,No pattern detected,No pattern detected,0.02044116869205382,Queen,"ACLED (Armed Conflict Location & Event Data), course file accessed 2026-10-08; https://acleddata.com/; original township/time aggregation and statistics"
MMR008007,0.27302709221839905,0.11429238319396973,0,3,-0.8863708965957261,0.368,No pattern detected,No pattern detected,0.1936456440643943,Queen,"ACLED (Armed Conflict Location & Event Data), course file accessed 2026-10-08; https://acleddata.com/; original township/time aggregation and statistics"
MMR008008,0.7741969227790833,4.5299530029296875e-6,0,8,0.825459099453145,0.348,No pattern detected,No pattern detected,1.1485463276655468e-4,Queen,"ACLED (Armed Conflict Location & Event Data), course file accessed 2026-10-08; https://acleddata.com/; original township/time aggregation and statistics"
MMR008009,0.8764857649803162,2.384185791015625e-7,0,5,1.9400205181016612,0.104,No pattern detected,No pattern detected,2.5987625122070313e-05,Queen,"ACLED (Armed Conflict Location & Event Data), course file accessed 2026-10-08; https://acleddata.com/; original township/time aggregation and statistics"
MMR008010,0.8245614767074585,9.5367431640625e-7,1,8,2.089937265813653,0.104,No pattern detected,No pattern detected,4.455021449497768e-5,Queen,"ACLED (Armed Conflict Location & Event Data), course file accessed 2026-10-08; https://acleddata.com/; original township/time aggregation and statistics"
MMR008011,0.6334338784217834,1.798868179321289e-4,0,1,-0.07944077326709804,0.674,No pattern detected,No pattern detected,8.5250709367835e-4,Queen,"ACLED (Armed Conflict Location & Event Data), course file accessed 2026-10-08; https://acleddata.com/; original township/time aggregation and statistics"
MMR008012,0.6686246395111084,7.62939453125e-5,0,8,-0.0926047807272988,0.968,No pattern detected,No pattern detected,4.9896240234375e-4,Queen,"ACLED (Armed Conflict Location & Event Data), course file accessed 2026-10-08; https://acleddata.com/; original township/time aggregation and statistics"
MMR008013,0.8529559373855591,4.76837158203125e-7,0,9,0.6963563663027695,0.364,No pattern detected,No pattern detected,3.118515014648438e-5,Queen,"ACLED (Armed Conflict Location & Event Data), course file accessed 2026-10-08; https://acleddata.com/; original township/time aggregation and statistics"
MMR008014,0.7669917345046997,6.198883056640625e-6,0,4,0.5353458606800265,0.54,No pattern detected,No pattern detected,1.2668967247009277e-4,Queen,"ACLED (Armed Conflict Location & Event Data), course file accessed 2026-10-08; https://acleddata.com/; original township/time aggregation and statistics"
MMR009001,0.2280701994895935,0.18369901180267337,0,10,-0.7122222007945573,0.542,No pattern detected,No pattern detected,0.2657945878737796,Queen,"ACLED (Armed Conflict Location & Event Data), course file accessed 2026-10-08; https://acleddata.com/; original township/time aggregation and statistics"
MMR009002,0.5395917892456055,0.00144433975219726,0,1,1.0553114405530175,0.252,No pattern detected,No pattern detected,0.00497156946282637,Queen,"ACLED (Armed Conflict Location & Event Data), course file accessed 2026-10-08; https://acleddata.com/; original township/time aggregation and statistics"
MMR009003,0.906432807445526,1.1920928955078125e-7,2,1,3.1460198186342647,0.016,Consecutive hot spot,No pattern detected,1.9490718841552734e-5,Queen,"ACLED (Armed Conflict Location & Event Data), course file accessed 2026-10-08; https://acleddata.com/; original township/time aggregation and statistics"
MMR009004,-0.04117718338966369,0.8335343599319458,0,16,-1.6694642325200837,0.026,Sporadic cold spot,No pattern detected,0.8794561916782011,Queen,"ACLED (Armed Conflict Location & Event Data), course file accessed 2026-10-08; https://acleddata.com/; original township/time aggregation and statistics"
MMR009005,0.08259911090135574,0.64864182472229,0,4,-1.3338652335877856,0.124,No pattern detected,No pattern detected,0.7313995747730649,Queen,"ACLED (Armed Conflict Location & Event Data), course file accessed 2026-10-08; https://acleddata.com/; original township/time aggregation and statistics"
MMR009006,0.2662908434867859,0.12264156341552734,0,9,-0.9261235748205268,0.296,No pattern detected,No pattern detected,0.1992850391001537,Queen,"ACLED (Armed Conflict Location & Event Data), course file accessed 2026-10-08; https://acleddata.com/; original township/time aggregation and statistics"
MMR009007,0.093842051923275,0.59951019287109375,0,4,0.22848892404027232,0.702,No pattern detected,No pattern detected,0.6951767130100981,Queen,"ACLED (Armed Conflict Location & Event Data), course file accessed 2026-10-08; https://acleddata.com/; original township/time aggregation and statistics"
MMR009008,0.3235350251197815,0.05855262279510498,1,5,1.6208309198700763,0.152,No pattern detected,No pattern detected,0.1094097580228533,Queen,"ACLED (Armed Conflict Location & Event Data), course file accessed 2026-10-08; https://acleddata.com/; original township/time aggregation and statistics"
MMR009009,0.4809405207633972,0.00457441806793212,0,5,0.20221913100853517,0.912,No pattern detected,No pattern detected,0.01323747529392748,Queen,"ACLED (Armed Conflict Location & Event Data), course file accessed 2026-10-08; https://acleddata.com/; original township/time aggregation and statistics"
MMR009010,0.5823630094528198,5.973577499389648e-4,0,2,1.2095440258213064,0.292,No pattern detected,No pattern detected,0.00232542838369097,Queen,"ACLED (Armed Conflict Location & Event Data), course file accessed 2026-10-08; https://acleddata.com/; original township/time aggregation and statistics"
MMR009011,0.6217036247253418,2.371072769165039e-4,1,2,1.1260670307005691,0.198,No pattern detected,No pattern detected,0.00106237109129361,Queen,"ACLED (Armed Conflict Location & Event Data), course file accessed 2026-10-08; https://acleddata.com/; original township/time aggregation and statistics"
MMR009012,0.5117735862731934,0.00259149074554443,0,5,-1.3338652335877854,0.068,No pattern detected,No pattern detected,0.00822736298466481,Queen,"ACLED (Armed Conflict Location & Event Data), course file accessed 2026-10-08; https://acleddata.com/; original township/time aggregation and statistics"
MMR009013,0.5588331818580627,9.92417335510254e-4,0,9,-0.4130759234402529,0.896,No pattern detected,No pattern detected,0.00364629740125677,Queen,"ACLED (Armed Conflict Location & Event Data), course file accessed 2026-10-08; https://acleddata.com/; original township/time aggregation and statistics"
MMR009014,0.660792887210846,1.0001659393310548e-4,2,6,-1.0007385039162946,0.324,No pattern detected,No pattern detected,5.655611975718353e-4,Queen,"ACLED (Armed Conflict Location & Event Data), course file accessed 2026-10-08; https://acleddata.com/; original township/time aggregation and statistics"
MMR009015,0.5781937837600708,6.707906723022461e-4,0,7,-0.9082033012297688,0.448,No pattern detected,No pattern detected,0.00258057117462158,Queen,"ACLED (Armed Conflict Location & Event Data), course file accessed 2026-10-08; https://acleddata.com/; original township/time aggregation and statistics"
MMR009016,0.6568943858146667,1.0204315185546876e-4,0,7,-1.0901784806709292,0.308,No pattern detected,No pattern detected,5.655611975718353e-4,Queen,"ACLED (Armed Conflict Location & Event Data), course file accessed 2026-10-08; https://acleddata.com/; original township/time aggregation and statistics"
MMR009017,0.01785999163985252,0.9439880847930908,0,9,-1.4638207854956988,0.046,Sporadic cold spot,No pattern detected,0.96487134732306,Queen,"ACLED (Armed Conflict Location & Event Data), course file accessed 2026-10-08; https://acleddata.com/; original township/time aggregation and statistics"
MMR009018,0.4619883596897125,0.00635504722595214,15,2,4.541040460200517,0.008,Consecutive hot spot,Consecutive hot spot,0.0173175036907196,Queen,"ACLED (Armed Conflict Location & Event Data), course file accessed 2026-10-08; https://acleddata.com/; original township/time aggregation and statistics"
MMR009019,0.340177446603775,0.04599940776824951,16,1,4.23641841719348,0.004,Consecutive hot spot,Consecutive hot spot,0.0917183313427902,Queen,"ACLED (Armed Conflict Location & Event Data), course file accessed 2026-10-08; https://acleddata.com/; original township/time aggregation and statistics"
MMR009020,0.12280702590942384,0.4841074943542481,16,1,4.532866616737922,0.004,Consecutive hot spot,Consecutive hot spot,0.5884875488990302,Queen,"ACLED (Armed Conflict Location & Event Data), course file accessed 2026-10-08; https://acleddata.com/; original township/time aggregation and statistics"
MMR009021,0.111111119389534,0.5288645029067993,16,1,3.3225522881723673,0.04,Consecutive hot spot,No pattern detected,0.633475063921331,Queen,"ACLED (Armed Conflict Location & Event Data), course file accessed 2026-10-08; https://acleddata.com/; original township/time aggregation and statistics"
MMR009022,0.6842105984687805,4.947185516357422e-5,11,2,3.663035711484584,0.012,Oscillating hot spot,Consecutive hot spot,4.1480247790996847e-4,Queen,"ACLED (Armed Conflict Location & Event Data), course file accessed 2026-10-08; https://acleddata.com/; original township/time aggregation and statistics"
MMR009023,-0.26979589462280273,0.11518372595310213,12,1,1.752052743999387,0.076,No pattern detected,No pattern detected,0.19414988859105356,Queen,"ACLED (Armed Conflict Location & Event Data), course file accessed 2026-10-08; https://acleddata.com/; original township/time aggregation and statistics"
MMR009024,-0.2280701994895935,0.18369899690151217,8,0,0.5723599417546371,0.446,No pattern detected,No pattern detected,0.2657945878737796,Queen,"ACLED (Armed Conflict Location & Event Data), course file accessed 2026-10-08; https://acleddata.com/; original township/time aggregation and statistics"
MMR009025,0.3049866855144501,0.07420337200164795,0,1,1.62308194297521,0.11,No pattern detected,No pattern detected,0.13480279246966043,Queen,"ACLED (Armed Conflict Location & Event Data), course file accessed 2026-10-08; https://acleddata.com/; original township/time aggregation and statistics"
MMR010001,-0.4574800133705139,0.00702748075127601,0,0,-0.524165102161155,0.908,No pattern detected,No pattern detected,0.01899162153444014,Queen,"ACLED (Armed Conflict Location & Event Data), course file accessed 2026-10-08; https://acleddata.com/; original township/time aggregation and statistics"
MMR010002,-0.49267077445983887,0.0036657175514847,0,0,-0.8243891882650088,0.54,No pattern detected,No pattern detected,0.01099715265445411,Queen,"ACLED (Armed Conflict Location & Event Data), course file accessed 2026-10-08; https://acleddata.com/; original township/time aggregation and statistics"
MMR010003,-0.6920851469039917,4.206784069538117e-5,0,0,-1.271504289179071,0.158,No pattern detected,No pattern detected,3.8211621964971226e-4,Queen,"ACLED (Armed Conflict Location & Event Data), course file accessed 2026-10-08; https://acleddata.com/; original township/time aggregation and statistics"
MMR010004,-0.5906433463096619,4.677829856518656e-4,0,0,-1.2917744677360894,0.162,No pattern detected,No pattern detected,0.00184295224467662,Queen,"ACLED (Armed Conflict Location & Event Data), course file accessed 2026-10-08; https://acleddata.com/; original township/time aggregation and statistics"
MMR010005,-0.5438597202301025,0.00128785474225878,0,0,-1.0736392437570856,0.358,No pattern detected,No pattern detected,0.00457748370346329,Queen,"ACLED (Armed Conflict Location & Event Data), course file accessed 2026-10-08; https://acleddata.com/; original township/time aggregation and statistics"
MMR010006,-0.25146201252937317,0.14172597229480743,0,0,-0.6535670100247561,0.728,No pattern detected,No pattern detected,0.220687655040196,Queen,"ACLED (Armed Conflict Location & Event Data), course file accessed 2026-10-08; https://acleddata.com/; original township/time aggregation and statistics"
MMR010007,-0.0703815370798111,0.7001803517341614,2,0,0.0027191447450551098,0.992,No pattern detected,No pattern detected,0.7735100507333472,Queen,"ACLED (Armed Conflict Location & Event Data), course file accessed 2026-10-08; https://acleddata.com/; original township/time aggregation and statistics"
MMR010008,0.8479533195495605,4.76837158203125e-7,5,2,5.125091913931685,0.002,Consecutive hot spot,Consecutive hot spot,3.118515014648438e-5,Queen,"ACLED (Armed Conflict Location & Event Data), course file accessed 2026-10-08; https://acleddata.com/; original township/time aggregation and statistics"
MMR010009,0.8011696338653564,1.9073486328125e-6,11,2,7.344573528715459,0.002,Consecutive hot spot,Oscillating hot spot,7.796287536621094e-5,Queen,"ACLED (Armed Conflict Location & Event Data), course file accessed 2026-10-08; https://acleddata.com/; original township/time aggregation and statistics"
MMR010010,0.6959065198898315,3.659725189208984e-5,16,1,7.978640823707314,0.002,Consecutive hot spot,Consecutive hot spot,3.419228962489537e-4,Queen,"ACLED (Armed Conflict Location & Event Data), course file accessed 2026-10-08; https://acleddata.com/; original township/time aggregation and statistics"
MMR010011,0.715545654296875,2.276897430419922e-5,8,0,9.532500881711607,0.002,Consecutive hot spot,Sporadic hot spot,2.567398137059705e-4,Queen,"ACLED (Armed Conflict Location & Event Data), course file accessed 2026-10-08; https://acleddata.com/; original township/time aggregation and statistics"
MMR010012,0.7309942245483398,1.430511474609375e-5,13,1,5.743271059493872,0.002,Consecutive hot spot,Sporadic hot spot,2.126260237260298e-4,Queen,"ACLED (Armed Conflict Location & Event Data), course file accessed 2026-10-08; https://acleddata.com/; original township/time aggregation and statistics"
MMR010013,0.7076023817062378,2.6941299438476563e-05,3,4,2.761406419475193,0.034,Oscillating hot spot,No pattern detected,2.753064036369324e-4,Queen,"ACLED (Armed Conflict Location & Event Data), course file accessed 2026-10-08; https://acleddata.com/; original township/time aggregation and statistics"
MMR010014,-0.3099415600299835,0.0688733384013176,0,2,-1.481921557886226,0.078,No pattern detected,No pattern detected,0.12581889193983717,Queen,"ACLED (Armed Conflict Location & Event Data), course file accessed 2026-10-08; https://acleddata.com/; original township/time aggregation and statistics"
MMR010015,0.5470682978630066,0.00127029418945312,0,3,-0.27896392296139655,0.932,No pattern detected,No pattern detected,0.00456468351594694,Queen,"ACLED (Armed Conflict Location & Event Data), course file accessed 2026-10-08; https://acleddata.com/; original township/time aggregation and statistics"
MMR010016,0.4619883596897125,0.00635504722595214,0,2,0.05187351062312046,0.748,No pattern detected,No pattern detected,0.0173175036907196,Queen,"ACLED (Armed Conflict Location & Event Data), course file accessed 2026-10-08; https://acleddata.com/; original township/time aggregation and statistics"
MMR010017,0.6099733710289001,3.1125545501708984e-4,16,1,2.6821625630074153,0.042,Consecutive hot spot,No pattern detected,0.00130487863834087,Queen,"ACLED (Armed Conflict Location & Event Data), course file accessed 2026-10-08; https://acleddata.com/; original township/time aggregation and statistics"
MMR010018,0.7192983031272888,1.9669532775878903e-5,13,1,4.092123765242778,0.006,Oscillating hot spot,Sporadic hot spot,2.2971204348972864e-4,Queen,"ACLED (Armed Conflict Location & Event Data), course file accessed 2026-10-08; https://acleddata.com/; original township/time aggregation and statistics"
MMR010019,0.8245614767074585,9.5367431640625e-7,5,1,2.0399331597216825,0.094,No pattern detected,No pattern detected,4.455021449497768e-5,Queen,"ACLED (Armed Conflict Location & Event Data), course file accessed 2026-10-08; https://acleddata.com/; original township/time aggregation and statistics"
MMR010020,0.6451641321182251,1.3577938079833984e-4,0,3,1.5429182474470418,0.116,No pattern detected,No pattern detected,6.62684440612793e-4,Queen,"ACLED (Armed Conflict Location & Event Data), course file accessed 2026-10-08; https://acleddata.com/; original township/time aggregation and statistics"
MMR010021,0.3333333730697632,0.05009031295776367,12,1,2.014980860000148,0.088,No pattern detected,No pattern detected,0.09867188154932964,Queen,"ACLED (Armed Conflict Location & Event Data), course file accessed 2026-10-08; https://acleddata.com/; original township/time aggregation and statistics"
MMR010022,0.906432807445526,1.1920928955078125e-7,3,0,3.127124457693868,0.028,Consecutive hot spot,No pattern detected,1.9490718841552734e-5,Queen,"ACLED (Armed Conflict Location & Event Data), course file accessed 2026-10-08; https://acleddata.com/; original township/time aggregation and statistics"
MMR010023,0.3284471929073334,0.05418121814727783,0,7,-1.5353676608346023,0.084,No pattern detected,No pattern detected,0.10312451517512632,Queen,"ACLED (Armed Conflict Location & Event Data), course file accessed 2026-10-08; https://acleddata.com/; original township/time aggregation and statistics"
MMR010024,0.5191944241523743,0.00229334831237792,0,3,-1.1498832178369622,0.244,No pattern detected,No pattern detected,0.00749924898147583,Queen,"ACLED (Armed Conflict Location & Event Data), course file accessed 2026-10-08; https://acleddata.com/; original township/time aggregation and statistics"
MMR010028,0.4129955470561981,0.01558685302734375,0,4,-0.48701441212987,0.8,No pattern detected,No pattern detected,0.03589366859113666,Queen,"ACLED (Armed Conflict Location & Event Data), course file accessed 2026-10-08; https://acleddata.com/; original township/time aggregation and statistics"
MMR010029,0.7507364153862,8.702278137207031e-6,0,0,1.46069788754528,0.198,No pattern detected,No pattern detected,1.5809138615926108e-4,Queen,"ACLED (Armed Conflict Location & Event Data), course file accessed 2026-10-08; https://acleddata.com/; original township/time aggregation and statistics"
MMR010030,0.14159847795963287,0.4201565980911255,0,12,-1.246778356933198,0.196,No pattern detected,No pattern detected,0.5251055564589172,Queen,"ACLED (Armed Conflict Location & Event Data), course file accessed 2026-10-08; https://acleddata.com/; original township/time aggregation and statistics"
MMR010031,0.6843926310539246,5.555152893066406e-5,0,3,-0.02431665632500352,0.852,No pattern detected,No pattern detected,4.430573161055402e-4,Queen,"ACLED (Armed Conflict Location & Event Data), course file accessed 2026-10-08; https://acleddata.com/; original township/time aggregation and statistics"
MMR011001,0.1651982218027115,0.34397029876708984,0,0,-0.9877217893808172,0.378,No pattern detected,No pattern detected,0.4445782892788823,Queen,"ACLED (Armed Conflict Location & Event Data), course file accessed 2026-10-08; https://acleddata.com/; original township/time aggregation and statistics"
MMR011002,0.6608187556266785,8.916854858398436e-5,5,0,4.748738742255321,0.002,Sporadic hot spot,Consecutive hot spot,5.399650997585721e-4,Queen,"ACLED (Armed Conflict Location & Event Data), course file accessed 2026-10-08; https://acleddata.com/; original township/time aggregation and statistics"
MMR011004,0.20467838644981384,0.2342393398284912,3,0,-0.05397992583495337,0.792,No pattern detected,No pattern detected,0.32048646076952564,Queen,"ACLED (Armed Conflict Location & Event Data), course file accessed 2026-10-08; https://acleddata.com/; original township/time aggregation and statistics"
MMR011005,0.28319695591926575,0.0994863510131836,0,0,-0.9674516108237988,0.354,No pattern detected,No pattern detected,0.17376561605549873,Queen,"ACLED (Armed Conflict Location & Event Data), course file accessed 2026-10-08; https://acleddata.com/; original township/time aggregation and statistics"
MMR011006,0.2631579041481018,0.12371516227722168,3,0,1.3508840233022068,0.32,No pattern detected,No pattern detected,0.1992850391001537,Queen,"ACLED (Armed Conflict Location & Event Data), course file accessed 2026-10-08; https://acleddata.com/; original township/time aggregation and statistics"
MMR011007,-0.0469210259616375,0.8064184784889221,0,0,0.0366564579803473,0.88,No pattern detected,No pattern detected,0.856165072941161,Queen,"ACLED (Armed Conflict Location & Event Data), course file accessed 2026-10-08; https://acleddata.com/; original township/time aggregation and statistics"
MMR011008,-0.24633538722991943,0.15120530128479004,0,0,-0.5298209408652816,0.862,No pattern detected,No pattern detected,0.23104735289778663,Queen,"ACLED (Armed Conflict Location & Event Data), course file accessed 2026-10-08; https://acleddata.com/; original township/time aggregation and statistics"
MMR011009,0.629422664642334,2.048015594482422e-4,1,0,1.418861311163682,0.144,No pattern detected,No pattern detected,9.567158562796456e-4,Queen,"ACLED (Armed Conflict Location & Event Data), course file accessed 2026-10-08; https://acleddata.com/; original township/time aggregation and statistics"
MMR011010,0.2932564318180084,0.08628237247467041,8,0,1.8493457388286865,0.082,No pattern detected,No pattern detected,0.15333878151748492,Queen,"ACLED (Armed Conflict Location & Event Data), course file accessed 2026-10-08; https://acleddata.com/; original township/time aggregation and statistics"
MMR012001,0.4809405207633972,0.00457441806793212,0,0,0.1059978722296941,0.714,No pattern detected,No pattern detected,0.01323747529392748,Queen,"ACLED (Armed Conflict Location & Event Data), course file accessed 2026-10-08; https://acleddata.com/; original township/time aggregation and statistics"
MMR012002,0.2932564318180084,0.08628237247467041,2,3,-0.6228585753544902,0.592,No pattern detected,No pattern detected,0.15333878151748492,Queen,"ACLED (Armed Conflict Location & Event Data), course file accessed 2026-10-08; https://acleddata.com/; original township/time aggregation and statistics"
MMR012003,0.24633538722991943,0.15120530128479004,2,6,-1.0485323250518714,0.29,No pattern detected,No pattern detected,0.23104735289778663,Queen,"ACLED (Armed Conflict Location & Event Data), course file accessed 2026-10-08; https://acleddata.com/; original township/time aggregation and statistics"
MMR012004,0.1769980937242508,0.3092172145843506,2,2,-1.1296130392799442,0.194,No pattern detected,No pattern detected,0.4087619490681157,Queen,"ACLED (Armed Conflict Location & Event Data), course file accessed 2026-10-08; https://acleddata.com/; original township/time aggregation and statistics"
MMR012005,0.4152047038078308,0.01432573795318603,2,6,-1.246778356933198,0.146,No pattern detected,No pattern detected,0.03346083514126284,Queen,"ACLED (Armed Conflict Location & Event Data), course file accessed 2026-10-08; https://acleddata.com/; original township/time aggregation and statistics"
MMR012006,0.3870984613895416,0.02287864685058593,2,3,-0.6288061207244627,0.806,No pattern detected,No pattern detected,0.04987545013427735,Queen,"ACLED (Armed Conflict Location & Event Data), course file accessed 2026-10-08; https://acleddata.com/; original township/time aggregation and statistics"
MMR012007,0.33529993891716003,0.04980969429016113,2,4,-0.7334471392877702,0.594,No pattern detected,No pattern detected,0.09867188154932964,Queen,"ACLED (Armed Conflict Location & Event Data), course file accessed 2026-10-08; https://acleddata.com/; original township/time aggregation and statistics"
MMR012008,0.3636379539966583,0.03272616863250732,5,0,0.05931555393417247,0.736,No pattern detected,No pattern detected,0.06816214740655985,Queen,"ACLED (Armed Conflict Location & Event Data), course file accessed 2026-10-08; https://acleddata.com/; original township/time aggregation and statistics"
MMR012009,0.3870984613895416,0.02287864685058593,4,0,0.2344822824228247,0.648,No pattern detected,No pattern detected,0.04987545013427735,Queen,"ACLED (Armed Conflict Location & Event Data), course file accessed 2026-10-08; https://acleddata.com/; original township/time aggregation and statistics"
MMR012010,0.2932564318180084,0.08628237247467041,5,5,-0.39000616618522665,0.884,No pattern detected,No pattern detected,0.15333878151748492,Queen,"ACLED (Armed Conflict Location & Event Data), course file accessed 2026-10-08; https://acleddata.com/; original township/time aggregation and statistics"
MMR012011,0.5941279530525208,4.602670669555664e-4,2,5,3.713796149652801,0.118,No pattern detected,No pattern detected,0.00183545525481061,Queen,"ACLED (Armed Conflict Location & Event Data), course file accessed 2026-10-08; https://acleddata.com/; original township/time aggregation and statistics"
MMR012013,0.5941279530525208,4.602670669555664e-4,5,5,3.713796149652801,0.012,Oscillating hot spot,Oscillating hot spot,0.00183545525481061,Queen,"ACLED (Armed Conflict Location & Event Data), course file accessed 2026-10-08; https://acleddata.com/; original township/time aggregation and statistics"
MMR012014,0.6647173762321472,8.738040924072266e-5,2,8,1.8009019721448654,0.086,No pattern detected,No pattern detected,5.391462261784154e-4,Queen,"ACLED (Armed Conflict Location & Event Data), course file accessed 2026-10-08; https://acleddata.com/; original township/time aggregation and statistics"
MMR012015,0.4180017113685608,0.01524901390075683,2,13,-1.0192455444535993,0.324,No pattern detected,No pattern detected,0.035364734365585,Queen,"ACLED (Armed Conflict Location & Event Data), course file accessed 2026-10-08; https://acleddata.com/; original township/time aggregation and statistics"
MMR012016,0.6140351295471191,2.741813659667969e-4,3,7,-0.7046258553194131,0.522,No pattern detected,No pattern detected,0.00117970140356766,Queen,"ACLED (Armed Conflict Location & Event Data), course file accessed 2026-10-08; https://acleddata.com/; original township/time aggregation and statistics"
MMR012017,0.05865128338336944,0.7527137994766235,1,12,-0.07638840222194808,0.916,No pattern detected,No pattern detected,0.8177322672055013,Queen,"ACLED (Armed Conflict Location & Event Data), course file accessed 2026-10-08; https://acleddata.com/; original township/time aggregation and statistics"
MMR013001,-0.5353034138679504,0.00161844107788056,0,0,-1.3153581930504803,0.132,No pattern detected,No pattern detected,0.00545598177800972,Queen,"ACLED (Armed Conflict Location & Event Data), course file accessed 2026-10-08; https://acleddata.com/; original township/time aggregation and statistics"
MMR013002,-0.4152047038078308,0.01432573981583118,0,0,-1.3609990619835062,0.134,No pattern detected,No pattern detected,0.03346083514126284,Queen,"ACLED (Armed Conflict Location & Event Data), course file accessed 2026-10-08; https://acleddata.com/; original township/time aggregation and statistics"
MMR013003,-0.37280717492103577,0.02960561215877533,0,4,-1.5189356389608362,0.056,No pattern detected,No pattern detected,0.06327473971189237,Queen,"ACLED (Armed Conflict Location & Event Data), course file accessed 2026-10-08; https://acleddata.com/; original township/time aggregation and statistics"
MMR013004,-0.6217036247253418,2.3716541181784123e-4,0,12,-2.0977843349710845,0.006,Sporadic cold spot,Sporadic cold spot,0.00106237109129361,Queen,"ACLED (Armed Conflict Location & Event Data), course file accessed 2026-10-08; https://acleddata.com/; original township/time aggregation and statistics"
MMR013005,-0.2662908434867859,0.12264151126146317,0,17,-1.9216822963989468,0.018,Sporadic cold spot,No pattern detected,0.1992850391001537,Queen,"ACLED (Armed Conflict Location & Event Data), course file accessed 2026-10-08; https://acleddata.com/; original township/time aggregation and statistics"
MMR013006,-0.3470648229122162,0.04218894988298416,0,12,-1.8065598638696736,0.006,Sporadic cold spot,Sporadic cold spot,0.08463683230745281,Queen,"ACLED (Armed Conflict Location & Event Data), course file accessed 2026-10-08; https://acleddata.com/; original township/time aggregation and statistics"
MMR013007,-0.4294191896915436,0.01166730746626854,0,2,-1.500428598423531,0.04,Sporadic cold spot,No pattern detected,0.02960649094042869,Queen,"ACLED (Armed Conflict Location & Event Data), course file accessed 2026-10-08; https://acleddata.com/; original township/time aggregation and statistics"
MMR013009,-0.7235419750213623,1.924510252138134e-5,0,10,-1.8239569647360063,0.006,Consecutive cold spot,Sporadic cold spot,2.2971204348972864e-4,Queen,"ACLED (Armed Conflict Location & Event Data), course file accessed 2026-10-08; https://acleddata.com/; original township/time aggregation and statistics"
MMR013010,-0.7272759079933167,1.6633743143756874e-5,0,9,-1.5559497200354462,0.036,Sporadic cold spot,No pattern detected,2.2971204348972864e-4,Queen,"ACLED (Armed Conflict Location & Event Data), course file accessed 2026-10-08; https://acleddata.com/; original township/time aggregation and statistics"
MMR013011,-0.6647173762321472,8.738455653656274e-5,0,5,-1.4336657176352166,0.036,Sporadic cold spot,No pattern detected,5.391462261784154e-4,Queen,"ACLED (Armed Conflict Location & Event Data), course file accessed 2026-10-08; https://acleddata.com/; original township/time aggregation and statistics"
MMR013012,-0.4882437586784363,0.00407451065257191,0,0,-1.3153581930504803,0.082,No pattern detected,No pattern detected,0.01211240893991833,Queen,"ACLED (Armed Conflict Location & Event Data), course file accessed 2026-10-08; https://acleddata.com/; original township/time aggregation and statistics"
MMR013013,-0.6608197093009949,1.0928777192020787e-4,0,8,-1.4336657176352166,0.044,Sporadic cold spot,No pattern detected,5.898554701984505e-4,Queen,"ACLED (Armed Conflict Location & Event Data), course file accessed 2026-10-08; https://acleddata.com/; original township/time aggregation and statistics"
MMR013014,-0.7117770314216614,2.6291583708371036e-5,0,8,-1.5755569675343437,0.018,Sporadic cold spot,No pattern detected,2.753064036369324e-4,Queen,"ACLED (Armed Conflict Location & Event Data), course file accessed 2026-10-08; https://acleddata.com/; original township/time aggregation and statistics"
MMR013015,-0.7515319585800171,9.8324308055453e-6,0,11,-1.722513084871192,0.004,Consecutive cold spot,Sporadic cold spot,1.6922130912701646e-4,Queen,"ACLED (Armed Conflict Location & Event Data), course file accessed 2026-10-08; https://acleddata.com/; original township/time aggregation and statistics"
MMR013016,-0.6888203620910645,5.953449726803228e-5,0,9,-1.3089727413859618,0.004,Sporadic cold spot,Sporadic cold spot,4.6351858587253707e-4,Queen,"ACLED (Armed Conflict Location & Event Data), course file accessed 2026-10-08; https://acleddata.com/; original township/time aggregation and statistics"
MMR013017,-0.6926885843276978,5.2542920457199216e-5,0,11,-1.656637681762416,0.006,Consecutive cold spot,Consecutive cold spot,4.295383747376036e-4,Queen,"ACLED (Armed Conflict Location & Event Data), course file accessed 2026-10-08; https://acleddata.com/; original township/time aggregation and statistics"
MMR013018,-0.6647173762321472,8.738455653656274e-5,0,9,-1.6180533707639877,0.024,Sporadic cold spot,No pattern detected,5.391462261784154e-4,Queen,"ACLED (Armed Conflict Location & Event Data), course file accessed 2026-10-08; https://acleddata.com/; original township/time aggregation and statistics"
MMR013019,-0.6135933995246887,3.0602214974351227e-4,0,3,-1.446683831577,0.078,No pattern detected,No pattern detected,0.00129960055800166,Queen,"ACLED (Armed Conflict Location & Event Data), course file accessed 2026-10-08; https://acleddata.com/; original township/time aggregation and statistics"
MMR013020,-0.5545940399169922,0.00111026351805776,0,0,-1.1498832178369622,0.216,No pattern detected,No pattern detected,0.0040339574489432,Queen,"ACLED (Armed Conflict Location & Event Data), course file accessed 2026-10-08; https://acleddata.com/; original township/time aggregation and statistics"
MMR013021,-0.6529524922370911,1.1661648022709414e-4,0,6,-1.3323148248501255,0.104,No pattern detected,No pattern detected,5.958373286603091e-4,Queen,"ACLED (Armed Conflict Location & Event Data), course file accessed 2026-10-08; https://acleddata.com/; original township/time aggregation and statistics"
MMR013022,-0.7353068590164185,1.4021089555171784e-5,0,14,-2.1635743155198246,0.002,Sporadic cold spot,Consecutive cold spot,2.126260237260298e-4,Queen,"ACLED (Armed Conflict Location & Event Data), course file accessed 2026-10-08; https://acleddata.com/; original township/time aggregation and statistics"
MMR013023,-0.6764823198318481,6.517492874991149e-5,0,11,-1.722513084871192,0.008,Sporadic cold spot,Sporadic cold spot,4.728617875472359e-4,Queen,"ACLED (Armed Conflict Location & Event Data), course file accessed 2026-10-08; https://acleddata.com/; original township/time aggregation and statistics"
MMR013024,-0.6410201191902161,1.7230202502105385e-4,0,7,-1.2828124867451347,0.046,Consecutive cold spot,No pattern detected,8.285700320865383e-4,Queen,"ACLED (Armed Conflict Location & Event Data), course file accessed 2026-10-08; https://acleddata.com/; original township/time aggregation and statistics"
MMR013025,-0.6568507552146912,1.13641879579518e-4,0,8,-1.5041620668797635,0.008,Consecutive cold spot,Sporadic cold spot,5.898554701984505e-4,Queen,"ACLED (Armed Conflict Location & Event Data), course file accessed 2026-10-08; https://acleddata.com/; original township/time aggregation and statistics"
MMR013026,-0.625393271446228,2.3300717293750495e-4,0,9,-1.5755569675343437,0.018,Sporadic cold spot,No pattern detected,0.00106237109129361,Queen,"ACLED (Armed Conflict Location & Event Data), course file accessed 2026-10-08; https://acleddata.com/; original township/time aggregation and statistics"
MMR013027,-0.5309942960739136,0.00181189936120063,0,14,-2.2873512442836708,0.002,Sporadic cold spot,Sporadic cold spot,0.00604582746033271,Queen,"ACLED (Armed Conflict Location & Event Data), course file accessed 2026-10-08; https://acleddata.com/; original township/time aggregation and statistics"
MMR013028,-0.330396443605423,0.05388634651899338,0,13,-1.8520623686323272,0.002,Sporadic cold spot,Sporadic cold spot,0.10312451517512632,Queen,"ACLED (Armed Conflict Location & Event Data), course file accessed 2026-10-08; https://acleddata.com/; original township/time aggregation and statistics"
MMR013029,-0.32686951756477356,0.06748374551534653,0,6,-1.0472433032674937,0.092,No pattern detected,No pattern detected,0.12467336035886054,Queen,"ACLED (Armed Conflict Location & Event Data), course file accessed 2026-10-08; https://acleddata.com/; original township/time aggregation and statistics"
MMR013030,-0.5110374093055725,0.00327549851499497,0,12,-1.549480258787414,0.002,Sporadic cold spot,Sporadic cold spot,0.01006959754729939,Queen,"ACLED (Armed Conflict Location & Event Data), course file accessed 2026-10-08; https://acleddata.com/; original township/time aggregation and statistics"
MMR013031,-0.6688027381896973,9.55003997660242e-5,0,10,-1.549480258787414,0.002,Consecutive cold spot,Sporadic cold spot,5.655611975718353e-4,Queen,"ACLED (Armed Conflict Location & Event Data), course file accessed 2026-10-08; https://acleddata.com/; original township/time aggregation and statistics"
MMR013033,-0.7367383241653442,1.7782220311346464e-5,0,12,-1.6971780388764526,0.002,Sporadic cold spot,Consecutive cold spot,2.2971204348972864e-4,Queen,"ACLED (Armed Conflict Location & Event Data), course file accessed 2026-10-08; https://acleddata.com/; original township/time aggregation and statistics"
MMR013034,-0.7895148396492004,4.566086317936424e-6,0,16,-1.8520623686323272,0.002,Consecutive cold spot,Consecutive cold spot,1.1485463276655468e-4,Queen,"ACLED (Armed Conflict Location & Event Data), course file accessed 2026-10-08; https://acleddata.com/; original township/time aggregation and statistics"
MMR013035,-0.7084463238716125,3.3945128961931914e-5,0,19,-1.9779294030566617,0.002,Intensifying cold spot,Sporadic cold spot,3.338248153501327e-4,Queen,"ACLED (Armed Conflict Location & Event Data), course file accessed 2026-10-08; https://acleddata.com/; original township/time aggregation and statistics"
MMR013036,-0.6743417978286743,1.309408835368231e-4,0,14,-1.5268211628335888,0.004,Consecutive cold spot,Consecutive cold spot,6.58733367946787e-4,Queen,"ACLED (Armed Conflict Location & Event Data), course file accessed 2026-10-08; https://acleddata.com/; original township/time aggregation and statistics"
MMR013037,-0.775202214717865,5.132467322255252e-6,0,11,-1.6160973246483796,0.004,Consecutive cold spot,Sporadic cold spot,1.169443130493164e-4,Queen,"ACLED (Armed Conflict Location & Event Data), course file accessed 2026-10-08; https://acleddata.com/; original township/time aggregation and statistics"
MMR013038,-0.6058928370475769,3.5304404445923865e-4,0,11,-1.7722859560322763,0.01,Sporadic cold spot,Sporadic cold spot,0.00146133420934393,Queen,"ACLED (Armed Conflict Location & Event Data), course file accessed 2026-10-08; https://acleddata.com/; original township/time aggregation and statistics"
MMR013039,-0.6568507552146912,1.13641879579518e-4,0,11,-1.666991963259277,0.018,Consecutive cold spot,No pattern detected,5.898554701984505e-4,Queen,"ACLED (Armed Conflict Location & Event Data), course file accessed 2026-10-08; https://acleddata.com/; original township/time aggregation and statistics"
MMR013040,-0.5705981254577637,7.717486587353051e-4,0,0,-1.1416165316185611,0.226,No pattern detected,No pattern detected,0.00293443966751679,Queen,"ACLED (Armed Conflict Location & Event Data), course file accessed 2026-10-08; https://acleddata.com/; original township/time aggregation and statistics"
MMR013041,-0.660792887210846,1.0001807822845876e-4,0,10,-1.7551490021135774,0.014,Consecutive cold spot,Sporadic cold spot,5.655611975718353e-4,Queen,"ACLED (Armed Conflict Location & Event Data), course file accessed 2026-10-08; https://acleddata.com/; original township/time aggregation and statistics"
MMR013042,-0.6451641321182251,1.35762631543912e-4,0,7,-1.871357246542764,0.012,Sporadic cold spot,Consecutive cold spot,6.62684440612793e-4,Queen,"ACLED (Armed Conflict Location & Event Data), course file accessed 2026-10-08; https://acleddata.com/; original township/time aggregation and statistics"
MMR013043,-0.7041913270950317,3.470961382845417e-5,0,15,-2.1333378131297147,0.002,Sporadic cold spot,Consecutive cold spot,3.338248153501327e-4,Queen,"ACLED (Armed Conflict Location & Event Data), course file accessed 2026-10-08; https://acleddata.com/; original township/time aggregation and statistics"
MMR013044,-0.6725927591323853,7.474669837392867e-5,0,12,-1.8880879211585408,0.006,Sporadic cold spot,Consecutive cold spot,4.9896240234375e-4,Queen,"ACLED (Armed Conflict Location & Event Data), course file accessed 2026-10-08; https://acleddata.com/; original township/time aggregation and statistics"
MMR013046,-0.6568507552146912,1.13641879579518e-4,0,7,-1.6694642325200837,0.016,Sporadic cold spot,No pattern detected,5.898554701984505e-4,Queen,"ACLED (Armed Conflict Location & Event Data), course file accessed 2026-10-08; https://acleddata.com/; original township/time aggregation and statistics"
MMR013047,-0.5982431173324585,4.0668516885489225e-4,0,2,-1.500428598423531,0.032,Consecutive cold spot,No pattern detected,0.00166232562769437,Queen,"ACLED (Armed Conflict Location & Event Data), course file accessed 2026-10-08; https://acleddata.com/; original township/time aggregation and statistics"
MMR014001,0.1407630741596222,0.4207267761230469,0,9,-0.8156680985432435,0.446,No pattern detected,No pattern detected,0.5251055564589172,Queen,"ACLED (Armed Conflict Location & Event Data), course file accessed 2026-10-08; https://acleddata.com/; original township/time aggregation and statistics"
MMR014002,0.37059465050697327,0.02987337112426757,1,1,0.8668049474473316,0.304,No pattern detected,No pattern detected,0.06343241790672402,Queen,"ACLED (Armed Conflict Location & Event Data), course file accessed 2026-10-08; https://acleddata.com/; original township/time aggregation and statistics"
MMR014003,0.1941210031509399,0.262325644493103,0,6,-1.498094693333096,0.07,No pattern detected,No pattern detected,0.3523432302181838,Queen,"ACLED (Armed Conflict Location & Event Data), course file accessed 2026-10-08; https://acleddata.com/; original township/time aggregation and statistics"
MMR014004,0.27647536993026733,0.10711216926574708,0,1,-0.6926578591542548,0.394,No pattern detected,No pattern detected,0.18411783823324124,Queen,"ACLED (Armed Conflict Location & Event Data), course file accessed 2026-10-08; https://acleddata.com/; original township/time aggregation and statistics"
MMR014005,0.5223127007484436,0.00225543975830078,0,6,-1.278843835144465,0.19,No pattern detected,No pattern detected,0.00744978586832682,Queen,"ACLED (Armed Conflict Location & Event Data), course file accessed 2026-10-08; https://acleddata.com/; original township/time aggregation and statistics"
MMR014006,0.25146201252937317,0.14172601699829102,0,4,-1.1701533963939803,0.228,No pattern detected,No pattern detected,0.220687655040196,Queen,"ACLED (Armed Conflict Location & Event Data), course file accessed 2026-10-08; https://acleddata.com/; original township/time aggregation and statistics"
MMR014007,0.3470648229122162,0.04218900203704834,0,7,-1.103944753203025,0.112,No pattern detected,No pattern detected,0.08463683230745281,Queen,"ACLED (Armed Conflict Location & Event Data), course file accessed 2026-10-08; https://acleddata.com/; original township/time aggregation and statistics"
MMR014008,0.4853801727294922,0.0041201114654541,3,3,4.065497890821568,0.002,Oscillating hot spot,Oscillating hot spot,0.01213762566849992,Queen,"ACLED (Armed Conflict Location & Event Data), course file accessed 2026-10-08; https://acleddata.com/; original township/time aggregation and statistics"
MMR014009,0.3753682076931,0.02742314338684082,0,2,-0.2046503150670166,0.98,No pattern detected,No pattern detected,0.0589958413651115,Queen,"ACLED (Armed Conflict Location & Event Data), course file accessed 2026-10-08; https://acleddata.com/; original township/time aggregation and statistics"
MMR014010,-0.111111119389534,0.5288645029067993,5,1,1.5589509865526758,0.162,No pattern detected,No pattern detected,0.633475063921331,Queen,"ACLED (Armed Conflict Location & Event Data), course file accessed 2026-10-08; https://acleddata.com/; original township/time aggregation and statistics"
MMR014011,0.42014777660369873,0.01408815383911132,0,12,-1.481921557886226,0.064,No pattern detected,No pattern detected,0.03346083514126284,Queen,"ACLED (Armed Conflict Location & Event Data), course file accessed 2026-10-08; https://acleddata.com/; original township/time aggregation and statistics"
MMR014012,-0.3609720468521118,0.03535299375653267,0,10,-1.8890764497069377,0.002,Sporadic cold spot,Sporadic cold spot,0.07316727188852014,Queen,"ACLED (Armed Conflict Location & Event Data), course file accessed 2026-10-08; https://acleddata.com/; original township/time aggregation and statistics"
MMR014013,-0.28839364647865295,0.09796099364757538,0,19,-1.99506635697536,0.002,Persistent cold spot,Sporadic cold spot,0.17222174689654382,Queen,"ACLED (Armed Conflict Location & Event Data), course file accessed 2026-10-08; https://acleddata.com/; original township/time aggregation and statistics"
MMR014014,-0.6846330165863037,6.208891136338934e-5,0,17,-1.9075834902442428,0.002,Sporadic cold spot,Sporadic cold spot,4.7216451199600735e-4,Queen,"ACLED (Armed Conflict Location & Event Data), course file accessed 2026-10-08; https://acleddata.com/; original township/time aggregation and statistics"
MMR014015,-0.19941435754299164,0.2479957938194275,0,10,-1.904120660264174,0.006,Sporadic cold spot,Sporadic cold spot,0.3364922181699286,Queen,"ACLED (Armed Conflict Location & Event Data), course file accessed 2026-10-08; https://acleddata.com/; original township/time aggregation and statistics"
MMR014016,0.05865128338336944,0.7527137994766235,0,3,-1.4634145173489208,0.076,No pattern detected,No pattern detected,0.8177322672055013,Queen,"ACLED (Armed Conflict Location & Event Data), course file accessed 2026-10-08; https://acleddata.com/; original township/time aggregation and statistics"
MMR014017,-0.4252717196941376,0.01377416867762804,0,17,-2.0636141726501553,0.002,Sporadic cold spot,Sporadic cold spot,0.03346083514126284,Queen,"ACLED (Armed Conflict Location & Event Data), course file accessed 2026-10-08; https://acleddata.com/; original township/time aggregation and statistics"
MMR014018,0.08929995447397232,0.6228545904159546,0,16,-1.8520623686323272,0.002,Sporadic cold spot,Sporadic cold spot,0.7112841066167744,Queen,"ACLED (Armed Conflict Location & Event Data), course file accessed 2026-10-08; https://acleddata.com/; original township/time aggregation and statistics"
MMR014019,-0.03697369247674942,0.8585121035575867,0,19,-2.144611746848678,0.002,Persistent cold spot,Persistent cold spot,0.9024488312693744,Queen,"ACLED (Armed Conflict Location & Event Data), course file accessed 2026-10-08; https://acleddata.com/; original township/time aggregation and statistics"
MMR014020,0.0703815370798111,0.7001802921295166,0,1,-1.471236704412068,0.09,No pattern detected,No pattern detected,0.7735100507333472,Queen,"ACLED (Armed Conflict Location & Event Data), course file accessed 2026-10-08; https://acleddata.com/; original township/time aggregation and statistics"
MMR014021,-0.2529642581939697,0.168730691075325,0,19,-1.5721393547412392,0.002,Persistent cold spot,Consecutive cold spot,0.25079516355286946,Queen,"ACLED (Armed Conflict Location & Event Data), course file accessed 2026-10-08; https://acleddata.com/; original township/time aggregation and statistics"
MMR015001,0.02923976816236972,0.8887056112289429,0,8,-1.6344355236929045,0.018,Sporadic cold spot,No pattern detected,0.92549915564288,Queen,"ACLED (Armed Conflict Location & Event Data), course file accessed 2026-10-08; https://acleddata.com/; original township/time aggregation and statistics"
MMR015002,0.00588245503604412,1,2,0,-1.0485323250518714,0.264,No pattern detected,No pattern detected,1,Queen,"ACLED (Armed Conflict Location & Event Data), course file accessed 2026-10-08; https://acleddata.com/; original township/time aggregation and statistics"
MMR015003,0.08823682367801666,0.6238518953323364,1,2,-1.2783441119758705,0.184,No pattern detected,No pattern detected,0.7112841066167744,Queen,"ACLED (Armed Conflict Location & Event Data), course file accessed 2026-10-08; https://acleddata.com/; original township/time aggregation and statistics"
MMR015004,0.05865128338336944,0.7527137994766235,0,12,-1.952218877581075,0.002,Sporadic cold spot,Sporadic cold spot,0.8177322672055013,Queen,"ACLED (Armed Conflict Location & Event Data), course file accessed 2026-10-08; https://acleddata.com/; original township/time aggregation and statistics"
MMR015005,-0.3246830701828003,0.06818891316652298,0,19,-1.9075834902442428,0.002,Persistent cold spot,Persistent cold spot,0.1252683966598484,Queen,"ACLED (Armed Conflict Location & Event Data), course file accessed 2026-10-08; https://acleddata.com/; original township/time aggregation and statistics"
MMR015006,-0.3244428336620331,0.09270326048135756,0,19,-1.5721393547412392,0.002,Persistent cold spot,Persistent cold spot,0.1638592766346158,Queen,"ACLED (Armed Conflict Location & Event Data), course file accessed 2026-10-08; https://acleddata.com/; original township/time aggregation and statistics"
MMR015007,-0.32444286346435547,0.12069082260131836,0,18,-1.3612932506676154,0.004,Persistent cold spot,Persistent cold spot,0.1992850391001537,Queen,"ACLED (Armed Conflict Location & Event Data), course file accessed 2026-10-08; https://acleddata.com/; original township/time aggregation and statistics"
MMR015008,-0.20951759815216064,0.2411525845527649,0,19,-1.9075834902442428,0.002,Persistent cold spot,Persistent cold spot,0.3285703964531422,Queen,"ACLED (Armed Conflict Location & Event Data), course file accessed 2026-10-08; https://acleddata.com/; original township/time aggregation and statistics"
MMR015009,-0.42690062522888184,0.01177016459405422,2,0,-0.983002859941785,0.408,No pattern detected,No pattern detected,0.02960649094042869,Queen,"ACLED (Armed Conflict Location & Event Data), course file accessed 2026-10-08; https://acleddata.com/; original township/time aggregation and statistics"
MMR015010,-0.4152047038078308,0.01432573981583118,4,0,-1.1701533963939803,0.188,No pattern detected,No pattern detected,0.03346083514126284,Queen,"ACLED (Armed Conflict Location & Event Data), course file accessed 2026-10-08; https://acleddata.com/; original township/time aggregation and statistics"
MMR015011,-0.44574975967407227,0.00865154061466455,2,1,-1.6315640954684036,0.024,New cold spot,No pattern detected,0.02281494984673636,Queen,"ACLED (Armed Conflict Location & Event Data), course file accessed 2026-10-08; https://acleddata.com/; original township/time aggregation and statistics"
MMR015012,0.39181289076805115,0.02094089984893799,7,0,6.521999740617921,0.002,Consecutive hot spot,Sporadic hot spot,0.04626806926082921,Queen,"ACLED (Armed Conflict Location & Event Data), course file accessed 2026-10-08; https://acleddata.com/; original township/time aggregation and statistics"
MMR015013,0.7894737720489502,2.7418136596679688e-06,8,0,8.041245241142212,0.002,Consecutive hot spot,Sporadic hot spot,9.961922963460287e-5,Queen,"ACLED (Armed Conflict Location & Event Data), course file accessed 2026-10-08; https://acleddata.com/; original township/time aggregation and statistics"
MMR015014,0.15249334275722504,0.3814786672592163,1,0,0.6635386579554355,0.494,No pattern detected,No pattern detected,0.4872793913818896,Queen,"ACLED (Armed Conflict Location & Event Data), course file accessed 2026-10-08; https://acleddata.com/; original township/time aggregation and statistics"
MMR015015,0.01179987285286188,0.97203993797302235,3,0,-0.9066410751527442,0.516,No pattern detected,No pattern detected,0.984112221021032,Queen,"ACLED (Armed Conflict Location & Event Data), course file accessed 2026-10-08; https://acleddata.com/; original township/time aggregation and statistics"
MMR015016,0.10557231307029724,0.5517638921737671,3,0,1.4236838064706694,0.146,No pattern detected,No pattern detected,0.6537202635537023,Queen,"ACLED (Armed Conflict Location & Event Data), course file accessed 2026-10-08; https://acleddata.com/; original township/time aggregation and statistics"
MMR015017,0.4152047038078308,0.01432573795318603,3,0,2.820417694178989,0.022,Sporadic hot spot,No pattern detected,0.03346083514126284,Queen,"ACLED (Armed Conflict Location & Event Data), course file accessed 2026-10-08; https://acleddata.com/; original township/time aggregation and statistics"
MMR015018,0.39181289076805115,0.02094089984893799,0,1,0.5425926483949964,0.452,No pattern detected,No pattern detected,0.04626806926082921,Queen,"ACLED (Armed Conflict Location & Event Data), course file accessed 2026-10-08; https://acleddata.com/; original township/time aggregation and statistics"
MMR015019,-0.01754386164247989,0.9442166090011596,2,1,-1.7422508154265326,0.042,New cold spot,No pattern detected,0.96487134732306,Queen,"ACLED (Armed Conflict Location & Event Data), course file accessed 2026-10-08; https://acleddata.com/; original township/time aggregation and statistics"
MMR015020,0.05294209346175194,0.779302716255188,2,0,-1.2968511525131754,0.178,No pattern detected,No pattern detected,0.8357970433156998,Queen,"ACLED (Armed Conflict Location & Event Data), course file accessed 2026-10-08; https://acleddata.com/; original township/time aggregation and statistics"
MMR015021,0.1407630741596222,0.4207267761230469,2,5,-1.5929638011100564,0.032,Oscillating cold spot,No pattern detected,0.5251055564589172,Queen,"ACLED (Armed Conflict Location & Event Data), course file accessed 2026-10-08; https://acleddata.com/; original township/time aggregation and statistics"
MMR015022,-0.23460513353347776,0.17216724157333374,2,2,-1.5552867889773252,0.024,Consecutive cold spot,No pattern detected,0.2515030587092042,Queen,"ACLED (Armed Conflict Location & Event Data), course file accessed 2026-10-08; https://acleddata.com/; original township/time aggregation and statistics"
MMR015023,-0.4152047038078308,0.01432573981583118,6,0,-1.0962983397109107,0.288,No pattern detected,No pattern detected,0.03346083514126284,Queen,"ACLED (Armed Conflict Location & Event Data), course file accessed 2026-10-08; https://acleddata.com/; original township/time aggregation and statistics"
MMR015024,-0.48817330598831177,0.00482542347162962,0,19,-2.0636141726501553,0.002,Intensifying cold spot,Intensifying cold spot,0.01384134627388496,Queen,"ACLED (Armed Conflict Location & Event Data), course file accessed 2026-10-08; https://acleddata.com/; original township/time aggregation and statistics"
MMR016001,-0.13019444048404694,0.48897552490234375,0,19,-2.0464772187314564,0.002,Persistent cold spot,Persistent cold spot,0.5922036912706162,Queen,"ACLED (Armed Conflict Location & Event Data), course file accessed 2026-10-08; https://acleddata.com/; original township/time aggregation and statistics"
MMR016002,-0.25937625765800476,0.17228344082832336,0,19,-1.926090530781548,0.002,Persistent cold spot,Persistent cold spot,0.2515030587092042,Queen,"ACLED (Armed Conflict Location & Event Data), course file accessed 2026-10-08; https://acleddata.com/; original township/time aggregation and statistics"
MMR016003,-0.2770698070526123,0.15062643587589264,0,19,-1.7579885745475068,0.002,Persistent cold spot,Persistent cold spot,0.23104735289778663,Queen,"ACLED (Armed Conflict Location & Event Data), course file accessed 2026-10-08; https://acleddata.com/; original township/time aggregation and statistics"
MMR016005,-0.28159239888191223,0.13514487445354462,0,19,-1.7174482174334704,0.002,Persistent cold spot,Persistent cold spot,0.21246333628033215,Queen,"ACLED (Armed Conflict Location & Event Data), course file accessed 2026-10-08; https://acleddata.com/; original township/time aggregation and statistics"
MMR016006,-0.4341883957386017,0.0140108885243535,0,19,-1.9075834902442428,0.002,Intensifying cold spot,Intensifying cold spot,0.03346083514126284,Queen,"ACLED (Armed Conflict Location & Event Data), course file accessed 2026-10-08; https://acleddata.com/; original township/time aggregation and statistics"
MMR016007,-0.42178303003311157,0.01704353466629982,0,19,-2.360111581055538,0.002,Intensifying cold spot,Intensifying cold spot,0.0389736771739863,Queen,"ACLED (Armed Conflict Location & Event Data), course file accessed 2026-10-08; https://acleddata.com/; original township/time aggregation and statistics"
MMR016008,-0.2287483513355255,0.2005406618118286,0,19,-1.926090530781548,0.002,Persistent cold spot,Persistent cold spot,0.2838822355518093,Queen,"ACLED (Armed Conflict Location & Event Data), course file accessed 2026-10-08; https://acleddata.com/; original township/time aggregation and statistics"
MMR016009,-0.3422757685184479,0.05424286425113678,0,17,-1.5041620668797635,0.006,Sporadic cold spot,Sporadic cold spot,0.10312451517512632,Queen,"ACLED (Armed Conflict Location & Event Data), course file accessed 2026-10-08; https://acleddata.com/; original township/time aggregation and statistics"
MMR016010,-0.3394414186477661,0.0580558218061924,0,19,-1.6971780388764526,0.002,Persistent cold spot,Sporadic cold spot,0.10910490649784434,Queen,"ACLED (Armed Conflict Location & Event Data), course file accessed 2026-10-08; https://acleddata.com/; original township/time aggregation and statistics"
MMR016011,-0.46052464842796326,0.01123581081628799,0,19,-1.6971780388764526,0.004,Intensifying cold spot,Intensifying cold spot,0.02893000107815885,Queen,"ACLED (Armed Conflict Location & Event Data), course file accessed 2026-10-08; https://acleddata.com/; original township/time aggregation and statistics"
MMR017001,-0.05263158306479454,0.7795660495758057,0,12,-1.413395539078198,0.022,Sporadic cold spot,No pattern detected,0.8357970433156998,Queen,"ACLED (Armed Conflict Location & Event Data), course file accessed 2026-10-08; https://acleddata.com/; original township/time aggregation and statistics"
MMR017002,-0.31859657168388367,0.06321887671947479,0,14,-1.722513084871192,0.004,Sporadic cold spot,Sporadic cold spot,0.11745779935947873,Queen,"ACLED (Armed Conflict Location & Event Data), course file accessed 2026-10-08; https://acleddata.com/; original township/time aggregation and statistics"
MMR017003,-0.01173025649040937,0.9720741510391236,1,10,-0.963724422841684,0.374,No pattern detected,No pattern detected,0.984112221021032,Queen,"ACLED (Armed Conflict Location & Event Data), course file accessed 2026-10-08; https://acleddata.com/; original township/time aggregation and statistics"
MMR017004,-0.32743316888809204,0.057831060141325,0,1,-0.7589330093931967,0.682,No pattern detected,No pattern detected,0.10910490649784434,Queen,"ACLED (Armed Conflict Location & Event Data), course file accessed 2026-10-08; https://acleddata.com/; original township/time aggregation and statistics"
MMR017005,-0.05935371667146683,0.7520269155502319,0,16,-0.22996010334938863,0.994,No pattern detected,No pattern detected,0.8177322672055013,Queen,"ACLED (Armed Conflict Location & Event Data), course file accessed 2026-10-08; https://acleddata.com/; original township/time aggregation and statistics"
MMR017006,0.08309520035982132,0.6481038331985474,1,14,0.05416280671009455,0.926,No pattern detected,No pattern detected,0.7313995747730649,Queen,"ACLED (Armed Conflict Location & Event Data), course file accessed 2026-10-08; https://acleddata.com/; original township/time aggregation and statistics"
MMR017007,-0.02941227331757545,0.8885700106620789,0,16,-1.2067664767152173,0.246,No pattern detected,No pattern detected,0.92549915564288,Queen,"ACLED (Armed Conflict Location & Event Data), course file accessed 2026-10-08; https://acleddata.com/; original township/time aggregation and statistics"
MMR017008,0.3588297367095947,0.03557884693145752,0,16,-0.2470970572680874,0.988,No pattern detected,No pattern detected,0.07317159085903528,Queen,"ACLED (Armed Conflict Location & Event Data), course file accessed 2026-10-08; https://acleddata.com/; original township/time aggregation and statistics"
MMR017009,0.48221975564956665,0.00494897365570068,0,12,-1.16730186875204,0.234,No pattern detected,No pattern detected,0.01407229900360107,Queen,"ACLED (Armed Conflict Location & Event Data), course file accessed 2026-10-08; https://acleddata.com/; original township/time aggregation and statistics"
MMR017010,0.12979860603809357,0.461700439453125,0,14,0.3872895363815866,0.71,No pattern detected,No pattern detected,0.5661263974864832,Queen,"ACLED (Armed Conflict Location & Event Data), course file accessed 2026-10-08; https://acleddata.com/; original township/time aggregation and statistics"
MMR017011,0.27647536993026733,0.10711216926574708,2,13,-1.3893863551997008,0.104,No pattern detected,No pattern detected,0.18411783823324124,Queen,"ACLED (Armed Conflict Location & Event Data), course file accessed 2026-10-08; https://acleddata.com/; original township/time aggregation and statistics"
MMR017012,0.24928560853004456,0.15003466606140137,0,13,-1.3338652335877854,0.146,No pattern detected,No pattern detected,0.23104735289778663,Queen,"ACLED (Armed Conflict Location & Event Data), course file accessed 2026-10-08; https://acleddata.com/; original township/time aggregation and statistics"
MMR017013,0.4647139310836792,0.00629091262817382,0,14,-0.2642340111867865,0.912,No pattern detected,No pattern detected,0.0173175036907196,Queen,"ACLED (Armed Conflict Location & Event Data), course file accessed 2026-10-08; https://acleddata.com/; original township/time aggregation and statistics"
MMR017014,-0.3942001163959503,0.02379716001451015,0,17,-1.7174482174334704,0.002,Sporadic cold spot,Sporadic cold spot,0.05153424718374053,Queen,"ACLED (Armed Conflict Location & Event Data), course file accessed 2026-10-08; https://acleddata.com/; original township/time aggregation and statistics"
MMR017015,-0.25515103340148926,0.15286538004875183,0,18,-1.8150482875577176,0.002,Persistent cold spot,Sporadic cold spot,0.23249757802763651,Queen,"ACLED (Armed Conflict Location & Event Data), course file accessed 2026-10-08; https://acleddata.com/; original township/time aggregation and statistics"
MMR017016,-0.2471000701189041,0.15842193365097046,0,14,-1.5041620668797635,0.01,Sporadic cold spot,Sporadic cold spot,0.23983320511049697,Queen,"ACLED (Armed Conflict Location & Event Data), course file accessed 2026-10-08; https://acleddata.com/; original township/time aggregation and statistics"
MMR017017,-0.23599746823310852,0.17164118587970734,0,17,-2.096513529531777,0.002,Sporadic cold spot,Sporadic cold spot,0.2515030587092042,Queen,"ACLED (Armed Conflict Location & Event Data), course file accessed 2026-10-08; https://acleddata.com/; original township/time aggregation and statistics"
MMR017018,-0.2746405303478241,0.11879173666238783,0,15,-1.656637681762416,0.006,Sporadic cold spot,Sporadic cold spot,0.19920460455692732,Queen,"ACLED (Armed Conflict Location & Event Data), course file accessed 2026-10-08; https://acleddata.com/; original township/time aggregation and statistics"
MMR017019,-0.3657960593700409,0.03251278027892113,0,15,-1.943655495219264,0.002,Sporadic cold spot,Sporadic cold spot,0.06815178943081544,Queen,"ACLED (Armed Conflict Location & Event Data), course file accessed 2026-10-08; https://acleddata.com/; original township/time aggregation and statistics"
MMR017020,-0.10748615860939026,0.5496365427970886,0,17,-2.0323825731092424,0.002,Sporadic cold spot,Sporadic cold spot,0.6537202635537023,Queen,"ACLED (Armed Conflict Location & Event Data), course file accessed 2026-10-08; https://acleddata.com/; original township/time aggregation and statistics"
MMR017021,-0.330396443605423,0.05388634651899338,0,17,-1.9093815873818665,0.002,Sporadic cold spot,Sporadic cold spot,0.10312451517512632,Queen,"ACLED (Armed Conflict Location & Event Data), course file accessed 2026-10-08; https://acleddata.com/; original township/time aggregation and statistics"
MMR017022,-0.07786665111780167,0.672845721244812,0,18,-1.8236968177883728,0.01,Persistent cold spot,Sporadic cold spot,0.7503336728835592,Queen,"ACLED (Armed Conflict Location & Event Data), course file accessed 2026-10-08; https://acleddata.com/; original township/time aggregation and statistics"
MMR017023,-0.46406596899032593,0.0073431241326034,0,13,-1.5041620668797635,0.014,Sporadic cold spot,Sporadic cold spot,0.01968198025705995,Queen,"ACLED (Armed Conflict Location & Event Data), course file accessed 2026-10-08; https://acleddata.com/; original township/time aggregation and statistics"
MMR017024,-0.4273467659950256,0.0127165038138628,0,10,-1.458843874972113,0.01,Sporadic cold spot,Sporadic cold spot,0.03150224808434193,Queen,"ACLED (Armed Conflict Location & Event Data), course file accessed 2026-10-08; https://acleddata.com/; original township/time aggregation and statistics"
MMR017025,-0.3657960593700409,0.03244173899292946,0,16,-2.128579007743044,0.002,Sporadic cold spot,Sporadic cold spot,0.06815178943081544,Queen,"ACLED (Armed Conflict Location & Event Data), course file accessed 2026-10-08; https://acleddata.com/; original township/time aggregation and statistics"
MMR017026,-0.5493736863136292,0.00137404236011207,0,7,-1.3612932506676154,0.006,Sporadic cold spot,Sporadic cold spot,0.00483131023394244,Queen,"ACLED (Armed Conflict Location & Event Data), course file accessed 2026-10-08; https://acleddata.com/; original township/time aggregation and statistics"
MMR018001,0.2580656409263611,0.132246732711792,0,5,-1.3323148248501255,0.124,No pattern detected,No pattern detected,0.20891150529833807,Queen,"ACLED (Armed Conflict Location & Event Data), course file accessed 2026-10-08; https://acleddata.com/; original township/time aggregation and statistics"
MMR018002,-0.16619040071964264,0.3433767557144165,0,13,-1.656637681762416,0.006,Sporadic cold spot,Sporadic cold spot,0.4445782892788823,Queen,"ACLED (Armed Conflict Location & Event Data), course file accessed 2026-10-08; https://acleddata.com/; original township/time aggregation and statistics"
MMR018003,0.1000017300248146,0.5751687288284302,0,10,-1.7918914865247393,0.01,Sporadic cold spot,Sporadic cold spot,0.6698692328565061,Queen,"ACLED (Armed Conflict Location & Event Data), course file accessed 2026-10-08; https://acleddata.com/; original township/time aggregation and statistics"
MMR018004,-0.12501993775367737,0.4823151230812073,0,11,-1.636367503205398,0.006,Sporadic cold spot,Sporadic cold spot,0.5884875488990302,Queen,"ACLED (Armed Conflict Location & Event Data), course file accessed 2026-10-08; https://acleddata.com/; original township/time aggregation and statistics"
MMR018005,-0.10245612263679504,0.5729634165763855,0,15,-1.7965412470204123,0.008,Sporadic cold spot,Sporadic cold spot,0.6698692328565061,Queen,"ACLED (Armed Conflict Location & Event Data), course file accessed 2026-10-08; https://acleddata.com/; original township/time aggregation and statistics"
MMR018006,0.3284471929073334,0.05418121814727783,0,2,-0.4098571768934603,0.894,No pattern detected,No pattern detected,0.10312451517512632,Queen,"ACLED (Armed Conflict Location & Event Data), course file accessed 2026-10-08; https://acleddata.com/; original township/time aggregation and statistics"
MMR018007,0.4058893918991089,0.01722192764282226,0,3,-1.4530165093522458,0.096,No pattern detected,No pattern detected,0.03910812735557556,Queen,"ACLED (Armed Conflict Location & Event Data), course file accessed 2026-10-08; https://acleddata.com/; original township/time aggregation and statistics"
MMR018008,-0.1068366914987564,0.5506221055984497,0,16,-1.85797072562577,0.006,Sporadic cold spot,Sporadic cold spot,0.6537202635537023,Queen,"ACLED (Armed Conflict Location & Event Data), course file accessed 2026-10-08; https://acleddata.com/; original township/time aggregation and statistics"
MMR001001,0.05865128338336944,0.7527137994766235,2,0,0.4524956481298395,0.564,No pattern detected,No pattern detected,0.8177322672055013,Rook,"ACLED (Armed Conflict Location & Event Data), course file accessed 2026-10-08; https://acleddata.com/; original township/time aggregation and statistics"
MMR001002,0.05263158306479454,0.7795660495758057,1,0,-0.6025883967974721,0.344,No pattern detected,No pattern detected,0.8357970433156998,Rook,"ACLED (Armed Conflict Location & Event Data), course file accessed 2026-10-08; https://acleddata.com/; original township/time aggregation and statistics"
MMR001003,0.15882627665996552,0.36243224143981934,0,0,-0.9154382600973386,0.43,No pattern detected,No pattern detected,0.46552030338960537,Rook,"ACLED (Armed Conflict Location & Event Data), course file accessed 2026-10-08; https://acleddata.com/; original township/time aggregation and statistics"
MMR001004,-0.181286558508873,0.293917179107666,0,0,1.5910164647639429,0.128,No pattern detected,No pattern detected,0.3922894594620685,Rook,"ACLED (Armed Conflict Location & Event Data), course file accessed 2026-10-08; https://acleddata.com/; original township/time aggregation and statistics"
MMR001005,0.21637429296970367,0.2078566551208496,0,0,-0.46184365300380614,0.944,No pattern detected,No pattern detected,0.2929703716574044,Rook,"ACLED (Armed Conflict Location & Event Data), course file accessed 2026-10-08; https://acleddata.com/; original township/time aggregation and statistics"
MMR001006,0.1433148831129074,0.418819785118103,0,14,-1.3228892992491623,0.008,Sporadic cold spot,Sporadic cold spot,0.5251055564589172,Rook,"ACLED (Armed Conflict Location & Event Data), course file accessed 2026-10-08; https://acleddata.com/; original township/time aggregation and statistics"
MMR001007,0.05263158306479454,0.7795660495758057,7,0,2.840566830043337,0.024,Sporadic hot spot,No pattern detected,0.8357970433156998,Rook,"ACLED (Armed Conflict Location & Event Data), course file accessed 2026-10-08; https://acleddata.com/; original township/time aggregation and statistics"
MMR001008,-0.03519076853990555,0.8610520958900452,2,0,4.100093028430739,0.004,Sporadic hot spot,New hot spot,0.9024488312693744,Rook,"ACLED (Armed Conflict Location & Event Data), course file accessed 2026-10-08; https://acleddata.com/; original township/time aggregation and statistics"
MMR001009,0.12903282046318054,0.4622499942779541,0,0,3.237373779126566,0.256,No pattern detected,No pattern detected,0.5661263974864832,Rook,"ACLED (Armed Conflict Location & Event Data), course file accessed 2026-10-08; https://acleddata.com/; original township/time aggregation and statistics"
MMR001010,0.22287487983703613,0.19523084163665771,3,0,-0.03837239597643051,0.7,No pattern detected,No pattern detected,0.27756734820811646,Rook,"ACLED (Armed Conflict Location & Event Data), course file accessed 2026-10-08; https://acleddata.com/; original township/time aggregation and statistics"
MMR001011,0.1000017300248146,0.5751687288284302,0,0,1.1090641173364837,0.342,No pattern detected,No pattern detected,0.6698692328565061,Rook,"ACLED (Armed Conflict Location & Event Data), course file accessed 2026-10-08; https://acleddata.com/; original township/time aggregation and statistics"
MMR001012,0.22287487983703613,0.19523084163665771,3,0,0.633892495180635,0.34,No pattern detected,No pattern detected,0.27756734820811646,Rook,"ACLED (Armed Conflict Location & Event Data), course file accessed 2026-10-08; https://acleddata.com/; original township/time aggregation and statistics"
MMR001013,0.1461988389492035,0.40110254287719727,2,0,-0.6120906526328876,0.73,No pattern detected,No pattern detected,0.5103522627270175,Rook,"ACLED (Armed Conflict Location & Event Data), course file accessed 2026-10-08; https://acleddata.com/; original township/time aggregation and statistics"
MMR001014,-0.5621695518493652,9.78196389041841e-4,0,7,-1.5552867889773252,0.026,Sporadic cold spot,No pattern detected,0.00363488885473502,Rook,"ACLED (Armed Conflict Location & Event Data), course file accessed 2026-10-08; https://acleddata.com/; original township/time aggregation and statistics"
MMR001015,-0.5117735862731934,0.00259149353951215,0,5,-1.58377946292659,0.054,No pattern detected,No pattern detected,0.00822736298466481,Rook,"ACLED (Armed Conflict Location & Event Data), course file accessed 2026-10-08; https://acleddata.com/; original township/time aggregation and statistics"
MMR001016,-0.4273467659950256,0.01267991308122873,0,12,-1.6769078603194345,0.006,Sporadic cold spot,Sporadic cold spot,0.03150224808434193,Rook,"ACLED (Armed Conflict Location & Event Data), course file accessed 2026-10-08; https://acleddata.com/; original township/time aggregation and statistics"
MMR001017,-0.4013127386569977,0.02021404728293419,0,13,-1.4815029709259384,0.032,Sporadic cold spot,No pattern detected,0.04527392781862657,Rook,"ACLED (Armed Conflict Location & Event Data), course file accessed 2026-10-08; https://acleddata.com/; original township/time aggregation and statistics"
MMR001018,-0.2746868431568146,0.11369752883911131,0,18,-1.722513084871192,0.006,Persistent cold spot,Sporadic cold spot,0.19364110380411148,Rook,"ACLED (Armed Conflict Location & Event Data), course file accessed 2026-10-08; https://acleddata.com/; original township/time aggregation and statistics"
MMR002001,-0.09941521286964417,0.5756368637084961,1,1,1.1741652480174702,0.274,No pattern detected,No pattern detected,0.6698692328565061,Rook,"ACLED (Armed Conflict Location & Event Data), course file accessed 2026-10-08; https://acleddata.com/; original township/time aggregation and statistics"
MMR002002,-0.2580656409263611,0.1322466880083084,8,0,1.7690224943736512,0.284,No pattern detected,No pattern detected,0.20891150529833807,Rook,"ACLED (Armed Conflict Location & Event Data), course file accessed 2026-10-08; https://acleddata.com/; original township/time aggregation and statistics"
MMR002003,-0.09941521286964417,0.5756368637084961,4,1,1.904866860440602,0.082,No pattern detected,No pattern detected,0.6698692328565061,Rook,"ACLED (Armed Conflict Location & Event Data), course file accessed 2026-10-08; https://acleddata.com/; original township/time aggregation and statistics"
MMR002004,-0.20467838644981384,0.23423928022384644,0,1,-0.9877217893808172,0.392,No pattern detected,No pattern detected,0.32048646076952564,Rook,"ACLED (Armed Conflict Location & Event Data), course file accessed 2026-10-08; https://acleddata.com/; original township/time aggregation and statistics"
MMR002005,-0.23460513353347776,0.17216724157333374,3,1,0.06136811326848992,0.752,No pattern detected,No pattern detected,0.2515030587092042,Rook,"ACLED (Armed Conflict Location & Event Data), course file accessed 2026-10-08; https://acleddata.com/; original township/time aggregation and statistics"
MMR002006,-0.08823682367801666,0.6238518953323364,0,0,0.20221913100853617,0.782,No pattern detected,No pattern detected,0.7112841066167744,Rook,"ACLED (Armed Conflict Location & Event Data), course file accessed 2026-10-08; https://acleddata.com/; original township/time aggregation and statistics"
MMR002007,-0.08259911090135574,0.6485075950622559,0,0,0.12729284179564798,0.614,No pattern detected,No pattern detected,0.7313995747730649,Rook,"ACLED (Armed Conflict Location & Event Data), course file accessed 2026-10-08; https://acleddata.com/; original township/time aggregation and statistics"
MMR003001,0.4035088121891022,0.01735877990722656,6,0,4.492942242883617,0.002,Sporadic hot spot,Consecutive hot spot,0.03914704158388335,Rook,"ACLED (Armed Conflict Location & Event Data), course file accessed 2026-10-08; https://acleddata.com/; original township/time aggregation and statistics"
MMR003002,0.3284471929073334,0.05418121814727783,13,0,8.133858561277354,0.002,Sporadic hot spot,Sporadic hot spot,0.10312451517512632,Rook,"ACLED (Armed Conflict Location & Event Data), course file accessed 2026-10-08; https://acleddata.com/; original township/time aggregation and statistics"
MMR003003,0.7076023817062378,2.6941299438476563e-05,5,0,2.840566830043336,0.042,Sporadic hot spot,No pattern detected,2.753064036369324e-4,Rook,"ACLED (Armed Conflict Location & Event Data), course file accessed 2026-10-08; https://acleddata.com/; original township/time aggregation and statistics"
MMR003004,0.6140351295471191,2.741813659667969e-4,8,0,2.5607650219043423,0.042,Sporadic hot spot,No pattern detected,0.00117970140356766,Rook,"ACLED (Armed Conflict Location & Event Data), course file accessed 2026-10-08; https://acleddata.com/; original township/time aggregation and statistics"
MMR003005,0.4970760643482208,0.00329494476318359,10,0,8.488499248757133,0.002,Sporadic hot spot,Sporadic hot spot,0.01006959754729939,Rook,"ACLED (Armed Conflict Location & Event Data), course file accessed 2026-10-08; https://acleddata.com/; original township/time aggregation and statistics"
MMR003006,0.5353034138679504,0.0016183853149414,6,0,6.790725562289144,0.002,Sporadic hot spot,New hot spot,0.00545598177800972,Rook,"ACLED (Armed Conflict Location & Event Data), course file accessed 2026-10-08; https://acleddata.com/; original township/time aggregation and statistics"
MMR003007,0.4970760643482208,0.00329494476318359,12,0,6.247808477918738,0.002,Sporadic hot spot,Sporadic hot spot,0.01006959754729939,Rook,"ACLED (Armed Conflict Location & Event Data), course file accessed 2026-10-08; https://acleddata.com/; original township/time aggregation and statistics"
MMR004001,-0.21114462614059448,0.22048288583755493,3,0,0.06632749558412689,0.838,No pattern detected,No pattern detected,0.30679959008034235,Rook,"ACLED (Armed Conflict Location & Event Data), course file accessed 2026-10-08; https://acleddata.com/; original township/time aggregation and statistics"
MMR004002,-0.2580656409263611,0.1322466880083084,7,0,-0.3714991256479219,0.83,No pattern detected,No pattern detected,0.20891150529833807,Rook,"ACLED (Armed Conflict Location & Event Data), course file accessed 2026-10-08; https://acleddata.com/; original township/time aggregation and statistics"
MMR004003,-0.13450293242931366,0.4414881467819214,0,0,-0.847048284218834,0.522,No pattern detected,No pattern detected,0.5447797131988237,Rook,"ACLED (Armed Conflict Location & Event Data), course file accessed 2026-10-08; https://acleddata.com/; original township/time aggregation and statistics"
MMR004004,-0.0469210259616375,0.8064184784889221,3,0,0.30856560942624933,0.57,No pattern detected,No pattern detected,0.856165072941161,Rook,"ACLED (Armed Conflict Location & Event Data), course file accessed 2026-10-08; https://acleddata.com/; original township/time aggregation and statistics"
MMR004005,0.01754386164247989,0.9442166090011596,7,0,0.21792922561094863,0.488,No pattern detected,No pattern detected,0.96487134732306,Rook,"ACLED (Armed Conflict Location & Event Data), course file accessed 2026-10-08; https://acleddata.com/; original township/time aggregation and statistics"
MMR004006,-0.1651982218027115,0.3439703583717346,0,1,-0.8341751390805485,0.498,No pattern detected,No pattern detected,0.4445782892788823,Rook,"ACLED (Armed Conflict Location & Event Data), course file accessed 2026-10-08; https://acleddata.com/; original township/time aggregation and statistics"
MMR004007,-0.192982479929924,0.26291054487228394,1,0,-1.0525338914469289,0.262,No pattern detected,No pattern detected,0.3523432302181838,Rook,"ACLED (Armed Conflict Location & Event Data), course file accessed 2026-10-08; https://acleddata.com/; original township/time aggregation and statistics"
MMR004008,-0.0760233998298645,0.6746119260787964,1,1,-0.8711892201551587,0.434,No pattern detected,No pattern detected,0.7503336728835592,Rook,"ACLED (Armed Conflict Location & Event Data), course file accessed 2026-10-08; https://acleddata.com/; original township/time aggregation and statistics"
MMR004009,0.0469210259616375,0.8064184188842773,2,1,-1.2628110960388317,0.144,No pattern detected,No pattern detected,0.856165072941161,Rook,"ACLED (Armed Conflict Location & Event Data), course file accessed 2026-10-08; https://acleddata.com/; original township/time aggregation and statistics"
MMR005001,0.21114462614059448,0.22048282623291016,11,2,2.205600279851033,0.1,No pattern detected,No pattern detected,0.30679959008034235,Rook,"ACLED (Armed Conflict Location & Event Data), course file accessed 2026-10-08; https://acleddata.com/; original township/time aggregation and statistics"
MMR005002,0.08771930634975433,0.624276876449585,15,1,2.1692134452684364,0.092,No pattern detected,No pattern detected,0.7112841066167744,Rook,"ACLED (Armed Conflict Location & Event Data), course file accessed 2026-10-08; https://acleddata.com/; original township/time aggregation and statistics"
MMR005003,0.16959065198898315,0.3272855281829834,14,1,1.867852779365992,0.092,No pattern detected,No pattern detected,0.4280895488262177,Rook,"ACLED (Armed Conflict Location & Event Data), course file accessed 2026-10-08; https://acleddata.com/; original township/time aggregation and statistics"
MMR005004,0.01754386164247989,0.9442166090011596,13,1,1.4421908470079752,0.224,No pattern detected,No pattern detected,0.96487134732306,Rook,"ACLED (Armed Conflict Location & Event Data), course file accessed 2026-10-08; https://acleddata.com/; original township/time aggregation and statistics"
MMR005005,0.13529646396636963,0.4409283399581909,15,1,2.978275211604297,0.026,Consecutive hot spot,No pattern detected,0.5447797131988237,Rook,"ACLED (Armed Conflict Location & Event Data), course file accessed 2026-10-08; https://acleddata.com/; original township/time aggregation and statistics"
MMR005006,0.2932564318180084,0.08628237247467041,16,1,3.334526311739952,0.032,Consecutive hot spot,No pattern detected,0.15333878151748492,Rook,"ACLED (Armed Conflict Location & Event Data), course file accessed 2026-10-08; https://acleddata.com/; original township/time aggregation and statistics"
MMR005007,-0.16959065198898315,0.3272855877876282,11,2,1.366558117285073,0.324,No pattern detected,No pattern detected,0.4280895488262177,Rook,"ACLED (Armed Conflict Location & Event Data), course file accessed 2026-10-08; https://acleddata.com/; original township/time aggregation and statistics"
MMR005008,-0.1941210031509399,0.262325644493103,1,2,-0.6215126936242277,0.636,No pattern detected,No pattern detected,0.3523432302181838,Rook,"ACLED (Armed Conflict Location & Event Data), course file accessed 2026-10-08; https://acleddata.com/; original township/time aggregation and statistics"
MMR005009,-0.2815261483192444,0.09990194439888,12,1,1.029870596066768,0.296,No pattern detected,No pattern detected,0.17376561605549873,Rook,"ACLED (Armed Conflict Location & Event Data), course file accessed 2026-10-08; https://acleddata.com/; original township/time aggregation and statistics"
MMR005010,-0.0760233998298645,0.6746119260787964,13,1,1.689378735544871,0.106,No pattern detected,No pattern detected,0.7503336728835592,Rook,"ACLED (Armed Conflict Location & Event Data), course file accessed 2026-10-08; https://acleddata.com/; original township/time aggregation and statistics"
MMR005011,-0.20467838644981384,0.23423928022384644,5,1,0.3298398168253631,0.526,No pattern detected,No pattern detected,0.32048646076952564,Rook,"ACLED (Armed Conflict Location & Event Data), course file accessed 2026-10-08; https://acleddata.com/; original township/time aggregation and statistics"
MMR005012,-0.13450293242931366,0.4414881467819214,15,2,1.809337412975764,0.202,No pattern detected,No pattern detected,0.5447797131988237,Rook,"ACLED (Armed Conflict Location & Event Data), course file accessed 2026-10-08; https://acleddata.com/; original township/time aggregation and statistics"
MMR005013,-0.2631579041481018,0.12371517717838287,14,0,1.4421908470079758,0.216,No pattern detected,No pattern detected,0.1992850391001537,Rook,"ACLED (Armed Conflict Location & Event Data), course file accessed 2026-10-08; https://acleddata.com/; original township/time aggregation and statistics"
MMR005014,0.0058479537256062,1,15,1,2.4091308001302187,0.032,Oscillating hot spot,No pattern detected,1,Rook,"ACLED (Armed Conflict Location & Event Data), course file accessed 2026-10-08; https://acleddata.com/; original township/time aggregation and statistics"
MMR005015,-0.04093567654490471,0.8337352275848389,15,0,1.5162190091571948,0.224,No pattern detected,No pattern detected,0.8794561916782011,Rook,"ACLED (Armed Conflict Location & Event Data), course file accessed 2026-10-08; https://acleddata.com/; original township/time aggregation and statistics"
MMR005016,-0.22287487983703613,0.1952308565378189,16,0,2.534106238708975,0.04,Consecutive hot spot,No pattern detected,0.27756734820811646,Rook,"ACLED (Armed Conflict Location & Event Data), course file accessed 2026-10-08; https://acleddata.com/; original township/time aggregation and statistics"
MMR005017,-0.27485382556915283,0.10754283517599106,10,0,1.1901979871231037,0.304,No pattern detected,No pattern detected,0.18411783823324124,Rook,"ACLED (Armed Conflict Location & Event Data), course file accessed 2026-10-08; https://acleddata.com/; original township/time aggregation and statistics"
MMR005018,0.02346051298081875,0.9163591861724854,16,1,3.0260611412033755,0.026,Consecutive hot spot,No pattern detected,0.9482577654379832,Rook,"ACLED (Armed Conflict Location & Event Data), course file accessed 2026-10-08; https://acleddata.com/; original township/time aggregation and statistics"
MMR005019,0.0058479537256062,1,14,0,3.077472002959471,0.018,Sporadic hot spot,No pattern detected,1,Rook,"ACLED (Armed Conflict Location & Event Data), course file accessed 2026-10-08; https://acleddata.com/; original township/time aggregation and statistics"
MMR005020,-0.17595385015010834,0.31000906229019165,0,0,0.09117688778470472,0.728,No pattern detected,No pattern detected,0.4087619490681157,Rook,"ACLED (Armed Conflict Location & Event Data), course file accessed 2026-10-08; https://acleddata.com/; original township/time aggregation and statistics"
MMR005021,-0.08771930634975433,0.624276876449585,0,0,0.09117688778470472,0.668,No pattern detected,No pattern detected,0.7112841066167744,Rook,"ACLED (Armed Conflict Location & Event Data), course file accessed 2026-10-08; https://acleddata.com/; original township/time aggregation and statistics"
MMR005022,0.1407630741596222,0.4207267761230469,4,2,1.061936074278035,0.254,No pattern detected,No pattern detected,0.5251055564589172,Rook,"ACLED (Armed Conflict Location & Event Data), course file accessed 2026-10-08; https://acleddata.com/; original township/time aggregation and statistics"
MMR005023,0.21114462614059448,0.22048282623291016,0,0,-0.3841926886176774,0.672,No pattern detected,No pattern detected,0.30679959008034235,Rook,"ACLED (Armed Conflict Location & Event Data), course file accessed 2026-10-08; https://acleddata.com/; original township/time aggregation and statistics"
MMR005024,0.0058479537256062,1,1,2,0.03565576617278947,0.79,No pattern detected,No pattern detected,1,Rook,"ACLED (Armed Conflict Location & Event Data), course file accessed 2026-10-08; https://acleddata.com/; original township/time aggregation and statistics"
MMR005025,-0.01173025649040937,0.9720741510391236,0,2,-0.6676117742448029,0.646,No pattern detected,No pattern detected,0.984112221021032,Rook,"ACLED (Armed Conflict Location & Event Data), course file accessed 2026-10-08; https://acleddata.com/; original township/time aggregation and statistics"
MMR005026,0.0760233998298645,0.6746119260787964,0,2,-0.9452173823043792,0.404,No pattern detected,No pattern detected,0.7503336728835592,Rook,"ACLED (Armed Conflict Location & Event Data), course file accessed 2026-10-08; https://acleddata.com/; original township/time aggregation and statistics"
MMR005027,-0.20467838644981384,0.23423928022384644,4,1,-0.5803262170731592,0.412,No pattern detected,No pattern detected,0.32048646076952564,Rook,"ACLED (Armed Conflict Location & Event Data), course file accessed 2026-10-08; https://acleddata.com/; original township/time aggregation and statistics"
MMR005028,-0.23976610600948337,0.16168621182441711,4,0,-0.39988661122729063,0.938,No pattern detected,No pattern detected,0.24142187792960912,Rook,"ACLED (Armed Conflict Location & Event Data), course file accessed 2026-10-08; https://acleddata.com/; original township/time aggregation and statistics"
MMR005029,-0.2631579041481018,0.12371517717838287,10,0,0.08393898883438759,0.732,No pattern detected,No pattern detected,0.1992850391001537,Rook,"ACLED (Armed Conflict Location & Event Data), course file accessed 2026-10-08; https://acleddata.com/; original township/time aggregation and statistics"
MMR005030,0.11730256676673888,0.5059653520584106,5,0,-0.5380624904836676,0.668,No pattern detected,No pattern detected,0.6105190779450196,Rook,"ACLED (Armed Conflict Location & Event Data), course file accessed 2026-10-08; https://acleddata.com/; original township/time aggregation and statistics"
MMR005031,0.02346051298081875,0.9163591861724854,3,0,-0.5565695310209724,0.588,No pattern detected,No pattern detected,0.9482577654379832,Rook,"ACLED (Armed Conflict Location & Event Data), course file accessed 2026-10-08; https://acleddata.com/; original township/time aggregation and statistics"
MMR005032,0.15789474546909332,0.3630204200744629,0,2,-1.2581773384713135,0.128,No pattern detected,No pattern detected,0.46552030338960537,Rook,"ACLED (Armed Conflict Location & Event Data), course file accessed 2026-10-08; https://acleddata.com/; original township/time aggregation and statistics"
MMR005033,0.17595385015010834,0.3100090026855469,0,0,1.809337412975764,0.056,No pattern detected,No pattern detected,0.4087619490681157,Rook,"ACLED (Armed Conflict Location & Event Data), course file accessed 2026-10-08; https://acleddata.com/; original township/time aggregation and statistics"
MMR005034,0.35672518610954285,0.0358051061630249,2,0,2.5850462893132233,0.02,Sporadic hot spot,No pattern detected,0.07317668572068214,Rook,"ACLED (Armed Conflict Location & Event Data), course file accessed 2026-10-08; https://acleddata.com/; original township/time aggregation and statistics"
MMR005035,0.2411806434392929,0.1611725091934204,0,0,-1.1520112135410003,0.148,No pattern detected,No pattern detected,0.24142187792960912,Rook,"ACLED (Armed Conflict Location & Event Data), course file accessed 2026-10-08; https://acleddata.com/; original township/time aggregation and statistics"
MMR005036,-0.4817907512187958,0.00881690997630357,0,15,-1.3089727413859618,0.03,Consecutive cold spot,No pattern detected,0.02306503649801015,Rook,"ACLED (Armed Conflict Location & Event Data), course file accessed 2026-10-08; https://acleddata.com/; original township/time aggregation and statistics"
MMR005037,-0.479323536157608,0.00502039166167378,0,6,-1.3228892992491623,0.074,No pattern detected,No pattern detected,0.01415231097730454,Rook,"ACLED (Armed Conflict Location & Event Data), course file accessed 2026-10-08; https://acleddata.com/; original township/time aggregation and statistics"
MMR006001,0.42690062522888184,0.01177012920379638,13,2,4.9215144680213285,0.004,Consecutive hot spot,Sporadic hot spot,0.02960649094042869,Rook,"ACLED (Armed Conflict Location & Event Data), course file accessed 2026-10-08; https://acleddata.com/; original township/time aggregation and statistics"
MMR006002,0.2580656409263611,0.132246732711792,8,0,3.2089298915158695,0.03,Sporadic hot spot,No pattern detected,0.20891150529833807,Rook,"ACLED (Armed Conflict Location & Event Data), course file accessed 2026-10-08; https://acleddata.com/; original township/time aggregation and statistics"
MMR006003,0.23976610600948337,0.16168618202209473,10,0,2.733088876485542,0.034,Sporadic hot spot,No pattern detected,0.24142187792960912,Rook,"ACLED (Armed Conflict Location & Event Data), course file accessed 2026-10-08; https://acleddata.com/; original township/time aggregation and statistics"
MMR006004,0.22287487983703613,0.19523084163665771,11,0,2.8463843562546676,0.088,No pattern detected,No pattern detected,0.27756734820811646,Rook,"ACLED (Armed Conflict Location & Event Data), course file accessed 2026-10-08; https://acleddata.com/; original township/time aggregation and statistics"
MMR006005,0.5672515034675598,7.833242416381836e-4,8,2,2.325225149316689,0.046,Oscillating hot spot,No pattern detected,0.00294421870132972,Rook,"ACLED (Armed Conflict Location & Event Data), course file accessed 2026-10-08; https://acleddata.com/; original township/time aggregation and statistics"
MMR006006,0.7823665142059326,3.814697265625e-6,2,2,1.3962022152098572,0.142,No pattern detected,No pattern detected,1.1485463276655468e-4,Rook,"ACLED (Armed Conflict Location & Event Data), course file accessed 2026-10-08; https://acleddata.com/; original township/time aggregation and statistics"
MMR006007,0.49267077445983887,0.00366568565368652,12,0,3.6541491001763418,0.014,Sporadic hot spot,Sporadic hot spot,0.01099715265445411,Rook,"ACLED (Armed Conflict Location & Event Data), course file accessed 2026-10-08; https://acleddata.com/; original township/time aggregation and statistics"
MMR006008,0.5044010281562805,0.00292420387268066,4,0,2.367542873873229,0.134,No pattern detected,No pattern detected,0.00919437179198631,Rook,"ACLED (Armed Conflict Location & Event Data), course file accessed 2026-10-08; https://acleddata.com/; original township/time aggregation and statistics"
MMR006009,0.4392175078392029,0.01038169860839843,0,1,-0.3104503300331792,0.972,No pattern detected,No pattern detected,0.02694297972179594,Rook,"ACLED (Armed Conflict Location & Event Data), course file accessed 2026-10-08; https://acleddata.com/; original township/time aggregation and statistics"
MMR006010,0.7660819292068481,5.364418029785156e-6,2,3,1.6454522707019337,0.112,No pattern detected,No pattern detected,1.169443130493164e-4,Rook,"ACLED (Armed Conflict Location & Event Data), course file accessed 2026-10-08; https://acleddata.com/; original township/time aggregation and statistics"
MMR007001,0.4647139310836792,0.00629091262817382,0,10,-1.0967371496746587,0.3,No pattern detected,No pattern detected,0.0173175036907196,Rook,"ACLED (Armed Conflict Location & Event Data), course file accessed 2026-10-08; https://acleddata.com/; original township/time aggregation and statistics"
MMR007002,-0.2662908434867859,0.12264151126146317,0,2,-1.277571107341512,0.158,No pattern detected,No pattern detected,0.1992850391001537,Rook,"ACLED (Armed Conflict Location & Event Data), course file accessed 2026-10-08; https://acleddata.com/; original township/time aggregation and statistics"
MMR007003,-0.6176577806472778,2.695194270927459e-4,0,8,-1.5350166104203071,0.024,Sporadic cold spot,No pattern detected,0.00117970140356766,Rook,"ACLED (Armed Conflict Location & Event Data), course file accessed 2026-10-08; https://acleddata.com/; original township/time aggregation and statistics"
MMR007004,0.6725146770477295,6.651878356933594e-5,0,0,0.7468462700164399,0.356,No pattern detected,No pattern detected,4.728617875472359e-4,Rook,"ACLED (Armed Conflict Location & Event Data), course file accessed 2026-10-08; https://acleddata.com/; original township/time aggregation and statistics"
MMR007005,0.5427941679954529,0.00142490863800048,1,2,1.505510173132416,0.204,No pattern detected,No pattern detected,0.00495686302793786,Rook,"ACLED (Armed Conflict Location & Event Data), course file accessed 2026-10-08; https://acleddata.com/; original township/time aggregation and statistics"
MMR007006,0.7309942245483398,1.430511474609375e-5,7,4,3.285772676928095,0.016,Oscillating hot spot,No pattern detected,2.126260237260298e-4,Rook,"ACLED (Armed Conflict Location & Event Data), course file accessed 2026-10-08; https://acleddata.com/; original township/time aggregation and statistics"
MMR007007,0.3470648229122162,0.04218900203704834,1,1,0.3703801739393996,0.496,No pattern detected,No pattern detected,0.08463683230745281,Rook,"ACLED (Armed Conflict Location & Event Data), course file accessed 2026-10-08; https://acleddata.com/; original township/time aggregation and statistics"
MMR007008,0.7192983031272888,1.9669532775878903e-5,11,0,3.9478291132920766,0.002,Consecutive hot spot,Sporadic hot spot,2.2971204348972864e-4,Rook,"ACLED (Armed Conflict Location & Event Data), course file accessed 2026-10-08; https://acleddata.com/; original township/time aggregation and statistics"
MMR007009,0.6764823198318481,6.520748138427734e-5,0,3,0.2577402526204504,0.708,No pattern detected,No pattern detected,4.728617875472359e-4,Rook,"ACLED (Armed Conflict Location & Event Data), course file accessed 2026-10-08; https://acleddata.com/; original township/time aggregation and statistics"
MMR007010,0.6568943858146667,1.0204315185546876e-4,0,2,-0.07538647705104035,0.924,No pattern detected,No pattern detected,5.655611975718353e-4,Rook,"ACLED (Armed Conflict Location & Event Data), course file accessed 2026-10-08; https://acleddata.com/; original township/time aggregation and statistics"
MMR007011,0.7192983031272888,1.9669532775878903e-5,8,0,3.660128436195228,0.028,Sporadic hot spot,No pattern detected,2.2971204348972864e-4,Rook,"ACLED (Armed Conflict Location & Event Data), course file accessed 2026-10-08; https://acleddata.com/; original township/time aggregation and statistics"
MMR007012,0.6686246395111084,7.62939453125e-5,6,3,2.3063090766180276,0.056,No pattern detected,No pattern detected,4.9896240234375e-4,Rook,"ACLED (Armed Conflict Location & Event Data), course file accessed 2026-10-08; https://acleddata.com/; original township/time aggregation and statistics"
MMR007013,0.6686246395111084,7.62939453125e-5,0,2,0.49200124528150857,0.436,No pattern detected,No pattern detected,4.9896240234375e-4,Rook,"ACLED (Armed Conflict Location & Event Data), course file accessed 2026-10-08; https://acleddata.com/; original township/time aggregation and statistics"
MMR007014,0.6842105984687805,4.947185516357422e-5,7,0,2.7006696035447204,0.018,Sporadic hot spot,No pattern detected,4.1480247790996847e-4,Rook,"ACLED (Armed Conflict Location & Event Data), course file accessed 2026-10-08; https://acleddata.com/; original township/time aggregation and statistics"
MMR008001,0.5117735862731934,0.00259149074554443,0,10,-0.6491047337074981,0.666,No pattern detected,No pattern detected,0.00822736298466481,Rook,"ACLED (Armed Conflict Location & Event Data), course file accessed 2026-10-08; https://acleddata.com/; original township/time aggregation and statistics"
MMR008002,0.6842105984687805,4.947185516357422e-5,0,4,0.02215320429525698,0.888,No pattern detected,No pattern detected,4.1480247790996847e-4,Rook,"ACLED (Armed Conflict Location & Event Data), course file accessed 2026-10-08; https://acleddata.com/; original township/time aggregation and statistics"
MMR008003,0.2647104561328888,0.12325525283813477,0,12,-1.214712878721931,0.072,No pattern detected,No pattern detected,0.1992850391001537,Rook,"ACLED (Armed Conflict Location & Event Data), course file accessed 2026-10-08; https://acleddata.com/; original township/time aggregation and statistics"
MMR008004,0.7543860077857971,7.510185241699219e-6,0,2,-0.0313208298811282,0.824,No pattern detected,No pattern detected,1.4446062200209673e-4,Rook,"ACLED (Armed Conflict Location & Event Data), course file accessed 2026-10-08; https://acleddata.com/; original township/time aggregation and statistics"
MMR008005,0.778791606426239,4.410743713378906e-6,0,1,-0.44552728779714224,0.71,No pattern detected,No pattern detected,1.1485463276655468e-4,Rook,"ACLED (Armed Conflict Location & Event Data), course file accessed 2026-10-08; https://acleddata.com/; original township/time aggregation and statistics"
MMR008006,0.45565322041511536,0.00768887996673584,0,8,-0.76120567482905,0.54,No pattern detected,No pattern detected,0.02044116869205382,Rook,"ACLED (Armed Conflict Location & Event Data), course file accessed 2026-10-08; https://acleddata.com/; original township/time aggregation and statistics"
MMR008007,0.27302709221839905,0.11429238319396973,0,3,-0.8863708965957261,0.368,No pattern detected,No pattern detected,0.1936456440643943,Rook,"ACLED (Armed Conflict Location & Event Data), course file accessed 2026-10-08; https://acleddata.com/; original township/time aggregation and statistics"
MMR008008,0.7741969227790833,4.5299530029296875e-6,0,8,0.825459099453145,0.348,No pattern detected,No pattern detected,1.1485463276655468e-4,Rook,"ACLED (Armed Conflict Location & Event Data), course file accessed 2026-10-08; https://acleddata.com/; original township/time aggregation and statistics"
MMR008009,0.8764857649803162,2.384185791015625e-7,0,5,1.9400205181016612,0.104,No pattern detected,No pattern detected,2.5987625122070313e-05,Rook,"ACLED (Armed Conflict Location & Event Data), course file accessed 2026-10-08; https://acleddata.com/; original township/time aggregation and statistics"
MMR008010,0.8245614767074585,9.5367431640625e-7,1,8,2.089937265813653,0.104,No pattern detected,No pattern detected,4.455021449497768e-5,Rook,"ACLED (Armed Conflict Location & Event Data), course file accessed 2026-10-08; https://acleddata.com/; original township/time aggregation and statistics"
MMR008011,0.6334338784217834,1.798868179321289e-4,0,1,-0.07944077326709804,0.674,No pattern detected,No pattern detected,8.5250709367835e-4,Rook,"ACLED (Armed Conflict Location & Event Data), course file accessed 2026-10-08; https://acleddata.com/; original township/time aggregation and statistics"
MMR008012,0.6686246395111084,7.62939453125e-5,0,8,-0.0926047807272988,0.968,No pattern detected,No pattern detected,4.9896240234375e-4,Rook,"ACLED (Armed Conflict Location & Event Data), course file accessed 2026-10-08; https://acleddata.com/; original township/time aggregation and statistics"
MMR008013,0.8529559373855591,4.76837158203125e-7,0,9,0.6963563663027695,0.364,No pattern detected,No pattern detected,3.118515014648438e-5,Rook,"ACLED (Armed Conflict Location & Event Data), course file accessed 2026-10-08; https://acleddata.com/; original township/time aggregation and statistics"
MMR008014,0.7669917345046997,6.198883056640625e-6,0,4,0.5353458606800265,0.54,No pattern detected,No pattern detected,1.2668967247009277e-4,Rook,"ACLED (Armed Conflict Location & Event Data), course file accessed 2026-10-08; https://acleddata.com/; original township/time aggregation and statistics"
MMR009001,0.2280701994895935,0.18369901180267337,0,10,-0.7122222007945573,0.542,No pattern detected,No pattern detected,0.2657945878737796,Rook,"ACLED (Armed Conflict Location & Event Data), course file accessed 2026-10-08; https://acleddata.com/; original township/time aggregation and statistics"
MMR009002,0.5395917892456055,0.00144433975219726,0,1,1.0553114405530175,0.252,No pattern detected,No pattern detected,0.00497156946282637,Rook,"ACLED (Armed Conflict Location & Event Data), course file accessed 2026-10-08; https://acleddata.com/; original township/time aggregation and statistics"
MMR009003,0.906432807445526,1.1920928955078125e-7,2,1,3.1460198186342647,0.016,Consecutive hot spot,No pattern detected,1.9490718841552734e-5,Rook,"ACLED (Armed Conflict Location & Event Data), course file accessed 2026-10-08; https://acleddata.com/; original township/time aggregation and statistics"
MMR009004,-0.04117718338966369,0.8335343599319458,0,16,-1.6694642325200837,0.026,Sporadic cold spot,No pattern detected,0.8794561916782011,Rook,"ACLED (Armed Conflict Location & Event Data), course file accessed 2026-10-08; https://acleddata.com/; original township/time aggregation and statistics"
MMR009005,0.08259911090135574,0.64864182472229,0,4,-1.3338652335877856,0.124,No pattern detected,No pattern detected,0.7313995747730649,Rook,"ACLED (Armed Conflict Location & Event Data), course file accessed 2026-10-08; https://acleddata.com/; original township/time aggregation and statistics"
MMR009006,0.2662908434867859,0.12264156341552734,0,9,-0.9261235748205268,0.296,No pattern detected,No pattern detected,0.1992850391001537,Rook,"ACLED (Armed Conflict Location & Event Data), course file accessed 2026-10-08; https://acleddata.com/; original township/time aggregation and statistics"
MMR009007,0.093842051923275,0.59951019287109375,0,4,0.22848892404027232,0.702,No pattern detected,No pattern detected,0.6951767130100981,Rook,"ACLED (Armed Conflict Location & Event Data), course file accessed 2026-10-08; https://acleddata.com/; original township/time aggregation and statistics"
MMR009008,0.3235350251197815,0.05855262279510498,1,5,1.6208309198700763,0.152,No pattern detected,No pattern detected,0.1094097580228533,Rook,"ACLED (Armed Conflict Location & Event Data), course file accessed 2026-10-08; https://acleddata.com/; original township/time aggregation and statistics"
MMR009009,0.4809405207633972,0.00457441806793212,0,5,0.20221913100853517,0.912,No pattern detected,No pattern detected,0.01323747529392748,Rook,"ACLED (Armed Conflict Location & Event Data), course file accessed 2026-10-08; https://acleddata.com/; original township/time aggregation and statistics"
MMR009010,0.5823630094528198,5.973577499389648e-4,0,2,1.2095440258213064,0.292,No pattern detected,No pattern detected,0.00232542838369097,Rook,"ACLED (Armed Conflict Location & Event Data), course file accessed 2026-10-08; https://acleddata.com/; original township/time aggregation and statistics"
MMR009011,0.6217036247253418,2.371072769165039e-4,1,2,1.1260670307005691,0.198,No pattern detected,No pattern detected,0.00106237109129361,Rook,"ACLED (Armed Conflict Location & Event Data), course file accessed 2026-10-08; https://acleddata.com/; original township/time aggregation and statistics"
MMR009012,0.5117735862731934,0.00259149074554443,0,5,-1.3338652335877854,0.068,No pattern detected,No pattern detected,0.00822736298466481,Rook,"ACLED (Armed Conflict Location & Event Data), course file accessed 2026-10-08; https://acleddata.com/; original township/time aggregation and statistics"
MMR009013,0.5588331818580627,9.92417335510254e-4,0,9,-0.4130759234402529,0.896,No pattern detected,No pattern detected,0.00364629740125677,Rook,"ACLED (Armed Conflict Location & Event Data), course file accessed 2026-10-08; https://acleddata.com/; original township/time aggregation and statistics"
MMR009014,0.660792887210846,1.0001659393310548e-4,2,6,-1.0007385039162946,0.324,No pattern detected,No pattern detected,5.655611975718353e-4,Rook,"ACLED (Armed Conflict Location & Event Data), course file accessed 2026-10-08; https://acleddata.com/; original township/time aggregation and statistics"
MMR009015,0.5781937837600708,6.707906723022461e-4,0,7,-0.9082033012297688,0.448,No pattern detected,No pattern detected,0.00258057117462158,Rook,"ACLED (Armed Conflict Location & Event Data), course file accessed 2026-10-08; https://acleddata.com/; original township/time aggregation and statistics"
MMR009016,0.6568943858146667,1.0204315185546876e-4,0,7,-1.0901784806709292,0.308,No pattern detected,No pattern detected,5.655611975718353e-4,Rook,"ACLED (Armed Conflict Location & Event Data), course file accessed 2026-10-08; https://acleddata.com/; original township/time aggregation and statistics"
MMR009017,0.01785999163985252,0.9439880847930908,0,9,-1.4638207854956988,0.046,Sporadic cold spot,No pattern detected,0.96487134732306,Rook,"ACLED (Armed Conflict Location & Event Data), course file accessed 2026-10-08; https://acleddata.com/; original township/time aggregation and statistics"
MMR009018,0.4619883596897125,0.00635504722595214,15,2,4.541040460200517,0.008,Consecutive hot spot,Consecutive hot spot,0.0173175036907196,Rook,"ACLED (Armed Conflict Location & Event Data), course file accessed 2026-10-08; https://acleddata.com/; original township/time aggregation and statistics"
MMR009019,0.340177446603775,0.04599940776824951,16,1,4.23641841719348,0.004,Consecutive hot spot,Consecutive hot spot,0.0917183313427902,Rook,"ACLED (Armed Conflict Location & Event Data), course file accessed 2026-10-08; https://acleddata.com/; original township/time aggregation and statistics"
MMR009020,0.12280702590942384,0.4841074943542481,16,1,4.532866616737922,0.004,Consecutive hot spot,Consecutive hot spot,0.5884875488990302,Rook,"ACLED (Armed Conflict Location & Event Data), course file accessed 2026-10-08; https://acleddata.com/; original township/time aggregation and statistics"
MMR009021,0.111111119389534,0.5288645029067993,16,1,3.3225522881723673,0.04,Consecutive hot spot,No pattern detected,0.633475063921331,Rook,"ACLED (Armed Conflict Location & Event Data), course file accessed 2026-10-08; https://acleddata.com/; original township/time aggregation and statistics"
MMR009022,0.6842105984687805,4.947185516357422e-5,11,2,3.663035711484584,0.012,Oscillating hot spot,Consecutive hot spot,4.1480247790996847e-4,Rook,"ACLED (Armed Conflict Location & Event Data), course file accessed 2026-10-08; https://acleddata.com/; original township/time aggregation and statistics"
MMR009023,-0.26979589462280273,0.11518372595310213,12,1,1.752052743999387,0.076,No pattern detected,No pattern detected,0.19414988859105356,Rook,"ACLED (Armed Conflict Location & Event Data), course file accessed 2026-10-08; https://acleddata.com/; original township/time aggregation and statistics"
MMR009024,-0.2280701994895935,0.18369899690151217,8,0,0.5723599417546371,0.446,No pattern detected,No pattern detected,0.2657945878737796,Rook,"ACLED (Armed Conflict Location & Event Data), course file accessed 2026-10-08; https://acleddata.com/; original township/time aggregation and statistics"
MMR009025,0.3049866855144501,0.07420337200164795,0,1,1.62308194297521,0.11,No pattern detected,No pattern detected,0.13480279246966043,Rook,"ACLED (Armed Conflict Location & Event Data), course file accessed 2026-10-08; https://acleddata.com/; original township/time aggregation and statistics"
MMR010001,-0.4574800133705139,0.00702748075127601,0,0,-0.524165102161155,0.908,No pattern detected,No pattern detected,0.01899162153444014,Rook,"ACLED (Armed Conflict Location & Event Data), course file accessed 2026-10-08; https://acleddata.com/; original township/time aggregation and statistics"
MMR010002,-0.49267077445983887,0.0036657175514847,0,0,-0.8243891882650088,0.54,No pattern detected,No pattern detected,0.01099715265445411,Rook,"ACLED (Armed Conflict Location & Event Data), course file accessed 2026-10-08; https://acleddata.com/; original township/time aggregation and statistics"
MMR010003,-0.6920851469039917,4.206784069538117e-5,0,0,-1.271504289179071,0.158,No pattern detected,No pattern detected,3.8211621964971226e-4,Rook,"ACLED (Armed Conflict Location & Event Data), course file accessed 2026-10-08; https://acleddata.com/; original township/time aggregation and statistics"
MMR010004,-0.5906433463096619,4.677829856518656e-4,0,0,-1.2917744677360894,0.162,No pattern detected,No pattern detected,0.00184295224467662,Rook,"ACLED (Armed Conflict Location & Event Data), course file accessed 2026-10-08; https://acleddata.com/; original township/time aggregation and statistics"
MMR010005,-0.5438597202301025,0.00128785474225878,0,0,-1.0736392437570856,0.358,No pattern detected,No pattern detected,0.00457748370346329,Rook,"ACLED (Armed Conflict Location & Event Data), course file accessed 2026-10-08; https://acleddata.com/; original township/time aggregation and statistics"
MMR010006,-0.25146201252937317,0.14172597229480743,0,0,-0.6535670100247561,0.728,No pattern detected,No pattern detected,0.220687655040196,Rook,"ACLED (Armed Conflict Location & Event Data), course file accessed 2026-10-08; https://acleddata.com/; original township/time aggregation and statistics"
MMR010007,-0.0703815370798111,0.7001803517341614,2,0,0.0027191447450551098,0.992,No pattern detected,No pattern detected,0.7735100507333472,Rook,"ACLED (Armed Conflict Location & Event Data), course file accessed 2026-10-08; https://acleddata.com/; original township/time aggregation and statistics"
MMR010008,0.8479533195495605,4.76837158203125e-7,5,2,5.125091913931685,0.002,Consecutive hot spot,Consecutive hot spot,3.118515014648438e-5,Rook,"ACLED (Armed Conflict Location & Event Data), course file accessed 2026-10-08; https://acleddata.com/; original township/time aggregation and statistics"
MMR010009,0.8011696338653564,1.9073486328125e-6,11,2,7.344573528715459,0.002,Consecutive hot spot,Oscillating hot spot,7.796287536621094e-5,Rook,"ACLED (Armed Conflict Location & Event Data), course file accessed 2026-10-08; https://acleddata.com/; original township/time aggregation and statistics"
MMR010010,0.6959065198898315,3.659725189208984e-5,16,1,7.978640823707314,0.002,Consecutive hot spot,Consecutive hot spot,3.419228962489537e-4,Rook,"ACLED (Armed Conflict Location & Event Data), course file accessed 2026-10-08; https://acleddata.com/; original township/time aggregation and statistics"
MMR010011,0.715545654296875,2.276897430419922e-5,8,0,9.532500881711607,0.002,Consecutive hot spot,Sporadic hot spot,2.567398137059705e-4,Rook,"ACLED (Armed Conflict Location & Event Data), course file accessed 2026-10-08; https://acleddata.com/; original township/time aggregation and statistics"
MMR010012,0.7309942245483398,1.430511474609375e-5,13,1,5.743271059493872,0.002,Consecutive hot spot,Sporadic hot spot,2.126260237260298e-4,Rook,"ACLED (Armed Conflict Location & Event Data), course file accessed 2026-10-08; https://acleddata.com/; original township/time aggregation and statistics"
MMR010013,0.7076023817062378,2.6941299438476563e-05,3,4,2.761406419475193,0.034,Oscillating hot spot,No pattern detected,2.753064036369324e-4,Rook,"ACLED (Armed Conflict Location & Event Data), course file accessed 2026-10-08; https://acleddata.com/; original township/time aggregation and statistics"
MMR010014,-0.3099415600299835,0.0688733384013176,0,2,-1.481921557886226,0.078,No pattern detected,No pattern detected,0.12581889193983717,Rook,"ACLED (Armed Conflict Location & Event Data), course file accessed 2026-10-08; https://acleddata.com/; original township/time aggregation and statistics"
MMR010015,0.5470682978630066,0.00127029418945312,0,3,-0.27896392296139655,0.932,No pattern detected,No pattern detected,0.00456468351594694,Rook,"ACLED (Armed Conflict Location & Event Data), course file accessed 2026-10-08; https://acleddata.com/; original township/time aggregation and statistics"
MMR010016,0.4619883596897125,0.00635504722595214,0,2,0.05187351062312046,0.748,No pattern detected,No pattern detected,0.0173175036907196,Rook,"ACLED (Armed Conflict Location & Event Data), course file accessed 2026-10-08; https://acleddata.com/; original township/time aggregation and statistics"
MMR010017,0.6099733710289001,3.1125545501708984e-4,16,1,2.6821625630074153,0.042,Consecutive hot spot,No pattern detected,0.00130487863834087,Rook,"ACLED (Armed Conflict Location & Event Data), course file accessed 2026-10-08; https://acleddata.com/; original township/time aggregation and statistics"
MMR010018,0.7192983031272888,1.9669532775878903e-5,13,1,4.092123765242778,0.006,Oscillating hot spot,Sporadic hot spot,2.2971204348972864e-4,Rook,"ACLED (Armed Conflict Location & Event Data), course file accessed 2026-10-08; https://acleddata.com/; original township/time aggregation and statistics"
MMR010019,0.8245614767074585,9.5367431640625e-7,5,1,2.0399331597216825,0.094,No pattern detected,No pattern detected,4.455021449497768e-5,Rook,"ACLED (Armed Conflict Location & Event Data), course file accessed 2026-10-08; https://acleddata.com/; original township/time aggregation and statistics"
MMR010020,0.6451641321182251,1.3577938079833984e-4,0,3,1.5429182474470418,0.116,No pattern detected,No pattern detected,6.62684440612793e-4,Rook,"ACLED (Armed Conflict Location & Event Data), course file accessed 2026-10-08; https://acleddata.com/; original township/time aggregation and statistics"
MMR010021,0.3333333730697632,0.05009031295776367,12,1,2.014980860000148,0.088,No pattern detected,No pattern detected,0.09867188154932964,Rook,"ACLED (Armed Conflict Location & Event Data), course file accessed 2026-10-08; https://acleddata.com/; original township/time aggregation and statistics"
MMR010022,0.906432807445526,1.1920928955078125e-7,3,0,3.127124457693868,0.028,Consecutive hot spot,No pattern detected,1.9490718841552734e-5,Rook,"ACLED (Armed Conflict Location & Event Data), course file accessed 2026-10-08; https://acleddata.com/; original township/time aggregation and statistics"
MMR010023,0.3284471929073334,0.05418121814727783,0,7,-1.5353676608346023,0.084,No pattern detected,No pattern detected,0.10312451517512632,Rook,"ACLED (Armed Conflict Location & Event Data), course file accessed 2026-10-08; https://acleddata.com/; original township/time aggregation and statistics"
MMR010024,0.5191944241523743,0.00229334831237792,0,3,-1.1498832178369622,0.244,No pattern detected,No pattern detected,0.00749924898147583,Rook,"ACLED (Armed Conflict Location & Event Data), course file accessed 2026-10-08; https://acleddata.com/; original township/time aggregation and statistics"
MMR010028,0.4129955470561981,0.01558685302734375,0,4,-0.48701441212987,0.8,No pattern detected,No pattern detected,0.03589366859113666,Rook,"ACLED (Armed Conflict Location & Event Data), course file accessed 2026-10-08; https://acleddata.com/; original township/time aggregation and statistics"
MMR010029,0.7507364153862,8.702278137207031e-6,0,0,1.46069788754528,0.198,No pattern detected,No pattern detected,1.5809138615926108e-4,Rook,"ACLED (Armed Conflict Location & Event Data), course file accessed 2026-10-08; https://acleddata.com/; original township/time aggregation and statistics"
MMR010030,0.14159847795963287,0.4201565980911255,0,12,-1.246778356933198,0.196,No pattern detected,No pattern detected,0.5251055564589172,Rook,"ACLED (Armed Conflict Location & Event Data), course file accessed 2026-10-08; https://acleddata.com/; original township/time aggregation and statistics"
MMR010031,0.6843926310539246,5.555152893066406e-5,0,3,-0.02431665632500352,0.852,No pattern detected,No pattern detected,4.430573161055402e-4,Rook,"ACLED (Armed Conflict Location & Event Data), course file accessed 2026-10-08; https://acleddata.com/; original township/time aggregation and statistics"
MMR011001,0.1651982218027115,0.34397029876708984,0,0,-0.9877217893808172,0.378,No pattern detected,No pattern detected,0.4445782892788823,Rook,"ACLED (Armed Conflict Location & Event Data), course file accessed 2026-10-08; https://acleddata.com/; original township/time aggregation and statistics"
MMR011002,0.6608187556266785,8.916854858398436e-5,5,0,4.748738742255321,0.002,Sporadic hot spot,Consecutive hot spot,5.399650997585721e-4,Rook,"ACLED (Armed Conflict Location & Event Data), course file accessed 2026-10-08; https://acleddata.com/; original township/time aggregation and statistics"
MMR011004,0.20467838644981384,0.2342393398284912,3,0,-0.05397992583495337,0.792,No pattern detected,No pattern detected,0.32048646076952564,Rook,"ACLED (Armed Conflict Location & Event Data), course file accessed 2026-10-08; https://acleddata.com/; original township/time aggregation and statistics"
MMR011005,0.28319695591926575,0.0994863510131836,0,0,-0.9674516108237988,0.354,No pattern detected,No pattern detected,0.17376561605549873,Rook,"ACLED (Armed Conflict Location & Event Data), course file accessed 2026-10-08; https://acleddata.com/; original township/time aggregation and statistics"
MMR011006,0.2631579041481018,0.12371516227722168,3,0,1.3508840233022068,0.32,No pattern detected,No pattern detected,0.1992850391001537,Rook,"ACLED (Armed Conflict Location & Event Data), course file accessed 2026-10-08; https://acleddata.com/; original township/time aggregation and statistics"
MMR011007,-0.0469210259616375,0.8064184784889221,0,0,0.0366564579803473,0.88,No pattern detected,No pattern detected,0.856165072941161,Rook,"ACLED (Armed Conflict Location & Event Data), course file accessed 2026-10-08; https://acleddata.com/; original township/time aggregation and statistics"
MMR011008,-0.24633538722991943,0.15120530128479004,0,0,-0.5298209408652816,0.862,No pattern detected,No pattern detected,0.23104735289778663,Rook,"ACLED (Armed Conflict Location & Event Data), course file accessed 2026-10-08; https://acleddata.com/; original township/time aggregation and statistics"
MMR011009,0.629422664642334,2.048015594482422e-4,1,0,1.418861311163682,0.144,No pattern detected,No pattern detected,9.567158562796456e-4,Rook,"ACLED (Armed Conflict Location & Event Data), course file accessed 2026-10-08; https://acleddata.com/; original township/time aggregation and statistics"
MMR011010,0.2932564318180084,0.08628237247467041,8,0,1.8493457388286865,0.082,No pattern detected,No pattern detected,0.15333878151748492,Rook,"ACLED (Armed Conflict Location & Event Data), course file accessed 2026-10-08; https://acleddata.com/; original township/time aggregation and statistics"
MMR012001,0.4809405207633972,0.00457441806793212,0,0,0.1059978722296941,0.714,No pattern detected,No pattern detected,0.01323747529392748,Rook,"ACLED (Armed Conflict Location & Event Data), course file accessed 2026-10-08; https://acleddata.com/; original township/time aggregation and statistics"
MMR012002,0.2932564318180084,0.08628237247467041,2,3,-0.6228585753544902,0.592,No pattern detected,No pattern detected,0.15333878151748492,Rook,"ACLED (Armed Conflict Location & Event Data), course file accessed 2026-10-08; https://acleddata.com/; original township/time aggregation and statistics"
MMR012003,0.24633538722991943,0.15120530128479004,2,6,-1.0485323250518714,0.29,No pattern detected,No pattern detected,0.23104735289778663,Rook,"ACLED (Armed Conflict Location & Event Data), course file accessed 2026-10-08; https://acleddata.com/; original township/time aggregation and statistics"
MMR012004,0.1769980937242508,0.3092172145843506,2,2,-1.1296130392799442,0.194,No pattern detected,No pattern detected,0.4087619490681157,Rook,"ACLED (Armed Conflict Location & Event Data), course file accessed 2026-10-08; https://acleddata.com/; original township/time aggregation and statistics"
MMR012005,0.4152047038078308,0.01432573795318603,2,6,-1.246778356933198,0.146,No pattern detected,No pattern detected,0.03346083514126284,Rook,"ACLED (Armed Conflict Location & Event Data), course file accessed 2026-10-08; https://acleddata.com/; original township/time aggregation and statistics"
MMR012006,0.3870984613895416,0.02287864685058593,2,3,-0.6288061207244627,0.806,No pattern detected,No pattern detected,0.04987545013427735,Rook,"ACLED (Armed Conflict Location & Event Data), course file accessed 2026-10-08; https://acleddata.com/; original township/time aggregation and statistics"
MMR012007,0.33529993891716003,0.04980969429016113,2,4,-0.7334471392877702,0.594,No pattern detected,No pattern detected,0.09867188154932964,Rook,"ACLED (Armed Conflict Location & Event Data), course file accessed 2026-10-08; https://acleddata.com/; original township/time aggregation and statistics"
MMR012008,0.3636379539966583,0.03272616863250732,5,0,0.05931555393417247,0.736,No pattern detected,No pattern detected,0.06816214740655985,Rook,"ACLED (Armed Conflict Location & Event Data), course file accessed 2026-10-08; https://acleddata.com/; original township/time aggregation and statistics"
MMR012009,0.3870984613895416,0.02287864685058593,4,0,0.2344822824228247,0.648,No pattern detected,No pattern detected,0.04987545013427735,Rook,"ACLED (Armed Conflict Location & Event Data), course file accessed 2026-10-08; https://acleddata.com/; original township/time aggregation and statistics"
MMR012010,0.2932564318180084,0.08628237247467041,5,5,-0.39000616618522665,0.884,No pattern detected,No pattern detected,0.15333878151748492,Rook,"ACLED (Armed Conflict Location & Event Data), course file accessed 2026-10-08; https://acleddata.com/; original township/time aggregation and statistics"
MMR012011,0.5941279530525208,4.602670669555664e-4,2,5,3.713796149652801,0.118,No pattern detected,No pattern detected,0.00183545525481061,Rook,"ACLED (Armed Conflict Location & Event Data), course file accessed 2026-10-08; https://acleddata.com/; original township/time aggregation and statistics"
MMR012013,0.5941279530525208,4.602670669555664e-4,5,5,3.713796149652801,0.012,Oscillating hot spot,Oscillating hot spot,0.00183545525481061,Rook,"ACLED (Armed Conflict Location & Event Data), course file accessed 2026-10-08; https://acleddata.com/; original township/time aggregation and statistics"
MMR012014,0.6647173762321472,8.738040924072266e-5,2,8,1.8009019721448654,0.086,No pattern detected,No pattern detected,5.391462261784154e-4,Rook,"ACLED (Armed Conflict Location & Event Data), course file accessed 2026-10-08; https://acleddata.com/; original township/time aggregation and statistics"
MMR012015,0.4180017113685608,0.01524901390075683,2,13,-1.0192455444535993,0.324,No pattern detected,No pattern detected,0.035364734365585,Rook,"ACLED (Armed Conflict Location & Event Data), course file accessed 2026-10-08; https://acleddata.com/; original township/time aggregation and statistics"
MMR012016,0.6140351295471191,2.741813659667969e-4,3,7,-0.7046258553194131,0.522,No pattern detected,No pattern detected,0.00117970140356766,Rook,"ACLED (Armed Conflict Location & Event Data), course file accessed 2026-10-08; https://acleddata.com/; original township/time aggregation and statistics"
MMR012017,0.05865128338336944,0.7527137994766235,1,12,-0.07638840222194808,0.916,No pattern detected,No pattern detected,0.8177322672055013,Rook,"ACLED (Armed Conflict Location & Event Data), course file accessed 2026-10-08; https://acleddata.com/; original township/time aggregation and statistics"
MMR013001,-0.5353034138679504,0.00161844107788056,0,0,-1.3153581930504803,0.132,No pattern detected,No pattern detected,0.00545598177800972,Rook,"ACLED (Armed Conflict Location & Event Data), course file accessed 2026-10-08; https://acleddata.com/; original township/time aggregation and statistics"
MMR013002,-0.4152047038078308,0.01432573981583118,0,0,-1.3609990619835062,0.134,No pattern detected,No pattern detected,0.03346083514126284,Rook,"ACLED (Armed Conflict Location & Event Data), course file accessed 2026-10-08; https://acleddata.com/; original township/time aggregation and statistics"
MMR013003,-0.37280717492103577,0.02960561215877533,0,4,-1.5189356389608362,0.056,No pattern detected,No pattern detected,0.06327473971189237,Rook,"ACLED (Armed Conflict Location & Event Data), course file accessed 2026-10-08; https://acleddata.com/; original township/time aggregation and statistics"
MMR013004,-0.6217036247253418,2.3716541181784123e-4,0,12,-2.0977843349710845,0.006,Sporadic cold spot,Sporadic cold spot,0.00106237109129361,Rook,"ACLED (Armed Conflict Location & Event Data), course file accessed 2026-10-08; https://acleddata.com/; original township/time aggregation and statistics"
MMR013005,-0.2662908434867859,0.12264151126146317,0,17,-1.9216822963989468,0.018,Sporadic cold spot,No pattern detected,0.1992850391001537,Rook,"ACLED (Armed Conflict Location & Event Data), course file accessed 2026-10-08; https://acleddata.com/; original township/time aggregation and statistics"
MMR013006,-0.3470648229122162,0.04218894988298416,0,12,-1.8065598638696736,0.006,Sporadic cold spot,Sporadic cold spot,0.08463683230745281,Rook,"ACLED (Armed Conflict Location & Event Data), course file accessed 2026-10-08; https://acleddata.com/; original township/time aggregation and statistics"
MMR013007,-0.4294191896915436,0.01166730746626854,0,2,-1.500428598423531,0.04,Sporadic cold spot,No pattern detected,0.02960649094042869,Rook,"ACLED (Armed Conflict Location & Event Data), course file accessed 2026-10-08; https://acleddata.com/; original township/time aggregation and statistics"
MMR013009,-0.7235419750213623,1.924510252138134e-5,0,10,-1.8239569647360063,0.006,Consecutive cold spot,Sporadic cold spot,2.2971204348972864e-4,Rook,"ACLED (Armed Conflict Location & Event Data), course file accessed 2026-10-08; https://acleddata.com/; original township/time aggregation and statistics"
MMR013010,-0.7272759079933167,1.6633743143756874e-5,0,9,-1.5559497200354462,0.036,Sporadic cold spot,No pattern detected,2.2971204348972864e-4,Rook,"ACLED (Armed Conflict Location & Event Data), course file accessed 2026-10-08; https://acleddata.com/; original township/time aggregation and statistics"
MMR013011,-0.6647173762321472,8.738455653656274e-5,0,5,-1.4336657176352166,0.036,Sporadic cold spot,No pattern detected,5.391462261784154e-4,Rook,"ACLED (Armed Conflict Location & Event Data), course file accessed 2026-10-08; https://acleddata.com/; original township/time aggregation and statistics"
MMR013012,-0.4882437586784363,0.00407451065257191,0,0,-1.3153581930504803,0.082,No pattern detected,No pattern detected,0.01211240893991833,Rook,"ACLED (Armed Conflict Location & Event Data), course file accessed 2026-10-08; https://acleddata.com/; original township/time aggregation and statistics"
MMR013013,-0.6608197093009949,1.0928777192020787e-4,0,8,-1.4336657176352166,0.044,Sporadic cold spot,No pattern detected,5.898554701984505e-4,Rook,"ACLED (Armed Conflict Location & Event Data), course file accessed 2026-10-08; https://acleddata.com/; original township/time aggregation and statistics"
MMR013014,-0.7117770314216614,2.6291583708371036e-5,0,8,-1.5755569675343437,0.018,Sporadic cold spot,No pattern detected,2.753064036369324e-4,Rook,"ACLED (Armed Conflict Location & Event Data), course file accessed 2026-10-08; https://acleddata.com/; original township/time aggregation and statistics"
MMR013015,-0.7515319585800171,9.8324308055453e-6,0,11,-1.722513084871192,0.004,Consecutive cold spot,Sporadic cold spot,1.6922130912701646e-4,Rook,"ACLED (Armed Conflict Location & Event Data), course file accessed 2026-10-08; https://acleddata.com/; original township/time aggregation and statistics"
MMR013016,-0.6888203620910645,5.953449726803228e-5,0,9,-1.3089727413859618,0.004,Sporadic cold spot,Sporadic cold spot,4.6351858587253707e-4,Rook,"ACLED (Armed Conflict Location & Event Data), course file accessed 2026-10-08; https://acleddata.com/; original township/time aggregation and statistics"
MMR013017,-0.6926885843276978,5.2542920457199216e-5,0,11,-1.656637681762416,0.006,Consecutive cold spot,Consecutive cold spot,4.295383747376036e-4,Rook,"ACLED (Armed Conflict Location & Event Data), course file accessed 2026-10-08; https://acleddata.com/; original township/time aggregation and statistics"
MMR013018,-0.6647173762321472,8.738455653656274e-5,0,9,-1.6180533707639877,0.024,Sporadic cold spot,No pattern detected,5.391462261784154e-4,Rook,"ACLED (Armed Conflict Location & Event Data), course file accessed 2026-10-08; https://acleddata.com/; original township/time aggregation and statistics"
MMR013019,-0.6135933995246887,3.0602214974351227e-4,0,3,-1.446683831577,0.078,No pattern detected,No pattern detected,0.00129960055800166,Rook,"ACLED (Armed Conflict Location & Event Data), course file accessed 2026-10-08; https://acleddata.com/; original township/time aggregation and statistics"
MMR013020,-0.5545940399169922,0.00111026351805776,0,0,-1.1498832178369622,0.216,No pattern detected,No pattern detected,0.0040339574489432,Rook,"ACLED (Armed Conflict Location & Event Data), course file accessed 2026-10-08; https://acleddata.com/; original township/time aggregation and statistics"
MMR013021,-0.6529524922370911,1.1661648022709414e-4,0,6,-1.3323148248501255,0.104,No pattern detected,No pattern detected,5.958373286603091e-4,Rook,"ACLED (Armed Conflict Location & Event Data), course file accessed 2026-10-08; https://acleddata.com/; original township/time aggregation and statistics"
MMR013022,-0.7353068590164185,1.4021089555171784e-5,0,14,-2.1635743155198246,0.002,Sporadic cold spot,Consecutive cold spot,2.126260237260298e-4,Rook,"ACLED (Armed Conflict Location & Event Data), course file accessed 2026-10-08; https://acleddata.com/; original township/time aggregation and statistics"
MMR013023,-0.6764823198318481,6.517492874991149e-5,0,11,-1.722513084871192,0.008,Sporadic cold spot,Sporadic cold spot,4.728617875472359e-4,Rook,"ACLED (Armed Conflict Location & Event Data), course file accessed 2026-10-08; https://acleddata.com/; original township/time aggregation and statistics"
MMR013024,-0.6410201191902161,1.7230202502105385e-4,0,7,-1.2828124867451347,0.046,Consecutive cold spot,No pattern detected,8.285700320865383e-4,Rook,"ACLED (Armed Conflict Location & Event Data), course file accessed 2026-10-08; https://acleddata.com/; original township/time aggregation and statistics"
MMR013025,-0.6568507552146912,1.13641879579518e-4,0,8,-1.5041620668797635,0.008,Consecutive cold spot,Sporadic cold spot,5.898554701984505e-4,Rook,"ACLED (Armed Conflict Location & Event Data), course file accessed 2026-10-08; https://acleddata.com/; original township/time aggregation and statistics"
MMR013026,-0.625393271446228,2.3300717293750495e-4,0,9,-1.5755569675343437,0.018,Sporadic cold spot,No pattern detected,0.00106237109129361,Rook,"ACLED (Armed Conflict Location & Event Data), course file accessed 2026-10-08; https://acleddata.com/; original township/time aggregation and statistics"
MMR013027,-0.5309942960739136,0.00181189936120063,0,14,-2.2873512442836708,0.002,Sporadic cold spot,Sporadic cold spot,0.00604582746033271,Rook,"ACLED (Armed Conflict Location & Event Data), course file accessed 2026-10-08; https://acleddata.com/; original township/time aggregation and statistics"
MMR013028,-0.330396443605423,0.05388634651899338,0,13,-1.8520623686323272,0.002,Sporadic cold spot,Sporadic cold spot,0.10312451517512632,Rook,"ACLED (Armed Conflict Location & Event Data), course file accessed 2026-10-08; https://acleddata.com/; original township/time aggregation and statistics"
MMR013029,-0.32686951756477356,0.06748374551534653,0,6,-1.0472433032674937,0.092,No pattern detected,No pattern detected,0.12467336035886054,Rook,"ACLED (Armed Conflict Location & Event Data), course file accessed 2026-10-08; https://acleddata.com/; original township/time aggregation and statistics"
MMR013030,-0.5110374093055725,0.00327549851499497,0,12,-1.549480258787414,0.002,Sporadic cold spot,Sporadic cold spot,0.01006959754729939,Rook,"ACLED (Armed Conflict Location & Event Data), course file accessed 2026-10-08; https://acleddata.com/; original township/time aggregation and statistics"
MMR013031,-0.6688027381896973,9.55003997660242e-5,0,10,-1.549480258787414,0.002,Consecutive cold spot,Sporadic cold spot,5.655611975718353e-4,Rook,"ACLED (Armed Conflict Location & Event Data), course file accessed 2026-10-08; https://acleddata.com/; original township/time aggregation and statistics"
MMR013033,-0.7367383241653442,1.7782220311346464e-5,0,12,-1.6971780388764526,0.002,Sporadic cold spot,Consecutive cold spot,2.2971204348972864e-4,Rook,"ACLED (Armed Conflict Location & Event Data), course file accessed 2026-10-08; https://acleddata.com/; original township/time aggregation and statistics"
MMR013034,-0.7895148396492004,4.566086317936424e-6,0,16,-1.8520623686323272,0.002,Consecutive cold spot,Consecutive cold spot,1.1485463276655468e-4,Rook,"ACLED (Armed Conflict Location & Event Data), course file accessed 2026-10-08; https://acleddata.com/; original township/time aggregation and statistics"
MMR013035,-0.7084463238716125,3.3945128961931914e-5,0,19,-1.9779294030566617,0.002,Intensifying cold spot,Sporadic cold spot,3.338248153501327e-4,Rook,"ACLED (Armed Conflict Location & Event Data), course file accessed 2026-10-08; https://acleddata.com/; original township/time aggregation and statistics"
MMR013036,-0.6743417978286743,1.309408835368231e-4,0,14,-1.5268211628335888,0.004,Consecutive cold spot,Consecutive cold spot,6.58733367946787e-4,Rook,"ACLED (Armed Conflict Location & Event Data), course file accessed 2026-10-08; https://acleddata.com/; original township/time aggregation and statistics"
MMR013037,-0.775202214717865,5.132467322255252e-6,0,11,-1.6160973246483796,0.004,Consecutive cold spot,Sporadic cold spot,1.169443130493164e-4,Rook,"ACLED (Armed Conflict Location & Event Data), course file accessed 2026-10-08; https://acleddata.com/; original township/time aggregation and statistics"
MMR013038,-0.6058928370475769,3.5304404445923865e-4,0,11,-1.7722859560322763,0.01,Sporadic cold spot,Sporadic cold spot,0.00146133420934393,Rook,"ACLED (Armed Conflict Location & Event Data), course file accessed 2026-10-08; https://acleddata.com/; original township/time aggregation and statistics"
MMR013039,-0.6568507552146912,1.13641879579518e-4,0,11,-1.666991963259277,0.018,Consecutive cold spot,No pattern detected,5.898554701984505e-4,Rook,"ACLED (Armed Conflict Location & Event Data), course file accessed 2026-10-08; https://acleddata.com/; original township/time aggregation and statistics"
MMR013040,-0.5705981254577637,7.717486587353051e-4,0,0,-1.1416165316185611,0.226,No pattern detected,No pattern detected,0.00293443966751679,Rook,"ACLED (Armed Conflict Location & Event Data), course file accessed 2026-10-08; https://acleddata.com/; original township/time aggregation and statistics"
MMR013041,-0.660792887210846,1.0001807822845876e-4,0,10,-1.7551490021135774,0.014,Consecutive cold spot,Sporadic cold spot,5.655611975718353e-4,Rook,"ACLED (Armed Conflict Location & Event Data), course file accessed 2026-10-08; https://acleddata.com/; original township/time aggregation and statistics"
MMR013042,-0.6451641321182251,1.35762631543912e-4,0,7,-1.871357246542764,0.012,Sporadic cold spot,Consecutive cold spot,6.62684440612793e-4,Rook,"ACLED (Armed Conflict Location & Event Data), course file accessed 2026-10-08; https://acleddata.com/; original township/time aggregation and statistics"
MMR013043,-0.7041913270950317,3.470961382845417e-5,0,15,-2.1333378131297147,0.002,Sporadic cold spot,Consecutive cold spot,3.338248153501327e-4,Rook,"ACLED (Armed Conflict Location & Event Data), course file accessed 2026-10-08; https://acleddata.com/; original township/time aggregation and statistics"
MMR013044,-0.6725927591323853,7.474669837392867e-5,0,12,-1.8880879211585408,0.006,Sporadic cold spot,Consecutive cold spot,4.9896240234375e-4,Rook,"ACLED (Armed Conflict Location & Event Data), course file accessed 2026-10-08; https://acleddata.com/; original township/time aggregation and statistics"
MMR013046,-0.6568507552146912,1.13641879579518e-4,0,7,-1.6694642325200837,0.016,Sporadic cold spot,No pattern detected,5.898554701984505e-4,Rook,"ACLED (Armed Conflict Location & Event Data), course file accessed 2026-10-08; https://acleddata.com/; original township/time aggregation and statistics"
MMR013047,-0.5982431173324585,4.0668516885489225e-4,0,2,-1.500428598423531,0.032,Consecutive cold spot,No pattern detected,0.00166232562769437,Rook,"ACLED (Armed Conflict Location & Event Data), course file accessed 2026-10-08; https://acleddata.com/; original township/time aggregation and statistics"
MMR014001,0.1407630741596222,0.4207267761230469,0,9,-0.8156680985432435,0.446,No pattern detected,No pattern detected,0.5251055564589172,Rook,"ACLED (Armed Conflict Location & Event Data), course file accessed 2026-10-08; https://acleddata.com/; original township/time aggregation and statistics"
MMR014002,0.37059465050697327,0.02987337112426757,1,1,0.8668049474473316,0.304,No pattern detected,No pattern detected,0.06343241790672402,Rook,"ACLED (Armed Conflict Location & Event Data), course file accessed 2026-10-08; https://acleddata.com/; original township/time aggregation and statistics"
MMR014003,0.1941210031509399,0.262325644493103,0,6,-1.498094693333096,0.07,No pattern detected,No pattern detected,0.3523432302181838,Rook,"ACLED (Armed Conflict Location & Event Data), course file accessed 2026-10-08; https://acleddata.com/; original township/time aggregation and statistics"
MMR014004,0.27647536993026733,0.10711216926574708,0,1,-0.6926578591542548,0.394,No pattern detected,No pattern detected,0.18411783823324124,Rook,"ACLED (Armed Conflict Location & Event Data), course file accessed 2026-10-08; https://acleddata.com/; original township/time aggregation and statistics"
MMR014005,0.5223127007484436,0.00225543975830078,0,6,-1.278843835144465,0.19,No pattern detected,No pattern detected,0.00744978586832682,Rook,"ACLED (Armed Conflict Location & Event Data), course file accessed 2026-10-08; https://acleddata.com/; original township/time aggregation and statistics"
MMR014006,0.25146201252937317,0.14172601699829102,0,4,-1.1701533963939803,0.228,No pattern detected,No pattern detected,0.220687655040196,Rook,"ACLED (Armed Conflict Location & Event Data), course file accessed 2026-10-08; https://acleddata.com/; original township/time aggregation and statistics"
MMR014007,0.3470648229122162,0.04218900203704834,0,7,-1.103944753203025,0.112,No pattern detected,No pattern detected,0.08463683230745281,Rook,"ACLED (Armed Conflict Location & Event Data), course file accessed 2026-10-08; https://acleddata.com/; original township/time aggregation and statistics"
MMR014008,0.4853801727294922,0.0041201114654541,3,3,4.065497890821568,0.002,Oscillating hot spot,Oscillating hot spot,0.01213762566849992,Rook,"ACLED (Armed Conflict Location & Event Data), course file accessed 2026-10-08; https://acleddata.com/; original township/time aggregation and statistics"
MMR014009,0.3753682076931,0.02742314338684082,0,2,-0.2046503150670166,0.98,No pattern detected,No pattern detected,0.0589958413651115,Rook,"ACLED (Armed Conflict Location & Event Data), course file accessed 2026-10-08; https://acleddata.com/; original township/time aggregation and statistics"
MMR014010,-0.111111119389534,0.5288645029067993,5,1,1.5589509865526758,0.162,No pattern detected,No pattern detected,0.633475063921331,Rook,"ACLED (Armed Conflict Location & Event Data), course file accessed 2026-10-08; https://acleddata.com/; original township/time aggregation and statistics"
MMR014011,0.42014777660369873,0.01408815383911132,0,12,-1.481921557886226,0.064,No pattern detected,No pattern detected,0.03346083514126284,Rook,"ACLED (Armed Conflict Location & Event Data), course file accessed 2026-10-08; https://acleddata.com/; original township/time aggregation and statistics"
MMR014012,-0.3609720468521118,0.03535299375653267,0,10,-1.8890764497069377,0.002,Sporadic cold spot,Sporadic cold spot,0.07316727188852014,Rook,"ACLED (Armed Conflict Location & Event Data), course file accessed 2026-10-08; https://acleddata.com/; original township/time aggregation and statistics"
MMR014013,-0.28839364647865295,0.09796099364757538,0,19,-1.99506635697536,0.002,Persistent cold spot,Sporadic cold spot,0.17222174689654382,Rook,"ACLED (Armed Conflict Location & Event Data), course file accessed 2026-10-08; https://acleddata.com/; original township/time aggregation and statistics"
MMR014014,-0.6846330165863037,6.208891136338934e-5,0,17,-1.9075834902442428,0.002,Sporadic cold spot,Sporadic cold spot,4.7216451199600735e-4,Rook,"ACLED (Armed Conflict Location & Event Data), course file accessed 2026-10-08; https://acleddata.com/; original township/time aggregation and statistics"
MMR014015,-0.19941435754299164,0.2479957938194275,0,10,-1.904120660264174,0.006,Sporadic cold spot,Sporadic cold spot,0.3364922181699286,Rook,"ACLED (Armed Conflict Location & Event Data), course file accessed 2026-10-08; https://acleddata.com/; original township/time aggregation and statistics"
MMR014016,0.05865128338336944,0.7527137994766235,0,3,-1.4634145173489208,0.076,No pattern detected,No pattern detected,0.8177322672055013,Rook,"ACLED (Armed Conflict Location & Event Data), course file accessed 2026-10-08; https://acleddata.com/; original township/time aggregation and statistics"
MMR014017,-0.4252717196941376,0.01377416867762804,0,17,-2.0636141726501553,0.002,Sporadic cold spot,Sporadic cold spot,0.03346083514126284,Rook,"ACLED (Armed Conflict Location & Event Data), course file accessed 2026-10-08; https://acleddata.com/; original township/time aggregation and statistics"
MMR014018,0.08929995447397232,0.6228545904159546,0,16,-1.8520623686323272,0.002,Sporadic cold spot,Sporadic cold spot,0.7112841066167744,Rook,"ACLED (Armed Conflict Location & Event Data), course file accessed 2026-10-08; https://acleddata.com/; original township/time aggregation and statistics"
MMR014019,-0.03697369247674942,0.8585121035575867,0,19,-2.144611746848678,0.002,Persistent cold spot,Persistent cold spot,0.9024488312693744,Rook,"ACLED (Armed Conflict Location & Event Data), course file accessed 2026-10-08; https://acleddata.com/; original township/time aggregation and statistics"
MMR014020,0.0703815370798111,0.7001802921295166,0,1,-1.471236704412068,0.09,No pattern detected,No pattern detected,0.7735100507333472,Rook,"ACLED (Armed Conflict Location & Event Data), course file accessed 2026-10-08; https://acleddata.com/; original township/time aggregation and statistics"
MMR014021,-0.2529642581939697,0.168730691075325,0,19,-1.5721393547412392,0.002,Persistent cold spot,Consecutive cold spot,0.25079516355286946,Rook,"ACLED (Armed Conflict Location & Event Data), course file accessed 2026-10-08; https://acleddata.com/; original township/time aggregation and statistics"
MMR015001,0.02923976816236972,0.8887056112289429,0,8,-1.6344355236929045,0.018,Sporadic cold spot,No pattern detected,0.92549915564288,Rook,"ACLED (Armed Conflict Location & Event Data), course file accessed 2026-10-08; https://acleddata.com/; original township/time aggregation and statistics"
MMR015002,0.00588245503604412,1,2,0,-1.0485323250518714,0.264,No pattern detected,No pattern detected,1,Rook,"ACLED (Armed Conflict Location & Event Data), course file accessed 2026-10-08; https://acleddata.com/; original township/time aggregation and statistics"
MMR015003,0.08823682367801666,0.6238518953323364,1,2,-1.2783441119758705,0.184,No pattern detected,No pattern detected,0.7112841066167744,Rook,"ACLED (Armed Conflict Location & Event Data), course file accessed 2026-10-08; https://acleddata.com/; original township/time aggregation and statistics"
MMR015004,0.05865128338336944,0.7527137994766235,0,12,-1.952218877581075,0.002,Sporadic cold spot,Sporadic cold spot,0.8177322672055013,Rook,"ACLED (Armed Conflict Location & Event Data), course file accessed 2026-10-08; https://acleddata.com/; original township/time aggregation and statistics"
MMR015005,-0.3246830701828003,0.06818891316652298,0,19,-1.9075834902442428,0.002,Persistent cold spot,Persistent cold spot,0.1252683966598484,Rook,"ACLED (Armed Conflict Location & Event Data), course file accessed 2026-10-08; https://acleddata.com/; original township/time aggregation and statistics"
MMR015006,-0.3244428336620331,0.09270326048135756,0,19,-1.5721393547412392,0.002,Persistent cold spot,Persistent cold spot,0.1638592766346158,Rook,"ACLED (Armed Conflict Location & Event Data), course file accessed 2026-10-08; https://acleddata.com/; original township/time aggregation and statistics"
MMR015007,-0.32444286346435547,0.12069082260131836,0,18,-1.3612932506676154,0.004,Persistent cold spot,Persistent cold spot,0.1992850391001537,Rook,"ACLED (Armed Conflict Location & Event Data), course file accessed 2026-10-08; https://acleddata.com/; original township/time aggregation and statistics"
MMR015008,-0.20951759815216064,0.2411525845527649,0,19,-1.9075834902442428,0.002,Persistent cold spot,Persistent cold spot,0.3285703964531422,Rook,"ACLED (Armed Conflict Location & Event Data), course file accessed 2026-10-08; https://acleddata.com/; original township/time aggregation and statistics"
MMR015009,-0.42690062522888184,0.01177016459405422,2,0,-0.983002859941785,0.408,No pattern detected,No pattern detected,0.02960649094042869,Rook,"ACLED (Armed Conflict Location & Event Data), course file accessed 2026-10-08; https://acleddata.com/; original township/time aggregation and statistics"
MMR015010,-0.4152047038078308,0.01432573981583118,4,0,-1.1701533963939803,0.188,No pattern detected,No pattern detected,0.03346083514126284,Rook,"ACLED (Armed Conflict Location & Event Data), course file accessed 2026-10-08; https://acleddata.com/; original township/time aggregation and statistics"
MMR015011,-0.44574975967407227,0.00865154061466455,2,1,-1.6315640954684036,0.024,New cold spot,No pattern detected,0.02281494984673636,Rook,"ACLED (Armed Conflict Location & Event Data), course file accessed 2026-10-08; https://acleddata.com/; original township/time aggregation and statistics"
MMR015012,0.39181289076805115,0.02094089984893799,7,0,6.521999740617921,0.002,Consecutive hot spot,Sporadic hot spot,0.04626806926082921,Rook,"ACLED (Armed Conflict Location & Event Data), course file accessed 2026-10-08; https://acleddata.com/; original township/time aggregation and statistics"
MMR015013,0.7894737720489502,2.7418136596679688e-06,8,0,8.041245241142212,0.002,Consecutive hot spot,Sporadic hot spot,9.961922963460287e-5,Rook,"ACLED (Armed Conflict Location & Event Data), course file accessed 2026-10-08; https://acleddata.com/; original township/time aggregation and statistics"
MMR015014,0.15249334275722504,0.3814786672592163,1,0,0.6635386579554355,0.494,No pattern detected,No pattern detected,0.4872793913818896,Rook,"ACLED (Armed Conflict Location & Event Data), course file accessed 2026-10-08; https://acleddata.com/; original township/time aggregation and statistics"
MMR015015,0.01179987285286188,0.97203993797302235,3,0,-0.9066410751527442,0.516,No pattern detected,No pattern detected,0.984112221021032,Rook,"ACLED (Armed Conflict Location & Event Data), course file accessed 2026-10-08; https://acleddata.com/; original township/time aggregation and statistics"
MMR015016,0.10557231307029724,0.5517638921737671,3,0,1.4236838064706694,0.146,No pattern detected,No pattern detected,0.6537202635537023,Rook,"ACLED (Armed Conflict Location & Event Data), course file accessed 2026-10-08; https://acleddata.com/; original township/time aggregation and statistics"
MMR015017,0.4152047038078308,0.01432573795318603,3,0,2.820417694178989,0.022,Sporadic hot spot,No pattern detected,0.03346083514126284,Rook,"ACLED (Armed Conflict Location & Event Data), course file accessed 2026-10-08; https://acleddata.com/; original township/time aggregation and statistics"
MMR015018,0.39181289076805115,0.02094089984893799,0,1,0.5425926483949964,0.452,No pattern detected,No pattern detected,0.04626806926082921,Rook,"ACLED (Armed Conflict Location & Event Data), course file accessed 2026-10-08; https://acleddata.com/; original township/time aggregation and statistics"
MMR015019,-0.01754386164247989,0.9442166090011596,2,1,-1.7422508154265326,0.042,New cold spot,No pattern detected,0.96487134732306,Rook,"ACLED (Armed Conflict Location & Event Data), course file accessed 2026-10-08; https://acleddata.com/; original township/time aggregation and statistics"
MMR015020,0.05294209346175194,0.779302716255188,2,0,-1.2968511525131754,0.178,No pattern detected,No pattern detected,0.8357970433156998,Rook,"ACLED (Armed Conflict Location & Event Data), course file accessed 2026-10-08; https://acleddata.com/; original township/time aggregation and statistics"
MMR015021,0.1407630741596222,0.4207267761230469,2,5,-1.5929638011100564,0.032,Oscillating cold spot,No pattern detected,0.5251055564589172,Rook,"ACLED (Armed Conflict Location & Event Data), course file accessed 2026-10-08; https://acleddata.com/; original township/time aggregation and statistics"
MMR015022,-0.23460513353347776,0.17216724157333374,2,2,-1.5552867889773252,0.024,Consecutive cold spot,No pattern detected,0.2515030587092042,Rook,"ACLED (Armed Conflict Location & Event Data), course file accessed 2026-10-08; https://acleddata.com/; original township/time aggregation and statistics"
MMR015023,-0.4152047038078308,0.01432573981583118,6,0,-1.0962983397109107,0.288,No pattern detected,No pattern detected,0.03346083514126284,Rook,"ACLED (Armed Conflict Location & Event Data), course file accessed 2026-10-08; https://acleddata.com/; original township/time aggregation and statistics"
MMR015024,-0.48817330598831177,0.00482542347162962,0,19,-2.0636141726501553,0.002,Intensifying cold spot,Intensifying cold spot,0.01384134627388496,Rook,"ACLED (Armed Conflict Location & Event Data), course file accessed 2026-10-08; https://acleddata.com/; original township/time aggregation and statistics"
MMR016001,-0.13019444048404694,0.48897552490234375,0,19,-2.0464772187314564,0.002,Persistent cold spot,Persistent cold spot,0.5922036912706162,Rook,"ACLED (Armed Conflict Location & Event Data), course file accessed 2026-10-08; https://acleddata.com/; original township/time aggregation and statistics"
MMR016002,-0.25937625765800476,0.17228344082832336,0,19,-1.926090530781548,0.002,Persistent cold spot,Persistent cold spot,0.2515030587092042,Rook,"ACLED (Armed Conflict Location & Event Data), course file accessed 2026-10-08; https://acleddata.com/; original township/time aggregation and statistics"
MMR016003,-0.2770698070526123,0.15062643587589264,0,19,-1.7579885745475068,0.002,Persistent cold spot,Persistent cold spot,0.23104735289778663,Rook,"ACLED (Armed Conflict Location & Event Data), course file accessed 2026-10-08; https://acleddata.com/; original township/time aggregation and statistics"
MMR016005,-0.28159239888191223,0.13514487445354462,0,19,-1.7174482174334704,0.002,Persistent cold spot,Persistent cold spot,0.21246333628033215,Rook,"ACLED (Armed Conflict Location & Event Data), course file accessed 2026-10-08; https://acleddata.com/; original township/time aggregation and statistics"
MMR016006,-0.4341883957386017,0.0140108885243535,0,19,-1.9075834902442428,0.002,Intensifying cold spot,Intensifying cold spot,0.03346083514126284,Rook,"ACLED (Armed Conflict Location & Event Data), course file accessed 2026-10-08; https://acleddata.com/; original township/time aggregation and statistics"
MMR016007,-0.42178303003311157,0.01704353466629982,0,19,-2.360111581055538,0.002,Intensifying cold spot,Intensifying cold spot,0.0389736771739863,Rook,"ACLED (Armed Conflict Location & Event Data), course file accessed 2026-10-08; https://acleddata.com/; original township/time aggregation and statistics"
MMR016008,-0.2287483513355255,0.2005406618118286,0,19,-1.926090530781548,0.002,Persistent cold spot,Persistent cold spot,0.2838822355518093,Rook,"ACLED (Armed Conflict Location & Event Data), course file accessed 2026-10-08; https://acleddata.com/; original township/time aggregation and statistics"
MMR016009,-0.3422757685184479,0.05424286425113678,0,17,-1.5041620668797635,0.006,Sporadic cold spot,Sporadic cold spot,0.10312451517512632,Rook,"ACLED (Armed Conflict Location & Event Data), course file accessed 2026-10-08; https://acleddata.com/; original township/time aggregation and statistics"
MMR016010,-0.3394414186477661,0.0580558218061924,0,19,-1.6971780388764526,0.002,Persistent cold spot,Sporadic cold spot,0.10910490649784434,Rook,"ACLED (Armed Conflict Location & Event Data), course file accessed 2026-10-08; https://acleddata.com/; original township/time aggregation and statistics"
MMR016011,-0.46052464842796326,0.01123581081628799,0,19,-1.6971780388764526,0.004,Intensifying cold spot,Intensifying cold spot,0.02893000107815885,Rook,"ACLED (Armed Conflict Location & Event Data), course file accessed 2026-10-08; https://acleddata.com/; original township/time aggregation and statistics"
MMR017001,-0.05263158306479454,0.7795660495758057,0,12,-1.413395539078198,0.022,Sporadic cold spot,No pattern detected,0.8357970433156998,Rook,"ACLED (Armed Conflict Location & Event Data), course file accessed 2026-10-08; https://acleddata.com/; original township/time aggregation and statistics"
MMR017002,-0.31859657168388367,0.06321887671947479,0,14,-1.722513084871192,0.004,Sporadic cold spot,Sporadic cold spot,0.11745779935947873,Rook,"ACLED (Armed Conflict Location & Event Data), course file accessed 2026-10-08; https://acleddata.com/; original township/time aggregation and statistics"
MMR017003,-0.01173025649040937,0.9720741510391236,1,10,-0.963724422841684,0.374,No pattern detected,No pattern detected,0.984112221021032,Rook,"ACLED (Armed Conflict Location & Event Data), course file accessed 2026-10-08; https://acleddata.com/; original township/time aggregation and statistics"
MMR017004,-0.32743316888809204,0.057831060141325,0,1,-0.7589330093931967,0.682,No pattern detected,No pattern detected,0.10910490649784434,Rook,"ACLED (Armed Conflict Location & Event Data), course file accessed 2026-10-08; https://acleddata.com/; original township/time aggregation and statistics"
MMR017005,-0.05935371667146683,0.7520269155502319,0,16,-0.22996010334938863,0.994,No pattern detected,No pattern detected,0.8177322672055013,Rook,"ACLED (Armed Conflict Location & Event Data), course file accessed 2026-10-08; https://acleddata.com/; original township/time aggregation and statistics"
MMR017006,0.08309520035982132,0.6481038331985474,1,14,0.05416280671009455,0.926,No pattern detected,No pattern detected,0.7313995747730649,Rook,"ACLED (Armed Conflict Location & Event Data), course file accessed 2026-10-08; https://acleddata.com/; original township/time aggregation and statistics"
MMR017007,-0.02941227331757545,0.8885700106620789,0,16,-1.2067664767152173,0.246,No pattern detected,No pattern detected,0.92549915564288,Rook,"ACLED (Armed Conflict Location & Event Data), course file accessed 2026-10-08; https://acleddata.com/; original township/time aggregation and statistics"
MMR017008,0.3588297367095947,0.03557884693145752,0,16,-0.2470970572680874,0.988,No pattern detected,No pattern detected,0.07317159085903528,Rook,"ACLED (Armed Conflict Location & Event Data), course file accessed 2026-10-08; https://acleddata.com/; original township/time aggregation and statistics"
MMR017009,0.48221975564956665,0.00494897365570068,0,12,-1.16730186875204,0.234,No pattern detected,No pattern detected,0.01407229900360107,Rook,"ACLED (Armed Conflict Location & Event Data), course file accessed 2026-10-08; https://acleddata.com/; original township/time aggregation and statistics"
MMR017010,0.12979860603809357,0.461700439453125,0,14,0.3872895363815866,0.71,No pattern detected,No pattern detected,0.5661263974864832,Rook,"ACLED (Armed Conflict Location & Event Data), course file accessed 2026-10-08; https://acleddata.com/; original township/time aggregation and statistics"
MMR017011,0.27647536993026733,0.10711216926574708,2,13,-1.3893863551997008,0.104,No pattern detected,No pattern detected,0.18411783823324124,Rook,"ACLED (Armed Conflict Location & Event Data), course file accessed 2026-10-08; https://acleddata.com/; original township/time aggregation and statistics"
MMR017012,0.24928560853004456,0.15003466606140137,0,13,-1.3338652335877854,0.146,No pattern detected,No pattern detected,0.23104735289778663,Rook,"ACLED (Armed Conflict Location & Event Data), course file accessed 2026-10-08; https://acleddata.com/; original township/time aggregation and statistics"
MMR017013,0.4647139310836792,0.00629091262817382,0,14,-0.2642340111867865,0.912,No pattern detected,No pattern detected,0.0173175036907196,Rook,"ACLED (Armed Conflict Location & Event Data), course file accessed 2026-10-08; https://acleddata.com/; original township/time aggregation and statistics"
MMR017014,-0.3942001163959503,0.02379716001451015,0,17,-1.7174482174334704,0.002,Sporadic cold spot,Sporadic cold spot,0.05153424718374053,Rook,"ACLED (Armed Conflict Location & Event Data), course file accessed 2026-10-08; https://acleddata.com/; original township/time aggregation and statistics"
MMR017015,-0.25515103340148926,0.15286538004875183,0,18,-1.8150482875577176,0.002,Persistent cold spot,Sporadic cold spot,0.23249757802763651,Rook,"ACLED (Armed Conflict Location & Event Data), course file accessed 2026-10-08; https://acleddata.com/; original township/time aggregation and statistics"
MMR017016,-0.2471000701189041,0.15842193365097046,0,14,-1.5041620668797635,0.01,Sporadic cold spot,Sporadic cold spot,0.23983320511049697,Rook,"ACLED (Armed Conflict Location & Event Data), course file accessed 2026-10-08; https://acleddata.com/; original township/time aggregation and statistics"
MMR017017,-0.23599746823310852,0.17164118587970734,0,17,-2.096513529531777,0.002,Sporadic cold spot,Sporadic cold spot,0.2515030587092042,Rook,"ACLED (Armed Conflict Location & Event Data), course file accessed 2026-10-08; https://acleddata.com/; original township/time aggregation and statistics"
MMR017018,-0.2746405303478241,0.11879173666238783,0,15,-1.656637681762416,0.006,Sporadic cold spot,Sporadic cold spot,0.19920460455692732,Rook,"ACLED (Armed Conflict Location & Event Data), course file accessed 2026-10-08; https://acleddata.com/; original township/time aggregation and statistics"
MMR017019,-0.3657960593700409,0.03251278027892113,0,15,-1.943655495219264,0.002,Sporadic cold spot,Sporadic cold spot,0.06815178943081544,Rook,"ACLED (Armed Conflict Location & Event Data), course file accessed 2026-10-08; https://acleddata.com/; original township/time aggregation and statistics"
MMR017020,-0.10748615860939026,0.5496365427970886,0,17,-2.0323825731092424,0.002,Sporadic cold spot,Sporadic cold spot,0.6537202635537023,Rook,"ACLED (Armed Conflict Location & Event Data), course file accessed 2026-10-08; https://acleddata.com/; original township/time aggregation and statistics"
MMR017021,-0.330396443605423,0.05388634651899338,0,17,-1.9093815873818665,0.002,Sporadic cold spot,Sporadic cold spot,0.10312451517512632,Rook,"ACLED (Armed Conflict Location & Event Data), course file accessed 2026-10-08; https://acleddata.com/; original township/time aggregation and statistics"
MMR017022,-0.07786665111780167,0.672845721244812,0,18,-1.8236968177883728,0.01,Persistent cold spot,Sporadic cold spot,0.7503336728835592,Rook,"ACLED (Armed Conflict Location & Event Data), course file accessed 2026-10-08; https://acleddata.com/; original township/time aggregation and statistics"
MMR017023,-0.46406596899032593,0.0073431241326034,0,13,-1.5041620668797635,0.014,Sporadic cold spot,Sporadic cold spot,0.01968198025705995,Rook,"ACLED (Armed Conflict Location & Event Data), course file accessed 2026-10-08; https://acleddata.com/; original township/time aggregation and statistics"
MMR017024,-0.4273467659950256,0.0127165038138628,0,10,-1.458843874972113,0.01,Sporadic cold spot,Sporadic cold spot,0.03150224808434193,Rook,"ACLED (Armed Conflict Location & Event Data), course file accessed 2026-10-08; https://acleddata.com/; original township/time aggregation and statistics"
MMR017025,-0.3657960593700409,0.03244173899292946,0,16,-2.128579007743044,0.002,Sporadic cold spot,Sporadic cold spot,0.06815178943081544,Rook,"ACLED (Armed Conflict Location & Event Data), course file accessed 2026-10-08; https://acleddata.com/; original township/time aggregation and statistics"
MMR017026,-0.5493736863136292,0.00137404236011207,0,7,-1.3612932506676154,0.006,Sporadic cold spot,Sporadic cold spot,0.00483131023394244,Rook,"ACLED (Armed Conflict Location & Event Data), course file accessed 2026-10-08; https://acleddata.com/; original township/time aggregation and statistics"
MMR018001,0.2580656409263611,0.132246732711792,0,5,-1.3323148248501255,0.124,No pattern detected,No pattern detected,0.20891150529833807,Rook,"ACLED (Armed Conflict Location & Event Data), course file accessed 2026-10-08; https://acleddata.com/; original township/time aggregation and statistics"
MMR018002,-0.16619040071964264,0.3433767557144165,0,13,-1.656637681762416,0.006,Sporadic cold spot,Sporadic cold spot,0.4445782892788823,Rook,"ACLED (Armed Conflict Location & Event Data), course file accessed 2026-10-08; https://acleddata.com/; original township/time aggregation and statistics"
MMR018003,0.1000017300248146,0.5751687288284302,0,10,-1.7918914865247393,0.01,Sporadic cold spot,Sporadic cold spot,0.6698692328565061,Rook,"ACLED (Armed Conflict Location & Event Data), course file accessed 2026-10-08; https://acleddata.com/; original township/time aggregation and statistics"
MMR018004,-0.12501993775367737,0.4823151230812073,0,11,-1.636367503205398,0.006,Sporadic cold spot,Sporadic cold spot,0.5884875488990302,Rook,"ACLED (Armed Conflict Location & Event Data), course file accessed 2026-10-08; https://acleddata.com/; original township/time aggregation and statistics"
MMR018005,-0.10245612263679504,0.5729634165763855,0,15,-1.7965412470204123,0.008,Sporadic cold spot,Sporadic cold spot,0.6698692328565061,Rook,"ACLED (Armed Conflict Location & Event Data), course file accessed 2026-10-08; https://acleddata.com/; original township/time aggregation and statistics"
MMR018006,0.3284471929073334,0.05418121814727783,0,2,-0.4098571768934603,0.894,No pattern detected,No pattern detected,0.10312451517512632,Rook,"ACLED (Armed Conflict Location & Event Data), course file accessed 2026-10-08; https://acleddata.com/; original township/time aggregation and statistics"
MMR018007,0.4058893918991089,0.01722192764282226,0,3,-1.4530165093522458,0.096,No pattern detected,No pattern detected,0.03910812735557556,Rook,"ACLED (Armed Conflict Location & Event Data), course file accessed 2026-10-08; https://acleddata.com/; original township/time aggregation and statistics"
MMR018008,-0.1068366914987564,0.5506221055984497,0,16,-1.85797072562577,0.006,Sporadic cold spot,Sporadic cold spot,0.6537202635537023,Rook,"ACLED (Armed Conflict Location & Event Data), course file accessed 2026-10-08; https://acleddata.com/; original township/time aggregation and statistics"
MMR001001,0.39181289076805115,0.02094089984893799,1,1,0.7999887999475891,0.404,No pattern detected,No pattern detected,0.04595754530605853,Precision 1 only,"ACLED (Armed Conflict Location & Event Data), course file accessed 2026-10-08; https://acleddata.com/; original township/time aggregation and statistics"
MMR001002,0.05263158306479454,0.7795660495758057,0,0,-0.6622112509937772,0.352,No pattern detected,No pattern detected,0.8303521114374217,Precision 1 only,"ACLED (Armed Conflict Location & Event Data), course file accessed 2026-10-08; https://acleddata.com/; original township/time aggregation and statistics"
MMR001003,0.14159847795963287,0.4201565980911255,0,0,-1.102622627602013,0.272,No pattern detected,No pattern detected,0.5114410995993915,Precision 1 only,"ACLED (Armed Conflict Location & Event Data), course file accessed 2026-10-08; https://acleddata.com/; original township/time aggregation and statistics"
MMR001004,0.15789474546909332,0.3630204200744629,0,1,0.8953986841969249,0.29,No pattern detected,No pattern detected,0.4583308006345535,Precision 1 only,"ACLED (Armed Conflict Location & Event Data), course file accessed 2026-10-08; https://acleddata.com/; original township/time aggregation and statistics"
MMR001005,0.25445568561553955,0.14074981212615967,0,3,-0.7990120824985526,0.562,No pattern detected,No pattern detected,0.21656258383365432,Precision 1 only,"ACLED (Armed Conflict Location & Event Data), course file accessed 2026-10-08; https://acleddata.com/; original township/time aggregation and statistics"
MMR001006,0.2275429368019104,0.222581148147583,0,15,-1.475114493656679,0.002,Sporadic cold spot,Sporadic cold spot,0.30581527497588085,Precision 1 only,"ACLED (Armed Conflict Location & Event Data), course file accessed 2026-10-08; https://acleddata.com/; original township/time aggregation and statistics"
MMR001007,0.2580656409263611,0.132246732711792,6,0,2.4491064225579104,0.042,Sporadic hot spot,No pattern detected,0.20790712306132683,Precision 1 only,"ACLED (Armed Conflict Location & Event Data), course file accessed 2026-10-08; https://acleddata.com/; original township/time aggregation and statistics"
MMR001008,0.1887979656457901,0.2772359848022461,2,0,3.1801864580057173,0.014,Sporadic hot spot,No pattern detected,0.36852100418835154,Precision 1 only,"ACLED (Armed Conflict Location & Event Data), course file accessed 2026-10-08; https://acleddata.com/; original township/time aggregation and statistics"
MMR001009,0.3657960593700409,0.03251278400421142,0,0,2.3343784319962495,0.36,No pattern detected,No pattern detected,0.06451036067432668,Precision 1 only,"ACLED (Armed Conflict Location & Event Data), course file accessed 2026-10-08; https://acleddata.com/; original township/time aggregation and statistics"
MMR001010,0.3893958032131195,0.02271175384521484,1,0,0.7102215921361956,0.978,No pattern detected,No pattern detected,0.04918373183698844,Precision 1 only,"ACLED (Armed Conflict Location & Event Data), course file accessed 2026-10-08; https://acleddata.com/; original township/time aggregation and statistics"
MMR001011,0.47647884488105774,0.00507426261901855,0,0,1.8146482432410336,0.13,No pattern detected,No pattern detected,0.01382751156343147,Precision 1 only,"ACLED (Armed Conflict Location & Event Data), course file accessed 2026-10-08; https://acleddata.com/; original township/time aggregation and statistics"
MMR001012,0.3753682076931,0.02742314338684082,2,0,1.22340984694116,0.138,No pattern detected,No pattern detected,0.05711700067303743,Precision 1 only,"ACLED (Armed Conflict Location & Event Data), course file accessed 2026-10-08; https://acleddata.com/; original township/time aggregation and statistics"
MMR001013,0.2882402837276459,0.09269165992736816,1,2,-0.03689055419942904,0.768,No pattern detected,No pattern detected,0.154523408352421,Precision 1 only,"ACLED (Armed Conflict Location & Event Data), course file accessed 2026-10-08; https://acleddata.com/; original township/time aggregation and statistics"
MMR001014,-0.35828718543052673,0.03808837756514549,0,13,-1.6228106782436509,0.004,Sporadic cold spot,Sporadic cold spot,0.07326411449295633,Precision 1 only,"ACLED (Armed Conflict Location & Event Data), course file accessed 2026-10-08; https://acleddata.com/; original township/time aggregation and statistics"
MMR001015,-0.3588297367095947,0.03557882830500603,0,8,-1.583876898207923,0.042,Sporadic cold spot,No pattern detected,0.0692516479508153,Precision 1 only,"ACLED (Armed Conflict Location & Event Data), course file accessed 2026-10-08; https://acleddata.com/; original township/time aggregation and statistics"
MMR001016,-0.3748294115066528,0.03131158649921417,0,13,-1.6939661913732709,0.002,Sporadic cold spot,Sporadic cold spot,0.06359558251703748,Precision 1 only,"ACLED (Armed Conflict Location & Event Data), course file accessed 2026-10-08; https://acleddata.com/; original township/time aggregation and statistics"
MMR001017,-0.3771256506443024,0.03274837881326675,0,13,-1.5148852237248038,0.006,Sporadic cold spot,Sporadic cold spot,0.06451036067432668,Precision 1 only,"ACLED (Armed Conflict Location & Event Data), course file accessed 2026-10-08; https://acleddata.com/; original township/time aggregation and statistics"
MMR001018,-0.03153648599982262,0.8853573799133301,0,19,-1.823463078045488,0.002,Persistent cold spot,Sporadic cold spot,0.9190852801005046,Precision 1 only,"ACLED (Armed Conflict Location & Event Data), course file accessed 2026-10-08; https://acleddata.com/; original township/time aggregation and statistics"
MMR002001,-0.06470700353384018,0.7261250019073486,1,1,0.05118970888449536,0.76,No pattern detected,No pattern detected,0.7914762520790101,Precision 1 only,"ACLED (Armed Conflict Location & Event Data), course file accessed 2026-10-08; https://acleddata.com/; original township/time aggregation and statistics"
MMR002002,-0.25146201252937317,0.14172597229480743,4,1,0.6897434984690077,0.768,No pattern detected,No pattern detected,0.21656258383365432,Precision 1 only,"ACLED (Armed Conflict Location & Event Data), course file accessed 2026-10-08; https://acleddata.com/; original township/time aggregation and statistics"
MMR002003,-0.13450293242931366,0.4414881467819214,2,1,0.8401541393250006,0.298,No pattern detected,No pattern detected,0.5327181697331672,Precision 1 only,"ACLED (Armed Conflict Location & Event Data), course file accessed 2026-10-08; https://acleddata.com/; original township/time aggregation and statistics"
MMR002004,-0.2411806434392929,0.1611725389957428,0,1,-1.4093441388547898,0.054,No pattern detected,No pattern detected,0.24032446146011352,Precision 1 only,"ACLED (Armed Conflict Location & Event Data), course file accessed 2026-10-08; https://acleddata.com/; original township/time aggregation and statistics"
MMR002005,-0.3167169392108917,0.06354325264692307,2,1,-0.6514467489089724,0.648,No pattern detected,No pattern detected,0.11052470008268,Precision 1 only,"ACLED (Armed Conflict Location & Event Data), course file accessed 2026-10-08; https://acleddata.com/; original township/time aggregation and statistics"
MMR002006,0.1941210031509399,0.262325644493103,0,4,-0.6865532901434506,0.348,No pattern detected,No pattern detected,0.3515593678247733,Precision 1 only,"ACLED (Armed Conflict Location & Event Data), course file accessed 2026-10-08; https://acleddata.com/; original township/time aggregation and statistics"
MMR002007,0.6411875486373901,1.5485286712646484e-4,0,0,-0.480846241953552,0.894,No pattern detected,No pattern detected,8.585283229861536e-4,Precision 1 only,"ACLED (Armed Conflict Location & Event Data), course file accessed 2026-10-08; https://acleddata.com/; original township/time aggregation and statistics"
MMR003001,0.5789474248886108,6.067752838134766e-4,3,0,2.696377831530108,0.034,Sporadic hot spot,No pattern detected,0.00239054840731333,Precision 1 only,"ACLED (Armed Conflict Location & Event Data), course file accessed 2026-10-08; https://acleddata.com/; original township/time aggregation and statistics"
MMR003002,0.5740047097206116,7.603168487548828e-4,5,0,5.848518200366477,0.002,Sporadic hot spot,Consecutive hot spot,0.00282526829025962,Precision 1 only,"ACLED (Armed Conflict Location & Event Data), course file accessed 2026-10-08; https://acleddata.com/; original township/time aggregation and statistics"
MMR003003,0.7272759079933167,1.6689300537109375e-5,0,2,1.4673036234339694,0.156,No pattern detected,No pattern detected,2.480636943470348e-4,Precision 1 only,"ACLED (Armed Conflict Location & Event Data), course file accessed 2026-10-08; https://acleddata.com/; original township/time aggregation and statistics"
MMR003004,0.6842105984687805,4.947185516357422e-5,2,2,1.494637125551344,0.134,No pattern detected,No pattern detected,4.758028423084932e-4,Precision 1 only,"ACLED (Armed Conflict Location & Event Data), course file accessed 2026-10-08; https://acleddata.com/; original township/time aggregation and statistics"
MMR003005,0.5630522966384888,8.820295333862305e-4,7,0,6.518802250036459,0.004,Sporadic hot spot,Sporadic hot spot,0.00316966518345237,Precision 1 only,"ACLED (Armed Conflict Location & Event Data), course file accessed 2026-10-08; https://acleddata.com/; original township/time aggregation and statistics"
MMR003006,0.5865128636360168,5.288124084472656e-4,3,0,4.965512512569537,0.002,Sporadic hot spot,New hot spot,0.00213483527854636,Precision 1 only,"ACLED (Armed Conflict Location & Event Data), course file accessed 2026-10-08; https://acleddata.com/; original township/time aggregation and statistics"
MMR003007,0.6058928370475769,3.5309791564941406e-4,8,0,4.762663795407517,0.004,Sporadic hot spot,Sporadic hot spot,0.00158168518379943,Precision 1 only,"ACLED (Armed Conflict Location & Event Data), course file accessed 2026-10-08; https://acleddata.com/; original township/time aggregation and statistics"
MMR004001,0.05263158306479454,0.7795660495758057,6,0,0.0849216368672355,0.782,No pattern detected,No pattern detected,0.8303521114374217,Precision 1 only,"ACLED (Armed Conflict Location & Event Data), course file accessed 2026-10-08; https://acleddata.com/; original township/time aggregation and statistics"
MMR004002,-0.01173025649040937,0.9720741510391236,6,0,-0.29675564857703735,0.942,No pattern detected,No pattern detected,0.984112221021032,Precision 1 only,"ACLED (Armed Conflict Location & Event Data), course file accessed 2026-10-08; https://acleddata.com/; original township/time aggregation and statistics"
MMR004003,0.05935371667146683,0.7520269155502319,0,0,-0.8387828125666776,0.544,No pattern detected,No pattern detected,0.8115934039106464,Precision 1 only,"ACLED (Armed Conflict Location & Event Data), course file accessed 2026-10-08; https://acleddata.com/; original township/time aggregation and statistics"
MMR004004,0.17160965502262115,0.3260984420776367,6,0,0.39410981954519936,0.534,No pattern detected,No pattern detected,0.41981964787160314,Precision 1 only,"ACLED (Armed Conflict Location & Event Data), course file accessed 2026-10-08; https://acleddata.com/; original township/time aggregation and statistics"
MMR004005,0.2005978375673294,0.2474156618118286,9,0,0.235026899272699,0.484,No pattern detected,No pattern detected,0.3351018349986431,Precision 1 only,"ACLED (Armed Conflict Location & Event Data), course file accessed 2026-10-08; https://acleddata.com/; original township/time aggregation and statistics"
MMR004006,0.2374148666858673,0.1709386110305786,0,1,-0.7190364269406516,0.592,No pattern detected,No pattern detected,0.2480119272475726,Precision 1 only,"ACLED (Armed Conflict Location & Event Data), course file accessed 2026-10-08; https://acleddata.com/; original township/time aggregation and statistics"
MMR004007,0.1823561042547226,0.2933255434036255,0,0,-0.9823090599505356,0.34,No pattern detected,No pattern detected,0.3859876207558505,Precision 1 only,"ACLED (Armed Conflict Location & Event Data), course file accessed 2026-10-08; https://acleddata.com/; original township/time aggregation and statistics"
MMR004008,0.3846423327922821,0.02473616600036621,1,0,-0.6215870165490482,0.616,No pattern detected,No pattern detected,0.05264974724162709,Precision 1 only,"ACLED (Armed Conflict Location & Event Data), course file accessed 2026-10-08; https://acleddata.com/; original township/time aggregation and statistics"
MMR004009,0.25294557213783264,0.14123821258544922,2,1,-1.0744222581987442,0.248,No pattern detected,No pattern detected,0.21656258383365432,Precision 1 only,"ACLED (Armed Conflict Location & Event Data), course file accessed 2026-10-08; https://acleddata.com/; original township/time aggregation and statistics"
MMR005001,0.2815261483192444,0.09990191459655762,7,2,2.0776134715380405,0.124,No pattern detected,No pattern detected,0.16333967909216882,Precision 1 only,"ACLED (Armed Conflict Location & Event Data), course file accessed 2026-10-08; https://acleddata.com/; original township/time aggregation and statistics"
MMR005002,0.15789474546909332,0.3630204200744629,15,0,1.9052165636849243,0.122,No pattern detected,No pattern detected,0.4583308006345535,Precision 1 only,"ACLED (Armed Conflict Location & Event Data), course file accessed 2026-10-08; https://acleddata.com/; original township/time aggregation and statistics"
MMR005003,0.39181289076805115,0.02094089984893799,12,1,1.71719883284943,0.084,No pattern detected,No pattern detected,0.04595754530605853,Precision 1 only,"ACLED (Armed Conflict Location & Event Data), course file accessed 2026-10-08; https://acleddata.com/; original township/time aggregation and statistics"
MMR005004,0.0703815370798111,0.7001802921295166,13,0,1.684715696052228,0.14,No pattern detected,No pattern detected,0.7683187081109757,Precision 1 only,"ACLED (Armed Conflict Location & Event Data), course file accessed 2026-10-08; https://acleddata.com/; original township/time aggregation and statistics"
MMR005005,0.3684210777282715,0.03007471561431884,15,0,3.1789399887234784,0.034,Consecutive hot spot,No pattern detected,0.06146520003676415,Precision 1 only,"ACLED (Armed Conflict Location & Event Data), course file accessed 2026-10-08; https://acleddata.com/; original township/time aggregation and statistics"
MMR005006,0.3636379539966583,0.03272616863250732,15,1,3.61968490271848,0.028,Consecutive hot spot,No pattern detected,0.06451036067432668,Precision 1 only,"ACLED (Armed Conflict Location & Event Data), course file accessed 2026-10-08; https://acleddata.com/; original township/time aggregation and statistics"
MMR005007,0,1,11,2,1.458204667738545,0.26,No pattern detected,No pattern detected,1,Precision 1 only,"ACLED (Armed Conflict Location & Event Data), course file accessed 2026-10-08; https://acleddata.com/; original township/time aggregation and statistics"
MMR005008,-0.03519076853990555,0.8610520958900452,2,2,-0.4697667640267821,0.828,No pattern detected,No pattern detected,0.8967007495415439,Precision 1 only,"ACLED (Armed Conflict Location & Event Data), course file accessed 2026-10-08; https://acleddata.com/; original township/time aggregation and statistics"
MMR005009,-0.1642235964536667,0.3445623517036438,14,1,1.03610018008233,0.232,No pattern detected,No pattern detected,0.4384120194828464,Precision 1 only,"ACLED (Armed Conflict Location & Event Data), course file accessed 2026-10-08; https://acleddata.com/; original township/time aggregation and statistics"
MMR005010,0.13450293242931366,0.4414881467819214,13,1,1.5442758607304934,0.112,No pattern detected,No pattern detected,0.5327181697331672,Precision 1 only,"ACLED (Armed Conflict Location & Event Data), course file accessed 2026-10-08; https://acleddata.com/; original township/time aggregation and statistics"
MMR005011,-0.02923976816236972,0.8887056112289429,7,2,0.29838817625609654,0.52,No pattern detected,No pattern detected,0.9196415660502036,Precision 1 only,"ACLED (Armed Conflict Location & Event Data), course file accessed 2026-10-08; https://acleddata.com/; original township/time aggregation and statistics"
MMR005012,0.0058479537256062,1,13,1,1.3036487254275375,0.312,No pattern detected,No pattern detected,1,Precision 1 only,"ACLED (Armed Conflict Location & Event Data), course file accessed 2026-10-08; https://acleddata.com/; original township/time aggregation and statistics"
MMR005013,-0.1642235964536667,0.3445623517036438,13,0,1.1325023704998094,0.27,No pattern detected,No pattern detected,0.4384120194828464,Precision 1 only,"ACLED (Armed Conflict Location & Event Data), course file accessed 2026-10-08; https://acleddata.com/; original township/time aggregation and statistics"
MMR005014,0.08211179822683334,0.6490437984466553,15,0,2.326314050465096,0.042,Sporadic hot spot,No pattern detected,0.7293378766050044,Precision 1 only,"ACLED (Armed Conflict Location & Event Data), course file accessed 2026-10-08; https://acleddata.com/; original township/time aggregation and statistics"
MMR005015,0.05263158306479454,0.7795660495758057,14,0,1.1974686440942124,0.28,No pattern detected,No pattern detected,0.8303521114374217,Precision 1 only,"ACLED (Armed Conflict Location & Event Data), course file accessed 2026-10-08; https://acleddata.com/; original township/time aggregation and statistics"
MMR005016,-0.0703815370798111,0.7001803517341614,15,0,2.04203020082144,0.066,No pattern detected,No pattern detected,0.7683187081109757,Precision 1 only,"ACLED (Armed Conflict Location & Event Data), course file accessed 2026-10-08; https://acleddata.com/; original township/time aggregation and statistics"
MMR005017,-0.14706137776374817,0.4005253314971924,13,1,0.8953986841969249,0.388,No pattern detected,No pattern detected,0.4930847049655771,Precision 1 only,"ACLED (Armed Conflict Location & Event Data), course file accessed 2026-10-08; https://acleddata.com/; original township/time aggregation and statistics"
MMR005018,0.1461988389492035,0.40110254287719727,16,0,2.777489929158137,0.03,Consecutive hot spot,No pattern detected,0.4930847049655771,Precision 1 only,"ACLED (Armed Conflict Location & Event Data), course file accessed 2026-10-08; https://acleddata.com/; original township/time aggregation and statistics"
MMR005019,0.21637429296970367,0.2078566551208496,15,1,2.8376467129838763,0.02,Consecutive hot spot,No pattern detected,0.2917129880880593,Precision 1 only,"ACLED (Armed Conflict Location & Event Data), course file accessed 2026-10-08; https://acleddata.com/; original township/time aggregation and statistics"
MMR005020,0.15249334275722504,0.3814786672592163,0,0,0.2554576769753804,0.668,No pattern detected,No pattern detected,0.47978278536062974,Precision 1 only,"ACLED (Armed Conflict Location & Event Data), course file accessed 2026-10-08; https://acleddata.com/; original township/time aggregation and statistics"
MMR005021,0.11730256676673888,0.5059653520584106,0,1,0.38539022416418506,0.5,No pattern detected,No pattern detected,0.5908952504396439,Precision 1 only,"ACLED (Armed Conflict Location & Event Data), course file accessed 2026-10-08; https://acleddata.com/; original township/time aggregation and statistics"
MMR005022,0.3753682076931,0.02742314338684082,2,2,1.3737837702073017,0.176,No pattern detected,No pattern detected,0.05711700067303743,Precision 1 only,"ACLED (Armed Conflict Location & Event Data), course file accessed 2026-10-08; https://acleddata.com/; original township/time aggregation and statistics"
MMR005023,0.4340195059776306,0.01060318946838378,0,2,-0.14011408639019263,0.884,No pattern detected,No pattern detected,0.02646750348214884,Precision 1 only,"ACLED (Armed Conflict Location & Event Data), course file accessed 2026-10-08; https://acleddata.com/; original township/time aggregation and statistics"
MMR005024,0.14159847795963287,0.4199662208557129,2,2,0.2229745401781799,0.644,No pattern detected,No pattern detected,0.5114410995993915,Precision 1 only,"ACLED (Armed Conflict Location & Event Data), course file accessed 2026-10-08; https://acleddata.com/; original township/time aggregation and statistics"
MMR005025,0.12979860603809357,0.461700439453125,0,2,-0.23178937498263505,0.966,No pattern detected,No pattern detected,0.551007458763401,Precision 1 only,"ACLED (Armed Conflict Location & Event Data), course file accessed 2026-10-08; https://acleddata.com/; original township/time aggregation and statistics"
MMR005026,0.1823561042547226,0.2933255434036255,0,2,-0.7840027005350537,0.548,No pattern detected,No pattern detected,0.3859876207558505,Precision 1 only,"ACLED (Armed Conflict Location & Event Data), course file accessed 2026-10-08; https://acleddata.com/; original township/time aggregation and statistics"
MMR005027,0.0058479537256062,1,1,1,-0.433712413711448,0.6,No pattern detected,No pattern detected,1,Precision 1 only,"ACLED (Armed Conflict Location & Event Data), course file accessed 2026-10-08; https://acleddata.com/; original township/time aggregation and statistics"
MMR005028,-0.0760233998298645,0.6746119260787964,3,0,-0.306433685345676,0.956,No pattern detected,No pattern detected,0.7477901689076828,Precision 1 only,"ACLED (Armed Conflict Location & Event Data), course file accessed 2026-10-08; https://acleddata.com/; original township/time aggregation and statistics"
MMR005029,-0.03519076853990555,0.8610520958900452,10,0,0.07933000806157614,0.73,No pattern detected,No pattern detected,0.8967007495415439,Precision 1 only,"ACLED (Armed Conflict Location & Event Data), course file accessed 2026-10-08; https://acleddata.com/; original township/time aggregation and statistics"
MMR005030,0.2580656409263611,0.132246732711792,4,0,-0.459171332563043,0.804,No pattern detected,No pattern detected,0.20790712306132683,Precision 1 only,"ACLED (Armed Conflict Location & Event Data), course file accessed 2026-10-08; https://acleddata.com/; original township/time aggregation and statistics"
MMR005031,0.1461988389492035,0.40110254287719727,6,0,-0.5891038797518473,0.488,No pattern detected,No pattern detected,0.4930847049655771,Precision 1 only,"ACLED (Armed Conflict Location & Event Data), course file accessed 2026-10-08; https://acleddata.com/; original township/time aggregation and statistics"
MMR005032,0.28654974699020386,0.09309208393096924,1,0,-1.2229361952534905,0.184,No pattern detected,No pattern detected,0.154523408352421,Precision 1 only,"ACLED (Armed Conflict Location & Event Data), course file accessed 2026-10-08; https://acleddata.com/; original township/time aggregation and statistics"
MMR005033,0.33529993891716003,0.04980969429016113,0,0,1.0028648062988437,0.208,No pattern detected,No pattern detected,0.09150432602743085,Precision 1 only,"ACLED (Armed Conflict Location & Event Data), course file accessed 2026-10-08; https://acleddata.com/; original township/time aggregation and statistics"
MMR005034,0.3636379539966583,0.03272616863250732,1,0,1.8521688562176788,0.078,No pattern detected,No pattern detected,0.06451036067432668,Precision 1 only,"ACLED (Armed Conflict Location & Event Data), course file accessed 2026-10-08; https://acleddata.com/; original township/time aggregation and statistics"
MMR005035,0.20711509883403775,0.2330918312072754,0,0,-1.0821382867171316,0.212,No pattern detected,No pattern detected,0.3189164385137199,Precision 1 only,"ACLED (Armed Conflict Location & Event Data), course file accessed 2026-10-08; https://acleddata.com/; original township/time aggregation and statistics"
MMR005036,-0.6346628069877625,7.020033081062138e-4,0,14,-1.3117177077041604,0.012,Sporadic cold spot,Sporadic cold spot,0.00263856415805439,Precision 1 only,"ACLED (Armed Conflict Location & Event Data), course file accessed 2026-10-08; https://acleddata.com/; original township/time aggregation and statistics"
MMR005037,-0.4120977520942688,0.02042362280189991,0,14,-1.4353437635885538,0.026,Sporadic cold spot,No pattern detected,0.04595754530605853,Precision 1 only,"ACLED (Armed Conflict Location & Event Data), course file accessed 2026-10-08; https://acleddata.com/; original township/time aggregation and statistics"
MMR006001,0.4152047038078308,0.01432573795318603,13,1,4.445782323814319,0.01,Consecutive hot spot,Sporadic hot spot,0.03394577036733212,Precision 1 only,"ACLED (Armed Conflict Location & Event Data), course file accessed 2026-10-08; https://acleddata.com/; original township/time aggregation and statistics"
MMR006002,0.23976610600948337,0.16168618202209473,6,0,2.6610414334283283,0.058,No pattern detected,No pattern detected,0.24032446146011352,Precision 1 only,"ACLED (Armed Conflict Location & Event Data), course file accessed 2026-10-08; https://acleddata.com/; original township/time aggregation and statistics"
MMR006003,0.27647536993026733,0.10711216926574708,10,0,3.1780609243139537,0.012,Sporadic hot spot,Sporadic hot spot,0.17425711119352882,Precision 1 only,"ACLED (Armed Conflict Location & Event Data), course file accessed 2026-10-08; https://acleddata.com/; original township/time aggregation and statistics"
MMR006004,0.093842051923275,0.59951019287109375,10,0,1.7463146418614517,0.154,No pattern detected,No pattern detected,0.6830656204489465,Precision 1 only,"ACLED (Armed Conflict Location & Event Data), course file accessed 2026-10-08; https://acleddata.com/; original township/time aggregation and statistics"
MMR006005,0.5789474248886108,6.067752838134766e-4,9,0,2.3031048628152027,0.05,No pattern detected,No pattern detected,0.00239054840731333,Precision 1 only,"ACLED (Armed Conflict Location & Event Data), course file accessed 2026-10-08; https://acleddata.com/; original township/time aggregation and statistics"
MMR006006,0.7823665142059326,3.814697265625e-6,1,1,1.1497536908395751,0.204,No pattern detected,No pattern detected,8.910042898995536e-5,Precision 1 only,"ACLED (Armed Conflict Location & Event Data), course file accessed 2026-10-08; https://acleddata.com/; original township/time aggregation and statistics"
MMR006007,0.5278615355491638,0.00183558464050292,11,0,3.7138528064778686,0.01,Sporadic hot spot,Sporadic hot spot,0.00612485895351487,Precision 1 only,"ACLED (Armed Conflict Location & Event Data), course file accessed 2026-10-08; https://acleddata.com/; original township/time aggregation and statistics"
MMR006008,0.5204678773880005,0.00207889080047607,3,0,2.171962748010245,0.11,No pattern detected,No pattern detected,0.00659997370636578,Precision 1 only,"ACLED (Armed Conflict Location & Event Data), course file accessed 2026-10-08; https://acleddata.com/; original township/time aggregation and statistics"
MMR006009,0.4606778919696808,0.00867736339569091,0,0,-0.396126285106412,0.892,No pattern detected,No pattern detected,0.02199610721233279,Precision 1 only,"ACLED (Armed Conflict Location & Event Data), course file accessed 2026-10-08; https://acleddata.com/; original township/time aggregation and statistics"
MMR006010,0.8176612257957458,1.3113021850585938e-06,1,2,1.308836611112076,0.152,No pattern detected,No pattern detected,7.146596908569336e-5,Precision 1 only,"ACLED (Armed Conflict Location & Event Data), course file accessed 2026-10-08; https://acleddata.com/; original township/time aggregation and statistics"
MMR007001,0.47647884488105774,0.00507426261901855,0,9,-0.9372639294906472,0.412,No pattern detected,No pattern detected,0.01382751156343147,Precision 1 only,"ACLED (Armed Conflict Location & Event Data), course file accessed 2026-10-08; https://acleddata.com/; original township/time aggregation and statistics"
MMR007002,-0.3679930567741394,0.03222893923521042,0,2,-1.117177923043553,0.264,No pattern detected,No pattern detected,0.06451036067432668,Precision 1 only,"ACLED (Armed Conflict Location & Event Data), course file accessed 2026-10-08; https://acleddata.com/; original township/time aggregation and statistics"
MMR007003,-0.6169434785842896,3.318371600471437e-4,0,8,-1.5516551651140305,0.012,Sporadic cold spot,Sporadic cold spot,0.00152832044134388,Precision 1 only,"ACLED (Armed Conflict Location & Event Data), course file accessed 2026-10-08; https://acleddata.com/; original township/time aggregation and statistics"
MMR007004,0.6099733710289001,3.1125545501708984e-4,0,0,0.551688927605803,0.422,No pattern detected,No pattern detected,0.00145400762557983,Precision 1 only,"ACLED (Armed Conflict Location & Event Data), course file accessed 2026-10-08; https://acleddata.com/; original township/time aggregation and statistics"
MMR007005,0.5298464298248291,0.0019923448562622,1,3,1.15225433381154,0.306,No pattern detected,No pattern detected,0.00651501640677452,Precision 1 only,"ACLED (Armed Conflict Location & Event Data), course file accessed 2026-10-08; https://acleddata.com/; original township/time aggregation and statistics"
MMR007006,0.6334338784217834,1.798868179321289e-4,7,5,3.0072516170828902,0.026,Oscillating hot spot,No pattern detected,9.336982454572404e-4,Precision 1 only,"ACLED (Armed Conflict Location & Event Data), course file accessed 2026-10-08; https://acleddata.com/; original township/time aggregation and statistics"
MMR007007,0.4294191896915436,0.01166725158691406,2,0,0.191654906561666,0.59,No pattern detected,No pattern detected,0.02868564863850299,Precision 1 only,"ACLED (Armed Conflict Location & Event Data), course file accessed 2026-10-08; https://acleddata.com/; original township/time aggregation and statistics"
MMR007008,0.7192983031272888,1.9669532775878903e-5,10,0,3.005921122477999,0.024,Consecutive hot spot,No pattern detected,2.679973840713501e-4,Precision 1 only,"ACLED (Armed Conflict Location & Event Data), course file accessed 2026-10-08; https://acleddata.com/; original township/time aggregation and statistics"
MMR007009,0.6725927591323853,7.474422454833984e-5,0,4,-0.1993062381854342,0.88,No pattern detected,No pattern detected,5.819371768406459e-4,Precision 1 only,"ACLED (Armed Conflict Location & Event Data), course file accessed 2026-10-08; https://acleddata.com/; original township/time aggregation and statistics"
MMR007010,0.6725146770477295,6.651878356933594e-5,0,3,-0.426688195765842,0.816,No pattern detected,No pattern detected,5.305278591993378e-4,Precision 1 only,"ACLED (Armed Conflict Location & Event Data), course file accessed 2026-10-08; https://acleddata.com/; original township/time aggregation and statistics"
MMR007011,0.6491228938102722,1.188516616821289e-4,6,4,2.6571763615066613,0.066,No pattern detected,No pattern detected,7.931529259195132e-4,Precision 1 only,"ACLED (Armed Conflict Location & Event Data), course file accessed 2026-10-08; https://acleddata.com/; original township/time aggregation and statistics"
MMR007012,0.6725146770477295,6.651878356933594e-5,6,5,2.0856869151621433,0.08,No pattern detected,No pattern detected,5.305278591993378e-4,Precision 1 only,"ACLED (Armed Conflict Location & Event Data), course file accessed 2026-10-08; https://acleddata.com/; original township/time aggregation and statistics"
MMR007013,0.6257310509681702,2.084970474243164e-4,1,0,0.44069920251533673,0.476,No pattern detected,No pattern detected,0.00103300809860229,Precision 1 only,"ACLED (Armed Conflict Location & Event Data), course file accessed 2026-10-08; https://acleddata.com/; original township/time aggregation and statistics"
MMR007014,0.6608187556266785,8.916854858398436e-5,5,3,2.1069964744158423,0.048,Oscillating hot spot,No pattern detected,6.479581197102864e-4,Precision 1 only,"ACLED (Armed Conflict Location & Event Data), course file accessed 2026-10-08; https://acleddata.com/; original township/time aggregation and statistics"
MMR008001,0.3323808014392853,0.05349361896514892,0,7,-1.1413172053042655,0.178,No pattern detected,No pattern detected,0.09681768273259256,Precision 1 only,"ACLED (Armed Conflict Location & Event Data), course file accessed 2026-10-08; https://acleddata.com/; original township/time aggregation and statistics"
MMR008002,0.6764823198318481,6.520748138427734e-5,0,2,-0.13158150424392898,0.984,No pattern detected,No pattern detected,5.305278591993378e-4,Precision 1 only,"ACLED (Armed Conflict Location & Event Data), course file accessed 2026-10-08; https://acleddata.com/; original township/time aggregation and statistics"
MMR008003,0.25445568561553955,0.1405869722366333,1,10,-1.3276849507924733,0.146,No pattern detected,No pattern detected,0.21656258383365432,Precision 1 only,"ACLED (Armed Conflict Location & Event Data), course file accessed 2026-10-08; https://acleddata.com/; original township/time aggregation and statistics"
MMR008004,0.7160264849662781,2.5510787963867188e-05,0,0,-0.2819925916129266,1,No pattern detected,No pattern detected,2.9706543889539e-4,Precision 1 only,"ACLED (Armed Conflict Location & Event Data), course file accessed 2026-10-08; https://acleddata.com/; original township/time aggregation and statistics"
MMR008005,0.48379480838775635,0.004524827003479,0,0,-0.5891038797518471,0.702,No pattern detected,No pattern detected,0.01297910903629503,Precision 1 only,"ACLED (Armed Conflict Location & Event Data), course file accessed 2026-10-08; https://acleddata.com/; original township/time aggregation and statistics"
MMR008006,0.2136733829975128,0.21934962272644043,0,7,-1.0725442356891437,0.256,No pattern detected,No pattern detected,0.30421056400371504,Precision 1 only,"ACLED (Armed Conflict Location & Event Data), course file accessed 2026-10-08; https://acleddata.com/; original township/time aggregation and statistics"
MMR008007,0.2374148666858673,0.17111444473266602,0,1,-0.7689445206882076,0.444,No pattern detected,No pattern detected,0.2480119272475726,Precision 1 only,"ACLED (Armed Conflict Location & Event Data), course file accessed 2026-10-08; https://acleddata.com/; original township/time aggregation and statistics"
MMR008008,0.7823665142059326,3.814697265625e-6,0,6,1.0517645578371888,0.266,No pattern detected,No pattern detected,8.910042898995536e-5,Precision 1 only,"ACLED (Armed Conflict Location & Event Data), course file accessed 2026-10-08; https://acleddata.com/; original township/time aggregation and statistics"
MMR008009,0.7823665142059326,3.814697265625e-6,0,3,2.183792672610827,0.07,No pattern detected,No pattern detected,8.910042898995536e-5,Precision 1 only,"ACLED (Armed Conflict Location & Event Data), course file accessed 2026-10-08; https://acleddata.com/; original township/time aggregation and statistics"
MMR008010,0.8479533195495605,4.76837158203125e-7,1,7,2.2369290216046473,0.106,No pattern detected,No pattern detected,3.118515014648438e-5,Precision 1 only,"ACLED (Armed Conflict Location & Event Data), course file accessed 2026-10-08; https://acleddata.com/; original township/time aggregation and statistics"
MMR008011,0.5579249262809753,0.00109457969665527,0,0,0.06575881821801331,0.582,No pattern detected,No pattern detected,0.00389051696528559,Precision 1 only,"ACLED (Armed Conflict Location & Event Data), course file accessed 2026-10-08; https://acleddata.com/; original township/time aggregation and statistics"
MMR008012,0.7426901459693909,1.0371208190917969e-5,0,8,-0.15675908003288885,0.986,No pattern detected,No pattern detected,1.7849395149632504e-4,Precision 1 only,"ACLED (Armed Conflict Location & Event Data), course file accessed 2026-10-08; https://acleddata.com/; original township/time aggregation and statistics"
MMR008013,0.7117770314216614,2.6345252990722656e-5,0,7,0.9510542546813494,0.29,No pattern detected,No pattern detected,2.9706543889539e-4,Precision 1 only,"ACLED (Armed Conflict Location & Event Data), course file accessed 2026-10-08; https://acleddata.com/; original township/time aggregation and statistics"
MMR008014,0.8093876838684082,1.6689300537109375e-6,1,4,0.775187865730598,0.358,No pattern detected,No pattern detected,7.796287536621094e-5,Precision 1 only,"ACLED (Armed Conflict Location & Event Data), course file accessed 2026-10-08; https://acleddata.com/; original township/time aggregation and statistics"
MMR009001,0.11799873411655426,0.5054433345794678,0,8,-1.133147033705122,0.25,No pattern detected,No pattern detected,0.5908952504396439,Precision 1 only,"ACLED (Armed Conflict Location & Event Data), course file accessed 2026-10-08; https://acleddata.com/; original township/time aggregation and statistics"
MMR009002,0.46019506454467773,0.00693488121032714,0,0,0.8524728467344967,0.342,No pattern detected,No pattern detected,0.01814164924621582,Precision 1 only,"ACLED (Armed Conflict Location & Event Data), course file accessed 2026-10-08; https://acleddata.com/; original township/time aggregation and statistics"
MMR009003,0.8731906414031982,2.384185791015625e-7,2,0,3.1083522401997006,0.018,Consecutive hot spot,No pattern detected,3.118515014648438e-5,Precision 1 only,"ACLED (Armed Conflict Location & Event Data), course file accessed 2026-10-08; https://acleddata.com/; original township/time aggregation and statistics"
MMR009004,-0.40605881810188293,0.0185172501951456,0,16,-1.7643472496851396,0.008,Sporadic cold spot,Sporadic cold spot,0.04264183671699023,Precision 1 only,"ACLED (Armed Conflict Location & Event Data), course file accessed 2026-10-08; https://acleddata.com/; original township/time aggregation and statistics"
MMR009005,-0.0773932933807373,0.6733533143997192,0,2,-1.4011822996818744,0.068,No pattern detected,No pattern detected,0.7477901689076828,Precision 1 only,"ACLED (Armed Conflict Location & Event Data), course file accessed 2026-10-08; https://acleddata.com/; original township/time aggregation and statistics"
MMR009006,0.11942906677722932,0.5036909580230713,0,9,-1.2714043524383112,0.12,No pattern detected,No pattern detected,0.5908952504396439,Precision 1 only,"ACLED (Armed Conflict Location & Event Data), course file accessed 2026-10-08; https://acleddata.com/; original township/time aggregation and statistics"
MMR009007,-0.08259911090135574,0.64864182472229,0,4,-0.4487447116049163,0.704,No pattern detected,No pattern detected,0.7293378766050044,Precision 1 only,"ACLED (Armed Conflict Location & Event Data), course file accessed 2026-10-08; https://acleddata.com/; original township/time aggregation and statistics"
MMR009008,0.330396443605423,0.0538862943649292,0,7,1.0329431982117132,0.338,No pattern detected,No pattern detected,0.09681768273259256,Precision 1 only,"ACLED (Armed Conflict Location & Event Data), course file accessed 2026-10-08; https://acleddata.com/; original township/time aggregation and statistics"
MMR009009,0.507394552230835,0.00288951396942138,0,7,-0.524137606157445,0.45,No pattern detected,No pattern detected,0.00866854190826416,Precision 1 only,"ACLED (Armed Conflict Location & Event Data), course file accessed 2026-10-08; https://acleddata.com/; original township/time aggregation and statistics"
MMR009010,0.7507364153862,8.702278137207031e-6,0,2,1.0028648062988446,0.382,No pattern detected,No pattern detected,1.6134469691072e-4,Precision 1 only,"ACLED (Armed Conflict Location & Event Data), course file accessed 2026-10-08; https://acleddata.com/; original township/time aggregation and statistics"
MMR009011,0.6608187556266785,8.916854858398436e-5,1,2,0.7546971883115199,0.338,No pattern detected,No pattern detected,6.479581197102864e-4,Precision 1 only,"ACLED (Armed Conflict Location & Event Data), course file accessed 2026-10-08; https://acleddata.com/; original township/time aggregation and statistics"
MMR009012,0.11243391036987305,0.5276832580566406,0,9,-1.5960811204650809,0.012,Sporadic cold spot,Sporadic cold spot,0.6140655707634216,Precision 1 only,"ACLED (Armed Conflict Location & Event Data), course file accessed 2026-10-08; https://acleddata.com/; original township/time aggregation and statistics"
MMR009013,0.47647884488105774,0.00507426261901855,0,8,-1.2995446516153923,0.148,No pattern detected,No pattern detected,0.01382751156343147,Precision 1 only,"ACLED (Armed Conflict Location & Event Data), course file accessed 2026-10-08; https://acleddata.com/; original township/time aggregation and statistics"
MMR009014,0.5191944241523743,0.00229334831237792,2,6,-1.2062834788986678,0.176,No pattern detected,No pattern detected,0.00714225065229194,Precision 1 only,"ACLED (Armed Conflict Location & Event Data), course file accessed 2026-10-08; https://acleddata.com/; original township/time aggregation and statistics"
MMR009015,0.4647139310836792,0.00629091262817382,0,8,-1.2712497524930697,0.122,No pattern detected,No pattern detected,0.01686170843781018,Precision 1 only,"ACLED (Armed Conflict Location & Event Data), course file accessed 2026-10-08; https://acleddata.com/; original township/time aggregation and statistics"
MMR009016,0.6135933995246887,3.0601024627685547e-4,0,4,-1.531175195512125,0.072,No pattern detected,No pattern detected,0.00145400762557983,Precision 1 only,"ACLED (Armed Conflict Location & Event Data), course file accessed 2026-10-08; https://acleddata.com/; original township/time aggregation and statistics"
MMR009017,-0.465773344039917,0.00679723592475056,0,7,-1.73426885777227,0.004,Sporadic cold spot,Sporadic cold spot,0.01792496893059222,Precision 1 only,"ACLED (Armed Conflict Location & Event Data), course file accessed 2026-10-08; https://acleddata.com/; original township/time aggregation and statistics"
MMR009018,0.4574800133705139,0.0070275068283081,13,1,4.412936081332049,0.012,Consecutive hot spot,Consecutive hot spot,0.01823805343537103,Precision 1 only,"ACLED (Armed Conflict Location & Event Data), course file accessed 2026-10-08; https://acleddata.com/; original township/time aggregation and statistics"
MMR009019,0.4970760643482208,0.00329494476318359,15,1,4.159673388738319,0.004,Consecutive hot spot,Consecutive hot spot,0.00979497215964577,Precision 1 only,"ACLED (Armed Conflict Location & Event Data), course file accessed 2026-10-08; https://acleddata.com/; original township/time aggregation and statistics"
MMR009020,0.3049866855144501,0.07420337200164795,16,1,4.705647418191928,0.006,Consecutive hot spot,Consecutive hot spot,0.1270392808614601,Precision 1 only,"ACLED (Armed Conflict Location & Event Data), course file accessed 2026-10-08; https://acleddata.com/; original township/time aggregation and statistics"
MMR009021,0.2631579041481018,0.12371516227722168,15,2,3.4561659093112955,0.03,Consecutive hot spot,No pattern detected,0.1963828061390849,Precision 1 only,"ACLED (Armed Conflict Location & Event Data), course file accessed 2026-10-08; https://acleddata.com/; original township/time aggregation and statistics"
MMR009022,0.7823665142059326,3.814697265625e-6,5,1,3.926052135059103,0.01,Oscillating hot spot,Consecutive hot spot,8.910042898995536e-5,Precision 1 only,"ACLED (Armed Conflict Location & Event Data), course file accessed 2026-10-08; https://acleddata.com/; original township/time aggregation and statistics"
MMR009023,-0.093842051923275,0.59951019287109375,13,1,1.70612052051817,0.096,No pattern detected,No pattern detected,0.6830656204489465,Precision 1 only,"ACLED (Armed Conflict Location & Event Data), course file accessed 2026-10-08; https://acleddata.com/; original township/time aggregation and statistics"
MMR009024,0.1407630741596222,0.4207267761230469,2,0,0.6777384553389951,0.414,No pattern detected,No pattern detected,0.5114410995993915,Precision 1 only,"ACLED (Armed Conflict Location & Event Data), course file accessed 2026-10-08; https://acleddata.com/; original township/time aggregation and statistics"
MMR009025,0.6725146770477295,6.651878356933594e-5,0,1,1.7958882578635165,0.1,No pattern detected,No pattern detected,5.305278591993378e-4,Precision 1 only,"ACLED (Armed Conflict Location & Event Data), course file accessed 2026-10-08; https://acleddata.com/; original township/time aggregation and statistics"
MMR010001,-0.5161312818527222,0.00232209381647408,0,0,-0.2556523711638273,0.878,No pattern detected,No pattern detected,0.00716344035836815,Precision 1 only,"ACLED (Armed Conflict Location & Event Data), course file accessed 2026-10-08; https://acleddata.com/; original township/time aggregation and statistics"
MMR010002,-0.5630522966384888,8.820780785754323e-4,1,0,-0.5603877020898022,0.774,No pattern detected,No pattern detected,0.00316966518345237,Precision 1 only,"ACLED (Armed Conflict Location & Event Data), course file accessed 2026-10-08; https://acleddata.com/; original township/time aggregation and statistics"
MMR010003,-0.6920851469039917,4.206784069538117e-5,2,0,-1.1602998429011189,0.2,No pattern detected,No pattern detected,4.585394635796547e-4,Precision 1 only,"ACLED (Armed Conflict Location & Event Data), course file accessed 2026-10-08; https://acleddata.com/; original township/time aggregation and statistics"
MMR010004,-0.6451641321182251,1.35762631543912e-4,2,0,-1.1958775994659292,0.192,No pattern detected,No pattern detected,8.221181576825782e-4,Precision 1 only,"ACLED (Armed Conflict Location & Event Data), course file accessed 2026-10-08; https://acleddata.com/; original township/time aggregation and statistics"
MMR010005,-0.6176577806472778,2.695194270927459e-4,1,0,-0.997865732839178,0.414,No pattern detected,No pattern detected,0.00131541571133325,Precision 1 only,"ACLED (Armed Conflict Location & Event Data), course file accessed 2026-10-08; https://acleddata.com/; original township/time aggregation and statistics"
MMR010006,-0.3753682076931,0.02742314711213112,2,0,-0.4271953771258815,0.956,No pattern detected,No pattern detected,0.05711700067303743,Precision 1 only,"ACLED (Armed Conflict Location & Event Data), course file accessed 2026-10-08; https://acleddata.com/; original township/time aggregation and statistics"
MMR010007,-0.2815261483192444,0.09990194439888,7,0,0.34216894152730865,0.722,No pattern detected,No pattern detected,0.16333967909216882,Precision 1 only,"ACLED (Armed Conflict Location & Event Data), course file accessed 2026-10-08; https://acleddata.com/; original township/time aggregation and statistics"
MMR010008,0.8680390119552612,2.384185791015625e-7,5,0,6.55718621563239,0.002,Consecutive hot spot,Consecutive hot spot,3.118515014648438e-5,Precision 1 only,"ACLED (Armed Conflict Location & Event Data), course file accessed 2026-10-08; https://acleddata.com/; original township/time aggregation and statistics"
MMR010009,0.8479533195495605,4.76837158203125e-7,11,0,9.033795447034969,0.002,Consecutive hot spot,Sporadic hot spot,3.118515014648438e-5,Precision 1 only,"ACLED (Armed Conflict Location & Event Data), course file accessed 2026-10-08; https://acleddata.com/; original township/time aggregation and statistics"
MMR010010,0.8011696338653564,1.9073486328125e-6,16,1,9.54512810955375,0.002,Consecutive hot spot,Consecutive hot spot,7.796287536621094e-5,Precision 1 only,"ACLED (Armed Conflict Location & Event Data), course file accessed 2026-10-08; https://acleddata.com/; original township/time aggregation and statistics"
MMR010011,0.6764823198318481,6.520748138427734e-5,7,0,11.149603928523186,0.002,Consecutive hot spot,Consecutive hot spot,5.305278591993378e-4,Precision 1 only,"ACLED (Armed Conflict Location & Event Data), course file accessed 2026-10-08; https://acleddata.com/; original township/time aggregation and statistics"
MMR010012,0.7894737720489502,2.7418136596679688e-06,12,1,7.384655628964759,0.002,Oscillating hot spot,Consecutive hot spot,8.910042898995536e-5,Precision 1 only,"ACLED (Armed Conflict Location & Event Data), course file accessed 2026-10-08; https://acleddata.com/; original township/time aggregation and statistics"
MMR010013,0.6257310509681702,2.084970474243164e-4,5,4,3.8501300977904287,0.008,Consecutive hot spot,Oscillating hot spot,0.00103300809860229,Precision 1 only,"ACLED (Armed Conflict Location & Event Data), course file accessed 2026-10-08; https://acleddata.com/; original township/time aggregation and statistics"
MMR010014,-0.5148289799690247,0.00256005162373185,0,0,-1.4011822996818744,0.094,No pattern detected,No pattern detected,0.00775126741629921,Precision 1 only,"ACLED (Armed Conflict Location & Event Data), course file accessed 2026-10-08; https://acleddata.com/; original township/time aggregation and statistics"
MMR010015,0.5309942960739136,0.00181186199188232,0,2,-0.3292387853742385,0.978,No pattern detected,No pattern detected,0.0061080296015002,Precision 1 only,"ACLED (Armed Conflict Location & Event Data), course file accessed 2026-10-08; https://acleddata.com/; original township/time aggregation and statistics"
MMR010016,0.44574975967407227,0.00865149497985839,1,2,0.07933000806157614,0.706,No pattern detected,No pattern detected,0.02199610721233279,Precision 1 only,"ACLED (Armed Conflict Location & Event Data), course file accessed 2026-10-08; https://acleddata.com/; original township/time aggregation and statistics"
MMR010017,0.5747825503349304,6.846189498901367e-4,12,1,2.2044458848074453,0.094,No pattern detected,No pattern detected,0.00260314414667528,Precision 1 only,"ACLED (Armed Conflict Location & Event Data), course file accessed 2026-10-08; https://acleddata.com/; original township/time aggregation and statistics"
MMR010018,0.7390061616897583,1.2040138244628906e-5,11,0,4.1033927903841585,0.004,Consecutive hot spot,Consecutive hot spot,1.9685626029968263e-4,Precision 1 only,"ACLED (Armed Conflict Location & Event Data), course file accessed 2026-10-08; https://acleddata.com/; original township/time aggregation and statistics"
MMR010019,0.7507364153862,8.702278137207031e-6,5,1,1.8521688562176788,0.124,No pattern detected,No pattern detected,1.6134469691072e-4,Precision 1 only,"ACLED (Armed Conflict Location & Event Data), course file accessed 2026-10-08; https://acleddata.com/; original township/time aggregation and statistics"
MMR010020,0.5513220429420471,0.00113129615783691,0,3,0.8672583850198438,0.24,No pattern detected,No pattern detected,0.00393546642141139,Precision 1 only,"ACLED (Armed Conflict Location & Event Data), course file accessed 2026-10-08; https://acleddata.com/; original township/time aggregation and statistics"
MMR010021,0.5204678773880005,0.00207889080047607,11,1,1.965373347510663,0.068,No pattern detected,No pattern detected,0.00659997370636578,Precision 1 only,"ACLED (Armed Conflict Location & Event Data), course file accessed 2026-10-08; https://acleddata.com/; original township/time aggregation and statistics"
MMR010022,0.8596491813659668,3.576278686523438e-7,3,0,2.895564405487236,0.036,Consecutive hot spot,No pattern detected,3.118515014648438e-5,Precision 1 only,"ACLED (Armed Conflict Location & Event Data), course file accessed 2026-10-08; https://acleddata.com/; original township/time aggregation and statistics"
MMR010023,0.05935371667146683,0.7520269155502319,0,8,-1.7779297376257688,0.018,Sporadic cold spot,No pattern detected,0.8115934039106464,Precision 1 only,"ACLED (Armed Conflict Location & Event Data), course file accessed 2026-10-08; https://acleddata.com/; original township/time aggregation and statistics"
MMR010024,0.17914359271526337,0.30782532691955566,0,2,-1.3026108691603595,0.112,No pattern detected,No pattern detected,0.4026355276107788,Precision 1 only,"ACLED (Armed Conflict Location & Event Data), course file accessed 2026-10-08; https://acleddata.com/; original township/time aggregation and statistics"
MMR010028,0.31363144516944885,0.06808137893676758,0,2,-0.410819613606017,0.892,No pattern detected,No pattern detected,0.11736627428939468,Precision 1 only,"ACLED (Armed Conflict Location & Event Data), course file accessed 2026-10-08; https://acleddata.com/; original township/time aggregation and statistics"
MMR010029,0.7551918625831604,8.463859558105469e-6,0,0,1.1649855072970108,0.268,No pattern detected,No pattern detected,1.6134469691072e-4,Precision 1 only,"ACLED (Armed Conflict Location & Event Data), course file accessed 2026-10-08; https://acleddata.com/; original township/time aggregation and statistics"
MMR010030,0.12979860603809357,0.461700439453125,0,11,-1.3276849507924733,0.134,No pattern detected,No pattern detected,0.551007458763401,Precision 1 only,"ACLED (Armed Conflict Location & Event Data), course file accessed 2026-10-08; https://acleddata.com/; original township/time aggregation and statistics"
MMR010031,0.6882472038269043,4.839897155761719e-5,0,3,-0.0498789106515844,0.682,No pattern detected,No pattern detected,4.758028423084932e-4,Precision 1 only,"ACLED (Armed Conflict Location & Event Data), course file accessed 2026-10-08; https://acleddata.com/; original township/time aggregation and statistics"
MMR011001,0.04142301902174949,0.8333327770233154,0,0,-1.1247220863363088,0.29,No pattern detected,No pattern detected,0.8764171565843931,Precision 1 only,"ACLED (Armed Conflict Location & Event Data), course file accessed 2026-10-08; https://acleddata.com/; original township/time aggregation and statistics"
MMR011002,0.6099733710289001,3.1125545501708984e-4,5,0,3.429230753959388,0.022,Sporadic hot spot,No pattern detected,0.00145400762557983,Precision 1 only,"ACLED (Armed Conflict Location & Event Data), course file accessed 2026-10-08; https://acleddata.com/; original township/time aggregation and statistics"
MMR011004,0.19941435754299164,0.2479958534240723,0,0,-0.3217633216810519,0.97,No pattern detected,No pattern detected,0.3351018349986431,Precision 1 only,"ACLED (Armed Conflict Location & Event Data), course file accessed 2026-10-08; https://acleddata.com/; original township/time aggregation and statistics"
MMR011005,0.3539961874485016,0.03864479064941406,0,0,-0.9824110600770684,0.306,No pattern detected,No pattern detected,0.07349736015231624,Precision 1 only,"ACLED (Armed Conflict Location & Event Data), course file accessed 2026-10-08; https://acleddata.com/; original township/time aggregation and statistics"
MMR011006,0.14706137776374817,0.4005253314971924,1,0,0.2747976293408243,0.666,No pattern detected,No pattern detected,0.4930847049655771,Precision 1 only,"ACLED (Armed Conflict Location & Event Data), course file accessed 2026-10-08; https://acleddata.com/; original township/time aggregation and statistics"
MMR011007,-0.01764736510813236,0.9441483616828918,0,0,-0.40130478181730195,0.738,No pattern detected,No pattern detected,0.970869541730521,Precision 1 only,"ACLED (Armed Conflict Location & Event Data), course file accessed 2026-10-08; https://acleddata.com/; original township/time aggregation and statistics"
MMR011008,-0.431982934474945,0.01153083331882953,0,0,-0.7194706223623024,0.66,No pattern detected,No pattern detected,0.02856501890346407,Precision 1 only,"ACLED (Armed Conflict Location & Event Data), course file accessed 2026-10-08; https://acleddata.com/; original township/time aggregation and statistics"
MMR011009,0.5982431173324585,4.067420959472656e-4,0,0,1.229295150975826,0.198,No pattern detected,No pattern detected,0.00175006138650994,Precision 1 only,"ACLED (Armed Conflict Location & Event Data), course file accessed 2026-10-08; https://acleddata.com/; original township/time aggregation and statistics"
MMR011010,0.5148289799690247,0.0025496482849121,1,0,1.0350529601082068,0.21,No pattern detected,No pattern detected,0.00775126741629921,Precision 1 only,"ACLED (Armed Conflict Location & Event Data), course file accessed 2026-10-08; https://acleddata.com/; original township/time aggregation and statistics"
MMR012001,0.5545940399169922,0.00111556053161621,1,0,0.6159450611558211,0.514,No pattern detected,No pattern detected,0.003922454772457,Precision 1 only,"ACLED (Armed Conflict Location & Event Data), course file accessed 2026-10-08; https://acleddata.com/; original township/time aggregation and statistics"
MMR012002,0.3519077003002167,0.03888392448425293,2,3,-0.27085592878086545,0.93,No pattern detected,No pattern detected,0.07349736015231624,Precision 1 only,"ACLED (Armed Conflict Location & Event Data), course file accessed 2026-10-08; https://acleddata.com/; original township/time aggregation and statistics"
MMR012003,0.2411806434392929,0.1611725091934204,2,6,-0.9824110600770684,0.314,No pattern detected,No pattern detected,0.24032446146011352,Precision 1 only,"ACLED (Armed Conflict Location & Event Data), course file accessed 2026-10-08; https://acleddata.com/; original township/time aggregation and statistics"
MMR012004,0.21637429296970367,0.2078566551208496,2,5,-1.0891443297714989,0.226,No pattern detected,No pattern detected,0.2917129880880593,Precision 1 only,"ACLED (Armed Conflict Location & Event Data), course file accessed 2026-10-08; https://acleddata.com/; original township/time aggregation and statistics"
MMR012005,0.42228925228118896,0.01293706893920898,2,6,-1.186983454907068,0.142,No pattern detected,No pattern detected,0.03129291339941761,Precision 1 only,"ACLED (Armed Conflict Location & Event Data), course file accessed 2026-10-08; https://acleddata.com/; original township/time aggregation and statistics"
MMR012006,0.3846423327922821,0.0247952938079834,2,3,-0.7148112131378852,0.636,No pattern detected,No pattern detected,0.05264974724162709,Precision 1 only,"ACLED (Armed Conflict Location & Event Data), course file accessed 2026-10-08; https://acleddata.com/; original township/time aggregation and statistics"
MMR012007,0.3254666030406952,0.05814015865325928,2,3,-0.7148112131378852,0.648,No pattern detected,No pattern detected,0.10388979169188951,Precision 1 only,"ACLED (Armed Conflict Location & Event Data), course file accessed 2026-10-08; https://acleddata.com/; original township/time aggregation and statistics"
MMR012008,0.3421963155269623,0.04564428329467773,4,1,-0.8785535426348027,0.302,No pattern detected,No pattern detected,0.08528960364205497,Precision 1 only,"ACLED (Armed Conflict Location & Event Data), course file accessed 2026-10-08; https://acleddata.com/; original township/time aggregation and statistics"
MMR012009,0.330396443605423,0.0538862943649292,2,1,-0.8525588657301025,0.442,No pattern detected,No pattern detected,0.09681768273259256,Precision 1 only,"ACLED (Armed Conflict Location & Event Data), course file accessed 2026-10-08; https://acleddata.com/; original township/time aggregation and statistics"
MMR012010,0.29499682784080505,0.08589720726013184,3,6,-1.1088340685070646,0.262,No pattern detected,No pattern detected,0.14478549883537686,Precision 1 only,"ACLED (Armed Conflict Location & Event Data), course file accessed 2026-10-08; https://acleddata.com/; original township/time aggregation and statistics"
MMR012011,0.6528908610343933,1.2981891632080078e-4,2,4,1.3514035757453753,0.308,No pattern detected,No pattern detected,8.078805455951161e-4,Precision 1 only,"ACLED (Armed Conflict Location & Event Data), course file accessed 2026-10-08; https://acleddata.com/; original township/time aggregation and statistics"
MMR012013,0.6528908610343933,1.2981891632080078e-4,3,2,1.3514035757453753,0.12,No pattern detected,No pattern detected,8.078805455951161e-4,Precision 1 only,"ACLED (Armed Conflict Location & Event Data), course file accessed 2026-10-08; https://acleddata.com/; original township/time aggregation and statistics"
MMR012014,0.5941279530525208,4.602670669555664e-4,1,8,0.12019425364567073,0.736,No pattern detected,No pattern detected,0.00192977565278012,Precision 1 only,"ACLED (Armed Conflict Location & Event Data), course file accessed 2026-10-08; https://acleddata.com/; original township/time aggregation and statistics"
MMR012015,0.2123977243900299,0.21991682052612305,2,12,-1.27124975249307,0.098,No pattern detected,No pattern detected,0.30421056400371504,Precision 1 only,"ACLED (Armed Conflict Location & Event Data), course file accessed 2026-10-08; https://acleddata.com/; original township/time aggregation and statistics"
MMR012016,0.6017935276031494,3.9780139923095703e-4,3,5,-1.0113846581154613,0.224,No pattern detected,No pattern detected,0.00173441410064697,Precision 1 only,"ACLED (Armed Conflict Location & Event Data), course file accessed 2026-10-08; https://acleddata.com/; original township/time aggregation and statistics"
MMR012017,0.0469210259616375,0.8064184188842773,1,9,0.13561060641573808,0.702,No pattern detected,No pattern detected,0.8561650096596062,Precision 1 only,"ACLED (Armed Conflict Location & Event Data), course file accessed 2026-10-08; https://acleddata.com/; original township/time aggregation and statistics"
MMR013001,-0.47647884488105774,0.00507431617006659,2,0,-0.7840027005350539,0.484,No pattern detected,No pattern detected,0.01382751156343147,Precision 1 only,"ACLED (Armed Conflict Location & Event Data), course file accessed 2026-10-08; https://acleddata.com/; original township/time aggregation and statistics"
MMR013002,-0.4058893918991089,0.01722188852727413,0,0,-0.9221522761247968,0.384,No pattern detected,No pattern detected,0.03994012445686979,Precision 1 only,"ACLED (Armed Conflict Location & Event Data), course file accessed 2026-10-08; https://acleddata.com/; original township/time aggregation and statistics"
MMR013003,-0.37280717492103577,0.02960561215877533,0,1,-1.401182299681874,0.1,No pattern detected,No pattern detected,0.06088701368502852,Precision 1 only,"ACLED (Armed Conflict Location & Event Data), course file accessed 2026-10-08; https://acleddata.com/; original township/time aggregation and statistics"
MMR013004,-0.5941279530525208,4.603134584613144e-4,0,8,-1.8225520170111025,0.02,Sporadic cold spot,No pattern detected,0.00192977565278012,Precision 1 only,"ACLED (Armed Conflict Location & Event Data), course file accessed 2026-10-08; https://acleddata.com/; original township/time aggregation and statistics"
MMR013005,-0.29676857590675354,0.08538353443145752,0,16,-1.9026681465319952,0.012,Sporadic cold spot,Sporadic cold spot,0.14466536662739177,Precision 1 only,"ACLED (Armed Conflict Location & Event Data), course file accessed 2026-10-08; https://acleddata.com/; original township/time aggregation and statistics"
MMR013006,-0.31363144516944885,0.06819447129964828,0,8,-1.6741120739465314,0.012,Sporadic cold spot,Sporadic cold spot,0.11736627428939468,Precision 1 only,"ACLED (Armed Conflict Location & Event Data), course file accessed 2026-10-08; https://acleddata.com/; original township/time aggregation and statistics"
MMR013007,-0.3870984613895416,0.02287863381206989,0,0,-1.1738003421014669,0.156,No pattern detected,No pattern detected,0.04921916616149247,Precision 1 only,"ACLED (Armed Conflict Location & Event Data), course file accessed 2026-10-08; https://acleddata.com/; original township/time aggregation and statistics"
MMR013009,-0.7117770314216614,2.6291583708371036e-5,0,3,-1.4402461475007973,0.056,No pattern detected,No pattern detected,2.9706543889539e-4,Precision 1 only,"ACLED (Armed Conflict Location & Event Data), course file accessed 2026-10-08; https://acleddata.com/; original township/time aggregation and statistics"
MMR013010,-0.715545654296875,2.2769176212023012e-5,0,1,-1.2062834788986678,0.246,No pattern detected,No pattern detected,2.9706543889539e-4,Precision 1 only,"ACLED (Armed Conflict Location & Event Data), course file accessed 2026-10-08; https://acleddata.com/; original township/time aggregation and statistics"
MMR013011,-0.629422664642334,2.0480219973251224e-4,0,0,-1.1247220863363088,0.148,No pattern detected,No pattern detected,0.00103300809860229,Precision 1 only,"ACLED (Armed Conflict Location & Event Data), course file accessed 2026-10-08; https://acleddata.com/; original township/time aggregation and statistics"
MMR013012,-0.4011956751346588,0.01880818419158458,0,0,-0.913935247723858,0.224,No pattern detected,No pattern detected,0.04271025160172333,Precision 1 only,"ACLED (Armed Conflict Location & Event Data), course file accessed 2026-10-08; https://acleddata.com/; original township/time aggregation and statistics"
MMR013013,-0.6489130258560181,1.454904122510925e-4,0,0,-1.124722086336309,0.24,No pattern detected,No pattern detected,8.585283229861536e-4,Precision 1 only,"ACLED (Armed Conflict Location & Event Data), course file accessed 2026-10-08; https://acleddata.com/; original township/time aggregation and statistics"
MMR013014,-0.7117770314216614,2.6291583708371036e-5,0,3,-1.3737663822899795,0.096,No pattern detected,No pattern detected,2.9706543889539e-4,Precision 1 only,"ACLED (Armed Conflict Location & Event Data), course file accessed 2026-10-08; https://acleddata.com/; original township/time aggregation and statistics"
MMR013015,-0.7396968007087708,1.3573197065852582e-5,0,8,-1.4986317100734776,0.024,Sporadic cold spot,No pattern detected,2.1135406859684736e-4,Precision 1 only,"ACLED (Armed Conflict Location & Event Data), course file accessed 2026-10-08; https://acleddata.com/; original township/time aggregation and statistics"
MMR013016,-0.6648613810539246,1.0715849202824757e-4,0,7,-1.2198859393093489,0.008,Sporadic cold spot,Sporadic cold spot,7.455495083667436e-4,Precision 1 only,"ACLED (Armed Conflict Location & Event Data), course file accessed 2026-10-08; https://acleddata.com/; original township/time aggregation and statistics"
MMR013017,-0.6568598747253418,1.265767205040902e-4,0,11,-1.51607740854922,0.018,Consecutive cold spot,No pattern detected,8.078805455951161e-4,Precision 1 only,"ACLED (Armed Conflict Location & Event Data), course file accessed 2026-10-08; https://acleddata.com/; original township/time aggregation and statistics"
MMR013018,-0.6529524922370911,1.1661648022709414e-4,0,3,-1.313171370992099,0.064,No pattern detected,No pattern detected,7.931529259195132e-4,Precision 1 only,"ACLED (Armed Conflict Location & Event Data), course file accessed 2026-10-08; https://acleddata.com/; original township/time aggregation and statistics"
MMR013019,-0.5899936556816101,5.205587367527187e-4,1,0,-0.8920738842119272,0.384,No pattern detected,No pattern detected,0.00212778383647673,Precision 1 only,"ACLED (Armed Conflict Location & Event Data), course file accessed 2026-10-08; https://acleddata.com/; original township/time aggregation and statistics"
MMR013020,-0.48379480838775635,0.00452482653781771,0,0,-0.7689445206882074,0.502,No pattern detected,No pattern detected,0.01297910903629503,Precision 1 only,"ACLED (Armed Conflict Location & Event Data), course file accessed 2026-10-08; https://acleddata.com/; original township/time aggregation and statistics"
MMR013021,-0.6411875486373901,1.5490266378037632e-4,0,1,-1.1602998429011189,0.152,No pattern detected,No pattern detected,8.585283229861536e-4,Precision 1 only,"ACLED (Armed Conflict Location & Event Data), course file accessed 2026-10-08; https://acleddata.com/; original township/time aggregation and statistics"
MMR013022,-0.6882472038269043,4.838315726374276e-5,0,11,-1.9292033573191292,0.006,Consecutive cold spot,Consecutive cold spot,4.758028423084932e-4,Precision 1 only,"ACLED (Armed Conflict Location & Event Data), course file accessed 2026-10-08; https://acleddata.com/; original township/time aggregation and statistics"
MMR013023,-0.6131930351257324,3.3943960443139076e-4,0,12,-1.693530530856684,0.006,Sporadic cold spot,Sporadic cold spot,0.00154162153679256,Precision 1 only,"ACLED (Armed Conflict Location & Event Data), course file accessed 2026-10-08; https://acleddata.com/; original township/time aggregation and statistics"
MMR013024,-0.6907747387886047,8.81542800925672e-5,0,8,-1.2658018235067543,0.036,Sporadic cold spot,No pattern detected,6.479581197102864e-4,Precision 1 only,"ACLED (Armed Conflict Location & Event Data), course file accessed 2026-10-08; https://acleddata.com/; original township/time aggregation and statistics"
MMR013025,-0.6008200645446777,4.908789996989071e-4,0,11,-1.475114493656679,0.006,Sporadic cold spot,Sporadic cold spot,0.00203186623926003,Precision 1 only,"ACLED (Armed Conflict Location & Event Data), course file accessed 2026-10-08; https://acleddata.com/; original township/time aggregation and statistics"
MMR013026,-0.5298464298248291,0.0019923597574234,0,13,-1.5872329216788403,0.012,Sporadic cold spot,Sporadic cold spot,0.00651501640677452,Precision 1 only,"ACLED (Armed Conflict Location & Event Data), course file accessed 2026-10-08; https://acleddata.com/; original township/time aggregation and statistics"
MMR013027,-0.5191944241523743,0.00229338323697447,0,12,-2.0702548399938454,0.002,Sporadic cold spot,Sporadic cold spot,0.00714225065229194,Precision 1 only,"ACLED (Armed Conflict Location & Event Data), course file accessed 2026-10-08; https://acleddata.com/; original township/time aggregation and statistics"
MMR013028,-0.33933982253074646,0.04915615543723106,0,13,-1.7584968044510862,0.002,Sporadic cold spot,Sporadic cold spot,0.09132990243167362,Precision 1 only,"ACLED (Armed Conflict Location & Event Data), course file accessed 2026-10-08; https://acleddata.com/; original township/time aggregation and statistics"
MMR013029,-0.4430202543735504,0.01301478967070579,0,0,-1.0146143300444437,0.056,No pattern detected,No pattern detected,0.03129291339941761,Precision 1 only,"ACLED (Armed Conflict Location & Event Data), course file accessed 2026-10-08; https://acleddata.com/; original township/time aggregation and statistics"
MMR013030,-0.45429328083992,0.01008008141070604,0,11,-1.475114493656679,0.004,Sporadic cold spot,Sporadic cold spot,0.02535528170231443,Precision 1 only,"ACLED (Armed Conflict Location & Event Data), course file accessed 2026-10-08; https://acleddata.com/; original township/time aggregation and statistics"
MMR013031,-0.6448708772659302,1.7904373817145824e-4,0,7,-1.475114493656679,0.01,Sporadic cold spot,New cold spot,9.336982454572404e-4,Precision 1 only,"ACLED (Armed Conflict Location & Event Data), course file accessed 2026-10-08; https://acleddata.com/; original township/time aggregation and statistics"
MMR013033,-0.7007998824119568,4.5031025365460664e-5,0,11,-1.5872329216788403,0.002,Consecutive cold spot,Sporadic cold spot,4.750046869195367e-4,Precision 1 only,"ACLED (Armed Conflict Location & Event Data), course file accessed 2026-10-08; https://acleddata.com/; original township/time aggregation and statistics"
MMR013034,-0.7654075026512146,8.881359462975524e-6,0,11,-1.726013667653885,0.006,Consecutive cold spot,Consecutive cold spot,1.6134469691072e-4,Precision 1 only,"ACLED (Armed Conflict Location & Event Data), course file accessed 2026-10-08; https://acleddata.com/; original township/time aggregation and statistics"
MMR013035,-0.6846330165863037,6.208891136338934e-5,0,11,-1.824504033510878,0.004,Consecutive cold spot,Consecutive cold spot,5.305278591993378e-4,Precision 1 only,"ACLED (Armed Conflict Location & Event Data), course file accessed 2026-10-08; https://acleddata.com/; original township/time aggregation and statistics"
MMR013036,-0.6743417978286743,1.309408835368231e-4,0,12,-1.4353437635885538,0.016,Consecutive cold spot,No pattern detected,8.078805455951161e-4,Precision 1 only,"ACLED (Armed Conflict Location & Event Data), course file accessed 2026-10-08; https://acleddata.com/; original township/time aggregation and statistics"
MMR013037,-0.7278616428375244,1.8796561562339775e-5,0,7,-1.4449218954196,0.024,Sporadic cold spot,No pattern detected,2.672380709080481e-4,Precision 1 only,"ACLED (Armed Conflict Location & Event Data), course file accessed 2026-10-08; https://acleddata.com/; original township/time aggregation and statistics"
MMR013038,-0.5747825503349304,6.845853058621287e-4,0,5,-1.4635633305564455,0.1,No pattern detected,No pattern detected,0.00260314414667528,Precision 1 only,"ACLED (Armed Conflict Location & Event Data), course file accessed 2026-10-08; https://acleddata.com/; original township/time aggregation and statistics"
MMR013039,-0.6371931433677673,1.7551005294080824e-4,0,7,-1.401182299681874,0.08,No pattern detected,No pattern detected,9.336982454572404e-4,Precision 1 only,"ACLED (Armed Conflict Location & Event Data), course file accessed 2026-10-08; https://acleddata.com/; original township/time aggregation and statistics"
MMR013040,-0.5470682978630066,0.00127024145331233,2,0,-0.7592413524304275,0.556,No pattern detected,No pattern detected,0.00432675995034514,Precision 1 only,"ACLED (Armed Conflict Location & Event Data), course file accessed 2026-10-08; https://acleddata.com/; original township/time aggregation and statistics"
MMR013041,-0.6411875486373901,1.5490266378037632e-4,0,5,-1.4334849386435762,0.068,No pattern detected,No pattern detected,8.585283229861536e-4,Precision 1 only,"ACLED (Armed Conflict Location & Event Data), course file accessed 2026-10-08; https://acleddata.com/; original township/time aggregation and statistics"
MMR013042,-0.6023392081260681,3.5899231443181634e-4,3,0,-1.218465057671906,0.166,No pattern detected,No pattern detected,0.00158635792998924,Precision 1 only,"ACLED (Armed Conflict Location & Event Data), course file accessed 2026-10-08; https://acleddata.com/; original township/time aggregation and statistics"
MMR013043,-0.6450155973434448,1.5108489606063813e-4,0,11,-1.8761329357448624,0.006,Consecutive cold spot,Consecutive cold spot,8.585283229861536e-4,Precision 1 only,"ACLED (Armed Conflict Location & Event Data), course file accessed 2026-10-08; https://acleddata.com/; original township/time aggregation and statistics"
MMR013044,-0.660792887210846,1.0001807822845876e-4,0,9,-1.552807344209121,0.034,Consecutive cold spot,No pattern detected,7.109980778414351e-4,Precision 1 only,"ACLED (Armed Conflict Location & Event Data), course file accessed 2026-10-08; https://acleddata.com/; original township/time aggregation and statistics"
MMR013046,-0.6334338784217834,1.798561424948275e-4,0,0,-1.2830929790792291,0.068,No pattern detected,No pattern detected,9.336982454572404e-4,Precision 1 only,"ACLED (Armed Conflict Location & Event Data), course file accessed 2026-10-08; https://acleddata.com/; original township/time aggregation and statistics"
MMR013047,-0.5630522966384888,8.820780785754323e-4,0,0,-1.1088340685070646,0.228,No pattern detected,No pattern detected,0.00316966518345237,Precision 1 only,"ACLED (Armed Conflict Location & Event Data), course file accessed 2026-10-08; https://acleddata.com/; original township/time aggregation and statistics"
MMR014001,0.11799873411655426,0.5054433345794678,0,7,-1.0763509317098634,0.17,No pattern detected,No pattern detected,0.5908952504396439,Precision 1 only,"ACLED (Armed Conflict Location & Event Data), course file accessed 2026-10-08; https://acleddata.com/; original township/time aggregation and statistics"
MMR014002,0.1941210031509399,0.262325644493103,1,1,0.01027787317415441,0.796,No pattern detected,No pattern detected,0.3515593678247733,Precision 1 only,"ACLED (Armed Conflict Location & Event Data), course file accessed 2026-10-08; https://acleddata.com/; original township/time aggregation and statistics"
MMR014003,0.03561222925782204,0.8606572151184082,0,8,-1.6139552901207923,0.026,Sporadic cold spot,No pattern detected,0.8967007495415439,Precision 1 only,"ACLED (Armed Conflict Location & Event Data), course file accessed 2026-10-08; https://acleddata.com/; original township/time aggregation and statistics"
MMR014004,0.01179987285286188,0.97203993797302235,0,1,-1.1928578033406212,0.188,No pattern detected,No pattern detected,0.984112221021032,Precision 1 only,"ACLED (Armed Conflict Location & Event Data), course file accessed 2026-10-08; https://acleddata.com/; original township/time aggregation and statistics"
MMR014005,0.31859657168388367,0.06321883201599121,0,4,-1.4402461475007973,0.096,No pattern detected,No pattern detected,0.11052470008268,Precision 1 only,"ACLED (Armed Conflict Location & Event Data), course file accessed 2026-10-08; https://acleddata.com/; original township/time aggregation and statistics"
MMR014006,0.06470700353384018,0.7261250019073486,0,5,-1.3737663822899795,0.054,No pattern detected,No pattern detected,0.7914762520790101,Precision 1 only,"ACLED (Armed Conflict Location & Event Data), course file accessed 2026-10-08; https://acleddata.com/; original township/time aggregation and statistics"
MMR014007,0.22419759631156921,0.19468307495117188,0,7,-1.1327010195148823,0.184,No pattern detected,No pattern detected,0.2755903268789316,Precision 1 only,"ACLED (Armed Conflict Location & Event Data), course file accessed 2026-10-08; https://acleddata.com/; original township/time aggregation and statistics"
MMR014008,0.4619883596897125,0.00635504722595214,5,3,4.904022169955784,0.002,Consecutive hot spot,Oscillating hot spot,0.01689512555192156,Precision 1 only,"ACLED (Armed Conflict Location & Event Data), course file accessed 2026-10-08; https://acleddata.com/; original township/time aggregation and statistics"
MMR014009,0.4692102670669556,0.00568258762359619,0,2,-0.6523177705425294,0.592,No pattern detected,No pattern detected,0.01535707564393351,Precision 1 only,"ACLED (Armed Conflict Location & Event Data), course file accessed 2026-10-08; https://acleddata.com/; original township/time aggregation and statistics"
MMR014010,-0.181286558508873,0.293917179107666,4,1,0.332592700655305,0.562,No pattern detected,No pattern detected,0.3859876207558505,Precision 1 only,"ACLED (Armed Conflict Location & Event Data), course file accessed 2026-10-08; https://acleddata.com/; original township/time aggregation and statistics"
MMR014011,0.23802179098129272,0.17792987823486328,0,16,-1.790979941248287,0.002,Sporadic cold spot,Sporadic cold spot,0.2551889043105276,Precision 1 only,"ACLED (Armed Conflict Location & Event Data), course file accessed 2026-10-08; https://acleddata.com/; original township/time aggregation and statistics"
MMR014012,-0.11020775884389876,0.5469765663146973,0,17,-1.8559462148426893,0.002,Sporadic cold spot,Sporadic cold spot,0.6342600609393829,Precision 1 only,"ACLED (Armed Conflict Location & Event Data), course file accessed 2026-10-08; https://acleddata.com/; original township/time aggregation and statistics"
MMR014013,-0.04415108263492584,0.8295733332633972,0,19,-2.0049743849880945,0.002,Persistent cold spot,Persistent cold spot,0.8764171565843931,Precision 1 only,"ACLED (Armed Conflict Location & Event Data), course file accessed 2026-10-08; https://acleddata.com/; original township/time aggregation and statistics"
MMR014014,-0.409377634525299,0.02074485644698143,0,19,-1.8559462148426893,0.002,Intensifying cold spot,Intensifying cold spot,0.04595754530605853,Precision 1 only,"ACLED (Armed Conflict Location & Event Data), course file accessed 2026-10-08; https://acleddata.com/; original township/time aggregation and statistics"
MMR014015,0.01187074370682239,0.971993923187256,0,14,-1.834210335979931,0.002,Sporadic cold spot,Sporadic cold spot,0.984112221021032,Precision 1 only,"ACLED (Armed Conflict Location & Event Data), course file accessed 2026-10-08; https://acleddata.com/; original township/time aggregation and statistics"
MMR014016,0.25294557213783264,0.14123821258544922,0,7,-1.4011822996818744,0.098,No pattern detected,No pattern detected,0.21656258383365432,Precision 1 only,"ACLED (Armed Conflict Location & Event Data), course file accessed 2026-10-08; https://acleddata.com/; original township/time aggregation and statistics"
MMR014017,-0.19592490792274475,0.2714684009552002,0,17,-1.974895993075225,0.002,Sporadic cold spot,Sporadic cold spot,0.3623272127034713,Precision 1 only,"ACLED (Armed Conflict Location & Event Data), course file accessed 2026-10-08; https://acleddata.com/; original township/time aggregation and statistics"
MMR014018,-0.01248781103640794,0.9714859127998352,0,19,-1.8559462148426893,0.002,Persistent cold spot,Sporadic cold spot,0.984112221021032,Precision 1 only,"ACLED (Armed Conflict Location & Event Data), course file accessed 2026-10-08; https://acleddata.com/; original township/time aggregation and statistics"
MMR014019,-0.3854727447032929,0.03446629643440246,0,19,-2.143753626927822,0.002,Intensifying cold spot,Intensifying cold spot,0.06748789780868028,Precision 1 only,"ACLED (Armed Conflict Location & Event Data), course file accessed 2026-10-08; https://acleddata.com/; original township/time aggregation and statistics"
MMR014020,-0.1000017300248146,0.5751687288284302,0,5,-1.9186312335111737,0.008,Sporadic cold spot,Sporadic cold spot,0.6622541349538614,Precision 1 only,"ACLED (Armed Conflict Location & Event Data), course file accessed 2026-10-08; https://acleddata.com/; original township/time aggregation and statistics"
MMR014021,-0.09892011433839798,0.6241097450256348,0,18,-1.5148852237248038,0.002,Persistent cold spot,Sporadic cold spot,0.7086246063311895,Precision 1 only,"ACLED (Armed Conflict Location & Event Data), course file accessed 2026-10-08; https://acleddata.com/; original township/time aggregation and statistics"
MMR015001,0.2307853996753693,0.18262434005737305,1,9,-1.5577104062992588,0.026,Oscillating cold spot,No pattern detected,0.2596441704293956,Precision 1 only,"ACLED (Armed Conflict Location & Event Data), course file accessed 2026-10-08; https://acleddata.com/; original township/time aggregation and statistics"
MMR015002,0.2882402837276459,0.09269165992736816,3,0,-1.0179888166418785,0.266,No pattern detected,No pattern detected,0.154523408352421,Precision 1 only,"ACLED (Armed Conflict Location & Event Data), course file accessed 2026-10-08; https://acleddata.com/; original township/time aggregation and statistics"
MMR015003,0.24633538722991943,0.15120530128479004,2,4,-1.2387666156958688,0.182,No pattern detected,No pattern detected,0.22890802555614048,Precision 1 only,"ACLED (Armed Conflict Location & Event Data), course file accessed 2026-10-08; https://acleddata.com/; original township/time aggregation and statistics"
MMR015004,0.2307853996753693,0.18244481086730957,0,12,-1.9186312335111737,0.004,Sporadic cold spot,Sporadic cold spot,0.2596441704293956,Precision 1 only,"ACLED (Armed Conflict Location & Event Data), course file accessed 2026-10-08; https://acleddata.com/; original township/time aggregation and statistics"
MMR015005,-0.22867028415203097,0.21513158082962036,0,19,-1.823463078045488,0.002,Persistent cold spot,Persistent cold spot,0.3006325937234438,Precision 1 only,"ACLED (Armed Conflict Location & Event Data), course file accessed 2026-10-08; https://acleddata.com/; original township/time aggregation and statistics"
MMR015006,-0.27406883239746094,0.16913144290447235,0,18,-1.5148852237248038,0.002,Persistent cold spot,Persistent cold spot,0.2480119272475726,Precision 1 only,"ACLED (Armed Conflict Location & Event Data), course file accessed 2026-10-08; https://acleddata.com/; original township/time aggregation and statistics"
MMR015007,-0.32444286346435547,0.12069082260131836,0,18,-1.3117177077041604,0.01,Persistent cold spot,Sporadic cold spot,0.19346028916976032,Precision 1 only,"ACLED (Armed Conflict Location & Event Data), course file accessed 2026-10-08; https://acleddata.com/; original township/time aggregation and statistics"
MMR015008,-0.08255840837955475,0.6662951707839966,0,19,-1.823463078045488,0.002,Persistent cold spot,Persistent cold spot,0.7455555180233899,Precision 1 only,"ACLED (Armed Conflict Location & Event Data), course file accessed 2026-10-08; https://acleddata.com/; original township/time aggregation and statistics"
MMR015009,-0.23460513353347776,0.17216724157333374,2,0,-0.7990120824985526,0.564,No pattern detected,No pattern detected,0.2480119272475726,Precision 1 only,"ACLED (Armed Conflict Location & Event Data), course file accessed 2026-10-08; https://acleddata.com/; original township/time aggregation and statistics"
MMR015010,-0.24633538722991943,0.15120530128479004,2,0,-1.0535665732066883,0.268,No pattern detected,No pattern detected,0.22890802555614048,Precision 1 only,"ACLED (Armed Conflict Location & Event Data), course file accessed 2026-10-08; https://acleddata.com/; original township/time aggregation and statistics"
MMR015011,-0.10619886219501495,0.5512756109237671,2,0,-1.468386446677878,0.05,No pattern detected,No pattern detected,0.6369863066150948,Precision 1 only,"ACLED (Armed Conflict Location & Event Data), course file accessed 2026-10-08; https://acleddata.com/; original township/time aggregation and statistics"
MMR015012,0.3519077003002167,0.03888392448425293,7,0,7.920894946258803,0.002,Consecutive hot spot,Consecutive hot spot,0.07349736015231624,Precision 1 only,"ACLED (Armed Conflict Location & Event Data), course file accessed 2026-10-08; https://acleddata.com/; original township/time aggregation and statistics"
MMR015013,0.7894737720489502,2.7418136596679688e-06,7,0,9.454402070361178,0.002,Consecutive hot spot,Sporadic hot spot,8.910042898995536e-5,Precision 1 only,"ACLED (Armed Conflict Location & Event Data), course file accessed 2026-10-08; https://acleddata.com/; original township/time aggregation and statistics"
MMR015014,0.23460513353347776,0.17216730117797852,2,4,0.48550082431002634,0.626,No pattern detected,No pattern detected,0.2480119272475726,Precision 1 only,"ACLED (Armed Conflict Location & Event Data), course file accessed 2026-10-08; https://acleddata.com/; original township/time aggregation and statistics"
MMR015015,0.2411806434392929,0.1611725091934204,3,0,-0.946833303512258,0.462,No pattern detected,No pattern detected,0.24032446146011352,Precision 1 only,"ACLED (Armed Conflict Location & Event Data), course file accessed 2026-10-08; https://acleddata.com/; original township/time aggregation and statistics"
MMR015016,0.2631579041481018,0.12371516227722168,3,2,1.1974686440942124,0.198,No pattern detected,No pattern detected,0.1963828061390849,Precision 1 only,"ACLED (Armed Conflict Location & Event Data), course file accessed 2026-10-08; https://acleddata.com/; original township/time aggregation and statistics"
MMR015017,0.39412447810173035,0.02078437805175781,3,0,2.867725104896745,0.02,Sporadic hot spot,No pattern detected,0.04595754530605853,Precision 1 only,"ACLED (Armed Conflict Location & Event Data), course file accessed 2026-10-08; https://acleddata.com/; original township/time aggregation and statistics"
MMR015018,0.68035489320755,5.6743621826171875e-5,0,1,1.042740250839832,0.246,No pattern detected,No pattern detected,5.301475524902344e-4,Precision 1 only,"ACLED (Armed Conflict Location & Event Data), course file accessed 2026-10-08; https://acleddata.com/; original township/time aggregation and statistics"
MMR015019,0.0703815370798111,0.7001802921295166,3,1,-1.768123930526326,0.02,New cold spot,No pattern detected,0.7683187081109757,Precision 1 only,"ACLED (Armed Conflict Location & Event Data), course file accessed 2026-10-08; https://acleddata.com/; original township/time aggregation and statistics"
MMR015020,0.31859657168388367,0.06321883201599121,3,0,-1.2387666156958683,0.202,No pattern detected,No pattern detected,0.11052470008268,Precision 1 only,"ACLED (Armed Conflict Location & Event Data), course file accessed 2026-10-08; https://acleddata.com/; original township/time aggregation and statistics"
MMR015021,0.3000051975250244,0.0798729658126831,0,8,-1.5960811204650809,0.016,Sporadic cold spot,No pattern detected,0.13603364489972591,Precision 1 only,"ACLED (Armed Conflict Location & Event Data), course file accessed 2026-10-08; https://acleddata.com/; original township/time aggregation and statistics"
MMR015022,0.1242690607905388,0.4830343723297119,1,2,-1.4804996519844102,0.056,No pattern detected,No pattern detected,0.5729274205539537,Precision 1 only,"ACLED (Armed Conflict Location & Event Data), course file accessed 2026-10-08; https://acleddata.com/; original township/time aggregation and statistics"
MMR015023,-0.21114462614059448,0.22048288583755493,2,0,-0.8785535426348027,0.502,No pattern detected,No pattern detected,0.30421056400371504,Precision 1 only,"ACLED (Armed Conflict Location & Event Data), course file accessed 2026-10-08; https://acleddata.com/; original township/time aggregation and statistics"
MMR015024,-0.269387423992157,0.13419228792190552,0,19,-1.974895993075225,0.002,Persistent cold spot,Persistent cold spot,0.2099563547869048,Precision 1 only,"ACLED (Armed Conflict Location & Event Data), course file accessed 2026-10-08; https://acleddata.com/; original township/time aggregation and statistics"
MMR016001,-0.30623504519462585,0.11122560501098631,0,19,-2.0049743849880945,0.002,Persistent cold spot,Persistent cold spot,0.17916636866301738,Precision 1 only,"ACLED (Armed Conflict Location & Event Data), course file accessed 2026-10-08; https://acleddata.com/; original township/time aggregation and statistics"
MMR016002,-0.30623504519462585,0.11122560501098631,0,19,-1.8559462148426893,0.002,Persistent cold spot,Persistent cold spot,0.17916636866301738,Precision 1 only,"ACLED (Armed Conflict Location & Event Data), course file accessed 2026-10-08; https://acleddata.com/; original township/time aggregation and statistics"
MMR016003,-0.20084556937217712,0.3179548978805542,0,19,-1.6939661913732709,0.002,Persistent cold spot,Persistent cold spot,0.4125843317735763,Precision 1 only,"ACLED (Armed Conflict Location & Event Data), course file accessed 2026-10-08; https://acleddata.com/; original township/time aggregation and statistics"
MMR016005,-0.39830201864242554,0.04025594890117645,0,19,-1.6939661913732709,0.002,Intensifying cold spot,Consecutive cold spot,0.07565342121083161,Precision 1 only,"ACLED (Armed Conflict Location & Event Data), course file accessed 2026-10-08; https://acleddata.com/; original township/time aggregation and statistics"
MMR016006,-0.4762985110282898,0.00783026218414306,0,19,-1.823463078045488,0.002,Intensifying cold spot,Sporadic cold spot,0.02016138373397466,Precision 1 only,"ACLED (Armed Conflict Location & Event Data), course file accessed 2026-10-08; https://acleddata.com/; original township/time aggregation and statistics"
MMR016007,-0.33717089891433716,0.05869815126061439,0,19,-2.2741610975518656,0.002,Persistent cold spot,Persistent cold spot,0.10431682316424408,Precision 1 only,"ACLED (Armed Conflict Location & Event Data), course file accessed 2026-10-08; https://acleddata.com/; original township/time aggregation and statistics"
MMR016008,-0.18467611074447632,0.33245182037353516,0,19,-1.8559462148426893,0.002,Persistent cold spot,Persistent cold spot,0.42632056965547455,Precision 1 only,"ACLED (Armed Conflict Location & Event Data), course file accessed 2026-10-08; https://acleddata.com/; original township/time aggregation and statistics"
MMR016009,-0.5017011165618896,0.00506220431998372,0,17,-1.475114493656679,0.002,Sporadic cold spot,Sporadic cold spot,0.01382751156343147,Precision 1 only,"ACLED (Armed Conflict Location & Event Data), course file accessed 2026-10-08; https://acleddata.com/; original township/time aggregation and statistics"
MMR016010,-0.5017011165618896,0.00506220431998372,0,18,-1.6583884348084603,0.002,Intensifying cold spot,Sporadic cold spot,0.01382751156343147,Precision 1 only,"ACLED (Armed Conflict Location & Event Data), course file accessed 2026-10-08; https://acleddata.com/; original township/time aggregation and statistics"
MMR016011,-0.526225209236145,0.00345447799190878,0,18,-1.6583884348084603,0.004,Intensifying cold spot,Sporadic cold spot,0.01017670543562318,Precision 1 only,"ACLED (Armed Conflict Location & Event Data), course file accessed 2026-10-08; https://acleddata.com/; original township/time aggregation and statistics"
MMR017001,-0.04117718338966369,0.8335343599319458,1,10,-1.3737663822899795,0.012,Oscillating cold spot,Sporadic cold spot,0.8764171565843931,Precision 1 only,"ACLED (Armed Conflict Location & Event Data), course file accessed 2026-10-08; https://acleddata.com/; original township/time aggregation and statistics"
MMR017002,-0.31859657168388367,0.06321887671947479,0,12,-1.6610473940594828,0.006,Sporadic cold spot,Sporadic cold spot,0.11052470008268,Precision 1 only,"ACLED (Armed Conflict Location & Event Data), course file accessed 2026-10-08; https://acleddata.com/; original township/time aggregation and statistics"
MMR017003,0.01201640162616968,0.9718782901763916,1,8,-1.0113846581154613,0.334,No pattern detected,No pattern detected,0.984112221021032,Precision 1 only,"ACLED (Armed Conflict Location & Event Data), course file accessed 2026-10-08; https://acleddata.com/; original township/time aggregation and statistics"
MMR017004,-0.3750598132610321,0.02940531447529792,0,0,-0.6772572146236989,0.722,No pattern detected,No pattern detected,0.0608578343887495,Precision 1 only,"ACLED (Armed Conflict Location & Event Data), course file accessed 2026-10-08; https://acleddata.com/; original township/time aggregation and statistics"
MMR017005,-0.05971453338861465,0.7516318559646606,0,16,-0.04987891065158507,0.844,No pattern detected,No pattern detected,0.8115934039106464,Precision 1 only,"ACLED (Armed Conflict Location & Event Data), course file accessed 2026-10-08; https://acleddata.com/; original township/time aggregation and statistics"
MMR017006,0.14793935418128967,0.3999464511871338,1,14,0.15800826658377756,0.738,No pattern detected,No pattern detected,0.4930847049655771,Precision 1 only,"ACLED (Armed Conflict Location & Event Data), course file accessed 2026-10-08; https://acleddata.com/; original township/time aggregation and statistics"
MMR017007,-0.00598974246531724,1,0,16,-1.2229361952534905,0.202,No pattern detected,No pattern detected,1,Precision 1 only,"ACLED (Armed Conflict Location & Event Data), course file accessed 2026-10-08; https://acleddata.com/; original township/time aggregation and statistics"
MMR017008,0.40360528230667114,0.0186624526977539,0,13,0.07043465699989322,0.692,No pattern detected,No pattern detected,0.04267567854661208,Precision 1 only,"ACLED (Armed Conflict Location & Event Data), course file accessed 2026-10-08; https://acleddata.com/; original township/time aggregation and statistics"
MMR017009,0.526664137840271,0.00202667713165283,0,9,-1.0113846581154613,0.368,No pattern detected,No pattern detected,0.00656161804010372,Precision 1 only,"ACLED (Armed Conflict Location & Event Data), course file accessed 2026-10-08; https://acleddata.com/; original township/time aggregation and statistics"
MMR017010,0.17160965502262115,0.32589995861053467,0,9,0.5478059081501905,0.566,No pattern detected,No pattern detected,0.41981964787160314,Precision 1 only,"ACLED (Armed Conflict Location & Event Data), course file accessed 2026-10-08; https://acleddata.com/; original township/time aggregation and statistics"
MMR017011,0.2374148666858673,0.1709386110305786,2,12,-1.2712497524930697,0.166,No pattern detected,No pattern detected,0.2480119272475726,Precision 1 only,"ACLED (Armed Conflict Location & Event Data), course file accessed 2026-10-08; https://acleddata.com/; original township/time aggregation and statistics"
MMR017012,0.12353155016899107,0.4835717678070069,0,13,-1.5635979836678795,0.024,Sporadic cold spot,No pattern detected,0.5729274205539537,Precision 1 only,"ACLED (Armed Conflict Location & Event Data), course file accessed 2026-10-08; https://acleddata.com/; original township/time aggregation and statistics"
MMR017013,0.42057403922080994,0.01499772071838378,1,14,0.01027787317415441,0.882,No pattern detected,No pattern detected,0.03503039053508214,Precision 1 only,"ACLED (Armed Conflict Location & Event Data), course file accessed 2026-10-08; https://acleddata.com/; original township/time aggregation and statistics"
MMR017014,-0.5098168849945068,0.00363468867726624,0,17,-1.6583884348084603,0.002,Sporadic cold spot,Sporadic cold spot,0.01061199283451839,Precision 1 only,"ACLED (Armed Conflict Location & Event Data), course file accessed 2026-10-08; https://acleddata.com/; original township/time aggregation and statistics"
MMR017015,-0.4258645176887512,0.01474825479090213,0,18,-1.726013667653885,0.002,Intensifying cold spot,Sporadic cold spot,0.03469553465197841,Precision 1 only,"ACLED (Armed Conflict Location & Event Data), course file accessed 2026-10-08; https://acleddata.com/; original township/time aggregation and statistics"
MMR017016,-0.36273813247680664,0.03737602010369301,0,10,-1.475114493656679,0.006,Sporadic cold spot,Sporadic cold spot,0.07231928150241192,Precision 1 only,"ACLED (Armed Conflict Location & Event Data), course file accessed 2026-10-08; https://acleddata.com/; original township/time aggregation and statistics"
MMR017017,-0.23599746823310852,0.17164118587970734,0,17,-2.0030521310424168,0.002,Sporadic cold spot,Sporadic cold spot,0.2480119272475726,Precision 1 only,"ACLED (Armed Conflict Location & Event Data), course file accessed 2026-10-08; https://acleddata.com/; original township/time aggregation and statistics"
MMR017018,-0.33855557441711426,0.0524161159992218,0,15,-1.6228106782436509,0.006,Sporadic cold spot,Sporadic cold spot,0.0957545806242767,Precision 1 only,"ACLED (Armed Conflict Location & Event Data), course file accessed 2026-10-08; https://acleddata.com/; original township/time aggregation and statistics"
MMR017019,-0.33730173110961914,0.0494360588490963,0,15,-1.824504033510878,0.002,Sporadic cold spot,Sporadic cold spot,0.0913310239754491,Precision 1 only,"ACLED (Armed Conflict Location & Event Data), course file accessed 2026-10-08; https://acleddata.com/; original township/time aggregation and statistics"
MMR017020,-0.08309520035982132,0.6481038331985474,0,17,-1.9186312335111737,0.002,Sporadic cold spot,Sporadic cold spot,0.7293378766050044,Precision 1 only,"ACLED (Armed Conflict Location & Event Data), course file accessed 2026-10-08; https://acleddata.com/; original township/time aggregation and statistics"
MMR017021,-0.15067076683044434,0.3974192142486572,0,17,-1.824504033510878,0.004,Sporadic cold spot,Sporadic cold spot,0.4930847049655771,Precision 1 only,"ACLED (Armed Conflict Location & Event Data), course file accessed 2026-10-08; https://acleddata.com/; original township/time aggregation and statistics"
MMR017022,-0.0238858126103878,0.9159821271896362,0,16,-1.7643472496851396,0.008,Sporadic cold spot,Sporadic cold spot,0.9448774624322116,Precision 1 only,"ACLED (Armed Conflict Location & Event Data), course file accessed 2026-10-08; https://acleddata.com/; original township/time aggregation and statistics"
MMR017023,-0.5888036489486694,6.306151044555008e-4,0,12,-1.475114493656679,0.01,Sporadic cold spot,Sporadic cold spot,0.00245489451377319,Precision 1 only,"ACLED (Armed Conflict Location & Event Data), course file accessed 2026-10-08; https://acleddata.com/; original township/time aggregation and statistics"
MMR017024,-0.4252717196941376,0.01369616109877824,0,8,-1.4353437635885538,0.024,Sporadic cold spot,No pattern detected,0.03269083707518604,Precision 1 only,"ACLED (Armed Conflict Location & Event Data), course file accessed 2026-10-08; https://acleddata.com/; original township/time aggregation and statistics"
MMR017025,-0.3917345404624939,0.02254532463848591,0,15,-2.059332729396578,0.002,Sporadic cold spot,Sporadic cold spot,0.04914880771189928,Precision 1 only,"ACLED (Armed Conflict Location & Event Data), course file accessed 2026-10-08; https://acleddata.com/; original township/time aggregation and statistics"
MMR017026,-0.564009428024292,0.00115686026401817,0,6,-1.3117177077041604,0.018,Sporadic cold spot,No pattern detected,0.0039820348035152,Precision 1 only,"ACLED (Armed Conflict Location & Event Data), course file accessed 2026-10-08; https://acleddata.com/; original township/time aggregation and statistics"
MMR018001,0.20180264115333557,0.2466402053833008,0,8,-1.51607740854922,0.034,Sporadic cold spot,No pattern detected,0.3351018349986431,Precision 1 only,"ACLED (Armed Conflict Location & Event Data), course file accessed 2026-10-08; https://acleddata.com/; original township/time aggregation and statistics"
MMR018002,-0.13300397992134094,0.4589281678199768,0,15,-1.5872329216788403,0.004,Sporadic cold spot,Sporadic cold spot,0.551007458763401,Precision 1 only,"ACLED (Armed Conflict Location & Event Data), course file accessed 2026-10-08; https://acleddata.com/; original township/time aggregation and statistics"
MMR018003,-0.1769980937242508,0.309415340423584,0,12,-1.974911831865336,0.002,Sporadic cold spot,Sporadic cold spot,0.4031028538586134,Precision 1 only,"ACLED (Armed Conflict Location & Event Data), course file accessed 2026-10-08; https://acleddata.com/; original township/time aggregation and statistics"
MMR018004,0.0563834123313427,0.7749572992324829,0,16,-1.51607740854922,0.034,Sporadic cold spot,No pattern detected,0.8303521114374217,Precision 1 only,"ACLED (Armed Conflict Location & Event Data), course file accessed 2026-10-08; https://acleddata.com/; original township/time aggregation and statistics"
MMR018005,-0.08090154081583023,0.6680359840393066,0,19,-1.726013667653885,0.008,Persistent cold spot,Sporadic cold spot,0.7455555180233899,Precision 1 only,"ACLED (Armed Conflict Location & Event Data), course file accessed 2026-10-08; https://acleddata.com/; original township/time aggregation and statistics"
MMR018006,0.4247954487800598,0.01278984546661377,0,3,-0.8677949258337859,0.492,No pattern detected,No pattern detected,0.03121104080285599,Precision 1 only,"ACLED (Armed Conflict Location & Event Data), course file accessed 2026-10-08; https://acleddata.com/; original township/time aggregation and statistics"
MMR018007,0.2848978340625763,0.09893190860748292,0,4,-1.7965273033834612,0.01,Sporadic cold spot,Sporadic cold spot,0.16333967909216882,Precision 1 only,"ACLED (Armed Conflict Location & Event Data), course file accessed 2026-10-08; https://acleddata.com/; original township/time aggregation and statistics"
MMR018008,-0.09673016518354416,0.5964944362640381,0,16,-1.7944256415980089,0.006,Sporadic cold spot,Sporadic cold spot,0.6830656204489465,Precision 1 only,"ACLED (Armed Conflict Location & Event Data), course file accessed 2026-10-08; https://acleddata.com/; original township/time aggregation and statistics"
