township_id,variable,specification,value,local_i,moran_p,moran_q,quadrant,gi_star,gi_p,gi_q,lisa_class,gi_class,source
MMR001001,Events,Queen,211,0.03939273307163241,0.526,0.7166750000000001,High-high,0.5702538730902328,0.556,0.7481975308641976,Not significant,Not significant,"ACLED (Armed Conflict Location & Event Data), course file accessed 2026-10-08; https://acleddata.com/; original township/time aggregation and statistics"
MMR001002,Events,Queen,424,0.01249886969176965,0.826,0.9014013157894736,High-high,0.5950231781383418,0.804,0.8763600000000001,Not significant,Not significant,"ACLED (Armed Conflict Location & Event Data), course file accessed 2026-10-08; https://acleddata.com/; original township/time aggregation and statistics"
MMR001003,Events,Queen,16,0.14143860019899954,0.758,0.8599307958477509,Low-low,-0.7205169601244091,0.73,0.8405281690140844,Not significant,Not significant,"ACLED (Armed Conflict Location & Event Data), course file accessed 2026-10-08; https://acleddata.com/; original township/time aggregation and statistics"
MMR001004,Events,Queen,97,-0.02813119268625397,0.756,0.8599307958477509,Low-high,0.089780243641805,0.77,0.8652577319587629,Not significant,Not significant,"ACLED (Armed Conflict Location & Event Data), course file accessed 2026-10-08; https://acleddata.com/; original township/time aggregation and statistics"
MMR001005,Events,Queen,37,0.02855366665699723,0.862,0.9134903225806452,Low-low,-0.3858024974615713,0.856,0.917744262295082,Not significant,Not significant,"ACLED (Armed Conflict Location & Event Data), course file accessed 2026-10-08; https://acleddata.com/; original township/time aggregation and statistics"
MMR001006,Events,Queen,27,0.48672435194918745,0.082,0.2415675675675676,Low-low,-1.417881978576981,0.066,0.20554285714285717,Not significant,Not significant,"ACLED (Armed Conflict Location & Event Data), course file accessed 2026-10-08; https://acleddata.com/; original township/time aggregation and statistics"
MMR001007,Events,Queen,223,0.16584252224623933,0.104,0.27875409836065573,High-high,1.6508144802710925,0.112,0.29535483870967744,Not significant,Not significant,"ACLED (Armed Conflict Location & Event Data), course file accessed 2026-10-08; https://acleddata.com/; original township/time aggregation and statistics"
MMR001008,Events,Queen,77,-0.39046558878464505,0.108,0.2802857142857143,Low-high,1.4215506167062932,0.134,0.33706153846153847,Not significant,Not significant,"ACLED (Armed Conflict Location & Event Data), course file accessed 2026-10-08; https://acleddata.com/; original township/time aggregation and statistics"
MMR001009,Events,Queen,854,-0.641680582988833,0.768,0.8630103092783505,High-low,1.0170261567315568,0.786,0.8705418060200669,Not significant,Not significant,"ACLED (Armed Conflict Location & Event Data), course file accessed 2026-10-08; https://acleddata.com/; original township/time aggregation and statistics"
MMR001010,Events,Queen,289,0.10418375439880807,0.656,0.7944888888888889,High-high,0.6015000355151285,0.638,0.7808955223880597,Not significant,Not significant,"ACLED (Armed Conflict Location & Event Data), course file accessed 2026-10-08; https://acleddata.com/; original township/time aggregation and statistics"
MMR001011,Events,Queen,219,0.06115486063036358,0.558,0.7357500000000001,High-high,0.5790942152534584,0.566,0.7554367346938775,Not significant,Not significant,"ACLED (Armed Conflict Location & Event Data), course file accessed 2026-10-08; https://acleddata.com/; original township/time aggregation and statistics"
MMR001012,Events,Queen,403,0.580801266176928,0.332,0.5483030303030304,High-high,1.4170949431830158,0.286,0.5174505494505495,Not significant,Not significant,"ACLED (Armed Conflict Location & Event Data), course file accessed 2026-10-08; https://acleddata.com/; original township/time aggregation and statistics"
MMR001013,Events,Queen,133,-0.02291756195630473,0.688,0.8092661870503597,Low-high,0.2348593403241618,0.662,0.7953406593406593,Not significant,Not significant,"ACLED (Armed Conflict Location & Event Data), course file accessed 2026-10-08; https://acleddata.com/; original township/time aggregation and statistics"
MMR001014,Events,Queen,62,0.3225650162105841,0.098,0.26929411764705885,Low-low,-1.3699288456269767,0.118,0.30623809523809525,Not significant,Not significant,"ACLED (Armed Conflict Location & Event Data), course file accessed 2026-10-08; https://acleddata.com/; original township/time aggregation and statistics"
MMR001015,Events,Queen,48,0.2827716261065884,0.214,0.4373625,Low-low,-1.3400238468292098,0.196,0.4216578947368421,Not significant,Not significant,"ACLED (Armed Conflict Location & Event Data), course file accessed 2026-10-08; https://acleddata.com/; original township/time aggregation and statistics"
MMR001016,Events,Queen,1,0.5411008447157337,0.062,0.20687755102040817,Low-low,-1.565978480651181,0.082,0.23729203539823007,Not significant,Not significant,"ACLED (Armed Conflict Location & Event Data), course file accessed 2026-10-08; https://acleddata.com/; original township/time aggregation and statistics"
MMR001017,Events,Queen,1,0.5651885122143104,0.106,0.2802857142857143,Low-low,-1.4576729947163702,0.072,0.21599999999999997,Not significant,Not significant,"ACLED (Armed Conflict Location & Event Data), course file accessed 2026-10-08; https://acleddata.com/; original township/time aggregation and statistics"
MMR001018,Events,Queen,9,0.5582017828435066,0.01,0.05945454545454545,Low-low,-1.8061071962388835,0.014,0.07266666666666667,Low-low,Cold spot,"ACLED (Armed Conflict Location & Event Data), course file accessed 2026-10-08; https://acleddata.com/; original township/time aggregation and statistics"
MMR002001,Events,Queen,453,0.5112028231024988,0.366,0.5726411483253588,High-high,1.406304619214555,0.31,0.5369684210526315,Not significant,Not significant,"ACLED (Armed Conflict Location & Event Data), course file accessed 2026-10-08; https://acleddata.com/; original township/time aggregation and statistics"
MMR002002,Events,Queen,597,1.771567611509964,0.132,0.32211940298507463,High-high,2.4530390373450035,0.142,0.3465223880597014,Not significant,Not significant,"ACLED (Armed Conflict Location & Event Data), course file accessed 2026-10-08; https://acleddata.com/; original township/time aggregation and statistics"
MMR002003,Events,Queen,214,0.17422478946567324,0.152,0.3525106382978723,High-high,1.5710609850201285,0.156,0.36699280575539567,Not significant,Not significant,"ACLED (Armed Conflict Location & Event Data), course file accessed 2026-10-08; https://acleddata.com/; original township/time aggregation and statistics"
MMR002004,Events,Queen,55,0.04987149576206942,0.948,0.9697943925233644,Low-low,-0.4097312013607042,0.95,0.97078125,Not significant,Not significant,"ACLED (Armed Conflict Location & Event Data), course file accessed 2026-10-08; https://acleddata.com/; original township/time aggregation and statistics"
MMR002005,Events,Queen,102,-0.11370128736009802,0.36,0.5686956521739129,Low-high,0.7187033071593041,0.354,0.573059405940594,Not significant,Not significant,"ACLED (Armed Conflict Location & Event Data), course file accessed 2026-10-08; https://acleddata.com/; original township/time aggregation and statistics"
MMR002006,Events,Queen,86,-0.08268454441704957,0.574,0.750792,Low-high,0.2755971953453806,0.6,0.7724409448818897,Not significant,Not significant,"ACLED (Armed Conflict Location & Event Data), course file accessed 2026-10-08; https://acleddata.com/; original township/time aggregation and statistics"
MMR002007,Events,Queen,27,-0.210126192344061,0.53,0.7191286307053942,Low-high,0.12153295831564229,0.476,0.6767478260869565,Not significant,Not significant,"ACLED (Armed Conflict Location & Event Data), course file accessed 2026-10-08; https://acleddata.com/; original township/time aggregation and statistics"
MMR003001,Events,Queen,174,0.03894098607298301,0.072,0.22422857142857144,High-high,2.1512733854996724,0.054,0.1878510638297872,Not significant,Not significant,"ACLED (Armed Conflict Location & Event Data), course file accessed 2026-10-08; https://acleddata.com/; original township/time aggregation and statistics"
MMR003002,Events,Queen,61,-1.014298056293652,0.002,0.02422222222222222,Low-high,3.3218953743840913,0.006,0.040875,Low-high,Hot spot,"ACLED (Armed Conflict Location & Event Data), course file accessed 2026-10-08; https://acleddata.com/; original township/time aggregation and statistics"
MMR003003,Events,Queen,493,0.6403336831861344,0.264,0.49900578034682086,High-high,1.6123828041909751,0.298,0.5239032258064515,Not significant,Not significant,"ACLED (Armed Conflict Location & Event Data), course file accessed 2026-10-08; https://acleddata.com/; original township/time aggregation and statistics"
MMR003004,Events,Queen,202,0.102735909741916,0.1,0.2725,High-high,1.7639291673297548,0.09,0.2515384615384615,Not significant,Not significant,"ACLED (Armed Conflict Location & Event Data), course file accessed 2026-10-08; https://acleddata.com/; original township/time aggregation and statistics"
MMR003005,Events,Queen,641,3.3837942716297977,0.04,0.15759036144578314,High-high,3.3470922041148876,0.046,0.17289655172413793,High-high,Hot spot,"ACLED (Armed Conflict Location & Event Data), course file accessed 2026-10-08; https://acleddata.com/; original township/time aggregation and statistics"
MMR003006,Events,Queen,946,2.1220403776212073,0.218,0.4427701863354037,High-high,2.7198684966184894,0.234,0.47056097560975607,Not significant,Not significant,"ACLED (Armed Conflict Location & Event Data), course file accessed 2026-10-08; https://acleddata.com/; original township/time aggregation and statistics"
MMR003007,Events,Queen,357,1.119239321110634,0.03,0.13256756756756757,High-high,3.05507531586003,0.02,0.0961764705882353,High-high,Hot spot,"ACLED (Armed Conflict Location & Event Data), course file accessed 2026-10-08; https://acleddata.com/; original township/time aggregation and statistics"
MMR004001,Events,Queen,193,0.12326427059574994,0.118,0.29911627906976745,High-high,1.651017803155077,0.152,0.3628029197080292,Not significant,Not significant,"ACLED (Armed Conflict Location & Event Data), course file accessed 2026-10-08; https://acleddata.com/; original township/time aggregation and statistics"
MMR004002,Events,Queen,214,0.2473326166272608,0.062,0.20687755102040817,High-high,2.1882394885915875,0.048,0.1744,Not significant,Hot spot,"ACLED (Armed Conflict Location & Event Data), course file accessed 2026-10-08; https://acleddata.com/; original township/time aggregation and statistics"
MMR004003,Events,Queen,116,-0.04848843505332899,0.63,0.7923461538461538,Low-high,0.18121948252472625,0.582,0.7612559999999999,Not significant,Not significant,"ACLED (Armed Conflict Location & Event Data), course file accessed 2026-10-08; https://acleddata.com/; original township/time aggregation and statistics"
MMR004004,Events,Queen,156,-0.04439524115716144,0.136,0.3294222222222222,Low-high,1.5167054617029794,0.166,0.3849787234042553,Not significant,Not significant,"ACLED (Armed Conflict Location & Event Data), course file accessed 2026-10-08; https://acleddata.com/; original township/time aggregation and statistics"
MMR004005,Events,Queen,34,-0.8619667456184871,0.054,0.1898709677419355,Low-high,1.6808434032779602,0.046,0.17289655172413793,Not significant,Hot spot,"ACLED (Armed Conflict Location & Event Data), course file accessed 2026-10-08; https://acleddata.com/; original township/time aggregation and statistics"
MMR004006,Events,Queen,352,0.12765352992188583,0.676,0.7980216606498195,High-high,0.6646437107980169,0.694,0.8047446808510638,Not significant,Not significant,"ACLED (Armed Conflict Location & Event Data), course file accessed 2026-10-08; https://acleddata.com/; original township/time aggregation and statistics"
MMR004007,Events,Queen,209,0.0920005207817002,0.312,0.5369684210526315,High-high,1.045455415085921,0.324,0.5433230769230769,Not significant,Not significant,"ACLED (Armed Conflict Location & Event Data), course file accessed 2026-10-08; https://acleddata.com/; original township/time aggregation and statistics"
MMR004008,Events,Queen,136,-0.02555189713181705,0.666,0.7980216606498195,Low-high,0.31022437211341636,0.64,0.7808955223880597,Not significant,Not significant,"ACLED (Armed Conflict Location & Event Data), course file accessed 2026-10-08; https://acleddata.com/; original township/time aggregation and statistics"
MMR004009,Events,Queen,184,0.01463741351192891,0.652,0.7925799256505577,High-high,0.41891133753499266,0.612,0.7808955223880597,Not significant,Not significant,"ACLED (Armed Conflict Location & Event Data), course file accessed 2026-10-08; https://acleddata.com/; original township/time aggregation and statistics"
MMR005001,Events,Queen,667,2.0692544332237044,0.04,0.15759036144578314,High-high,3.0861540347415732,0.04,0.15951219512195122,High-high,Hot spot,"ACLED (Armed Conflict Location & Event Data), course file accessed 2026-10-08; https://acleddata.com/; original township/time aggregation and statistics"
MMR005002,Events,Queen,504,3.1129333072407297,0.004,0.03353846153846154,High-high,4.8833761278424905,0.002,0.02616,High-high,Hot spot,"ACLED (Armed Conflict Location & Event Data), course file accessed 2026-10-08; https://acleddata.com/; original township/time aggregation and statistics"
MMR005003,Events,Queen,432,2.4301509556304497,0.004,0.03353846153846154,High-high,4.322903091703435,0.006,0.040875,High-high,Hot spot,"ACLED (Armed Conflict Location & Event Data), course file accessed 2026-10-08; https://acleddata.com/; original township/time aggregation and statistics"
MMR005004,Events,Queen,806,3.8353095989523354,0.016,0.08175,High-high,3.791274083676536,0.026,0.11336,High-high,Hot spot,"ACLED (Armed Conflict Location & Event Data), course file accessed 2026-10-08; https://acleddata.com/; original township/time aggregation and statistics"
MMR005005,Events,Queen,582,3.1541011690473515,0.012,0.0665084745762712,High-high,3.9908895732805063,0.004,0.03114285714285714,High-high,Hot spot,"ACLED (Armed Conflict Location & Event Data), course file accessed 2026-10-08; https://acleddata.com/; original township/time aggregation and statistics"
MMR005006,Events,Queen,499,2.9919535115769107,0.002,0.02422222222222222,High-high,4.77005169734771,0.002,0.02616,High-high,Hot spot,"ACLED (Armed Conflict Location & Event Data), course file accessed 2026-10-08; https://acleddata.com/; original township/time aggregation and statistics"
MMR005007,Events,Queen,560,1.6545104873628416,0.06,0.20652631578947367,High-high,2.814844139316583,0.05,0.1796703296703297,Not significant,Not significant,"ACLED (Armed Conflict Location & Event Data), course file accessed 2026-10-08; https://acleddata.com/; original township/time aggregation and statistics"
MMR005008,Events,Queen,101,-0.08026994018841092,0.41,0.615,Low-high,0.5797403773425966,0.482,0.6789406779661017,Not significant,Not significant,"ACLED (Armed Conflict Location & Event Data), course file accessed 2026-10-08; https://acleddata.com/; original township/time aggregation and statistics"
MMR005009,Events,Queen,379,1.649155287934005,0.002,0.02422222222222222,High-high,4.269391231683251,0.004,0.03114285714285714,High-high,Hot spot,"ACLED (Armed Conflict Location & Event Data), course file accessed 2026-10-08; https://acleddata.com/; original township/time aggregation and statistics"
MMR005010,Events,Queen,312,1.1182327386271944,0.008,0.05129411764705883,High-high,3.789795373567858,0.006,0.040875,High-high,Hot spot,"ACLED (Armed Conflict Location & Event Data), course file accessed 2026-10-08; https://acleddata.com/; original township/time aggregation and statistics"
MMR005011,Events,Queen,373,0.8240917526935729,0.146,0.3510441176470588,High-high,1.9027633572202485,0.14,0.3442105263157895,Not significant,Not significant,"ACLED (Armed Conflict Location & Event Data), course file accessed 2026-10-08; https://acleddata.com/; original township/time aggregation and statistics"
MMR005012,Events,Queen,1039,5.843953185214277,0.004,0.03353846153846154,High-high,4.741720589724014,0.012,0.06884210526315789,High-high,Hot spot,"ACLED (Armed Conflict Location & Event Data), course file accessed 2026-10-08; https://acleddata.com/; original township/time aggregation and statistics"
MMR005013,Events,Queen,376,1.8856648166753751,0.002,0.02422222222222222,High-high,4.139582744107954,0.002,0.02616,High-high,Hot spot,"ACLED (Armed Conflict Location & Event Data), course file accessed 2026-10-08; https://acleddata.com/; original township/time aggregation and statistics"
MMR005014,Events,Queen,334,1.664865495622104,0.002,0.02422222222222222,High-high,4.86826620377652,0.002,0.02616,High-high,Hot spot,"ACLED (Armed Conflict Location & Event Data), course file accessed 2026-10-08; https://acleddata.com/; original township/time aggregation and statistics"
MMR005015,Events,Queen,510,3.9027682608377945,0.002,0.02422222222222222,High-high,5.400419357014665,0.002,0.02616,High-high,Hot spot,"ACLED (Armed Conflict Location & Event Data), course file accessed 2026-10-08; https://acleddata.com/; original township/time aggregation and statistics"
MMR005016,Events,Queen,506,3.3072064200927973,0.004,0.03353846153846154,High-high,4.722134070911376,0.002,0.02616,High-high,Hot spot,"ACLED (Armed Conflict Location & Event Data), course file accessed 2026-10-08; https://acleddata.com/; original township/time aggregation and statistics"
MMR005017,Events,Queen,454,1.687763036704553,0.016,0.08175,High-high,3.4607196730317087,0.008,0.05232,High-high,Hot spot,"ACLED (Armed Conflict Location & Event Data), course file accessed 2026-10-08; https://acleddata.com/; original township/time aggregation and statistics"
MMR005018,Events,Queen,395,3.1011316929427117,0.002,0.02422222222222222,High-high,6.662569686610546,0.002,0.02616,High-high,Hot spot,"ACLED (Armed Conflict Location & Event Data), course file accessed 2026-10-08; https://acleddata.com/; original township/time aggregation and statistics"
MMR005019,Events,Queen,537,3.4994022375422915,0.002,0.02422222222222222,High-high,5.0495852925681675,0.004,0.03114285714285714,High-high,Hot spot,"ACLED (Armed Conflict Location & Event Data), course file accessed 2026-10-08; https://acleddata.com/; original township/time aggregation and statistics"
MMR005020,Events,Queen,302,0.1487215249297434,0.55,0.7340816326530613,High-high,0.7298242788319664,0.57,0.7576829268292683,Not significant,Not significant,"ACLED (Armed Conflict Location & Event Data), course file accessed 2026-10-08; https://acleddata.com/; original township/time aggregation and statistics"
MMR005021,Events,Queen,242,0.08141979846099019,0.608,0.7827401574803149,High-high,0.5953893572619459,0.546,0.740838174273859,Not significant,Not significant,"ACLED (Armed Conflict Location & Event Data), course file accessed 2026-10-08; https://acleddata.com/; original township/time aggregation and statistics"
MMR005022,Events,Queen,332,0.36334017360120763,0.298,0.5295978260869565,High-high,1.3939179651433058,0.252,0.4847294117647059,Not significant,Not significant,"ACLED (Armed Conflict Location & Event Data), course file accessed 2026-10-08; https://acleddata.com/; original township/time aggregation and statistics"
MMR005023,Events,Queen,123,0.00984866057181826,0.95,0.9697943925233644,Low-low,-0.18789213679894085,0.972,0.9840371517027864,Not significant,Not significant,"ACLED (Armed Conflict Location & Event Data), course file accessed 2026-10-08; https://acleddata.com/; original township/time aggregation and statistics"
MMR005024,Events,Queen,233,0.09935278813893143,0.464,0.6684052863436124,High-high,0.7440825280893931,0.524,0.7169372384937239,Not significant,Not significant,"ACLED (Armed Conflict Location & Event Data), course file accessed 2026-10-08; https://acleddata.com/; original township/time aggregation and statistics"
MMR005025,Events,Queen,59,-0.0907968671281532,0.664,0.7980216606498195,Low-high,0.14116227377536,0.638,0.7808955223880597,Not significant,Not significant,"ACLED (Armed Conflict Location & Event Data), course file accessed 2026-10-08; https://acleddata.com/; original township/time aggregation and statistics"
MMR005026,Events,Queen,69,0.08917655780965525,0.802,0.8852121212121212,Low-low,-0.5819346528512684,0.814,0.8784752475247525,Not significant,Not significant,"ACLED (Armed Conflict Location & Event Data), course file accessed 2026-10-08; https://acleddata.com/; original township/time aggregation and statistics"
MMR005027,Events,Queen,886,0.3809759470408588,0.692,0.8110537634408602,High-high,1.4530114714885267,0.658,0.7939704797047972,Not significant,Not significant,"ACLED (Armed Conflict Location & Event Data), course file accessed 2026-10-08; https://acleddata.com/; original township/time aggregation and statistics"
MMR005028,Events,Queen,30,-0.5565765289193547,0.152,0.3525106382978723,Low-high,1.2009947773040637,0.138,0.3442105263157895,Not significant,Not significant,"ACLED (Armed Conflict Location & Event Data), course file accessed 2026-10-08; https://acleddata.com/; original township/time aggregation and statistics"
MMR005029,Events,Queen,265,0.5314885183169715,0.018,0.08918181818181817,High-high,2.857312667560865,0.018,0.0878507462686567,High-high,Hot spot,"ACLED (Armed Conflict Location & Event Data), course file accessed 2026-10-08; https://acleddata.com/; original township/time aggregation and statistics"
MMR005030,Events,Queen,259,0.23791086965498948,0.278,0.5165113636363636,High-high,1.2410843593482583,0.262,0.4952254335260116,Not significant,Not significant,"ACLED (Armed Conflict Location & Event Data), course file accessed 2026-10-08; https://acleddata.com/; original township/time aggregation and statistics"
MMR005031,Events,Queen,81,-0.23415333746231287,0.238,0.4716727272727273,Low-high,0.9905465509677648,0.236,0.47056097560975607,Not significant,Not significant,"ACLED (Armed Conflict Location & Event Data), course file accessed 2026-10-08; https://acleddata.com/; original township/time aggregation and statistics"
MMR005032,Events,Queen,118,0.02593472818314301,0.926,0.95823417721519,Low-low,-0.3446575989833869,0.902,0.9446666666666668,Not significant,Not significant,"ACLED (Armed Conflict Location & Event Data), course file accessed 2026-10-08; https://acleddata.com/; original township/time aggregation and statistics"
MMR005033,Events,Queen,17,-0.1161003068634175,0.644,0.7925799256505577,Low-high,0.08408649638853231,0.634,0.7808955223880597,Not significant,Not significant,"ACLED (Armed Conflict Location & Event Data), course file accessed 2026-10-08; https://acleddata.com/; original township/time aggregation and statistics"
MMR005034,Events,Queen,220,0.086142574460613755,0.416,0.6184886877828054,High-high,0.8860651482220974,0.396,0.5995,Not significant,Not significant,"ACLED (Armed Conflict Location & Event Data), course file accessed 2026-10-08; https://acleddata.com/; original township/time aggregation and statistics"
MMR005035,Events,Queen,5,0.1812698449005479,0.984,0.986,Low-low,-0.723542610155644,0.97,0.9840371517027864,Not significant,Not significant,"ACLED (Armed Conflict Location & Event Data), course file accessed 2026-10-08; https://acleddata.com/; original township/time aggregation and statistics"
MMR005036,Events,Queen,2,0.6175990645614199,0.036,0.14715,Low-low,-1.3543341389687156,0.032,0.1358961038961039,Low-low,Cold spot,"ACLED (Armed Conflict Location & Event Data), course file accessed 2026-10-08; https://acleddata.com/; original township/time aggregation and statistics"
MMR005037,Events,Queen,3,0.5001248794828448,0.178,0.3906442953020134,Low-low,-1.3432738233156258,0.204,0.4331688311688312,Not significant,Not significant,"ACLED (Armed Conflict Location & Event Data), course file accessed 2026-10-08; https://acleddata.com/; original township/time aggregation and statistics"
MMR006001,Events,Queen,445,2.0043818269099583,0.016,0.08175,High-high,3.542773168047103,0.018,0.0878507462686567,High-high,Hot spot,"ACLED (Armed Conflict Location & Event Data), course file accessed 2026-10-08; https://acleddata.com/; original township/time aggregation and statistics"
MMR006002,Events,Queen,428,1.304689244386665,0.092,0.2549491525423729,High-high,2.1633094739680554,0.12,0.3065625,Not significant,Not significant,"ACLED (Armed Conflict Location & Event Data), course file accessed 2026-10-08; https://acleddata.com/; original township/time aggregation and statistics"
MMR006003,Events,Queen,315,1.1385654299408072,0.04,0.15759036144578314,High-high,2.680592683780116,0.028,0.12047368421052632,High-high,Hot spot,"ACLED (Armed Conflict Location & Event Data), course file accessed 2026-10-08; https://acleddata.com/; original township/time aggregation and statistics"
MMR006004,Events,Queen,341,1.2794793567297482,0.046,0.16901123595505618,High-high,2.6482624831668633,0.054,0.1878510638297872,High-high,Not significant,"ACLED (Armed Conflict Location & Event Data), course file accessed 2026-10-08; https://acleddata.com/; original township/time aggregation and statistics"
MMR006005,Events,Queen,110,-0.3462931276133598,0.066,0.21582,Low-high,1.787781759152569,0.076,0.2238918918918919,Not significant,Not significant,"ACLED (Armed Conflict Location & Event Data), course file accessed 2026-10-08; https://acleddata.com/; original township/time aggregation and statistics"
MMR006006,Events,Queen,69,-0.26816006389752445,0.336,0.5493600000000001,Low-high,0.6139467830405848,0.366,0.5768773584905661,Not significant,Not significant,"ACLED (Armed Conflict Location & Event Data), course file accessed 2026-10-08; https://acleddata.com/; original township/time aggregation and statistics"
MMR006007,Events,Queen,549,2.026882404800328,0.08,0.2415675675675676,High-high,2.773847531020973,0.076,0.2238918918918919,Not significant,Not significant,"ACLED (Armed Conflict Location & Event Data), course file accessed 2026-10-08; https://acleddata.com/; original township/time aggregation and statistics"
MMR006008,Events,Queen,650,1.0135332683758054,0.34,0.5503960396039604,High-high,1.8562259701686576,0.348,0.5661492537313433,Not significant,Not significant,"ACLED (Armed Conflict Location & Event Data), course file accessed 2026-10-08; https://acleddata.com/; original township/time aggregation and statistics"
MMR006009,Events,Queen,78,0.18673203844860584,0.986,0.986,Low-low,-0.6120665737799427,0.98,0.9880430769230768,Not significant,Not significant,"ACLED (Armed Conflict Location & Event Data), course file accessed 2026-10-08; https://acleddata.com/; original township/time aggregation and statistics"
MMR006010,Events,Queen,77,-0.2170731981246408,0.374,0.5796113744075829,Low-high,0.5343647507618061,0.358,0.576679802955665,Not significant,Not significant,"ACLED (Armed Conflict Location & Event Data), course file accessed 2026-10-08; https://acleddata.com/; original township/time aggregation and statistics"
MMR007001,Events,Queen,74,0.20943215379451133,0.114,0.291234375,Low-low,-1.4889846253316883,0.144,0.34879999999999994,Not significant,Not significant,"ACLED (Armed Conflict Location & Event Data), course file accessed 2026-10-08; https://acleddata.com/; original township/time aggregation and statistics"
MMR007002,Events,Queen,4,0.4523680189410133,0.274,0.5149310344827587,Low-low,-1.256230975510712,0.26,0.49430232558139536,Not significant,Not significant,"ACLED (Armed Conflict Location & Event Data), course file accessed 2026-10-08; https://acleddata.com/; original township/time aggregation and statistics"
MMR007003,Events,Queen,19,0.4414322567257319,0.128,0.3195114503816794,Low-low,-1.425624764667944,0.12,0.3065625,Not significant,Not significant,"ACLED (Armed Conflict Location & Event Data), course file accessed 2026-10-08; https://acleddata.com/; original township/time aggregation and statistics"
MMR007004,Events,Queen,57,-0.07366761426114155,0.712,0.8226996466431095,Low-high,0.11241760401222792,0.626,0.7808955223880597,Not significant,Not significant,"ACLED (Armed Conflict Location & Event Data), course file accessed 2026-10-08; https://acleddata.com/; original township/time aggregation and statistics"
MMR007005,Events,Queen,308,-0.0115245574303661,0.858,0.9134903225806452,High-low,0.2898095417938416,0.928,0.9542641509433964,Not significant,Not significant,"ACLED (Armed Conflict Location & Event Data), course file accessed 2026-10-08; https://acleddata.com/; original township/time aggregation and statistics"
MMR007006,Events,Queen,320,0.2504110874275251,0.326,0.5466769230769231,High-high,1.2332592555438449,0.288,0.5174505494505495,Not significant,Not significant,"ACLED (Armed Conflict Location & Event Data), course file accessed 2026-10-08; https://acleddata.com/; original township/time aggregation and statistics"
MMR007007,Events,Queen,36,-0.07881369068646811,0.696,0.8128285714285715,Low-high,-0.0644165033067086,0.748,0.8522508710801393,Not significant,Not significant,"ACLED (Armed Conflict Location & Event Data), course file accessed 2026-10-08; https://acleddata.com/; original township/time aggregation and statistics"
MMR007008,Events,Queen,233,0.4054947643060172,0.012,0.0665084745762712,High-high,3.124510491097808,0.014,0.07266666666666667,High-high,Hot spot,"ACLED (Armed Conflict Location & Event Data), course file accessed 2026-10-08; https://acleddata.com/; original township/time aggregation and statistics"
MMR007009,Events,Queen,197,-0.01688604275701402,0.914,0.9518407643312105,High-low,-0.15215028237741315,0.918,0.9499556962025316,Not significant,Not significant,"ACLED (Armed Conflict Location & Event Data), course file accessed 2026-10-08; https://acleddata.com/; original township/time aggregation and statistics"
MMR007010,Events,Queen,262,-0.1214904392501936,0.668,0.7980216606498195,High-low,-0.32121238071547037,0.684,0.8045611510791367,Not significant,Not significant,"ACLED (Armed Conflict Location & Event Data), course file accessed 2026-10-08; https://acleddata.com/; original township/time aggregation and statistics"
MMR007011,Events,Queen,777,1.6764871694024477,0.202,0.42615483870967746,High-high,2.422347245597505,0.208,0.43322292993630573,Not significant,Not significant,"ACLED (Armed Conflict Location & Event Data), course file accessed 2026-10-08; https://acleddata.com/; original township/time aggregation and statistics"
MMR007012,Events,Queen,300,0.2863116181612927,0.33,0.5483030303030304,High-high,1.234329465910556,0.312,0.5369684210526315,Not significant,Not significant,"ACLED (Armed Conflict Location & Event Data), course file accessed 2026-10-08; https://acleddata.com/; original township/time aggregation and statistics"
MMR007013,Events,Queen,47,-0.03166284727030918,0.804,0.8852121212121212,Low-high,-0.16466915758044948,0.788,0.8705418060200669,Not significant,Not significant,"ACLED (Armed Conflict Location & Event Data), course file accessed 2026-10-08; https://acleddata.com/; original township/time aggregation and statistics"
MMR007014,Events,Queen,111,-0.1843229394924759,0.188,0.40180392156862743,Low-high,1.3144124983864525,0.168,0.3868732394366197,Not significant,Not significant,"ACLED (Armed Conflict Location & Event Data), course file accessed 2026-10-08; https://acleddata.com/; original township/time aggregation and statistics"
MMR008001,Events,Queen,83,0.21446263752069716,0.164,0.37241666666666673,Low-low,-1.256146153452434,0.2,0.4274509803921569,Not significant,Not significant,"ACLED (Armed Conflict Location & Event Data), course file accessed 2026-10-08; https://acleddata.com/; original township/time aggregation and statistics"
MMR008002,Events,Queen,95,0.02756682353465794,0.878,0.9202115384615384,Low-low,-0.3410822087094459,0.91,0.9446666666666668,Not significant,Not significant,"ACLED (Armed Conflict Location & Event Data), course file accessed 2026-10-08; https://acleddata.com/; original township/time aggregation and statistics"
MMR008003,Events,Queen,77,0.17351435879421637,0.306,0.5369684210526315,Low-low,-1.154193729513629,0.272,0.5082514285714286,Not significant,Not significant,"ACLED (Armed Conflict Location & Event Data), course file accessed 2026-10-08; https://acleddata.com/; original township/time aggregation and statistics"
MMR008004,Events,Queen,189,-0.03805970581308966,0.702,0.816918149466192,High-low,-0.4181326980748249,0.74,0.8460839160839161,Not significant,Not significant,"ACLED (Armed Conflict Location & Event Data), course file accessed 2026-10-08; https://acleddata.com/; original township/time aggregation and statistics"
MMR008005,Events,Queen,50,0.16088593869016704,0.608,0.7827401574803149,Low-low,-0.8161773192232744,0.63,0.7808955223880597,Not significant,Not significant,"ACLED (Armed Conflict Location & Event Data), course file accessed 2026-10-08; https://acleddata.com/; original township/time aggregation and statistics"
MMR008006,Events,Queen,14,0.3583214321177478,0.176,0.3888648648648649,Low-low,-1.3834648785188757,0.206,0.43322292993630573,Not significant,Not significant,"ACLED (Armed Conflict Location & Event Data), course file accessed 2026-10-08; https://acleddata.com/; original township/time aggregation and statistics"
MMR008007,Events,Queen,61,0.29899233989782215,0.152,0.3525106382978723,Low-low,-1.278587538399791,0.174,0.3924,Not significant,Not significant,"ACLED (Armed Conflict Location & Event Data), course file accessed 2026-10-08; https://acleddata.com/; original township/time aggregation and statistics"
MMR008008,Events,Queen,83,0.1131612658001952,0.432,0.6306428571428572,Low-low,-0.936467279571605,0.458,0.6597117903930132,Not significant,Not significant,"ACLED (Armed Conflict Location & Event Data), course file accessed 2026-10-08; https://acleddata.com/; original township/time aggregation and statistics"
MMR008009,Events,Queen,209,-0.06407256069571808,0.764,0.8614758620689654,High-low,-0.3310898502699109,0.78,0.8705418060200669,Not significant,Not significant,"ACLED (Armed Conflict Location & Event Data), course file accessed 2026-10-08; https://acleddata.com/; original township/time aggregation and statistics"
MMR008010,Events,Queen,214,-0.01638637706123814,0.952,0.9697943925233644,High-low,-0.03808428831800165,0.986,0.9890245398773004,Not significant,Not significant,"ACLED (Armed Conflict Location & Event Data), course file accessed 2026-10-08; https://acleddata.com/; original township/time aggregation and statistics"
MMR008011,Events,Queen,24,0.08379631759130893,0.968,0.9789814814814816,Low-low,-0.5429068541773554,0.864,0.92028664495114,Not significant,Not significant,"ACLED (Armed Conflict Location & Event Data), course file accessed 2026-10-08; https://acleddata.com/; original township/time aggregation and statistics"
MMR008012,Events,Queen,157,0.0073562997099128,0.62,0.7883488372093024,Low-low,-0.5633593018313182,0.6,0.7724409448818897,Not significant,Not significant,"ACLED (Armed Conflict Location & Event Data), course file accessed 2026-10-08; https://acleddata.com/; original township/time aggregation and statistics"
MMR008013,Events,Queen,20,0.2409481010153589,0.332,0.5483030303030304,Low-low,-1.200024404273254,0.288,0.5174505494505495,Not significant,Not significant,"ACLED (Armed Conflict Location & Event Data), course file accessed 2026-10-08; https://acleddata.com/; original township/time aggregation and statistics"
MMR008014,Events,Queen,124,0.01777685002500433,0.918,0.9529714285714288,Low-low,-0.2641793836857642,0.998,0.998,Not significant,Not significant,"ACLED (Armed Conflict Location & Event Data), course file accessed 2026-10-08; https://acleddata.com/; original township/time aggregation and statistics"
MMR009001,Events,Queen,68,0.2313793249538471,0.108,0.2802857142857143,Low-low,-1.4654931670949691,0.098,0.2648429752066116,Not significant,Not significant,"ACLED (Armed Conflict Location & Event Data), course file accessed 2026-10-08; https://acleddata.com/; original township/time aggregation and statistics"
MMR009002,Events,Queen,80,0.0885641478795049,0.67,0.7980216606498195,Low-low,-0.6430785992863092,0.67,0.7966909090909092,Not significant,Not significant,"ACLED (Armed Conflict Location & Event Data), course file accessed 2026-10-08; https://acleddata.com/; original township/time aggregation and statistics"
MMR009003,Events,Queen,82,-0.15127453655079376,0.348,0.5551024390243903,Low-high,0.6884834590273625,0.374,0.5768773584905661,Not significant,Not significant,"ACLED (Armed Conflict Location & Event Data), course file accessed 2026-10-08; https://acleddata.com/; original township/time aggregation and statistics"
MMR009004,Events,Queen,77,0.2860695611224862,0.016,0.08175,Low-low,-1.672442176280566,0.024,0.10750684931506849,Low-low,Cold spot,"ACLED (Armed Conflict Location & Event Data), course file accessed 2026-10-08; https://acleddata.com/; original township/time aggregation and statistics"
MMR009005,Events,Queen,39,0.31689638392656544,0.212,0.43600000000000005,Low-low,-1.3029946867268354,0.25,0.4847294117647059,Not significant,Not significant,"ACLED (Armed Conflict Location & Event Data), course file accessed 2026-10-08; https://acleddata.com/; original township/time aggregation and statistics"
MMR009006,Events,Queen,134,0.0888722818049306,0.046,0.16901123595505618,Low-low,-1.51340669757985,0.058,0.19353061224489795,Low-low,Not significant,"ACLED (Armed Conflict Location & Event Data), course file accessed 2026-10-08; https://acleddata.com/; original township/time aggregation and statistics"
MMR009007,Events,Queen,36,0.22817525184930693,0.568,0.7459277108433734,Low-low,-0.9310450035841564,0.562,0.753172131147541,Not significant,Not significant,"ACLED (Armed Conflict Location & Event Data), course file accessed 2026-10-08; https://acleddata.com/; original township/time aggregation and statistics"
MMR009008,Events,Queen,111,0.07683515693976298,0.544,0.7290491803278689,Low-low,-0.7620692513058289,0.578,0.7612559999999999,Not significant,Not significant,"ACLED (Armed Conflict Location & Event Data), course file accessed 2026-10-08; https://acleddata.com/; original township/time aggregation and statistics"
MMR009009,Events,Queen,161,0.00660043376474645,0.516,0.7144537815126051,Low-low,-0.7326647164297767,0.448,0.6569196428571429,Not significant,Not significant,"ACLED (Armed Conflict Location & Event Data), course file accessed 2026-10-08; https://acleddata.com/; original township/time aggregation and statistics"
MMR009010,Events,Queen,261,-0.10797679768147272,0.754,0.8599307958477509,High-low,-0.3371026369504018,0.684,0.8045611510791367,Not significant,Not significant,"ACLED (Armed Conflict Location & Event Data), course file accessed 2026-10-08; https://acleddata.com/; original township/time aggregation and statistics"
MMR009011,Events,Queen,33,-0.09668546193066416,0.62,0.7883488372093024,Low-high,0.13755733791662264,0.646,0.7847999999999999,Not significant,Not significant,"ACLED (Armed Conflict Location & Event Data), course file accessed 2026-10-08; https://acleddata.com/; original township/time aggregation and statistics"
MMR009012,Events,Queen,35,0.3676934458946602,0.124,0.3119076923076923,Low-low,-1.441503393798978,0.124,0.31432558139534883,Not significant,Not significant,"ACLED (Armed Conflict Location & Event Data), course file accessed 2026-10-08; https://acleddata.com/; original township/time aggregation and statistics"
MMR009013,Events,Queen,30,0.22724275443632547,0.388,0.5956619718309859,Low-low,-1.0904909371472058,0.406,0.6118064516129033,Not significant,Not significant,"ACLED (Armed Conflict Location & Event Data), course file accessed 2026-10-08; https://acleddata.com/; original township/time aggregation and statistics"
MMR009014,Events,Queen,83,0.11503226738870052,0.638,0.7925799256505577,Low-low,-0.750996751189325,0.64,0.7808955223880597,Not significant,Not significant,"ACLED (Armed Conflict Location & Event Data), course file accessed 2026-10-08; https://acleddata.com/; original township/time aggregation and statistics"
MMR009015,Events,Queen,49,0.2332387277937162,0.394,0.6020467289719627,Low-low,-1.0728258058569509,0.372,0.5768773584905661,Not significant,Not significant,"ACLED (Armed Conflict Location & Event Data), course file accessed 2026-10-08; https://acleddata.com/; original township/time aggregation and statistics"
MMR009016,Events,Queen,53,0.22750992918746848,0.21,0.43462025316455694,Low-low,-1.2967279808301049,0.222,0.4508944099378882,Not significant,Not significant,"ACLED (Armed Conflict Location & Event Data), course file accessed 2026-10-08; https://acleddata.com/; original township/time aggregation and statistics"
MMR009017,Events,Queen,31,0.38460075588196097,0.07,0.22223300970873788,Low-low,-1.5817826318847417,0.102,0.2733934426229508,Not significant,Not significant,"ACLED (Armed Conflict Location & Event Data), course file accessed 2026-10-08; https://acleddata.com/; original township/time aggregation and statistics"
MMR009018,Events,Queen,731,3.500520135030415,0.008,0.05129411764705883,High-high,4.1260599488587975,0.014,0.07266666666666667,High-high,Hot spot,"ACLED (Armed Conflict Location & Event Data), course file accessed 2026-10-08; https://acleddata.com/; original township/time aggregation and statistics"
MMR009019,Events,Queen,760,5.8370181747543075,0.002,0.02422222222222222,High-high,6.008831367688644,0.002,0.02616,High-high,Hot spot,"ACLED (Armed Conflict Location & Event Data), course file accessed 2026-10-08; https://acleddata.com/; original township/time aggregation and statistics"
MMR009020,Events,Queen,934,8.1267795405162,0.002,0.02422222222222222,High-high,5.956491078054297,0.002,0.02616,High-high,Hot spot,"ACLED (Armed Conflict Location & Event Data), course file accessed 2026-10-08; https://acleddata.com/; original township/time aggregation and statistics"
MMR009021,Events,Queen,556,2.8611026432562054,0.002,0.02422222222222222,High-high,4.387949206365205,0.006,0.040875,High-high,Hot spot,"ACLED (Armed Conflict Location & Event Data), course file accessed 2026-10-08; https://acleddata.com/; original township/time aggregation and statistics"
MMR009022,Events,Queen,161,-0.01952947802785883,0.068,0.2201584158415842,Low-high,2.1373171698150646,0.046,0.17289655172413793,Not significant,Hot spot,"ACLED (Armed Conflict Location & Event Data), course file accessed 2026-10-08; https://acleddata.com/; original township/time aggregation and statistics"
MMR009023,Events,Queen,445,1.7083441744704209,0.002,0.02422222222222222,High-high,3.792962686128086,0.01,0.06055555555555556,High-high,Hot spot,"ACLED (Armed Conflict Location & Event Data), course file accessed 2026-10-08; https://acleddata.com/; original township/time aggregation and statistics"
MMR009024,Events,Queen,187,0.107291879216482,0.042,0.16157647058823532,High-high,2.051767674270507,0.038,0.15532500000000002,High-high,Hot spot,"ACLED (Armed Conflict Location & Event Data), course file accessed 2026-10-08; https://acleddata.com/; original township/time aggregation and statistics"
MMR009025,Events,Queen,247,0.15331162243893473,0.296,0.5289180327868852,High-high,1.087790657382438,0.328,0.5444467005076142,Not significant,Not significant,"ACLED (Armed Conflict Location & Event Data), course file accessed 2026-10-08; https://acleddata.com/; original township/time aggregation and statistics"
MMR010001,Events,Queen,128,0.01513167569146008,0.832,0.9014013157894736,Low-low,-0.20170598177392152,0.796,0.8705418060200669,Not significant,Not significant,"ACLED (Armed Conflict Location & Event Data), course file accessed 2026-10-08; https://acleddata.com/; original township/time aggregation and statistics"
MMR010002,Events,Queen,149,0.00816915327386356,0.974,0.979993846153846,Low-low,-0.19679517079947192,0.982,0.9880430769230768,Not significant,Not significant,"ACLED (Armed Conflict Location & Event Data), course file accessed 2026-10-08; https://acleddata.com/; original township/time aggregation and statistics"
MMR010003,Events,Queen,156,0.00635795445353161,0.884,0.9235399361022364,Low-low,-0.28274450594729966,0.97,0.9840371517027864,Not significant,Not significant,"ACLED (Armed Conflict Location & Event Data), course file accessed 2026-10-08; https://acleddata.com/; original township/time aggregation and statistics"
MMR010004,Events,Queen,160,0.00419507018068856,0.866,0.9134903225806452,Low-low,-0.3295290779417117,0.87,0.9206796116504854,Not significant,Not significant,"ACLED (Armed Conflict Location & Event Data), course file accessed 2026-10-08; https://acleddata.com/; original township/time aggregation and statistics"
MMR010005,Events,Queen,128,0.03075965269933101,0.94,0.9666037735849056,Low-low,-0.3460114813221819,0.928,0.9542641509433964,Not significant,Not significant,"ACLED (Armed Conflict Location & Event Data), course file accessed 2026-10-08; https://acleddata.com/; original township/time aggregation and statistics"
MMR010006,Events,Queen,85,-0.05769637226239334,0.628,0.7923461538461538,Low-high,0.2242639164153656,0.69,0.8047446808510638,Not significant,Not significant,"ACLED (Armed Conflict Location & Event Data), course file accessed 2026-10-08; https://acleddata.com/; original township/time aggregation and statistics"
MMR010007,Events,Queen,147,-0.03082489265171059,0.258,0.4962705882352942,Low-high,1.045250486796836,0.274,0.5090795454545455,Not significant,Not significant,"ACLED (Armed Conflict Location & Event Data), course file accessed 2026-10-08; https://acleddata.com/; original township/time aggregation and statistics"
MMR010008,Events,Queen,43,-0.6102088552683875,0.052,0.1868571428571429,Low-high,1.8338201499069873,0.062,0.19876470588235295,Not significant,Not significant,"ACLED (Armed Conflict Location & Event Data), course file accessed 2026-10-08; https://acleddata.com/; original township/time aggregation and statistics"
MMR010009,Events,Queen,789,3.6397834014737938,0.028,0.12542465753424656,High-high,3.874788696438942,0.014,0.07266666666666667,High-high,Hot spot,"ACLED (Armed Conflict Location & Event Data), course file accessed 2026-10-08; https://acleddata.com/; original township/time aggregation and statistics"
MMR010010,Events,Queen,272,1.2370839315414983,0.002,0.02422222222222222,High-high,5.536880343695724,0.002,0.02616,High-high,Hot spot,"ACLED (Armed Conflict Location & Event Data), course file accessed 2026-10-08; https://acleddata.com/; original township/time aggregation and statistics"
MMR010011,Events,Queen,318,1.03924598502358,0.034,0.14628947368421052,High-high,2.807265082445554,0.038,0.15532500000000002,High-high,Hot spot,"ACLED (Armed Conflict Location & Event Data), course file accessed 2026-10-08; https://acleddata.com/; original township/time aggregation and statistics"
MMR010012,Events,Queen,349,0.982535347163431,0.018,0.08918181818181817,High-high,3.21648754492632,0.01,0.06055555555555556,High-high,Hot spot,"ACLED (Armed Conflict Location & Event Data), course file accessed 2026-10-08; https://acleddata.com/; original township/time aggregation and statistics"
MMR010013,Events,Queen,72,-0.00536724745695028,0.93,0.9593375394321768,Low-high,-0.13494905165085502,0.888,0.9366967741935484,Not significant,Not significant,"ACLED (Armed Conflict Location & Event Data), course file accessed 2026-10-08; https://acleddata.com/; original township/time aggregation and statistics"
MMR010014,Events,Queen,50,0.2391021725798729,0.34,0.5503960396039604,Low-low,-1.099305411620743,0.364,0.5768773584905661,Not significant,Not significant,"ACLED (Armed Conflict Location & Event Data), course file accessed 2026-10-08; https://acleddata.com/; original township/time aggregation and statistics"
MMR010015,Events,Queen,29,0.06517731265419374,0.97,0.9789814814814816,Low-low,-0.4760162297961004,0.934,0.957423197492163,Not significant,Not significant,"ACLED (Armed Conflict Location & Event Data), course file accessed 2026-10-08; https://acleddata.com/; original township/time aggregation and statistics"
MMR010016,Events,Queen,52,-0.14909392611751257,0.418,0.6184886877828054,Low-high,0.4684579538199884,0.43,0.6391363636363636,Not significant,Not significant,"ACLED (Armed Conflict Location & Event Data), course file accessed 2026-10-08; https://acleddata.com/; original township/time aggregation and statistics"
MMR010017,Events,Queen,652,3.0957169363276273,0.024,0.11053521126760564,High-high,3.632396449093783,0.016,0.0804923076923077,High-high,Hot spot,"ACLED (Armed Conflict Location & Event Data), course file accessed 2026-10-08; https://acleddata.com/; original township/time aggregation and statistics"
MMR010018,Events,Queen,300,0.7743984831372268,0.01,0.05945454545454545,High-high,3.1333581011487,0.01,0.06055555555555556,High-high,Hot spot,"ACLED (Armed Conflict Location & Event Data), course file accessed 2026-10-08; https://acleddata.com/; original township/time aggregation and statistics"
MMR010019,Events,Queen,375,0.23078636239931088,0.558,0.7357500000000001,High-high,0.9267641544562012,0.49,0.6789406779661017,Not significant,Not significant,"ACLED (Armed Conflict Location & Event Data), course file accessed 2026-10-08; https://acleddata.com/; original township/time aggregation and statistics"
MMR010020,Events,Queen,77,0.10127820254348334,0.622,0.7883488372093024,Low-low,-0.7383560571216987,0.594,0.7724409448818897,Not significant,Not significant,"ACLED (Armed Conflict Location & Event Data), course file accessed 2026-10-08; https://acleddata.com/; original township/time aggregation and statistics"
MMR010021,Events,Queen,253,0.6102548978381994,0.004,0.03353846153846154,High-high,3.36482875921243,0.004,0.03114285714285714,High-high,Hot spot,"ACLED (Armed Conflict Location & Event Data), course file accessed 2026-10-08; https://acleddata.com/; original township/time aggregation and statistics"
MMR010022,Events,Queen,126,-0.12616589432574782,0.22,0.4440740740740741,Low-high,1.0962864495070457,0.216,0.4442264150943397,Not significant,Not significant,"ACLED (Armed Conflict Location & Event Data), course file accessed 2026-10-08; https://acleddata.com/; original township/time aggregation and statistics"
MMR010023,Events,Queen,9,0.39084164045413206,0.15,0.3525106382978723,Low-low,-1.5434885717528832,0.118,0.30623809523809525,Not significant,Not significant,"ACLED (Armed Conflict Location & Event Data), course file accessed 2026-10-08; https://acleddata.com/; original township/time aggregation and statistics"
MMR010024,Events,Queen,22,0.4017244142642254,0.184,0.3958421052631579,Low-low,-1.340966967725674,0.188,0.4153783783783784,Not significant,Not significant,"ACLED (Armed Conflict Location & Event Data), course file accessed 2026-10-08; https://acleddata.com/; original township/time aggregation and statistics"
MMR010028,Events,Queen,34,0.29476468722074334,0.242,0.4767108433734939,Low-low,-1.2890278531065584,0.252,0.4847294117647059,Not significant,Not significant,"ACLED (Armed Conflict Location & Event Data), course file accessed 2026-10-08; https://acleddata.com/; original township/time aggregation and statistics"
MMR010029,Events,Queen,68,-0.03562544780222654,0.798,0.8845627118644068,Low-high,-0.04419496657118407,0.768,0.8652577319587629,Not significant,Not significant,"ACLED (Armed Conflict Location & Event Data), course file accessed 2026-10-08; https://acleddata.com/; original township/time aggregation and statistics"
MMR010030,Events,Queen,23,0.4068545421424642,0.062,0.20687755102040817,Low-low,-1.7009760306587631,0.042,0.1635,Not significant,Cold spot,"ACLED (Armed Conflict Location & Event Data), course file accessed 2026-10-08; https://acleddata.com/; original township/time aggregation and statistics"
MMR010031,Events,Queen,113,0.07313172797245655,0.588,0.7660398406374501,Low-low,-0.7507368082563506,0.63,0.7808955223880597,Not significant,Not significant,"ACLED (Armed Conflict Location & Event Data), course file accessed 2026-10-08; https://acleddata.com/; original township/time aggregation and statistics"
MMR011001,Events,Queen,55,0.15212853240898577,0.708,0.8209787234042553,Low-low,-0.7483623891297843,0.69,0.8047446808510638,Not significant,Not significant,"ACLED (Armed Conflict Location & Event Data), course file accessed 2026-10-08; https://acleddata.com/; original township/time aggregation and statistics"
MMR011002,Events,Queen,145,-0.0906629105765561,0.108,0.2802857142857143,Low-high,1.6220559252537745,0.082,0.23729203539823007,Not significant,Not significant,"ACLED (Armed Conflict Location & Event Data), course file accessed 2026-10-08; https://acleddata.com/; original township/time aggregation and statistics"
MMR011004,Events,Queen,123,-0.1439479853333654,0.284,0.5246779661016948,Low-high,0.9447096046992582,0.244,0.4777724550898203,Not significant,Not significant,"ACLED (Armed Conflict Location & Event Data), course file accessed 2026-10-08; https://acleddata.com/; original township/time aggregation and statistics"
MMR011005,Events,Queen,49,-0.0148064385987869,0.836,0.9014013157894736,Low-high,-0.21145372957486155,0.814,0.8784752475247525,Not significant,Not significant,"ACLED (Armed Conflict Location & Event Data), course file accessed 2026-10-08; https://acleddata.com/; original township/time aggregation and statistics"
MMR011006,Events,Queen,510,0.92136259549344,0.342,0.5509064039408867,High-high,1.6708956492431128,0.322,0.5427525773195876,Not significant,Not significant,"ACLED (Armed Conflict Location & Event Data), course file accessed 2026-10-08; https://acleddata.com/; original township/time aggregation and statistics"
MMR011007,Events,Queen,345,0.20563405085352357,0.592,0.7681904761904762,High-high,0.7954932941765487,0.596,0.7724409448818897,Not significant,Not significant,"ACLED (Armed Conflict Location & Event Data), course file accessed 2026-10-08; https://acleddata.com/; original township/time aggregation and statistics"
MMR011008,Events,Queen,65,-0.06493861891735128,0.672,0.7980216606498195,Low-high,-0.05006579878547394,0.702,0.8111448763250882,Not significant,Not significant,"ACLED (Armed Conflict Location & Event Data), course file accessed 2026-10-08; https://acleddata.com/; original township/time aggregation and statistics"
MMR011009,Events,Queen,501,0.52373732810957,0.472,0.67399126637554585,High-high,1.3102895654798974,0.46,0.6597117903930132,Not significant,Not significant,"ACLED (Armed Conflict Location & Event Data), course file accessed 2026-10-08; https://acleddata.com/; original township/time aggregation and statistics"
MMR011010,Events,Queen,395,1.0406720314290496,0.092,0.2549491525423729,High-high,2.34711712317434,0.09,0.2515384615384615,Not significant,Not significant,"ACLED (Armed Conflict Location & Event Data), course file accessed 2026-10-08; https://acleddata.com/; original township/time aggregation and statistics"
MMR012001,Events,Queen,219,-0.00635624299063563,0.652,0.7925799256505577,High-low,0.17332754349198132,0.67,0.7966909090909092,Not significant,Not significant,"ACLED (Armed Conflict Location & Event Data), course file accessed 2026-10-08; https://acleddata.com/; original township/time aggregation and statistics"
MMR012002,Events,Queen,160,-0.00110989560822721,0.772,0.8645342465753424,Low-high,0.07370937591488973,0.82,0.8820394736842104,Not significant,Not significant,"ACLED (Armed Conflict Location & Event Data), course file accessed 2026-10-08; https://acleddata.com/; original township/time aggregation and statistics"
MMR012003,Events,Queen,134,-0.00374791130005604,0.838,0.9014013157894736,Low-high,-0.02431544159721224,0.794,0.8705418060200669,Not significant,Not significant,"ACLED (Armed Conflict Location & Event Data), course file accessed 2026-10-08; https://acleddata.com/; original township/time aggregation and statistics"
MMR012004,Events,Queen,166,2.8853141717170896e-5,0.838,0.9014013157894736,High-high,0.01132994658900654,0.864,0.92028664495114,Not significant,Not significant,"ACLED (Armed Conflict Location & Event Data), course file accessed 2026-10-08; https://acleddata.com/; original township/time aggregation and statistics"
MMR012005,Events,Queen,189,-0.01793366740572084,0.794,0.8831224489795919,High-low,-0.3313659947806605,0.764,0.86445674740484435,Not significant,Not significant,"ACLED (Armed Conflict Location & Event Data), course file accessed 2026-10-08; https://acleddata.com/; original township/time aggregation and statistics"
MMR012006,Events,Queen,57,-0.1551277722769301,0.554,0.7357500000000001,Low-high,0.02767275597628654,0.576,0.7612559999999999,Not significant,Not significant,"ACLED (Armed Conflict Location & Event Data), course file accessed 2026-10-08; https://acleddata.com/; original township/time aggregation and statistics"
MMR012007,Events,Queen,140,0.00199425635069369,0.722,0.8313169014084506,Low-low,-0.0898838471206951,0.794,0.8705418060200669,Not significant,Not significant,"ACLED (Armed Conflict Location & Event Data), course file accessed 2026-10-08; https://acleddata.com/; original township/time aggregation and statistics"
MMR012008,Events,Queen,127,-0.13881125387139506,0.25,0.4866071428571429,Low-high,1.0242916369780368,0.244,0.4777724550898203,Not significant,Not significant,"ACLED (Armed Conflict Location & Event Data), course file accessed 2026-10-08; https://acleddata.com/; original township/time aggregation and statistics"
MMR012009,Events,Queen,599,-0.09347998601076916,0.846,0.907022950819672,High-low,1.194637084280469,0.788,0.8705418060200669,Not significant,Not significant,"ACLED (Armed Conflict Location & Event Data), course file accessed 2026-10-08; https://acleddata.com/; original township/time aggregation and statistics"
MMR012010,Events,Queen,185,0.04084245838157781,0.346,0.5546176470588235,High-high,0.8805543424104756,0.394,0.599246511627907,Not significant,Not significant,"ACLED (Armed Conflict Location & Event Data), course file accessed 2026-10-08; https://acleddata.com/; original township/time aggregation and statistics"
MMR012011,Events,Queen,343,-0.01652518724687796,0.794,0.8831224489795919,High-low,0.4892974656985796,0.756,0.8583750000000001,Not significant,Not significant,"ACLED (Armed Conflict Location & Event Data), course file accessed 2026-10-08; https://acleddata.com/; original township/time aggregation and statistics"
MMR012013,Events,Queen,64,-0.3352713180249284,0.312,0.5369684210526315,Low-high,0.4892974656985796,0.342,0.5619798994974875,Not significant,Not significant,"ACLED (Armed Conflict Location & Event Data), course file accessed 2026-10-08; https://acleddata.com/; original township/time aggregation and statistics"
MMR012014,Events,Queen,258,-0.0909006262052472,0.618,0.7883488372093024,High-low,-0.4204668848244002,0.632,0.7808955223880597,Not significant,Not significant,"ACLED (Armed Conflict Location & Event Data), course file accessed 2026-10-08; https://acleddata.com/; original township/time aggregation and statistics"
MMR012015,Events,Queen,205,-0.06622845373661708,0.52,0.7144537815126051,High-low,-0.6023035803618776,0.482,0.6789406779661017,Not significant,Not significant,"ACLED (Armed Conflict Location & Event Data), course file accessed 2026-10-08; https://acleddata.com/; original township/time aggregation and statistics"
MMR012016,Events,Queen,165,-1.6170165519120277e-4,0.86,0.9134903225806452,High-low,-0.3089910242091044,0.904,0.9446666666666668,Not significant,Not significant,"ACLED (Armed Conflict Location & Event Data), course file accessed 2026-10-08; https://acleddata.com/; original township/time aggregation and statistics"
MMR012017,Events,Queen,208,-0.08330565537190472,0.29,0.5289180327868852,High-low,-0.8976130380377572,0.276,0.5098983050847458,Not significant,Not significant,"ACLED (Armed Conflict Location & Event Data), course file accessed 2026-10-08; https://acleddata.com/; original township/time aggregation and statistics"
MMR013001,Events,Queen,154,0.01484955774423363,0.652,0.7925799256505577,Low-low,-0.5941560093576338,0.632,0.7808955223880597,Not significant,Not significant,"ACLED (Armed Conflict Location & Event Data), course file accessed 2026-10-08; https://acleddata.com/; original township/time aggregation and statistics"
MMR013002,Events,Queen,142,0.03617793241557452,0.468,0.6712105263157895,Low-low,-0.7771791753717997,0.49,0.6789406779661017,Not significant,Not significant,"ACLED (Armed Conflict Location & Event Data), course file accessed 2026-10-08; https://acleddata.com/; original township/time aggregation and statistics"
MMR013003,Events,Queen,53,0.27888489593291466,0.208,0.43322292993630573,Low-low,-1.264293724456678,0.196,0.4216578947368421,Not significant,Not significant,"ACLED (Armed Conflict Location & Event Data), course file accessed 2026-10-08; https://acleddata.com/; original township/time aggregation and statistics"
MMR013004,Events,Queen,37,0.2874811128401405,0.092,0.2549491525423729,Low-low,-1.6537182765886964,0.048,0.1744,Not significant,Cold spot,"ACLED (Armed Conflict Location & Event Data), course file accessed 2026-10-08; https://acleddata.com/; original township/time aggregation and statistics"
MMR013005,Events,Queen,19,0.4655527003090213,0.004,0.03353846153846154,Low-low,-1.985156265395691,0.01,0.06055555555555556,Low-low,Cold spot,"ACLED (Armed Conflict Location & Event Data), course file accessed 2026-10-08; https://acleddata.com/; original township/time aggregation and statistics"
MMR013006,Events,Queen,11,0.45089250169878153,0.074,0.22828301886792451,Low-low,-1.6459998091651171,0.058,0.19353061224489795,Not significant,Not significant,"ACLED (Armed Conflict Location & Event Data), course file accessed 2026-10-08; https://acleddata.com/; original township/time aggregation and statistics"
MMR013007,Events,Queen,106,0.13023028113335863,0.324,0.5461237113402062,Low-low,-1.040235521839976,0.29,0.5181967213114753,Not significant,Not significant,"ACLED (Armed Conflict Location & Event Data), course file accessed 2026-10-08; https://acleddata.com/; original township/time aggregation and statistics"
MMR013009,Events,Queen,65,0.22239131563907932,0.206,0.4318076923076923,Low-low,-1.3028335783686171,0.192,0.41856,Not significant,Not significant,"ACLED (Armed Conflict Location & Event Data), course file accessed 2026-10-08; https://acleddata.com/; original township/time aggregation and statistics"
MMR013010,Events,Queen,24,0.3187985287298495,0.294,0.5289180327868852,Low-low,-1.2276296549375811,0.312,0.5369684210526315,Not significant,Not significant,"ACLED (Armed Conflict Location & Event Data), course file accessed 2026-10-08; https://acleddata.com/; original township/time aggregation and statistics"
MMR013011,Events,Queen,69,0.2125539524923904,0.402,0.6085833333333334,Low-low,-1.0201584740497036,0.36,0.5768773584905661,Not significant,Not significant,"ACLED (Armed Conflict Location & Event Data), course file accessed 2026-10-08; https://acleddata.com/; original township/time aggregation and statistics"
MMR013012,Events,Queen,149,0.03078794744934335,0.406,0.6118064516129033,Low-low,-0.8426569249870668,0.41,0.615,Not significant,Not significant,"ACLED (Armed Conflict Location & Event Data), course file accessed 2026-10-08; https://acleddata.com/; original township/time aggregation and statistics"
MMR013013,Events,Queen,96,0.16401808056339717,0.36,0.5686956521739129,Low-low,-1.0201584740497036,0.366,0.5768773584905661,Not significant,Not significant,"ACLED (Armed Conflict Location & Event Data), course file accessed 2026-10-08; https://acleddata.com/; original township/time aggregation and statistics"
MMR013014,Events,Queen,28,0.3370659131794394,0.32,0.545,Low-low,-1.200613251742437,0.316,0.5381875,Not significant,Not significant,"ACLED (Armed Conflict Location & Event Data), course file accessed 2026-10-08; https://acleddata.com/; original township/time aggregation and statistics"
MMR013015,Events,Queen,65,0.3003093238345605,0.102,0.27565289256198344,Low-low,-1.453724750305344,0.086,0.2445391304347826,Not significant,Not significant,"ACLED (Armed Conflict Location & Event Data), course file accessed 2026-10-08; https://acleddata.com/; original township/time aggregation and statistics"
MMR013016,Events,Queen,15,0.5113695814392426,0.256,0.4953372781065089,Low-low,-1.2281758332061012,0.214,0.44289873417721515,Not significant,Not significant,"ACLED (Armed Conflict Location & Event Data), course file accessed 2026-10-08; https://acleddata.com/; original township/time aggregation and statistics"
MMR013017,Events,Queen,20,0.5084947683738118,0.042,0.16157647058823532,Low-low,-1.599396032075761,0.038,0.15532500000000002,Low-low,Cold spot,"ACLED (Armed Conflict Location & Event Data), course file accessed 2026-10-08; https://acleddata.com/; original township/time aggregation and statistics"
MMR013018,Events,Queen,128,0.08951483548853811,0.176,0.3888648648648649,Low-low,-1.1945908276942414,0.184,0.4093061224489796,Not significant,Not significant,"ACLED (Armed Conflict Location & Event Data), course file accessed 2026-10-08; https://acleddata.com/; original township/time aggregation and statistics"
MMR013019,Events,Queen,107,0.10332293085584636,0.418,0.6184886877828054,Low-low,-0.9358333780644924,0.346,0.5657099999999999,Not significant,Not significant,"ACLED (Armed Conflict Location & Event Data), course file accessed 2026-10-08; https://acleddata.com/; original township/time aggregation and statistics"
MMR013020,Events,Queen,39,0.1835495724485103,0.676,0.7980216606498195,Low-low,-0.8107418184556675,0.664,0.7953406593406593,Not significant,Not significant,"ACLED (Armed Conflict Location & Event Data), course file accessed 2026-10-08; https://acleddata.com/; original township/time aggregation and statistics"
MMR013021,Events,Queen,49,0.22500839618572696,0.506,0.710137339055794,Low-low,-0.9644625550087368,0.456,0.6597117903930132,Not significant,Not significant,"ACLED (Armed Conflict Location & Event Data), course file accessed 2026-10-08; https://acleddata.com/; original township/time aggregation and statistics"
MMR013022,Events,Queen,31,0.4464967427507392,0.004,0.03353846153846154,Low-low,-2.043639250735,0.004,0.03114285714285714,Low-low,Cold spot,"ACLED (Armed Conflict Location & Event Data), course file accessed 2026-10-08; https://acleddata.com/; original township/time aggregation and statistics"
MMR013023,Events,Queen,81,0.2718704914781178,0.036,0.14715,Low-low,-1.518905318339293,0.042,0.1635,Low-low,Cold spot,"ACLED (Armed Conflict Location & Event Data), course file accessed 2026-10-08; https://acleddata.com/; original township/time aggregation and statistics"
MMR013024,Events,Queen,10,0.4411778251064382,0.452,0.654,Low-low,-1.1106192301091198,0.462,0.6597117903930132,Not significant,Not significant,"ACLED (Armed Conflict Location & Event Data), course file accessed 2026-10-08; https://acleddata.com/; original township/time aggregation and statistics"
MMR013025,Events,Queen,16,0.42954641907147656,0.23,0.4585975609756098,Low-low,-1.2487701599845764,0.26,0.49430232558139536,Not significant,Not significant,"ACLED (Armed Conflict Location & Event Data), course file accessed 2026-10-08; https://acleddata.com/; original township/time aggregation and statistics"
MMR013026,Events,Queen,50,0.3560044933754585,0.13,0.319624060150376,Low-low,-1.383295866196809,0.096,0.2637983193277311,Not significant,Not significant,"ACLED (Armed Conflict Location & Event Data), course file accessed 2026-10-08; https://acleddata.com/; original township/time aggregation and statistics"
MMR013027,Events,Queen,61,0.3151743953580238,0.008,0.05129411764705883,Low-low,-1.9351265050977329,0.014,0.07266666666666667,Low-low,Cold spot,"ACLED (Armed Conflict Location & Event Data), course file accessed 2026-10-08; https://acleddata.com/; original township/time aggregation and statistics"
MMR013028,Events,Queen,23,0.4566017221070673,0.044,0.16537931034482758,Low-low,-1.6268606341455225,0.06,0.1962,Low-low,Not significant,"ACLED (Armed Conflict Location & Event Data), course file accessed 2026-10-08; https://acleddata.com/; original township/time aggregation and statistics"
MMR013029,Events,Queen,20,0.503171437483113,0.488,0.6906465517241379,Low-low,-1.0047636324159046,0.448,0.6569196428571429,Not significant,Not significant,"ACLED (Armed Conflict Location & Event Data), course file accessed 2026-10-08; https://acleddata.com/; original township/time aggregation and statistics"
MMR013030,Events,Queen,18,0.4873353726281008,0.114,0.291234375,Low-low,-1.3756040239288798,0.14,0.3442105263157895,Not significant,Not significant,"ACLED (Armed Conflict Location & Event Data), course file accessed 2026-10-08; https://acleddata.com/; original township/time aggregation and statistics"
MMR013031,Events,Queen,4,0.4865240099272879,0.226,0.4533865030674847,Low-low,-1.3208913767372197,0.208,0.43322292993630573,Not significant,Not significant,"ACLED (Armed Conflict Location & Event Data), course file accessed 2026-10-08; https://acleddata.com/; original township/time aggregation and statistics"
MMR013033,Events,Queen,23,0.5083844653237151,0.022,0.10277142857142856,Low-low,-1.6194465629305097,0.024,0.10750684931506849,Low-low,Cold spot,"ACLED (Armed Conflict Location & Event Data), course file accessed 2026-10-08; https://acleddata.com/; original township/time aggregation and statistics"
MMR013034,Events,Queen,6,0.5712866255214543,0.008,0.05129411764705883,Low-low,-1.818328552745249,0.004,0.03114285714285714,Low-low,Cold spot,"ACLED (Armed Conflict Location & Event Data), course file accessed 2026-10-08; https://acleddata.com/; original township/time aggregation and statistics"
MMR013035,Events,Queen,17,0.5401619257637614,0.004,0.03353846153846154,Low-low,-1.968974436075242,0.004,0.03114285714285714,Low-low,Cold spot,"ACLED (Armed Conflict Location & Event Data), course file accessed 2026-10-08; https://acleddata.com/; original township/time aggregation and statistics"
MMR013036,Events,Queen,9,0.5872225115759535,0.02,0.09478260869565217,Low-low,-1.534768088486437,0.014,0.07266666666666667,Low-low,Cold spot,"ACLED (Armed Conflict Location & Event Data), course file accessed 2026-10-08; https://acleddata.com/; original township/time aggregation and statistics"
MMR013037,Events,Queen,26,0.4457497984554152,0.088,0.25242105263157893,Low-low,-1.4768650101856335,0.072,0.21599999999999997,Not significant,Not significant,"ACLED (Armed Conflict Location & Event Data), course file accessed 2026-10-08; https://acleddata.com/; original township/time aggregation and statistics"
MMR013038,Events,Queen,45,0.29737589236262235,0.18,0.3924,Low-low,-1.374021175977644,0.176,0.39419178082191775,Not significant,Not significant,"ACLED (Armed Conflict Location & Event Data), course file accessed 2026-10-08; https://acleddata.com/; original township/time aggregation and statistics"
MMR013039,Events,Queen,63,0.3173060531276448,0.064,0.2113939393939394,Low-low,-1.502610176330806,0.056,0.1927578947368421,Not significant,Not significant,"ACLED (Armed Conflict Location & Event Data), course file accessed 2026-10-08; https://acleddata.com/; original township/time aggregation and statistics"
MMR013040,Events,Queen,106,0.07989576986486502,0.812,0.8910201342281879,Low-low,-0.5598881930713993,0.81,0.8784752475247525,Not significant,Not significant,"ACLED (Armed Conflict Location & Event Data), course file accessed 2026-10-08; https://acleddata.com/; original township/time aggregation and statistics"
MMR013041,Events,Queen,45,0.29443979982491564,0.162,0.37044755244755245,Low-low,-1.3626887329281658,0.174,0.3924,Not significant,Not significant,"ACLED (Armed Conflict Location & Event Data), course file accessed 2026-10-08; https://acleddata.com/; original township/time aggregation and statistics"
MMR013042,Events,Queen,101,0.0950299130337712,0.322,0.5455647668393783,Low-low,-1.018297370176377,0.368,0.5768773584905661,Not significant,Not significant,"ACLED (Armed Conflict Location & Event Data), course file accessed 2026-10-08; https://acleddata.com/; original township/time aggregation and statistics"
MMR013043,Events,Queen,10,0.5023561581432464,0.008,0.05129411764705883,Low-low,-2.0286007687906062,0.016,0.0804923076923077,Low-low,Cold spot,"ACLED (Armed Conflict Location & Event Data), course file accessed 2026-10-08; https://acleddata.com/; original township/time aggregation and statistics"
MMR013044,Events,Queen,62,0.29314211530782064,0.05,0.18166666666666667,Low-low,-1.6231170622109126,0.064,0.20318446601941748,Not significant,Not significant,"ACLED (Armed Conflict Location & Event Data), course file accessed 2026-10-08; https://acleddata.com/; original township/time aggregation and statistics"
MMR013046,Events,Queen,182,-0.03585062144065918,0.288,0.5289180327868852,High-low,-0.9301671565397532,0.294,0.5224891304347826,Not significant,Not significant,"ACLED (Armed Conflict Location & Event Data), course file accessed 2026-10-08; https://acleddata.com/; original township/time aggregation and statistics"
MMR013047,Events,Queen,12,0.2321247232074395,0.51,0.7126923076923076,Low-low,-0.942464669789052,0.604,0.7745411764705883,Not significant,Not significant,"ACLED (Armed Conflict Location & Event Data), course file accessed 2026-10-08; https://acleddata.com/; original township/time aggregation and statistics"
MMR014001,Events,Queen,67,0.1662991761240434,0.52,0.7144537815126051,Low-low,-0.9058006002699552,0.45,0.6569196428571429,Not significant,Not significant,"ACLED (Armed Conflict Location & Event Data), course file accessed 2026-10-08; https://acleddata.com/; original township/time aggregation and statistics"
MMR014002,Events,Queen,109,-0.11310227271030936,0.314,0.5375811518324608,Low-high,0.832027737654084,0.322,0.5427525773195876,Not significant,Not significant,"ACLED (Armed Conflict Location & Event Data), course file accessed 2026-10-08; https://acleddata.com/; original township/time aggregation and statistics"
MMR014003,Events,Queen,45,0.2479516679778927,0.278,0.5165113636363636,Low-low,-1.1832583846447635,0.28,0.5115083798882682,Not significant,Not significant,"ACLED (Armed Conflict Location & Event Data), course file accessed 2026-10-08; https://acleddata.com/; original township/time aggregation and statistics"
MMR014004,Events,Queen,209,-0.04817622832301806,0.64,0.7925799256505577,High-low,-0.4202072193132406,0.648,0.7847999999999999,Not significant,Not significant,"ACLED (Armed Conflict Location & Event Data), course file accessed 2026-10-08; https://acleddata.com/; original township/time aggregation and statistics"
MMR014005,Events,Queen,20,0.3307969134033434,0.168,0.3762739726027397,Low-low,-1.410774420989501,0.19,0.41697986577181206,Not significant,Not significant,"ACLED (Armed Conflict Location & Event Data), course file accessed 2026-10-08; https://acleddata.com/; original township/time aggregation and statistics"
MMR014006,Events,Queen,22,0.3571011523105002,0.31,0.5369684210526315,Low-low,-1.2273472928821012,0.338,0.5582121212121213,Not significant,Not significant,"ACLED (Armed Conflict Location & Event Data), course file accessed 2026-10-08; https://acleddata.com/; original township/time aggregation and statistics"
MMR014007,Events,Queen,114,0.13188377495176734,0.13,0.319624060150376,Low-low,-1.2965828151395438,0.146,0.3510441176470588,Not significant,Not significant,"ACLED (Armed Conflict Location & Event Data), course file accessed 2026-10-08; https://acleddata.com/; original township/time aggregation and statistics"
MMR014008,Events,Queen,94,-0.04305808184432151,0.646,0.7925799256505577,Low-high,0.26895621584144686,0.692,0.8047446808510638,Not significant,Not significant,"ACLED (Armed Conflict Location & Event Data), course file accessed 2026-10-08; https://acleddata.com/; original township/time aggregation and statistics"
MMR014009,Events,Queen,177,-0.0161915741967628,0.49,0.6906465517241379,High-low,-0.648110434602599,0.512,0.7034621848739496,Not significant,Not significant,"ACLED (Armed Conflict Location & Event Data), course file accessed 2026-10-08; https://acleddata.com/; original township/time aggregation and statistics"
MMR014010,Events,Queen,559,0.899373579030275,0.25,0.4866071428571429,High-high,1.85045464376934,0.24,0.4756363636363636,Not significant,Not significant,"ACLED (Armed Conflict Location & Event Data), course file accessed 2026-10-08; https://acleddata.com/; original township/time aggregation and statistics"
MMR014011,Events,Queen,19,0.36085210816229835,0.202,0.42615483870967746,Low-low,-1.325400506988505,0.236,0.47056097560975607,Not significant,Not significant,"ACLED (Armed Conflict Location & Event Data), course file accessed 2026-10-08; https://acleddata.com/; original township/time aggregation and statistics"
MMR014012,Events,Queen,24,0.444409108545457,0.054,0.1898709677419355,Low-low,-1.5983441356306691,0.06,0.1962,Not significant,Not significant,"ACLED (Armed Conflict Location & Event Data), course file accessed 2026-10-08; https://acleddata.com/; original township/time aggregation and statistics"
MMR014013,Events,Queen,12,0.5415850337529458,0.006,0.04459090909090909,Low-low,-1.9274221448938225,0.004,0.03114285714285714,Low-low,Cold spot,"ACLED (Armed Conflict Location & Event Data), course file accessed 2026-10-08; https://acleddata.com/; original township/time aggregation and statistics"
MMR014014,Events,Queen,8,0.5810001302453981,0.006,0.04459090909090909,Low-low,-1.8590664077664676,0.004,0.03114285714285714,Low-low,Cold spot,"ACLED (Armed Conflict Location & Event Data), course file accessed 2026-10-08; https://acleddata.com/; original township/time aggregation and statistics"
MMR014015,Events,Queen,35,0.3392443355063275,0.088,0.25242105263157893,Low-low,-1.5505666597935968,0.094,0.26049152542372883,Not significant,Not significant,"ACLED (Armed Conflict Location & Event Data), course file accessed 2026-10-08; https://acleddata.com/; original township/time aggregation and statistics"
MMR014016,Events,Queen,69,0.1774541989147141,0.402,0.6085833333333334,Low-low,-0.964870490050722,0.46,0.6597117903930132,Not significant,Not significant,"ACLED (Armed Conflict Location & Event Data), course file accessed 2026-10-08; https://acleddata.com/; original township/time aggregation and statistics"
MMR014017,Events,Queen,10,0.5594243189346875,0.004,0.03353846153846154,Low-low,-1.9633082145505028,0.002,0.02616,Low-low,Cold spot,"ACLED (Armed Conflict Location & Event Data), course file accessed 2026-10-08; https://acleddata.com/; original township/time aggregation and statistics"
MMR014018,Events,Queen,1,0.5828528017132668,0.016,0.08175,Low-low,-1.8122178744920665,0.012,0.06884210526315789,Low-low,Cold spot,"ACLED (Armed Conflict Location & Event Data), course file accessed 2026-10-08; https://acleddata.com/; original township/time aggregation and statistics"
MMR014019,Events,Queen,6,0.6063150962683528,0.002,0.02422222222222222,Low-low,-2.21059836959015,0.002,0.02616,Low-low,Cold spot,"ACLED (Armed Conflict Location & Event Data), course file accessed 2026-10-08; https://acleddata.com/; original township/time aggregation and statistics"
MMR014020,Events,Queen,29,0.18946484055351465,0.44,0.6394666666666667,Low-low,-0.9453901323125746,0.488,0.6789406779661017,Not significant,Not significant,"ACLED (Armed Conflict Location & Event Data), course file accessed 2026-10-08; https://acleddata.com/; original township/time aggregation and statistics"
MMR014021,Events,Queen,5,0.6323274764068535,0.002,0.02422222222222222,Low-low,-1.6019154282216563,0.002,0.02616,Low-low,Cold spot,"ACLED (Armed Conflict Location & Event Data), course file accessed 2026-10-08; https://acleddata.com/; original township/time aggregation and statistics"
MMR015001,Events,Queen,403,-0.4213390583225897,0.336,0.5493600000000001,High-low,-0.5665261353078689,0.328,0.5444467005076142,Not significant,Not significant,"ACLED (Armed Conflict Location & Event Data), course file accessed 2026-10-08; https://acleddata.com/; original township/time aggregation and statistics"
MMR015002,Events,Queen,193,0.05496361376930024,0.428,0.6276053811659192,High-high,0.7710222823077979,0.418,0.6241369863013698,Not significant,Not significant,"ACLED (Armed Conflict Location & Event Data), course file accessed 2026-10-08; https://acleddata.com/; original township/time aggregation and statistics"
MMR015003,Events,Queen,36,0.0681306309077769,0.956,0.9708447204968944,Low-low,-0.48212690804928304,0.91,0.9446666666666668,Not significant,Not significant,"ACLED (Armed Conflict Location & Event Data), course file accessed 2026-10-08; https://acleddata.com/; original township/time aggregation and statistics"
MMR015004,Events,Queen,20,0.35209023696613845,0.154,0.3546338028169014,Low-low,-1.4850943454169951,0.174,0.3924,Not significant,Not significant,"ACLED (Armed Conflict Location & Event Data), course file accessed 2026-10-08; https://acleddata.com/; original township/time aggregation and statistics"
MMR015005,Events,Queen,4,0.6328692943838645,0.002,0.02422222222222222,Low-low,-1.9629479380705743,0.002,0.02616,Low-low,Cold spot,"ACLED (Armed Conflict Location & Event Data), course file accessed 2026-10-08; https://acleddata.com/; original township/time aggregation and statistics"
MMR015006,Events,Queen,0,0.6601928078623928,0.002,0.02422222222222222,Low-low,-1.6292717518174866,0.002,0.02616,Low-low,Cold spot,"ACLED (Armed Conflict Location & Event Data), course file accessed 2026-10-08; https://acleddata.com/; original township/time aggregation and statistics"
MMR015007,Events,Queen,0,0.6655783052472903,0.004,0.03353846153846154,Low-low,-1.4174132918500226,0.004,0.03114285714285714,Low-low,Cold spot,"ACLED (Armed Conflict Location & Event Data), course file accessed 2026-10-08; https://acleddata.com/; original township/time aggregation and statistics"
MMR015008,Events,Queen,0,0.6413435670152515,0.002,0.02422222222222222,Low-low,-1.9527634743152704,0.004,0.03114285714285714,Low-low,Cold spot,"ACLED (Armed Conflict Location & Event Data), course file accessed 2026-10-08; https://acleddata.com/; original township/time aggregation and statistics"
MMR015009,Events,Queen,640,0.6703720215837138,0.538,0.7239753086419753,High-high,1.6112091250340292,0.546,0.740838174273859,Not significant,Not significant,"ACLED (Armed Conflict Location & Event Data), course file accessed 2026-10-08; https://acleddata.com/; original township/time aggregation and statistics"
MMR015010,Events,Queen,178,0.05312131296196911,0.152,0.3525106382978723,High-high,1.4906135563170917,0.162,0.3783857142857143,Not significant,Not significant,"ACLED (Armed Conflict Location & Event Data), course file accessed 2026-10-08; https://acleddata.com/; original township/time aggregation and statistics"
MMR015011,Events,Queen,470,0.13842747310257933,0.76,0.8599307958477509,High-high,0.7692766955503212,0.738,0.8460839160839161,Not significant,Not significant,"ACLED (Armed Conflict Location & Event Data), course file accessed 2026-10-08; https://acleddata.com/; original township/time aggregation and statistics"
MMR015012,Events,Queen,451,0.85743792389745,0.166,0.37435862068965514,High-high,1.9256084919287173,0.154,0.36491304347826087,Not significant,Not significant,"ACLED (Armed Conflict Location & Event Data), course file accessed 2026-10-08; https://acleddata.com/; original township/time aggregation and statistics"
MMR015013,Events,Queen,788,2.0426850876472016,0.092,0.2549491525423729,High-high,2.828828899248612,0.098,0.2648429752066116,Not significant,Not significant,"ACLED (Armed Conflict Location & Event Data), course file accessed 2026-10-08; https://acleddata.com/; original township/time aggregation and statistics"
MMR015014,Events,Queen,248,-6.705766534954287e-5,0.878,0.9202115384615384,High-low,0.13861157364037616,0.906,0.9446666666666668,Not significant,Not significant,"ACLED (Armed Conflict Location & Event Data), course file accessed 2026-10-08; https://acleddata.com/; original township/time aggregation and statistics"
MMR015015,Events,Queen,134,-0.03015692766400335,0.646,0.7925799256505577,Low-high,0.2875817050322037,0.63,0.7808955223880597,Not significant,Not significant,"ACLED (Armed Conflict Location & Event Data), course file accessed 2026-10-08; https://acleddata.com/; original township/time aggregation and statistics"
MMR015016,Events,Queen,96,-0.08736322275536568,0.52,0.7144537815126051,Low-high,0.3876262966537314,0.498,0.6871139240506329,Not significant,Not significant,"ACLED (Armed Conflict Location & Event Data), course file accessed 2026-10-08; https://acleddata.com/; original township/time aggregation and statistics"
MMR015017,Events,Queen,178,0.0176190100958027,0.488,0.6906465517241379,High-high,0.6412649463212038,0.486,0.6789406779661017,Not significant,Not significant,"ACLED (Armed Conflict Location & Event Data), course file accessed 2026-10-08; https://acleddata.com/; original township/time aggregation and statistics"
MMR015018,Events,Queen,29,-0.23120612466807752,0.302,0.5338054054054053,Low-high,0.7017191753360129,0.314,0.5375811518324608,Not significant,Not significant,"ACLED (Armed Conflict Location & Event Data), course file accessed 2026-10-08; https://acleddata.com/; original township/time aggregation and statistics"
MMR015019,Events,Queen,72,-0.08363116088696645,0.524,0.7166750000000001,Low-high,0.3781429568920421,0.552,0.7458842975206612,Not significant,Not significant,"ACLED (Armed Conflict Location & Event Data), course file accessed 2026-10-08; https://acleddata.com/; original township/time aggregation and statistics"
MMR015020,Events,Queen,32,-0.25848255477307536,0.384,0.5923018867924529,Low-high,0.5383563602322397,0.386,0.5925915492957746,Not significant,Not significant,"ACLED (Armed Conflict Location & Event Data), course file accessed 2026-10-08; https://acleddata.com/; original township/time aggregation and statistics"
MMR015021,Events,Queen,6,0.1711836485457678,0.752,0.8599307958477509,Low-low,-0.7713656786999344,0.68,0.8045611510791367,Not significant,Not significant,"ACLED (Armed Conflict Location & Event Data), course file accessed 2026-10-08; https://acleddata.com/; original township/time aggregation and statistics"
MMR015022,Events,Queen,149,0.01277931229195593,0.83,0.9014013157894736,Low-low,-0.3295290779417117,0.868,0.9206796116504854,Not significant,Not significant,"ACLED (Armed Conflict Location & Event Data), course file accessed 2026-10-08; https://acleddata.com/; original township/time aggregation and statistics"
MMR015023,Events,Queen,19,-0.9108015002090486,0.078,0.23837383177570093,Low-high,1.539087908281386,0.068,0.20781308411214952,Not significant,Not significant,"ACLED (Armed Conflict Location & Event Data), course file accessed 2026-10-08; https://acleddata.com/; original township/time aggregation and statistics"
MMR015024,Events,Queen,0,0.6386508183228027,0.002,0.02422222222222222,Low-low,-2.1030750121607324,0.002,0.02616,Low-low,Cold spot,"ACLED (Armed Conflict Location & Event Data), course file accessed 2026-10-08; https://acleddata.com/; original township/time aggregation and statistics"
MMR016001,Events,Queen,3,0.6415641731154449,0.002,0.02422222222222222,Low-low,-2.138961081817413,0.002,0.02616,Low-low,Cold spot,"ACLED (Armed Conflict Location & Event Data), course file accessed 2026-10-08; https://acleddata.com/; original township/time aggregation and statistics"
MMR016002,Events,Queen,0,0.6583078837776787,0.002,0.02422222222222222,Low-low,-1.9955382220875493,0.002,0.02616,Low-low,Cold spot,"ACLED (Armed Conflict Location & Event Data), course file accessed 2026-10-08; https://acleddata.com/; original township/time aggregation and statistics"
MMR016003,Events,Queen,1,0.6575245709588545,0.002,0.02422222222222222,Low-low,-1.8244075450012684,0.002,0.02616,Low-low,Cold spot,"ACLED (Armed Conflict Location & Event Data), course file accessed 2026-10-08; https://acleddata.com/; original township/time aggregation and statistics"
MMR016005,Events,Queen,0,0.6554804976506075,0.002,0.02422222222222222,Low-low,-1.8132683611930749,0.002,0.02616,Low-low,Cold spot,"ACLED (Armed Conflict Location & Event Data), course file accessed 2026-10-08; https://acleddata.com/; original township/time aggregation and statistics"
MMR016006,Events,Queen,7,0.6164197251885551,0.002,0.02422222222222222,Low-low,-1.9446159033110264,0.002,0.02616,Low-low,Cold spot,"ACLED (Armed Conflict Location & Event Data), course file accessed 2026-10-08; https://acleddata.com/; original township/time aggregation and statistics"
MMR016007,Events,Queen,5,0.6272685811186135,0.002,0.02422222222222222,Low-low,-2.407904702276985,0.002,0.02616,Low-low,Cold spot,"ACLED (Armed Conflict Location & Event Data), course file accessed 2026-10-08; https://acleddata.com/; original township/time aggregation and statistics"
MMR016008,Events,Queen,3,0.6344261153059491,0.002,0.02422222222222222,Low-low,-1.9588741525684528,0.002,0.02616,Low-low,Cold spot,"ACLED (Armed Conflict Location & Event Data), course file accessed 2026-10-08; https://acleddata.com/; original township/time aggregation and statistics"
MMR016009,Events,Queen,16,0.5851489541587216,0.006,0.04459090909090909,Low-low,-1.5670982890996907,0.004,0.03114285714285714,Low-low,Cold spot,"ACLED (Armed Conflict Location & Event Data), course file accessed 2026-10-08; https://acleddata.com/; original township/time aggregation and statistics"
MMR016010,Events,Queen,0,0.6332653209379051,0.002,0.02422222222222222,Low-low,-1.7642559524370238,0.004,0.03114285714285714,Low-low,Cold spot,"ACLED (Armed Conflict Location & Event Data), course file accessed 2026-10-08; https://acleddata.com/; original township/time aggregation and statistics"
MMR016011,Events,Queen,6,0.6228563185654994,0.004,0.03353846153846154,Low-low,-1.7798508097684946,0.002,0.02616,Low-low,Cold spot,"ACLED (Armed Conflict Location & Event Data), course file accessed 2026-10-08; https://acleddata.com/; original township/time aggregation and statistics"
MMR017001,Events,Queen,117,0.10720730604878136,0.364,0.5722499999999999,Low-low,-0.9221336565376018,0.374,0.5768773584905661,Not significant,Not significant,"ACLED (Armed Conflict Location & Event Data), course file accessed 2026-10-08; https://acleddata.com/; original township/time aggregation and statistics"
MMR017002,Events,Queen,18,0.46191013603754233,0.072,0.22422857142857144,Low-low,-1.6064917066349131,0.066,0.20554285714285717,Not significant,Not significant,"ACLED (Armed Conflict Location & Event Data), course file accessed 2026-10-08; https://acleddata.com/; original township/time aggregation and statistics"
MMR017003,Events,Queen,43,0.23159388931035188,0.422,0.6215945945945947,Low-low,-1.0381986290889154,0.444,0.6569196428571429,Not significant,Not significant,"ACLED (Armed Conflict Location & Event Data), course file accessed 2026-10-08; https://acleddata.com/; original township/time aggregation and statistics"
MMR017004,Events,Queen,24,0.16489106005468193,0.866,0.9134903225806452,Low-low,-0.6611537061094379,0.796,0.8705418060200669,Not significant,Not significant,"ACLED (Armed Conflict Location & Event Data), course file accessed 2026-10-08; https://acleddata.com/; original township/time aggregation and statistics"
MMR017005,Events,Queen,42,0.3760516260962454,0.044,0.16537931034482758,Low-low,-1.6478885496733635,0.04,0.15951219512195122,Low-low,Cold spot,"ACLED (Armed Conflict Location & Event Data), course file accessed 2026-10-08; https://acleddata.com/; original township/time aggregation and statistics"
MMR017006,Events,Queen,87,0.1620281280857108,0.312,0.5369684210526315,Low-low,-1.0239403798314888,0.392,0.5989906542056075,Not significant,Not significant,"ACLED (Armed Conflict Location & Event Data), course file accessed 2026-10-08; https://acleddata.com/; original township/time aggregation and statistics"
MMR017007,Events,Queen,6,0.5109598147906844,0.036,0.14715,Low-low,-1.787655347283593,0.026,0.11336,Low-low,Cold spot,"ACLED (Armed Conflict Location & Event Data), course file accessed 2026-10-08; https://acleddata.com/; original township/time aggregation and statistics"
MMR017008,Events,Queen,31,0.3884265563948214,0.088,0.25242105263157893,Low-low,-1.595003815442466,0.068,0.20781308411214952,Not significant,Not significant,"ACLED (Armed Conflict Location & Event Data), course file accessed 2026-10-08; https://acleddata.com/; original township/time aggregation and statistics"
MMR017009,Events,Queen,13,0.4635068204744357,0.082,0.2415675675675676,Low-low,-1.57797520812006,0.084,0.24094736842105263,Not significant,Not significant,"ACLED (Armed Conflict Location & Event Data), course file accessed 2026-10-08; https://acleddata.com/; original township/time aggregation and statistics"
MMR017010,Events,Queen,100,0.13431288073951805,0.372,0.5792571428571429,Low-low,-0.993386988565575,0.372,0.5768773584905661,Not significant,Not significant,"ACLED (Armed Conflict Location & Event Data), course file accessed 2026-10-08; https://acleddata.com/; original township/time aggregation and statistics"
MMR017011,Events,Queen,18,0.24315715706971863,0.534,0.7215619834710745,Low-low,-0.9872763103123922,0.582,0.7612559999999999,Not significant,Not significant,"ACLED (Armed Conflict Location & Event Data), course file accessed 2026-10-08; https://acleddata.com/; original township/time aggregation and statistics"
MMR017012,Events,Queen,20,0.347730175474709,0.264,0.49900578034682086,Low-low,-1.2928102229715306,0.28,0.5115083798882682,Not significant,Not significant,"ACLED (Armed Conflict Location & Event Data), course file accessed 2026-10-08; https://acleddata.com/; original township/time aggregation and statistics"
MMR017013,Events,Queen,33,0.28463597128269236,0.296,0.5289180327868852,Low-low,-1.2474755619251392,0.298,0.5239032258064515,Not significant,Not significant,"ACLED (Armed Conflict Location & Event Data), course file accessed 2026-10-08; https://acleddata.com/; original township/time aggregation and statistics"
MMR017014,Events,Queen,13,0.5749348904704458,0.01,0.05945454545454545,Low-low,-1.7152435436809728,0.002,0.02616,Low-low,Cold spot,"ACLED (Armed Conflict Location & Event Data), course file accessed 2026-10-08; https://acleddata.com/; original township/time aggregation and statistics"
MMR017015,Events,Queen,3,0.6098394717399083,0.004,0.03353846153846154,Low-low,-1.8957304772855643,0.004,0.03114285714285714,Low-low,Cold spot,"ACLED (Armed Conflict Location & Event Data), course file accessed 2026-10-08; https://acleddata.com/; original township/time aggregation and statistics"
MMR017016,Events,Queen,10,0.5581596505514977,0.032,0.13952,Low-low,-1.4825423798034885,0.048,0.1744,Low-low,Cold spot,"ACLED (Armed Conflict Location & Event Data), course file accessed 2026-10-08; https://acleddata.com/; original township/time aggregation and statistics"
MMR017017,Events,Queen,10,0.5536429777543912,0.006,0.04459090909090909,Low-low,-2.081423262847125,0.004,0.03114285714285714,Low-low,Cold spot,"ACLED (Armed Conflict Location & Event Data), course file accessed 2026-10-08; https://acleddata.com/; original township/time aggregation and statistics"
MMR017018,Events,Queen,30,0.49732590054518466,0.008,0.05129411764705883,Low-low,-1.6417249305468964,0.012,0.06884210526315789,Low-low,Cold spot,"ACLED (Armed Conflict Location & Event Data), course file accessed 2026-10-08; https://acleddata.com/; original township/time aggregation and statistics"
MMR017019,Events,Queen,53,0.38894149136093686,0.012,0.0665084745762712,Low-low,-1.8197639359237807,0.006,0.040875,Low-low,Cold spot,"ACLED (Armed Conflict Location & Event Data), course file accessed 2026-10-08; https://acleddata.com/; original township/time aggregation and statistics"
MMR017020,Events,Queen,8,0.5558557422861877,0.008,0.05129411764705883,Low-low,-2.069036608775876,0.004,0.03114285714285714,Low-low,Cold spot,"ACLED (Armed Conflict Location & Event Data), course file accessed 2026-10-08; https://acleddata.com/; original township/time aggregation and statistics"
MMR017021,Events,Queen,20,0.49075033207148255,0.012,0.0665084745762712,Low-low,-1.8405400815144903,0.008,0.05232,Low-low,Cold spot,"ACLED (Armed Conflict Location & Event Data), course file accessed 2026-10-08; https://acleddata.com/; original township/time aggregation and statistics"
MMR017022,Events,Queen,7,0.5515739625319152,0.01,0.05945454545454545,Low-low,-1.914200961336098,0.006,0.040875,Low-low,Cold spot,"ACLED (Armed Conflict Location & Event Data), course file accessed 2026-10-08; https://acleddata.com/; original township/time aggregation and statistics"
MMR017023,Events,Queen,32,0.4853353505776,0.036,0.14715,Low-low,-1.4427513636640992,0.054,0.1878510638297872,Low-low,Not significant,"ACLED (Armed Conflict Location & Event Data), course file accessed 2026-10-08; https://acleddata.com/; original township/time aggregation and statistics"
MMR017024,Events,Queen,22,0.48688776387525656,0.082,0.2415675675675676,Low-low,-1.3930125934898627,0.104,0.2764878048780488,Not significant,Not significant,"ACLED (Armed Conflict Location & Event Data), course file accessed 2026-10-08; https://acleddata.com/; original township/time aggregation and statistics"
MMR017025,Events,Queen,15,0.5105828429667387,0.006,0.04459090909090909,Low-low,-1.9876385963076684,0.004,0.03114285714285714,Low-low,Cold spot,"ACLED (Armed Conflict Location & Event Data), course file accessed 2026-10-08; https://acleddata.com/; original township/time aggregation and statistics"
MMR017026,Events,Queen,10,0.5360279538456757,0.184,0.3958421052631579,Low-low,-1.2539809412029996,0.22,0.44962500000000005,Not significant,Not significant,"ACLED (Armed Conflict Location & Event Data), course file accessed 2026-10-08; https://acleddata.com/; original township/time aggregation and statistics"
MMR018001,Events,Queen,3,0.3937149436190665,0.296,0.5289180327868852,Low-low,-1.2451699869752106,0.302,0.528096256684492,Not significant,Not significant,"ACLED (Armed Conflict Location & Event Data), course file accessed 2026-10-08; https://acleddata.com/; original township/time aggregation and statistics"
MMR018002,Events,Queen,28,0.4820742082316008,0.026,0.11808333333333332,Low-low,-1.5860290115059292,0.024,0.10750684931506849,Low-low,Cold spot,"ACLED (Armed Conflict Location & Event Data), course file accessed 2026-10-08; https://acleddata.com/; original township/time aggregation and statistics"
MMR018003,Events,Queen,22,0.41472390794262154,0.06,0.20652631578947367,Low-low,-1.7204407727707258,0.062,0.19876470588235295,Not significant,Not significant,"ACLED (Armed Conflict Location & Event Data), course file accessed 2026-10-08; https://acleddata.com/; original township/time aggregation and statistics"
MMR018004,Events,Queen,12,0.5122493447742471,0.07,0.22223300970873788,Low-low,-1.559294970366265,0.058,0.19353061224489795,Not significant,Not significant,"ACLED (Armed Conflict Location & Event Data), course file accessed 2026-10-08; https://acleddata.com/; original township/time aggregation and statistics"
MMR018005,Events,Queen,10,0.5379249564204605,0.02,0.09478260869565217,Low-low,-1.7592586629644824,0.022,0.10277142857142856,Low-low,Cold spot,"ACLED (Armed Conflict Location & Event Data), course file accessed 2026-10-08; https://acleddata.com/; original township/time aggregation and statistics"
MMR018006,Events,Queen,53,0.10455250877670084,0.644,0.7925799256505577,Low-low,-0.6968596454926161,0.618,0.7808955223880597,Not significant,Not significant,"ACLED (Armed Conflict Location & Event Data), course file accessed 2026-10-08; https://acleddata.com/; original township/time aggregation and statistics"
MMR018007,Events,Queen,22,0.27091700912536426,0.264,0.49900578034682086,Low-low,-1.2733347866943812,0.268,0.5036551724137932,Not significant,Not significant,"ACLED (Armed Conflict Location & Event Data), course file accessed 2026-10-08; https://acleddata.com/; original township/time aggregation and statistics"
MMR018008,Events,Queen,9,0.520398465152556,0.02,0.09478260869565217,Low-low,-1.838651341006244,0.022,0.10277142857142856,Low-low,Cold spot,"ACLED (Armed Conflict Location & Event Data), course file accessed 2026-10-08; https://acleddata.com/; original township/time aggregation and statistics"
MMR001001,Reported fatalities,Queen,114,0.02665165897044488,0.892,0.9746298701298702,Low-low,-0.319831173079705,0.908,0.9746298701298702,Not significant,Not significant,"ACLED (Armed Conflict Location & Event Data), course file accessed 2026-10-08; https://acleddata.com/; original township/time aggregation and statistics"
MMR001002,Reported fatalities,Queen,254,0.01111697849550899,0.81,0.9293684210526316,Low-low,-0.45128840428308137,0.814,0.921031141868512,Not significant,Not significant,"ACLED (Armed Conflict Location & Event Data), course file accessed 2026-10-08; https://acleddata.com/; original township/time aggregation and statistics"
MMR001003,Reported fatalities,Queen,10,0.3243253514844875,0.218,0.4027457627118644,Low-low,-1.362300632526886,0.168,0.34991082802547774,Not significant,Not significant,"ACLED (Armed Conflict Location & Event Data), course file accessed 2026-10-08; https://acleddata.com/; original township/time aggregation and statistics"
MMR001004,Reported fatalities,Queen,98,0.0396350059309469,0.91,0.9746298701298702,Low-low,-0.381772126557502,0.91,0.9746298701298702,Not significant,Not significant,"ACLED (Armed Conflict Location & Event Data), course file accessed 2026-10-08; https://acleddata.com/; original township/time aggregation and statistics"
MMR001005,Reported fatalities,Queen,18,0.2988873602066063,0.56,0.7535802469135803,Low-low,-1.019131429941142,0.558,0.7508888888888889,Not significant,Not significant,"ACLED (Armed Conflict Location & Event Data), course file accessed 2026-10-08; https://acleddata.com/; original township/time aggregation and statistics"
MMR001006,Reported fatalities,Queen,14,0.4445353751519794,0.056,0.16497297297297298,Low-low,-1.345701716623439,0.05,0.15424528301886797,Not significant,Not significant,"ACLED (Armed Conflict Location & Event Data), course file accessed 2026-10-08; https://acleddata.com/; original township/time aggregation and statistics"
MMR001007,Reported fatalities,Queen,370,0.14506943089809066,0.104,0.25569924812030076,High-high,1.648673619364723,0.114,0.2701304347826087,Not significant,Not significant,"ACLED (Armed Conflict Location & Event Data), course file accessed 2026-10-08; https://acleddata.com/; original township/time aggregation and statistics"
MMR001008,Reported fatalities,Queen,41,-0.28597978114995826,0.31,0.5065294117647059,Low-high,0.6037220018898561,0.374,0.5559,Not significant,Not significant,"ACLED (Armed Conflict Location & Event Data), course file accessed 2026-10-08; https://acleddata.com/; original township/time aggregation and statistics"
MMR001009,Reported fatalities,Queen,1262,-0.5561658901376003,0.746,0.8870618181818183,High-low,0.5907667305650743,0.742,0.8846836363636364,Not significant,Not significant,"ACLED (Armed Conflict Location & Event Data), course file accessed 2026-10-08; https://acleddata.com/; original township/time aggregation and statistics"
MMR001010,Reported fatalities,Queen,315,-0.00431185994160447,0.944,0.9820315457413248,High-low,-0.03579379782082791,0.966,0.9933396226415095,Not significant,Not significant,"ACLED (Armed Conflict Location & Event Data), course file accessed 2026-10-08; https://acleddata.com/; original township/time aggregation and statistics"
MMR001011,Reported fatalities,Queen,457,0.09279852764452276,0.624,0.8220963855421686,High-high,0.5981380308990262,0.598,0.788491935483871,Not significant,Not significant,"ACLED (Armed Conflict Location & Event Data), course file accessed 2026-10-08; https://acleddata.com/; original township/time aggregation and statistics"
MMR001012,Reported fatalities,Queen,573,-0.15700999120185077,0.876,0.9644848484848484,High-low,-0.02053088036530998,0.87,0.960080808080808,Not significant,Not significant,"ACLED (Armed Conflict Location & Event Data), course file accessed 2026-10-08; https://acleddata.com/; original township/time aggregation and statistics"
MMR001013,Reported fatalities,Queen,87,0.06497888616159421,0.918,0.9746298701298702,Low-low,-0.4770187749530848,0.862,0.960080808080808,Not significant,Not significant,"ACLED (Armed Conflict Location & Event Data), course file accessed 2026-10-08; https://acleddata.com/; original township/time aggregation and statistics"
MMR001014,Reported fatalities,Queen,88,0.26865223790715204,0.198,0.38311242603550294,Low-low,-1.237939176571418,0.208,0.3908965517241379,Not significant,Not significant,"ACLED (Armed Conflict Location & Event Data), course file accessed 2026-10-08; https://acleddata.com/; original township/time aggregation and statistics"
MMR001015,Reported fatalities,Queen,100,0.2487033364683525,0.116,0.2748695652173913,Low-low,-1.45994567497088,0.09,0.229921875,Not significant,Not significant,"ACLED (Armed Conflict Location & Event Data), course file accessed 2026-10-08; https://acleddata.com/; original township/time aggregation and statistics"
MMR001016,Reported fatalities,Queen,0,0.4014805026564808,0.174,0.36011392405063286,Low-low,-1.3508114689348982,0.2,0.3824561403508772,Not significant,Not significant,"ACLED (Armed Conflict Location & Event Data), course file accessed 2026-10-08; https://acleddata.com/; original township/time aggregation and statistics"
MMR001017,Reported fatalities,Queen,0,0.432981037280698,0.192,0.38282926829268293,Low-low,-1.2865590662794013,0.196,0.3815,Not significant,Not significant,"ACLED (Armed Conflict Location & Event Data), course file accessed 2026-10-08; https://acleddata.com/; original township/time aggregation and statistics"
MMR001018,Reported fatalities,Queen,0,0.4410641933352143,0.034,0.11703157894736844,Low-low,-1.5890320824749544,0.036,0.12012244897959182,Low-low,Cold spot,"ACLED (Armed Conflict Location & Event Data), course file accessed 2026-10-08; https://acleddata.com/; original township/time aggregation and statistics"
MMR002001,Reported fatalities,Queen,785,0.8254663631739528,0.14,0.3052,High-high,2.042490948454248,0.102,0.24706666666666663,Not significant,Not significant,"ACLED (Armed Conflict Location & Event Data), course file accessed 2026-10-08; https://acleddata.com/; original township/time aggregation and statistics"
MMR002002,Reported fatalities,Queen,1346,2.5349803476146606,0.092,0.23876190476190476,High-high,2.8968723498050513,0.086,0.2214330708661417,Not significant,Not significant,"ACLED (Armed Conflict Location & Event Data), course file accessed 2026-10-08; https://acleddata.com/; original township/time aggregation and statistics"
MMR002003,Reported fatalities,Queen,421,0.3799209948448001,0.06,0.1721052631578947,High-high,2.2082406324150674,0.072,0.19784873949579831,Not significant,Not significant,"ACLED (Armed Conflict Location & Event Data), course file accessed 2026-10-08; https://acleddata.com/; original township/time aggregation and statistics"
MMR002004,Reported fatalities,Queen,188,-0.00900696620545321,0.854,0.9498571428571428,Low-high,-0.02168263845065153,0.87,0.960080808080808,Not significant,Not significant,"ACLED (Armed Conflict Location & Event Data), course file accessed 2026-10-08; https://acleddata.com/; original township/time aggregation and statistics"
MMR002005,Reported fatalities,Queen,331,0.08595544601690339,0.192,0.38282926829268293,High-high,1.3639489525094264,0.178,0.3637875,Not significant,Not significant,"ACLED (Armed Conflict Location & Event Data), course file accessed 2026-10-08; https://acleddata.com/; original township/time aggregation and statistics"
MMR002006,Reported fatalities,Queen,193,-0.0822741534864258,0.316,0.5065294117647059,Low-high,0.7518822950071632,0.338,0.5189014084507042,Not significant,Not significant,"ACLED (Armed Conflict Location & Event Data), course file accessed 2026-10-08; https://acleddata.com/; original township/time aggregation and statistics"
MMR002007,Reported fatalities,Queen,38,-0.3198617415904696,0.364,0.5435068493150684,Low-high,0.5031489615227934,0.336,0.5189014084507042,Not significant,Not significant,"ACLED (Armed Conflict Location & Event Data), course file accessed 2026-10-08; https://acleddata.com/; original township/time aggregation and statistics"
MMR003001,Reported fatalities,Queen,172,-0.14182197370089722,0.182,0.36965217391304345,Low-high,1.2923416195826878,0.156,0.3312467532467533,Not significant,Not significant,"ACLED (Armed Conflict Location & Event Data), course file accessed 2026-10-08; https://acleddata.com/; original township/time aggregation and statistics"
MMR003002,Reported fatalities,Queen,69,-0.980066094541712,0.01,0.04541666666666667,Low-high,3.158321435177602,0.002,0.01486363636363636,Low-high,Hot spot,"ACLED (Armed Conflict Location & Event Data), course file accessed 2026-10-08; https://acleddata.com/; original township/time aggregation and statistics"
MMR003003,Reported fatalities,Queen,918,0.05113214470488674,0.834,0.9436608996539791,High-high,0.6414220715945184,0.848,0.9529072164948452,Not significant,Not significant,"ACLED (Armed Conflict Location & Event Data), course file accessed 2026-10-08; https://acleddata.com/; original township/time aggregation and statistics"
MMR003004,Reported fatalities,Queen,446,0.24603196432051783,0.102,0.25461068702290074,High-high,1.8296554600436736,0.124,0.2835524475524475,Not significant,Not significant,"ACLED (Armed Conflict Location & Event Data), course file accessed 2026-10-08; https://acleddata.com/; original township/time aggregation and statistics"
MMR003005,Reported fatalities,Queen,1420,3.320033290541865,0.088,0.230208,High-high,3.1787110346954712,0.096,0.23781818181818185,Not significant,Not significant,"ACLED (Armed Conflict Location & Event Data), course file accessed 2026-10-08; https://acleddata.com/; original township/time aggregation and statistics"
MMR003006,Reported fatalities,Queen,1524,1.6766129475114695,0.232,0.41913812154696134,High-high,2.394629226573562,0.244,0.4336304347826087,Not significant,Not significant,"ACLED (Armed Conflict Location & Event Data), course file accessed 2026-10-08; https://acleddata.com/; original township/time aggregation and statistics"
MMR003007,Reported fatalities,Queen,548,0.7659080728199822,0.028,0.10404545454545457,High-high,2.7524614560630214,0.022,0.08365116279069768,High-high,Hot spot,"ACLED (Armed Conflict Location & Event Data), course file accessed 2026-10-08; https://acleddata.com/; original township/time aggregation and statistics"
MMR004001,Reported fatalities,Queen,519,0.7593664444596506,0.048,0.14807547169811322,High-high,2.447686696521813,0.068,0.19168965517241385,High-high,Not significant,"ACLED (Armed Conflict Location & Event Data), course file accessed 2026-10-08; https://acleddata.com/; original township/time aggregation and statistics"
MMR004002,Reported fatalities,Queen,521,0.9592690584082022,0.01,0.04541666666666667,High-high,3.360269570321247,0.006,0.03018461538461538,High-high,Hot spot,"ACLED (Armed Conflict Location & Event Data), course file accessed 2026-10-08; https://acleddata.com/; original township/time aggregation and statistics"
MMR004003,Reported fatalities,Queen,270,-0.0033263044683746,0.336,0.5207203791469194,Low-high,0.9017189964500064,0.286,0.48709374999999994,Not significant,Not significant,"ACLED (Armed Conflict Location & Event Data), course file accessed 2026-10-08; https://acleddata.com/; original township/time aggregation and statistics"
MMR004004,Reported fatalities,Queen,299,0.09619467546501348,0.066,0.18289830508474575,High-high,2.145000363464893,0.054,0.1605272727272727,Not significant,Not significant,"ACLED (Armed Conflict Location & Event Data), course file accessed 2026-10-08; https://acleddata.com/; original township/time aggregation and statistics"
MMR004005,Reported fatalities,Queen,62,-0.9025373861825084,0.02,0.07694117647058824,Low-high,2.2581428249926185,0.024,0.08817977528089888,Low-high,Hot spot,"ACLED (Armed Conflict Location & Event Data), course file accessed 2026-10-08; https://acleddata.com/; original township/time aggregation and statistics"
MMR004006,Reported fatalities,Queen,635,0.35759243064419544,0.368,0.5469818181818181,High-high,1.1741524998521158,0.406,0.5900533333333334,Not significant,Not significant,"ACLED (Armed Conflict Location & Event Data), course file accessed 2026-10-08; https://acleddata.com/; original township/time aggregation and statistics"
MMR004007,Reported fatalities,Queen,480,0.3723993996936216,0.126,0.2943,High-high,1.805304544356279,0.124,0.2835524475524475,Not significant,Not significant,"ACLED (Armed Conflict Location & Event Data), course file accessed 2026-10-08; https://acleddata.com/; original township/time aggregation and statistics"
MMR004008,Reported fatalities,Queen,271,-5.223786715619774e-4,0.68,0.8594712643678161,Low-high,0.3590972914980184,0.628,0.8175,Not significant,Not significant,"ACLED (Armed Conflict Location & Event Data), course file accessed 2026-10-08; https://acleddata.com/; original township/time aggregation and statistics"
MMR004009,Reported fatalities,Queen,210,-0.01837605814176096,0.7,0.8728288973384031,Low-high,0.23206958036056732,0.662,0.8448560311284047,Not significant,Not significant,"ACLED (Armed Conflict Location & Event Data), course file accessed 2026-10-08; https://acleddata.com/; original township/time aggregation and statistics"
MMR005001,Reported fatalities,Queen,1100,1.8742574162271337,0.034,0.11703157894736844,High-high,3.1034005545662873,0.036,0.12012244897959182,High-high,Hot spot,"ACLED (Armed Conflict Location & Event Data), course file accessed 2026-10-08; https://acleddata.com/; original township/time aggregation and statistics"
MMR005002,Reported fatalities,Queen,1240,5.139086356975519,0.002,0.01486363636363636,High-high,5.693530134476122,0.002,0.01486363636363636,High-high,Hot spot,"ACLED (Armed Conflict Location & Event Data), course file accessed 2026-10-08; https://acleddata.com/; original township/time aggregation and statistics"
MMR005003,Reported fatalities,Queen,860,3.791168956304776,0.002,0.01486363636363636,High-high,5.8022760666689885,0.002,0.01486363636363636,High-high,Hot spot,"ACLED (Armed Conflict Location & Event Data), course file accessed 2026-10-08; https://acleddata.com/; original township/time aggregation and statistics"
MMR005004,Reported fatalities,Queen,1551,4.17258340821285,0.012,0.05163157894736842,High-high,3.9689283693246944,0.02,0.07785714285714286,High-high,Hot spot,"ACLED (Armed Conflict Location & Event Data), course file accessed 2026-10-08; https://acleddata.com/; original township/time aggregation and statistics"
MMR005005,Reported fatalities,Queen,1097,3.685567742376033,0.006,0.031645161290322583,High-high,4.459646362984914,0.004,0.02515384615384615,High-high,Hot spot,"ACLED (Armed Conflict Location & Event Data), course file accessed 2026-10-08; https://acleddata.com/; original township/time aggregation and statistics"
MMR005006,Reported fatalities,Queen,965,3.011635972697979,0.002,0.01486363636363636,High-high,4.5637769933991095,0.002,0.01486363636363636,High-high,Hot spot,"ACLED (Armed Conflict Location & Event Data), course file accessed 2026-10-08; https://acleddata.com/; original township/time aggregation and statistics"
MMR005007,Reported fatalities,Queen,1385,3.4211983359588447,0.012,0.05163157894736842,High-high,4.023068139926112,0.006,0.03018461538461538,High-high,Hot spot,"ACLED (Armed Conflict Location & Event Data), course file accessed 2026-10-08; https://acleddata.com/; original township/time aggregation and statistics"
MMR005008,Reported fatalities,Queen,147,-0.26697979871176025,0.048,0.14807547169811322,Low-high,2.141933168058365,0.026,0.09141935483870968,Low-high,Hot spot,"ACLED (Armed Conflict Location & Event Data), course file accessed 2026-10-08; https://acleddata.com/; original township/time aggregation and statistics"
MMR005009,Reported fatalities,Queen,620,1.953196081620284,0.002,0.01486363636363636,High-high,5.806959836632872,0.002,0.01486363636363636,High-high,Hot spot,"ACLED (Armed Conflict Location & Event Data), course file accessed 2026-10-08; https://acleddata.com/; original township/time aggregation and statistics"
MMR005010,Reported fatalities,Queen,657,1.7139914657325614,0.002,0.01486363636363636,High-high,4.3587224042667225,0.002,0.01486363636363636,High-high,Hot spot,"ACLED (Armed Conflict Location & Event Data), course file accessed 2026-10-08; https://acleddata.com/; original township/time aggregation and statistics"
MMR005011,Reported fatalities,Queen,1155,2.7376554118287184,0.038,0.12426,High-high,3.197481210079218,0.034,0.1158125,High-high,Hot spot,"ACLED (Armed Conflict Location & Event Data), course file accessed 2026-10-08; https://acleddata.com/; original township/time aggregation and statistics"
MMR005012,Reported fatalities,Queen,1771,6.667382237063982,0.002,0.01486363636363636,High-high,5.441605924970617,0.006,0.03018461538461538,High-high,Hot spot,"ACLED (Armed Conflict Location & Event Data), course file accessed 2026-10-08; https://acleddata.com/; original township/time aggregation and statistics"
MMR005013,Reported fatalities,Queen,669,2.1350498086162815,0.002,0.01486363636363636,High-high,4.741861861484782,0.002,0.01486363636363636,High-high,Hot spot,"ACLED (Armed Conflict Location & Event Data), course file accessed 2026-10-08; https://acleddata.com/; original township/time aggregation and statistics"
MMR005014,Reported fatalities,Queen,677,2.1080729111860323,0.002,0.01486363636363636,High-high,5.05200220561908,0.002,0.01486363636363636,High-high,Hot spot,"ACLED (Armed Conflict Location & Event Data), course file accessed 2026-10-08; https://acleddata.com/; original township/time aggregation and statistics"
MMR005015,Reported fatalities,Queen,1366,6.545761226864654,0.002,0.01486363636363636,High-high,5.961285545301377,0.002,0.01486363636363636,High-high,Hot spot,"ACLED (Armed Conflict Location & Event Data), course file accessed 2026-10-08; https://acleddata.com/; original township/time aggregation and statistics"
MMR005016,Reported fatalities,Queen,1132,4.871683361727835,0.002,0.01486363636363636,High-high,5.458984079687805,0.002,0.01486363636363636,High-high,Hot spot,"ACLED (Armed Conflict Location & Event Data), course file accessed 2026-10-08; https://acleddata.com/; original township/time aggregation and statistics"
MMR005017,Reported fatalities,Queen,1230,4.080475629924783,0.002,0.01486363636363636,High-high,5.0403438151763265,0.002,0.01486363636363636,High-high,Hot spot,"ACLED (Armed Conflict Location & Event Data), course file accessed 2026-10-08; https://acleddata.com/; original township/time aggregation and statistics"
MMR005018,Reported fatalities,Queen,623,2.635933468730282,0.002,0.01486363636363636,High-high,7.061537179116478,0.002,0.01486363636363636,High-high,Hot spot,"ACLED (Armed Conflict Location & Event Data), course file accessed 2026-10-08; https://acleddata.com/; original township/time aggregation and statistics"
MMR005019,Reported fatalities,Queen,1392,6.100253056695537,0.002,0.01486363636363636,High-high,5.964983352470424,0.002,0.01486363636363636,High-high,Hot spot,"ACLED (Armed Conflict Location & Event Data), course file accessed 2026-10-08; https://acleddata.com/; original township/time aggregation and statistics"
MMR005020,Reported fatalities,Queen,892,0.7603149507452241,0.26,0.4474736842105264,High-high,1.6385444208910789,0.296,0.4938367346938775,Not significant,Not significant,"ACLED (Armed Conflict Location & Event Data), course file accessed 2026-10-08; https://acleddata.com/; original township/time aggregation and statistics"
MMR005021,Reported fatalities,Queen,592,0.489127783425675,0.2,0.38403488372093025,High-high,1.5658844604564113,0.196,0.3815,Not significant,Not significant,"ACLED (Armed Conflict Location & Event Data), course file accessed 2026-10-08; https://acleddata.com/; original township/time aggregation and statistics"
MMR005022,Reported fatalities,Queen,825,1.3198120934782116,0.042,0.135980198019802,High-high,2.839295906316601,0.024,0.08817977528089888,High-high,Hot spot,"ACLED (Armed Conflict Location & Event Data), course file accessed 2026-10-08; https://acleddata.com/; original township/time aggregation and statistics"
MMR005023,Reported fatalities,Queen,253,-0.00933330158095235,0.626,0.8220963855421686,Low-high,0.4167920408026846,0.592,0.783740890688259,Not significant,Not significant,"ACLED (Armed Conflict Location & Event Data), course file accessed 2026-10-08; https://acleddata.com/; original township/time aggregation and statistics"
MMR005024,Reported fatalities,Queen,643,0.7012294652391574,0.134,0.29606756756756764,High-high,1.9102294903424448,0.17,0.3518354430379747,Not significant,Not significant,"ACLED (Armed Conflict Location & Event Data), course file accessed 2026-10-08; https://acleddata.com/; original township/time aggregation and statistics"
MMR005025,Reported fatalities,Queen,188,-0.13356716253990691,0.202,0.38403488372093025,Low-high,1.186789014710319,0.192,0.3815,Not significant,Not significant,"ACLED (Armed Conflict Location & Event Data), course file accessed 2026-10-08; https://acleddata.com/; original township/time aggregation and statistics"
MMR005026,Reported fatalities,Queen,259,-0.00281473818062588,0.772,0.9080719424460432,Low-high,0.15796609667161934,0.744,0.8846836363636364,Not significant,Not significant,"ACLED (Armed Conflict Location & Event Data), course file accessed 2026-10-08; https://acleddata.com/; original township/time aggregation and statistics"
MMR005027,Reported fatalities,Queen,1877,2.0589754699501697,0.148,0.31839473684210523,High-high,2.7639657562240556,0.148,0.32264,Not significant,Not significant,"ACLED (Armed Conflict Location & Event Data), course file accessed 2026-10-08; https://acleddata.com/; original township/time aggregation and statistics"
MMR005028,Reported fatalities,Queen,81,-0.5953045157418273,0.046,0.14747058823529413,Low-high,1.969707091105035,0.038,0.12551515151515152,Low-high,Hot spot,"ACLED (Armed Conflict Location & Event Data), course file accessed 2026-10-08; https://acleddata.com/; original township/time aggregation and statistics"
MMR005029,Reported fatalities,Queen,830,2.277238724964762,0.002,0.01486363636363636,High-high,4.500602224890691,0.004,0.02515384615384615,High-high,Hot spot,"ACLED (Armed Conflict Location & Event Data), course file accessed 2026-10-08; https://acleddata.com/; original township/time aggregation and statistics"
MMR005030,Reported fatalities,Queen,607,0.6072706136839994,0.134,0.29606756756756764,High-high,1.8101904143816705,0.14,0.3093243243243244,Not significant,Not significant,"ACLED (Armed Conflict Location & Event Data), course file accessed 2026-10-08; https://acleddata.com/; original township/time aggregation and statistics"
MMR005031,Reported fatalities,Queen,136,-0.29334223659185316,0.13,0.29606756756756764,Low-high,1.5879983614582664,0.096,0.23781818181818185,Not significant,Not significant,"ACLED (Armed Conflict Location & Event Data), course file accessed 2026-10-08; https://acleddata.com/; original township/time aggregation and statistics"
MMR005032,Reported fatalities,Queen,293,0.00332162305508153,0.78,0.9109285714285716,High-high,0.16291493044829997,0.766,0.9010143884892088,Not significant,Not significant,"ACLED (Armed Conflict Location & Event Data), course file accessed 2026-10-08; https://acleddata.com/; original township/time aggregation and statistics"
MMR005033,Reported fatalities,Queen,46,-0.03037684949295914,0.83,0.9423958333333332,Low-high,-0.10072668415048322,0.784,0.9146690391459076,Not significant,Not significant,"ACLED (Armed Conflict Location & Event Data), course file accessed 2026-10-08; https://acleddata.com/; original township/time aggregation and statistics"
MMR005034,Reported fatalities,Queen,377,0.09123229815451774,0.376,0.5538378378378379,High-high,0.9465410752979926,0.364,0.546,Not significant,Not significant,"ACLED (Armed Conflict Location & Event Data), course file accessed 2026-10-08; https://acleddata.com/; original township/time aggregation and statistics"
MMR005035,Reported fatalities,Queen,4,0.10657916657871916,0.918,0.9746298701298702,Low-low,-0.5773556531062713,0.944,0.9820380952380952,Not significant,Not significant,"ACLED (Armed Conflict Location & Event Data), course file accessed 2026-10-08; https://acleddata.com/; original township/time aggregation and statistics"
MMR005036,Reported fatalities,Queen,4,0.4280815689599232,0.348,0.5317570093457943,Low-low,-1.1198836574643352,0.298,0.49464974619289337,Not significant,Not significant,"ACLED (Armed Conflict Location & Event Data), course file accessed 2026-10-08; https://acleddata.com/; original township/time aggregation and statistics"
MMR005037,Reported fatalities,Queen,11,0.3812617136378949,0.27,0.4598437500000001,Low-low,-1.1952736711831686,0.288,0.4879585492227979,Not significant,Not significant,"ACLED (Armed Conflict Location & Event Data), course file accessed 2026-10-08; https://acleddata.com/; original township/time aggregation and statistics"
MMR006001,Reported fatalities,Queen,1045,2.1570621529665175,0.048,0.14807547169811322,High-high,3.0569932137243736,0.056,0.16497297297297298,High-high,Not significant,"ACLED (Armed Conflict Location & Event Data), course file accessed 2026-10-08; https://acleddata.com/; original township/time aggregation and statistics"
MMR006002,Reported fatalities,Queen,680,1.3541963613083028,0.048,0.14807547169811322,High-high,2.4792849088877165,0.052,0.156,High-high,Not significant,"ACLED (Armed Conflict Location & Event Data), course file accessed 2026-10-08; https://acleddata.com/; original township/time aggregation and statistics"
MMR006003,Reported fatalities,Queen,598,1.1794019703145575,0.062,0.17477586206896553,High-high,2.549998947342545,0.048,0.14948571428571428,Not significant,Hot spot,"ACLED (Armed Conflict Location & Event Data), course file accessed 2026-10-08; https://acleddata.com/; original township/time aggregation and statistics"
MMR006004,Reported fatalities,Queen,694,1.5775523251468082,0.038,0.12426,High-high,2.7441411256458004,0.062,0.1794159292035398,High-high,Not significant,"ACLED (Armed Conflict Location & Event Data), course file accessed 2026-10-08; https://acleddata.com/; original township/time aggregation and statistics"
MMR006005,Reported fatalities,Queen,164,-0.19735389695193983,0.256,0.44292063492063494,Low-high,0.9351474509922888,0.244,0.4336304347826087,Not significant,Not significant,"ACLED (Armed Conflict Location & Event Data), course file accessed 2026-10-08; https://acleddata.com/; original township/time aggregation and statistics"
MMR006006,Reported fatalities,Queen,133,-0.07248309849983026,0.594,0.7863886639676113,Low-high,0.12772170281716078,0.664,0.8448560311284047,Not significant,Not significant,"ACLED (Armed Conflict Location & Event Data), course file accessed 2026-10-08; https://acleddata.com/; original township/time aggregation and statistics"
MMR006007,Reported fatalities,Queen,749,1.1623604308756217,0.12,0.2823021582733813,High-high,2.263405402867152,0.1,0.24586466165413537,Not significant,Not significant,"ACLED (Armed Conflict Location & Event Data), course file accessed 2026-10-08; https://acleddata.com/; original township/time aggregation and statistics"
MMR006008,Reported fatalities,Queen,770,0.5552193910267017,0.296,0.4938367346938775,High-high,1.4205645395870758,0.344,0.5256448598130841,Not significant,Not significant,"ACLED (Armed Conflict Location & Event Data), course file accessed 2026-10-08; https://acleddata.com/; original township/time aggregation and statistics"
MMR006009,Reported fatalities,Queen,123,0.14772356918829535,0.866,0.956695945945946,Low-low,-0.5443981534787573,0.872,0.960080808080808,Not significant,Not significant,"ACLED (Armed Conflict Location & Event Data), course file accessed 2026-10-08; https://acleddata.com/; original township/time aggregation and statistics"
MMR006010,Reported fatalities,Queen,121,-0.06915996116989388,0.632,0.8266560000000001,Low-high,0.07500760142356158,0.63,0.8175,Not significant,Not significant,"ACLED (Armed Conflict Location & Event Data), course file accessed 2026-10-08; https://acleddata.com/; original township/time aggregation and statistics"
MMR007001,Reported fatalities,Queen,64,0.2704017556103504,0.054,0.1605272727272727,Low-low,-1.6355954737648073,0.086,0.2214330708661417,Not significant,Not significant,"ACLED (Armed Conflict Location & Event Data), course file accessed 2026-10-08; https://acleddata.com/; original township/time aggregation and statistics"
MMR007002,Reported fatalities,Queen,3,0.409986659559268,0.24,0.4242162162162162,Low-low,-1.2428449334164169,0.214,0.3998742857142857,Not significant,Not significant,"ACLED (Armed Conflict Location & Event Data), course file accessed 2026-10-08; https://acleddata.com/; original township/time aggregation and statistics"
MMR007003,Reported fatalities,Queen,9,0.3989798252369811,0.156,0.3291096774193549,Low-low,-1.3692395983003642,0.152,0.32699999999999996,Not significant,Not significant,"ACLED (Armed Conflict Location & Event Data), course file accessed 2026-10-08; https://acleddata.com/; original township/time aggregation and statistics"
MMR007004,Reported fatalities,Queen,46,0.11532237417143525,0.722,0.8776728624535316,Low-low,-0.6768324345700484,0.718,0.8728104089219331,Not significant,Not significant,"ACLED (Armed Conflict Location & Event Data), course file accessed 2026-10-08; https://acleddata.com/; original township/time aggregation and statistics"
MMR007005,Reported fatalities,Queen,307,-0.02759469441387898,0.646,0.8349486166007906,High-low,-0.5169386151475547,0.642,0.826511811023622,Not significant,Not significant,"ACLED (Armed Conflict Location & Event Data), course file accessed 2026-10-08; https://acleddata.com/; original township/time aggregation and statistics"
MMR007006,Reported fatalities,Queen,339,-0.00278703017655458,0.996,0.996,High-low,0.00249538350889883,0.986,0.994,Not significant,Not significant,"ACLED (Armed Conflict Location & Event Data), course file accessed 2026-10-08; https://acleddata.com/; original township/time aggregation and statistics"
MMR007007,Reported fatalities,Queen,25,0.13466642771225038,0.77,0.9080719424460432,Low-low,-0.6678189243273088,0.744,0.8846836363636364,Not significant,Not significant,"ACLED (Armed Conflict Location & Event Data), course file accessed 2026-10-08; https://acleddata.com/; original township/time aggregation and statistics"
MMR007008,Reported fatalities,Queen,195,-0.1038402418417448,0.196,0.38311242603550294,Low-high,1.244771174337174,0.166,0.3479615384615385,Not significant,Not significant,"ACLED (Armed Conflict Location & Event Data), course file accessed 2026-10-08; https://acleddata.com/; original township/time aggregation and statistics"
MMR007009,Reported fatalities,Queen,449,0.08831863022964948,0.576,0.7687836734693877,High-high,0.5876076018505235,0.578,0.7714530612244898,Not significant,Not significant,"ACLED (Armed Conflict Location & Event Data), course file accessed 2026-10-08; https://acleddata.com/; original township/time aggregation and statistics"
MMR007010,Reported fatalities,Queen,738,-0.08595569975926383,0.962,0.9861253918495296,High-low,0.34224860502041377,0.99,0.994,Not significant,Not significant,"ACLED (Armed Conflict Location & Event Data), course file accessed 2026-10-08; https://acleddata.com/; original township/time aggregation and statistics"
MMR007011,Reported fatalities,Queen,705,0.4754487825792977,0.322,0.5111359223300971,High-high,1.404959870335904,0.314,0.5090246305418719,Not significant,Not significant,"ACLED (Armed Conflict Location & Event Data), course file accessed 2026-10-08; https://acleddata.com/; original township/time aggregation and statistics"
MMR007012,Reported fatalities,Queen,476,0.04607311995285815,0.78,0.9109285714285716,High-high,0.4011688340116457,0.76,0.8971841155234657,Not significant,Not significant,"ACLED (Armed Conflict Location & Event Data), course file accessed 2026-10-08; https://acleddata.com/; original township/time aggregation and statistics"
MMR007013,Reported fatalities,Queen,147,-0.05070462733450076,0.67,0.8591764705882354,Low-high,0.14071525158251855,0.684,0.859752808988764,Not significant,Not significant,"ACLED (Armed Conflict Location & Event Data), course file accessed 2026-10-08; https://acleddata.com/; original township/time aggregation and statistics"
MMR007014,Reported fatalities,Queen,265,-0.00809432104922714,0.358,0.5394746543778802,Low-high,0.9003613445910496,0.316,0.5090246305418719,Not significant,Not significant,"ACLED (Armed Conflict Location & Event Data), course file accessed 2026-10-08; https://acleddata.com/; original township/time aggregation and statistics"
MMR008001,Reported fatalities,Queen,118,0.20176075251918044,0.196,0.38311242603550294,Low-low,-1.2141488083482634,0.222,0.410135593220339,Not significant,Not significant,"ACLED (Armed Conflict Location & Event Data), course file accessed 2026-10-08; https://acleddata.com/; original township/time aggregation and statistics"
MMR008002,Reported fatalities,Queen,146,-0.0104250029517745,0.8,0.9276595744680852,Low-high,-0.01038442238832469,0.842,0.9494275862068964,Not significant,Not significant,"ACLED (Armed Conflict Location & Event Data), course file accessed 2026-10-08; https://acleddata.com/; original township/time aggregation and statistics"
MMR008003,Reported fatalities,Queen,40,0.03349578116274555,0.994,0.996,Low-low,-0.35341282266113816,0.964,0.9933396226415095,Not significant,Not significant,"ACLED (Armed Conflict Location & Event Data), course file accessed 2026-10-08; https://acleddata.com/; original township/time aggregation and statistics"
MMR008004,Reported fatalities,Queen,226,0.03694811088972505,0.736,0.8870618181818183,Low-low,-0.5305617097077845,0.796,0.9165211267605634,Not significant,Not significant,"ACLED (Armed Conflict Location & Event Data), course file accessed 2026-10-08; https://acleddata.com/; original township/time aggregation and statistics"
MMR008005,Reported fatalities,Queen,66,0.16959581081078706,0.544,0.7377768595041323,Low-low,-0.878228121701032,0.59,0.783740890688259,Not significant,Not significant,"ACLED (Armed Conflict Location & Event Data), course file accessed 2026-10-08; https://acleddata.com/; original township/time aggregation and statistics"
MMR008006,Reported fatalities,Queen,5,0.3334280218458566,0.208,0.3908965517241379,Low-low,-1.3769473888934851,0.196,0.3815,Not significant,Not significant,"ACLED (Armed Conflict Location & Event Data), course file accessed 2026-10-08; https://acleddata.com/; original township/time aggregation and statistics"
MMR008007,Reported fatalities,Queen,20,0.34265439652475166,0.244,0.42667379679144385,Low-low,-1.246001483168809,0.276,0.4750105263157895,Not significant,Not significant,"ACLED (Armed Conflict Location & Event Data), course file accessed 2026-10-08; https://acleddata.com/; original township/time aggregation and statistics"
MMR008008,Reported fatalities,Queen,164,0.08578223593071505,0.354,0.5359166666666666,Low-low,-0.9830486122272798,0.378,0.5567837837837838,Not significant,Not significant,"ACLED (Armed Conflict Location & Event Data), course file accessed 2026-10-08; https://acleddata.com/; original township/time aggregation and statistics"
MMR008009,Reported fatalities,Queen,575,-0.21922645111590908,0.824,0.942125874125874,High-low,-0.03684915031407554,0.794,0.9165211267605634,Not significant,Not significant,"ACLED (Armed Conflict Location & Event Data), course file accessed 2026-10-08; https://acleddata.com/; original township/time aggregation and statistics"
MMR008010,Reported fatalities,Queen,312,-0.00531473341824663,0.98,0.9952173913043478,High-low,-0.06527899915663472,0.96,0.9933396226415095,Not significant,Not significant,"ACLED (Armed Conflict Location & Event Data), course file accessed 2026-10-08; https://acleddata.com/; original township/time aggregation and statistics"
MMR008011,Reported fatalities,Queen,27,0.10787813704290328,0.996,0.996,Low-low,-0.5625324835882916,0.938,0.9820380952380952,Not significant,Not significant,"ACLED (Armed Conflict Location & Event Data), course file accessed 2026-10-08; https://acleddata.com/; original township/time aggregation and statistics"
MMR008012,Reported fatalities,Queen,238,0.0244590602968637,0.404,0.5871466666666667,Low-low,-0.8353021530112362,0.41,0.5932300884955751,Not significant,Not significant,"ACLED (Armed Conflict Location & Event Data), course file accessed 2026-10-08; https://acleddata.com/; original township/time aggregation and statistics"
MMR008013,Reported fatalities,Queen,9,0.1816969747239497,0.46,0.6428205128205128,Low-low,-0.9945400034996388,0.422,0.6079030837004405,Not significant,Not significant,"ACLED (Armed Conflict Location & Event Data), course file accessed 2026-10-08; https://acleddata.com/; original township/time aggregation and statistics"
MMR008014,Reported fatalities,Queen,172,0.05719923593041582,0.686,0.8594712643678161,Low-low,-0.5644213360556559,0.73,0.880848708487085,Not significant,Not significant,"ACLED (Armed Conflict Location & Event Data), course file accessed 2026-10-08; https://acleddata.com/; original township/time aggregation and statistics"
MMR009001,Reported fatalities,Queen,65,0.20770781429388424,0.238,0.4229673913043478,Low-low,-1.2365923922583328,0.238,0.4276153846153846,Not significant,Not significant,"ACLED (Armed Conflict Location & Event Data), course file accessed 2026-10-08; https://acleddata.com/; original township/time aggregation and statistics"
MMR009002,Reported fatalities,Queen,122,0.05607420681933871,0.842,0.9461649484536082,Low-low,-0.4805658992576201,0.8,0.9178947368421052,Not significant,Not significant,"ACLED (Armed Conflict Location & Event Data), course file accessed 2026-10-08; https://acleddata.com/; original township/time aggregation and statistics"
MMR009003,Reported fatalities,Queen,168,-0.11294193336442038,0.308,0.5061105527638191,Low-high,0.8679121368939369,0.294,0.4938367346938775,Not significant,Not significant,"ACLED (Armed Conflict Location & Event Data), course file accessed 2026-10-08; https://acleddata.com/; original township/time aggregation and statistics"
MMR009004,Reported fatalities,Queen,76,0.2801599750427358,0.114,0.2721021897810219,Low-low,-1.4687337287908395,0.116,0.27094285714285715,Not significant,Not significant,"ACLED (Armed Conflict Location & Event Data), course file accessed 2026-10-08; https://acleddata.com/; original township/time aggregation and statistics"
MMR009005,Reported fatalities,Queen,54,0.2766580479598477,0.226,0.4105666666666667,Low-low,-1.2488992242083217,0.276,0.4750105263157895,Not significant,Not significant,"ACLED (Armed Conflict Location & Event Data), course file accessed 2026-10-08; https://acleddata.com/; original township/time aggregation and statistics"
MMR009006,Reported fatalities,Queen,216,0.07775235846698375,0.094,0.24203149606299212,Low-low,-1.4045366993360442,0.08,0.216198347107438,Not significant,Not significant,"ACLED (Armed Conflict Location & Event Data), course file accessed 2026-10-08; https://acleddata.com/; original township/time aggregation and statistics"
MMR009007,Reported fatalities,Queen,28,0.00626269846336954,0.85,0.9498571428571428,Low-low,-0.2992563370179857,0.898,0.9734455445544556,Not significant,Not significant,"ACLED (Armed Conflict Location & Event Data), course file accessed 2026-10-08; https://acleddata.com/; original township/time aggregation and statistics"
MMR009008,Reported fatalities,Queen,225,0.00695192254294926,0.976,0.9942429906542056,Low-low,-0.1778662676812387,0.976,0.994,Not significant,Not significant,"ACLED (Armed Conflict Location & Event Data), course file accessed 2026-10-08; https://acleddata.com/; original township/time aggregation and statistics"
MMR009009,Reported fatalities,Queen,667,-0.12562351217877413,0.93,0.9820315457413248,High-low,0.1600721824813201,0.9,0.9734455445544556,Not significant,Not significant,"ACLED (Armed Conflict Location & Event Data), course file accessed 2026-10-08; https://acleddata.com/; original township/time aggregation and statistics"
MMR009010,Reported fatalities,Queen,549,-9.040479128922728e-4,0.842,0.9461649484536082,High-low,0.2673951258633739,0.892,0.97228,Not significant,Not significant,"ACLED (Armed Conflict Location & Event Data), course file accessed 2026-10-08; https://acleddata.com/; original township/time aggregation and statistics"
MMR009011,Reported fatalities,Queen,67,-0.24574992298712575,0.202,0.38403488372093025,Low-high,0.9831337254868492,0.246,0.4348216216216216,Not significant,Not significant,"ACLED (Armed Conflict Location & Event Data), course file accessed 2026-10-08; https://acleddata.com/; original township/time aggregation and statistics"
MMR009012,Reported fatalities,Queen,55,0.20596096137408537,0.458,0.6427725321888412,Low-low,-0.9909037125200092,0.456,0.6483130434782609,Not significant,Not significant,"ACLED (Armed Conflict Location & Event Data), course file accessed 2026-10-08; https://acleddata.com/; original township/time aggregation and statistics"
MMR009013,Reported fatalities,Queen,116,0.01069218826141562,0.908,0.9746298701298702,Low-low,-0.209786670669876,0.98,0.994,Not significant,Not significant,"ACLED (Armed Conflict Location & Event Data), course file accessed 2026-10-08; https://acleddata.com/; original township/time aggregation and statistics"
MMR009014,Reported fatalities,Queen,219,0.0153132084569877,0.936,0.9820315457413248,Low-low,-0.28747105208003854,0.924,0.9746709677419356,Not significant,Not significant,"ACLED (Armed Conflict Location & Event Data), course file accessed 2026-10-08; https://acleddata.com/; original township/time aggregation and statistics"
MMR009015,Reported fatalities,Queen,81,0.18405763389539925,0.428,0.6192743362831858,Low-low,-0.9751080689472555,0.452,0.6454323144104804,Not significant,Not significant,"ACLED (Armed Conflict Location & Event Data), course file accessed 2026-10-08; https://acleddata.com/; original township/time aggregation and statistics"
MMR009016,Reported fatalities,Queen,105,0.11079174486364124,0.496,0.6843544303797469,Low-low,-0.8435396870821379,0.556,0.7508888888888889,Not significant,Not significant,"ACLED (Armed Conflict Location & Event Data), course file accessed 2026-10-08; https://acleddata.com/; original township/time aggregation and statistics"
MMR009017,Reported fatalities,Queen,116,0.19472704262840992,0.188,0.3794814814814815,Low-low,-1.267584941356212,0.188,0.3771533742331288,Not significant,Not significant,"ACLED (Armed Conflict Location & Event Data), course file accessed 2026-10-08; https://acleddata.com/; original township/time aggregation and statistics"
MMR009018,Reported fatalities,Queen,1208,2.8761697720147152,0.006,0.031645161290322583,High-high,3.8602308465857,0.014,0.06023684210526316,High-high,Hot spot,"ACLED (Armed Conflict Location & Event Data), course file accessed 2026-10-08; https://acleddata.com/; original township/time aggregation and statistics"
MMR009019,Reported fatalities,Queen,1434,6.0021104934381935,0.002,0.01486363636363636,High-high,6.112508465709824,0.002,0.01486363636363636,High-high,Hot spot,"ACLED (Armed Conflict Location & Event Data), course file accessed 2026-10-08; https://acleddata.com/; original township/time aggregation and statistics"
MMR009020,Reported fatalities,Queen,1419,6.547366199477055,0.002,0.01486363636363636,High-high,5.795957809239888,0.002,0.01486363636363636,High-high,Hot spot,"ACLED (Armed Conflict Location & Event Data), course file accessed 2026-10-08; https://acleddata.com/; original township/time aggregation and statistics"
MMR009021,Reported fatalities,Queen,1061,3.5436106407891,0.002,0.01486363636363636,High-high,5.1126142992993175,0.002,0.01486363636363636,High-high,Hot spot,"ACLED (Armed Conflict Location & Event Data), course file accessed 2026-10-08; https://acleddata.com/; original township/time aggregation and statistics"
MMR009022,Reported fatalities,Queen,377,0.31540704853936263,0.03,0.1102247191011236,High-high,2.5283656754895447,0.024,0.08817977528089888,High-high,Hot spot,"ACLED (Armed Conflict Location & Event Data), course file accessed 2026-10-08; https://acleddata.com/; original township/time aggregation and statistics"
MMR009023,Reported fatalities,Queen,1157,4.126409215500224,0.002,0.01486363636363636,High-high,5.68372677514056,0.002,0.01486363636363636,High-high,Hot spot,"ACLED (Armed Conflict Location & Event Data), course file accessed 2026-10-08; https://acleddata.com/; original township/time aggregation and statistics"
MMR009024,Reported fatalities,Queen,481,0.7232519551665891,0.008,0.03963636363636363,High-high,3.00328802557701,0.01,0.04541666666666667,High-high,Hot spot,"ACLED (Armed Conflict Location & Event Data), course file accessed 2026-10-08; https://acleddata.com/; original township/time aggregation and statistics"
MMR009025,Reported fatalities,Queen,671,0.5732882020691371,0.154,0.327,High-high,1.7698757045472664,0.158,0.33332903225806454,Not significant,Not significant,"ACLED (Armed Conflict Location & Event Data), course file accessed 2026-10-08; https://acleddata.com/; original township/time aggregation and statistics"
MMR010001,Reported fatalities,Queen,104,0.2056506076868347,0.714,0.8744494382022472,Low-low,-0.8026678297795656,0.7,0.859752808988764,Not significant,Not significant,"ACLED (Armed Conflict Location & Event Data), course file accessed 2026-10-08; https://acleddata.com/; original township/time aggregation and statistics"
MMR010002,Reported fatalities,Queen,71,0.239197427496757,0.546,0.7377768595041323,Low-low,-0.9587030698070164,0.502,0.6868368200836821,Not significant,Not significant,"ACLED (Armed Conflict Location & Event Data), course file accessed 2026-10-08; https://acleddata.com/; original township/time aggregation and statistics"
MMR010003,Reported fatalities,Queen,68,0.2673979548638508,0.286,0.4820721649484536,Low-low,-1.156164352512162,0.354,0.5334470046082949,Not significant,Not significant,"ACLED (Armed Conflict Location & Event Data), course file accessed 2026-10-08; https://acleddata.com/; original township/time aggregation and statistics"
MMR010004,Reported fatalities,Queen,78,0.2530287702752801,0.308,0.5061105527638191,Low-low,-1.1400397393173791,0.314,0.5090246305418719,Not significant,Not significant,"ACLED (Armed Conflict Location & Event Data), course file accessed 2026-10-08; https://acleddata.com/; original township/time aggregation and statistics"
MMR010005,Reported fatalities,Queen,85,0.2446219053957592,0.448,0.6369391304347827,Low-low,-1.0101314614105277,0.472,0.659542372881356,Not significant,Not significant,"ACLED (Armed Conflict Location & Event Data), course file accessed 2026-10-08; https://acleddata.com/; original township/time aggregation and statistics"
MMR010006,Reported fatalities,Queen,40,0.06717495885390708,0.858,0.951071186440678,Low-low,-0.49520934214295753,0.814,0.921031141868512,Not significant,Not significant,"ACLED (Armed Conflict Location & Event Data), course file accessed 2026-10-08; https://acleddata.com/; original township/time aggregation and statistics"
MMR010007,Reported fatalities,Queen,100,-0.00917542606187629,0.852,0.9498571428571428,Low-high,-0.07118674741957332,0.868,0.960080808080808,Not significant,Not significant,"ACLED (Armed Conflict Location & Event Data), course file accessed 2026-10-08; https://acleddata.com/; original township/time aggregation and statistics"
MMR010008,Reported fatalities,Queen,56,-0.1382679065711784,0.576,0.7687836734693877,Low-high,0.2864373310633507,0.578,0.7714530612244898,Not significant,Not significant,"ACLED (Armed Conflict Location & Event Data), course file accessed 2026-10-08; https://acleddata.com/; original township/time aggregation and statistics"
MMR010009,Reported fatalities,Queen,1117,1.4436711562427704,0.134,0.29606756756756764,High-high,2.3530932324670863,0.128,0.284734693877551,Not significant,Not significant,"ACLED (Armed Conflict Location & Event Data), course file accessed 2026-10-08; https://acleddata.com/; original township/time aggregation and statistics"
MMR010010,Reported fatalities,Queen,512,1.1168937148652165,0.002,0.01486363636363636,High-high,4.398756871668761,0.002,0.01486363636363636,High-high,Hot spot,"ACLED (Armed Conflict Location & Event Data), course file accessed 2026-10-08; https://acleddata.com/; original township/time aggregation and statistics"
MMR010011,Reported fatalities,Queen,411,0.1831252926156718,0.29,0.4863076923076923,High-high,1.0874603977333424,0.324,0.5143106796116504,Not significant,Not significant,"ACLED (Armed Conflict Location & Event Data), course file accessed 2026-10-08; https://acleddata.com/; original township/time aggregation and statistics"
MMR010012,Reported fatalities,Queen,703,0.9884848692522434,0.026,0.09772413793103447,High-high,2.7924137988224857,0.02,0.07785714285714286,High-high,Hot spot,"ACLED (Armed Conflict Location & Event Data), course file accessed 2026-10-08; https://acleddata.com/; original township/time aggregation and statistics"
MMR010013,Reported fatalities,Queen,83,0.16042676602726968,0.394,0.5751696428571429,Low-low,-1.0020175472586217,0.374,0.5559,Not significant,Not significant,"ACLED (Armed Conflict Location & Event Data), course file accessed 2026-10-08; https://acleddata.com/; original township/time aggregation and statistics"
MMR010014,Reported fatalities,Queen,84,0.2467507135523751,0.196,0.38311242603550294,Low-low,-1.2520583529228728,0.236,0.42636464088397785,Not significant,Not significant,"ACLED (Armed Conflict Location & Event Data), course file accessed 2026-10-08; https://acleddata.com/; original township/time aggregation and statistics"
MMR010015,Reported fatalities,Queen,24,0.05847272224335,0.95,0.9820315457413248,Low-low,-0.45069270233182823,0.936,0.9820380952380952,Not significant,Not significant,"ACLED (Armed Conflict Location & Event Data), course file accessed 2026-10-08; https://acleddata.com/; original township/time aggregation and statistics"
MMR010016,Reported fatalities,Queen,81,-0.168507975726767,0.354,0.5359166666666666,Low-high,0.6867332589571105,0.354,0.5334470046082949,Not significant,Not significant,"ACLED (Armed Conflict Location & Event Data), course file accessed 2026-10-08; https://acleddata.com/; original township/time aggregation and statistics"
MMR010017,Reported fatalities,Queen,1521,4.70795170490277,0.006,0.031645161290322583,High-high,4.344864686356236,0.006,0.03018461538461538,High-high,Hot spot,"ACLED (Armed Conflict Location & Event Data), course file accessed 2026-10-08; https://acleddata.com/; original township/time aggregation and statistics"
MMR010018,Reported fatalities,Queen,428,0.5127751833641605,0.004,0.02378181818181818,High-high,3.358911538998365,0.004,0.02515384615384615,High-high,Hot spot,"ACLED (Armed Conflict Location & Event Data), course file accessed 2026-10-08; https://acleddata.com/; original township/time aggregation and statistics"
MMR010019,Reported fatalities,Queen,794,0.5063832121417161,0.33,0.5163157894736843,High-high,1.4259047927720143,0.326,0.5149855072463768,Not significant,Not significant,"ACLED (Armed Conflict Location & Event Data), course file accessed 2026-10-08; https://acleddata.com/; original township/time aggregation and statistics"
MMR010020,Reported fatalities,Queen,68,0.1039771128105771,0.682,0.8594712643678161,Low-low,-0.6845763068702907,0.696,0.859752808988764,Not significant,Not significant,"ACLED (Armed Conflict Location & Event Data), course file accessed 2026-10-08; https://acleddata.com/; original township/time aggregation and statistics"
MMR010021,Reported fatalities,Queen,722,1.9465149923584564,0.002,0.01486363636363636,High-high,4.308923432620286,0.002,0.01486363636363636,High-high,Hot spot,"ACLED (Armed Conflict Location & Event Data), course file accessed 2026-10-08; https://acleddata.com/; original township/time aggregation and statistics"
MMR010022,Reported fatalities,Queen,302,0.03827761425210491,0.326,0.5149855072463768,High-high,0.936580088553589,0.338,0.5189014084507042,Not significant,Not significant,"ACLED (Armed Conflict Location & Event Data), course file accessed 2026-10-08; https://acleddata.com/; original township/time aggregation and statistics"
MMR010023,Reported fatalities,Queen,26,0.29239794587842777,0.216,0.4013181818181818,Low-low,-1.386240374241616,0.184,0.3714074074074074,Not significant,Not significant,"ACLED (Armed Conflict Location & Event Data), course file accessed 2026-10-08; https://acleddata.com/; original township/time aggregation and statistics"
MMR010024,Reported fatalities,Queen,60,0.27544322327809273,0.316,0.5065294117647059,Low-low,-1.1573161105975036,0.32,0.5104390243902439,Not significant,Not significant,"ACLED (Armed Conflict Location & Event Data), course file accessed 2026-10-08; https://acleddata.com/; original township/time aggregation and statistics"
MMR010028,Reported fatalities,Queen,31,0.28965641761380795,0.25,0.4348404255319149,Low-low,-1.3095723096071292,0.236,0.42636464088397785,Not significant,Not significant,"ACLED (Armed Conflict Location & Event Data), course file accessed 2026-10-08; https://acleddata.com/; original township/time aggregation and statistics"
MMR010029,Reported fatalities,Queen,94,-0.00751091429799409,0.9,0.9746298701298702,Low-high,-0.15373460316405638,0.878,0.9634429530201342,Not significant,Not significant,"ACLED (Armed Conflict Location & Event Data), course file accessed 2026-10-08; https://acleddata.com/; original township/time aggregation and statistics"
MMR010030,Reported fatalities,Queen,23,0.3598569327474924,0.066,0.18289830508474575,Low-low,-1.639644476799448,0.068,0.19168965517241385,Not significant,Not significant,"ACLED (Armed Conflict Location & Event Data), course file accessed 2026-10-08; https://acleddata.com/; original township/time aggregation and statistics"
MMR010031,Reported fatalities,Queen,72,0.11277425956709108,0.702,0.8728288973384031,Low-low,-0.6992907943321669,0.714,0.871186567164179,Not significant,Not significant,"ACLED (Armed Conflict Location & Event Data), course file accessed 2026-10-08; https://acleddata.com/; original township/time aggregation and statistics"
MMR011001,Reported fatalities,Queen,21,0.2783562901616579,0.434,0.6197292576419214,Low-low,-1.0686307380261977,0.476,0.659542372881356,Not significant,Not significant,"ACLED (Armed Conflict Location & Event Data), course file accessed 2026-10-08; https://acleddata.com/; original township/time aggregation and statistics"
MMR011002,Reported fatalities,Queen,174,-0.16678193107153794,0.238,0.4229673913043478,Low-high,1.0817016073066346,0.2,0.3824561403508772,Not significant,Not significant,"ACLED (Armed Conflict Location & Event Data), course file accessed 2026-10-08; https://acleddata.com/; original township/time aggregation and statistics"
MMR011004,Reported fatalities,Queen,221,-0.0635210517686682,0.43,0.6194273127753305,Low-high,0.6651483950738541,0.376,0.556343891402715,Not significant,Not significant,"ACLED (Armed Conflict Location & Event Data), course file accessed 2026-10-08; https://acleddata.com/; original township/time aggregation and statistics"
MMR011005,Reported fatalities,Queen,33,0.04883123838849315,0.96,0.9861253918495296,Low-low,-0.41903917789351575,0.924,0.9746709677419356,Not significant,Not significant,"ACLED (Armed Conflict Location & Event Data), course file accessed 2026-10-08; https://acleddata.com/; original township/time aggregation and statistics"
MMR011006,Reported fatalities,Queen,804,0.7508582790771756,0.328,0.5156538461538461,High-high,1.5150025663218791,0.336,0.5189014084507042,Not significant,Not significant,"ACLED (Armed Conflict Location & Event Data), course file accessed 2026-10-08; https://acleddata.com/; original township/time aggregation and statistics"
MMR011007,Reported fatalities,Queen,397,-0.04238996219087004,0.992,0.996,High-low,-0.03942056989425112,0.992,0.994,Not significant,Not significant,"ACLED (Armed Conflict Location & Event Data), course file accessed 2026-10-08; https://acleddata.com/; original township/time aggregation and statistics"
MMR011008,Reported fatalities,Queen,33,0.11829512445639476,0.934,0.9820315457413248,Low-low,-0.5987043285824369,0.902,0.9734455445544556,Not significant,Not significant,"ACLED (Armed Conflict Location & Event Data), course file accessed 2026-10-08; https://acleddata.com/; original township/time aggregation and statistics"
MMR011009,Reported fatalities,Queen,572,-0.07824253671703053,0.914,0.9746298701298702,High-low,0.23186419581427117,0.888,0.9711571906354516,Not significant,Not significant,"ACLED (Armed Conflict Location & Event Data), course file accessed 2026-10-08; https://acleddata.com/; original township/time aggregation and statistics"
MMR011010,Reported fatalities,Queen,456,0.2151418552575775,0.338,0.5213490566037736,High-high,1.134136869467806,0.352,0.5334470046082949,Not significant,Not significant,"ACLED (Armed Conflict Location & Event Data), course file accessed 2026-10-08; https://acleddata.com/; original township/time aggregation and statistics"
MMR012001,Reported fatalities,Queen,259,0.01381415134301324,0.952,0.9820315457413248,Low-low,-0.31418970899542287,0.918,0.9746298701298702,Not significant,Not significant,"ACLED (Armed Conflict Location & Event Data), course file accessed 2026-10-08; https://acleddata.com/; original township/time aggregation and statistics"
MMR012002,Reported fatalities,Queen,112,0.02089691221452684,0.884,0.9700268456375838,Low-low,-0.2762211753111531,0.946,0.9820380952380952,Not significant,Not significant,"ACLED (Armed Conflict Location & Event Data), course file accessed 2026-10-08; https://acleddata.com/; original township/time aggregation and statistics"
MMR012003,Reported fatalities,Queen,156,0.08460094935367107,0.684,0.8594712643678161,Low-low,-0.6459355207058177,0.692,0.859752808988764,Not significant,Not significant,"ACLED (Armed Conflict Location & Event Data), course file accessed 2026-10-08; https://acleddata.com/; original township/time aggregation and statistics"
MMR012004,Reported fatalities,Queen,153,0.03994424168137384,0.968,0.989175,Low-low,-0.3729688544798501,0.984,0.994,Not significant,Not significant,"ACLED (Armed Conflict Location & Event Data), course file accessed 2026-10-08; https://acleddata.com/; original township/time aggregation and statistics"
MMR012005,Reported fatalities,Queen,120,0.0448821308519218,0.828,0.9423958333333332,Low-low,-0.42751293929357304,0.808,0.921031141868512,Not significant,Not significant,"ACLED (Armed Conflict Location & Event Data), course file accessed 2026-10-08; https://acleddata.com/; original township/time aggregation and statistics"
MMR012006,Reported fatalities,Queen,43,-0.1934250702661948,0.512,0.7034621848739496,Low-high,0.04225283274528747,0.524,0.7139500000000001,Not significant,Not significant,"ACLED (Armed Conflict Location & Event Data), course file accessed 2026-10-08; https://acleddata.com/; original township/time aggregation and statistics"
MMR012007,Reported fatalities,Queen,161,0.09771002079830088,0.916,0.9746298701298702,Low-low,-0.5625324835882916,0.87,0.960080808080808,Not significant,Not significant,"ACLED (Armed Conflict Location & Event Data), course file accessed 2026-10-08; https://acleddata.com/; original township/time aggregation and statistics"
MMR012008,Reported fatalities,Queen,191,-0.22767468767179097,0.104,0.25569924812030076,Low-high,1.5471453110740738,0.096,0.23781818181818185,Not significant,Not significant,"ACLED (Armed Conflict Location & Event Data), course file accessed 2026-10-08; https://acleddata.com/; original township/time aggregation and statistics"
MMR012009,Reported fatalities,Queen,1583,0.22615690481274195,0.746,0.8870618181818183,High-high,2.0211459633956013,0.688,0.859752808988764,Not significant,Not significant,"ACLED (Armed Conflict Location & Event Data), course file accessed 2026-10-08; https://acleddata.com/; original township/time aggregation and statistics"
MMR012010,Reported fatalities,Queen,406,0.1557500791034687,0.316,0.5065294117647059,High-high,1.0762195097010423,0.334,0.5189014084507042,Not significant,Not significant,"ACLED (Armed Conflict Location & Event Data), course file accessed 2026-10-08; https://acleddata.com/; original township/time aggregation and statistics"
MMR012011,Reported fatalities,Queen,335,0.06291495841017324,0.458,0.6427725321888412,High-high,0.5462405963566037,0.46,0.6511688311688312,Not significant,Not significant,"ACLED (Armed Conflict Location & Event Data), course file accessed 2026-10-08; https://acleddata.com/; original township/time aggregation and statistics"
MMR012013,Reported fatalities,Queen,168,-0.16128017929567165,0.38,0.5572197309417041,Low-high,0.5462405963566037,0.394,0.5777488789237668,Not significant,Not significant,"ACLED (Armed Conflict Location & Event Data), course file accessed 2026-10-08; https://acleddata.com/; original township/time aggregation and statistics"
MMR012014,Reported fatalities,Queen,682,-0.15139846591021638,0.736,0.8870618181818183,High-low,-0.08015358368478989,0.786,0.9146690391459076,Not significant,Not significant,"ACLED (Armed Conflict Location & Event Data), course file accessed 2026-10-08; https://acleddata.com/; original township/time aggregation and statistics"
MMR012015,Reported fatalities,Queen,1216,-1.0175708735093387,0.372,0.5504253393665158,High-low,0.12742785243096202,0.318,0.5097352941176471,Not significant,Not significant,"ACLED (Armed Conflict Location & Event Data), course file accessed 2026-10-08; https://acleddata.com/; original township/time aggregation and statistics"
MMR012016,Reported fatalities,Queen,207,-0.07489658786617186,0.302,0.5012893401015228,Low-high,0.8550804996824888,0.296,0.4938367346938775,Not significant,Not significant,"ACLED (Armed Conflict Location & Event Data), course file accessed 2026-10-08; https://acleddata.com/; original township/time aggregation and statistics"
MMR012017,Reported fatalities,Queen,269,0.00167710965261317,0.664,0.8548346456692913,Low-low,-0.5208241972751573,0.636,0.8220237154150198,Not significant,Not significant,"ACLED (Armed Conflict Location & Event Data), course file accessed 2026-10-08; https://acleddata.com/; original township/time aggregation and statistics"
MMR013001,Reported fatalities,Queen,51,0.33870938379671506,0.088,0.230208,Low-low,-1.463719976797774,0.086,0.2214330708661417,Not significant,Not significant,"ACLED (Armed Conflict Location & Event Data), course file accessed 2026-10-08; https://acleddata.com/; original township/time aggregation and statistics"
MMR013002,Reported fatalities,Queen,54,0.3358777259541789,0.052,0.15744444444444444,Low-low,-1.589813581421392,0.042,0.13734000000000002,Not significant,Cold spot,"ACLED (Armed Conflict Location & Event Data), course file accessed 2026-10-08; https://acleddata.com/; original township/time aggregation and statistics"
MMR013003,Reported fatalities,Queen,21,0.39288105612957386,0.072,0.1945785123966942,Low-low,-1.521637336564538,0.07,0.19564102564102565,Not significant,Not significant,"ACLED (Armed Conflict Location & Event Data), course file accessed 2026-10-08; https://acleddata.com/; original township/time aggregation and statistics"
MMR013004,Reported fatalities,Queen,32,0.3720127370739989,0.006,0.031645161290322583,Low-low,-2.1354860393932222,0.002,0.01486363636363636,Low-low,Cold spot,"ACLED (Armed Conflict Location & Event Data), course file accessed 2026-10-08; https://acleddata.com/; original township/time aggregation and statistics"
MMR013005,Reported fatalities,Queen,27,0.4064236241062295,0.004,0.02378181818181818,Low-low,-1.960500451461962,0.006,0.03018461538461538,Low-low,Cold spot,"ACLED (Armed Conflict Location & Event Data), course file accessed 2026-10-08; https://acleddata.com/; original township/time aggregation and statistics"
MMR013006,Reported fatalities,Queen,8,0.4271765810698981,0.032,0.114989010989011,Low-low,-1.704058281080865,0.014,0.06023684210526316,Low-low,Cold spot,"ACLED (Armed Conflict Location & Event Data), course file accessed 2026-10-08; https://acleddata.com/; original township/time aggregation and statistics"
MMR013007,Reported fatalities,Queen,46,0.3626653274294986,0.05,0.152803738317757,Low-low,-1.5269025510887893,0.044,0.14105882352941176,Not significant,Cold spot,"ACLED (Armed Conflict Location & Event Data), course file accessed 2026-10-08; https://acleddata.com/; original township/time aggregation and statistics"
MMR013009,Reported fatalities,Queen,27,0.4029531654709464,0.01,0.04541666666666667,Low-low,-1.830841074036224,0.012,0.05375342465753424,Low-low,Cold spot,"ACLED (Armed Conflict Location & Event Data), course file accessed 2026-10-08; https://acleddata.com/; original township/time aggregation and statistics"
MMR013010,Reported fatalities,Queen,2,0.4413629349044896,0.036,0.12262499999999998,Low-low,-1.5974564257137565,0.032,0.11014736842105265,Low-low,Cold spot,"ACLED (Armed Conflict Location & Event Data), course file accessed 2026-10-08; https://acleddata.com/; original township/time aggregation and statistics"
MMR013011,Reported fatalities,Queen,6,0.4244529624050591,0.098,0.24650769230769232,Low-low,-1.427979260652788,0.084,0.2214330708661417,Not significant,Not significant,"ACLED (Armed Conflict Location & Event Data), course file accessed 2026-10-08; https://acleddata.com/; original township/time aggregation and statistics"
MMR013012,Reported fatalities,Queen,29,0.3724018839976742,0.078,0.2073658536585366,Low-low,-1.4868869207044797,0.092,0.2332093023255814,Not significant,Not significant,"ACLED (Armed Conflict Location & Event Data), course file accessed 2026-10-08; https://acleddata.com/; original township/time aggregation and statistics"
MMR013013,Reported fatalities,Queen,29,0.3953419476200172,0.062,0.17477586206896553,Low-low,-1.4233722283114212,0.082,0.21800000000000003,Not significant,Not significant,"ACLED (Armed Conflict Location & Event Data), course file accessed 2026-10-08; https://acleddata.com/; original township/time aggregation and statistics"
MMR013014,Reported fatalities,Queen,10,0.4313850722739594,0.072,0.1945785123966942,Low-low,-1.459076728957012,0.052,0.156,Not significant,Not significant,"ACLED (Armed Conflict Location & Event Data), course file accessed 2026-10-08; https://acleddata.com/; original township/time aggregation and statistics"
MMR013015,Reported fatalities,Queen,19,0.4295127084066513,0.014,0.05869230769230769,Low-low,-1.6301007557641145,0.01,0.04541666666666667,Low-low,Cold spot,"ACLED (Armed Conflict Location & Event Data), course file accessed 2026-10-08; https://acleddata.com/; original township/time aggregation and statistics"
MMR013016,Reported fatalities,Queen,2,0.4666731688429913,0.146,0.3161721854304636,Low-low,-1.1821409694398506,0.122,0.28293617021276596,Not significant,Not significant,"ACLED (Armed Conflict Location & Event Data), course file accessed 2026-10-08; https://acleddata.com/; original township/time aggregation and statistics"
MMR013017,Reported fatalities,Queen,8,0.46409686540153344,0.004,0.02378181818181818,Low-low,-1.5396997949309263,0.008,0.03737142857142857,Low-low,Cold spot,"ACLED (Armed Conflict Location & Event Data), course file accessed 2026-10-08; https://acleddata.com/; original township/time aggregation and statistics"
MMR013018,Reported fatalities,Queen,41,0.36977437183719514,0.034,0.11703157894736844,Low-low,-1.656212210283308,0.026,0.09141935483870968,Low-low,Cold spot,"ACLED (Armed Conflict Location & Event Data), course file accessed 2026-10-08; https://acleddata.com/; original township/time aggregation and statistics"
MMR013019,Reported fatalities,Queen,42,0.3684260759167395,0.02,0.07694117647058824,Low-low,-1.656212210283308,0.026,0.09141935483870968,Low-low,Cold spot,"ACLED (Armed Conflict Location & Event Data), course file accessed 2026-10-08; https://acleddata.com/; original township/time aggregation and statistics"
MMR013020,Reported fatalities,Queen,20,0.39015003263588105,0.112,0.2692941176470588,Low-low,-1.3784536629830977,0.112,0.2692941176470588,Not significant,Not significant,"ACLED (Armed Conflict Location & Event Data), course file accessed 2026-10-08; https://acleddata.com/; original township/time aggregation and statistics"
MMR013021,Reported fatalities,Queen,18,0.3915793088545696,0.132,0.29606756756756764,Low-low,-1.3761501468124142,0.114,0.2701304347826087,Not significant,Not significant,"ACLED (Armed Conflict Location & Event Data), course file accessed 2026-10-08; https://acleddata.com/; original township/time aggregation and statistics"
MMR013022,Reported fatalities,Queen,9,0.4560902063779971,0.002,0.01486363636363636,Low-low,-2.055524182383679,0.002,0.01486363636363636,Low-low,Cold spot,"ACLED (Armed Conflict Location & Event Data), course file accessed 2026-10-08; https://acleddata.com/; original township/time aggregation and statistics"
MMR013023,Reported fatalities,Queen,46,0.365036026662004,0.038,0.12426,Low-low,-1.5353268943275915,0.052,0.156,Low-low,Not significant,"ACLED (Armed Conflict Location & Event Data), course file accessed 2026-10-08; https://acleddata.com/; original township/time aggregation and statistics"
MMR013024,Reported fatalities,Queen,6,0.42663263869062434,0.336,0.5207203791469194,Low-low,-1.1198836574643352,0.306,0.5053636363636363,Not significant,Not significant,"ACLED (Armed Conflict Location & Event Data), course file accessed 2026-10-08; https://acleddata.com/; original township/time aggregation and statistics"
MMR013025,Reported fatalities,Queen,9,0.4025716731074852,0.234,0.4204285714285715,Low-low,-1.2389878040461533,0.206,0.3893757225433526,Not significant,Not significant,"ACLED (Armed Conflict Location & Event Data), course file accessed 2026-10-08; https://acleddata.com/; original township/time aggregation and statistics"
MMR013026,Reported fatalities,Queen,64,0.3384383622523369,0.096,0.24525,Low-low,-1.383060695324464,0.066,0.18931578947368424,Not significant,Not significant,"ACLED (Armed Conflict Location & Event Data), course file accessed 2026-10-08; https://acleddata.com/; original township/time aggregation and statistics"
MMR013027,Reported fatalities,Queen,52,0.37060904457299826,0.002,0.01486363636363636,Low-low,-2.078834851412939,0.002,0.01486363636363636,Low-low,Cold spot,"ACLED (Armed Conflict Location & Event Data), course file accessed 2026-10-08; https://acleddata.com/; original township/time aggregation and statistics"
MMR013028,Reported fatalities,Queen,34,0.3928299555979873,0.032,0.114989010989011,Low-low,-1.5763955676167514,0.03,0.10436170212765956,Low-low,Cold spot,"ACLED (Armed Conflict Location & Event Data), course file accessed 2026-10-08; https://acleddata.com/; original township/time aggregation and statistics"
MMR013029,Reported fatalities,Queen,23,0.38877316721881966,0.712,0.8744494382022472,Low-low,-0.8833664929935885,0.742,0.8846836363636364,Not significant,Not significant,"ACLED (Armed Conflict Location & Event Data), course file accessed 2026-10-08; https://acleddata.com/; original township/time aggregation and statistics"
MMR013030,Reported fatalities,Queen,9,0.41981254288590514,0.15,0.3205882352941176,Low-low,-1.2775590977487867,0.194,0.3815,Not significant,Not significant,"ACLED (Armed Conflict Location & Event Data), course file accessed 2026-10-08; https://acleddata.com/; original township/time aggregation and statistics"
MMR013031,Reported fatalities,Queen,0,0.4365471355400434,0.172,0.35824203821656053,Low-low,-1.294273325019928,0.154,0.3291372549019608,Not significant,Not significant,"ACLED (Armed Conflict Location & Event Data), course file accessed 2026-10-08; https://acleddata.com/; original township/time aggregation and statistics"
MMR013033,Reported fatalities,Queen,2,0.4719830081307889,0.006,0.031645161290322583,Low-low,-1.5396997949309263,0.008,0.03737142857142857,Low-low,Cold spot,"ACLED (Armed Conflict Location & Event Data), course file accessed 2026-10-08; https://acleddata.com/; original township/time aggregation and statistics"
MMR013034,Reported fatalities,Queen,2,0.4756998956322472,0.002,0.01486363636363636,Low-low,-1.6996015874842312,0.002,0.01486363636363636,Low-low,Cold spot,"ACLED (Armed Conflict Location & Event Data), course file accessed 2026-10-08; https://acleddata.com/; original township/time aggregation and statistics"
MMR013035,Reported fatalities,Queen,3,0.4734688824055161,0.002,0.01486363636363636,Low-low,-1.835879088380257,0.002,0.01486363636363636,Low-low,Cold spot,"ACLED (Armed Conflict Location & Event Data), course file accessed 2026-10-08; https://acleddata.com/; original township/time aggregation and statistics"
MMR013036,Reported fatalities,Queen,3,0.476995672563641,0.004,0.02378181818181818,Low-low,-1.3894158494864235,0.008,0.03737142857142857,Low-low,Cold spot,"ACLED (Armed Conflict Location & Event Data), course file accessed 2026-10-08; https://acleddata.com/; original township/time aggregation and statistics"
MMR013037,Reported fatalities,Queen,7,0.4545619762217752,0.016,0.06459259259259259,Low-low,-1.5109058427973856,0.014,0.06023684210526316,Low-low,Cold spot,"ACLED (Armed Conflict Location & Event Data), course file accessed 2026-10-08; https://acleddata.com/; original township/time aggregation and statistics"
MMR013038,Reported fatalities,Queen,21,0.4113651778399128,0.014,0.05869230769230769,Low-low,-1.7099169836275048,0.022,0.08365116279069768,Low-low,Cold spot,"ACLED (Armed Conflict Location & Event Data), course file accessed 2026-10-08; https://acleddata.com/; original township/time aggregation and statistics"
MMR013039,Reported fatalities,Queen,18,0.4342065044004594,0.01,0.04541666666666667,Low-low,-1.640631184812617,0.008,0.03737142857142857,Low-low,Cold spot,"ACLED (Armed Conflict Location & Event Data), course file accessed 2026-10-08; https://acleddata.com/; original township/time aggregation and statistics"
MMR013040,Reported fatalities,Queen,43,0.3585679968109681,0.208,0.3908965517241379,Low-low,-1.2158450278245732,0.222,0.410135593220339,Not significant,Not significant,"ACLED (Armed Conflict Location & Event Data), course file accessed 2026-10-08; https://acleddata.com/; original township/time aggregation and statistics"
MMR013041,Reported fatalities,Queen,11,0.4246066486662527,0.022,0.08365116279069768,Low-low,-1.7089405332030647,0.016,0.06540000000000001,Low-low,Cold spot,"ACLED (Armed Conflict Location & Event Data), course file accessed 2026-10-08; https://acleddata.com/; original township/time aggregation and statistics"
MMR013042,Reported fatalities,Queen,44,0.36183647945174585,0.002,0.01486363636363636,Low-low,-2.0762813316220408,0.006,0.03018461538461538,Low-low,Cold spot,"ACLED (Armed Conflict Location & Event Data), course file accessed 2026-10-08; https://acleddata.com/; original township/time aggregation and statistics"
MMR013043,Reported fatalities,Queen,0,0.4694592507252514,0.002,0.01486363636363636,Low-low,-2.054660330284391,0.002,0.01486363636363636,Low-low,Cold spot,"ACLED (Armed Conflict Location & Event Data), course file accessed 2026-10-08; https://acleddata.com/; original township/time aggregation and statistics"
MMR013044,Reported fatalities,Queen,18,0.42868780497710746,0.002,0.01486363636363636,Low-low,-1.8811559680459011,0.004,0.02515384615384615,Low-low,Cold spot,"ACLED (Armed Conflict Location & Event Data), course file accessed 2026-10-08; https://acleddata.com/; original township/time aggregation and statistics"
MMR013046,Reported fatalities,Queen,45,0.35196609903397175,0.034,0.11703157894736844,Low-low,-1.607389689061311,0.046,0.1460388349514563,Low-low,Cold spot,"ACLED (Armed Conflict Location & Event Data), course file accessed 2026-10-08; https://acleddata.com/; original township/time aggregation and statistics"
MMR013047,Reported fatalities,Queen,3,0.4086935031679556,0.068,0.1868571428571429,Low-low,-1.5037356071820838,0.072,0.19784873949579831,Not significant,Not significant,"ACLED (Armed Conflict Location & Event Data), course file accessed 2026-10-08; https://acleddata.com/; original township/time aggregation and statistics"
MMR014001,Reported fatalities,Queen,16,0.14594728778369523,0.718,0.8760671641791044,Low-low,-0.7276429863074453,0.662,0.8448560311284047,Not significant,Not significant,"ACLED (Armed Conflict Location & Event Data), course file accessed 2026-10-08; https://acleddata.com/; original township/time aggregation and statistics"
MMR014002,Reported fatalities,Queen,177,-0.10276796698446816,0.32,0.5104390243902439,Low-high,0.872794389016137,0.316,0.5090246305418719,Not significant,Not significant,"ACLED (Armed Conflict Location & Event Data), course file accessed 2026-10-08; https://acleddata.com/; original township/time aggregation and statistics"
MMR014003,Reported fatalities,Queen,50,0.21298325148009756,0.362,0.5429999999999999,Low-low,-1.074247757317104,0.338,0.5189014084507042,Not significant,Not significant,"ACLED (Armed Conflict Location & Event Data), course file accessed 2026-10-08; https://acleddata.com/; original township/time aggregation and statistics"
MMR014004,Reported fatalities,Queen,555,-0.17232153843214212,0.636,0.8285737051792829,High-low,-0.2686761571541531,0.606,0.7958313253012047,Not significant,Not significant,"ACLED (Armed Conflict Location & Event Data), course file accessed 2026-10-08; https://acleddata.com/; original township/time aggregation and statistics"
MMR014005,Reported fatalities,Queen,6,0.3094283309925143,0.178,0.3637875,Low-low,-1.379836660458566,0.182,0.36965217391304345,Not significant,Not significant,"ACLED (Armed Conflict Location & Event Data), course file accessed 2026-10-08; https://acleddata.com/; original township/time aggregation and statistics"
MMR014006,Reported fatalities,Queen,16,0.323335937326092,0.348,0.5317570093457943,Low-low,-1.1826547884750196,0.396,0.57808928571428575,Not significant,Not significant,"ACLED (Armed Conflict Location & Event Data), course file accessed 2026-10-08; https://acleddata.com/; original township/time aggregation and statistics"
MMR014007,Reported fatalities,Queen,151,0.16894487506568356,0.108,0.2635522388059701,Low-low,-1.365229983800206,0.126,0.284734693877551,Not significant,Not significant,"ACLED (Armed Conflict Location & Event Data), course file accessed 2026-10-08; https://acleddata.com/; original township/time aggregation and statistics"
MMR014008,Reported fatalities,Queen,138,0.11405872890810329,0.28,0.4744041450777203,Low-low,-1.1223328918353312,0.282,0.48279581151832457,Not significant,Not significant,"ACLED (Armed Conflict Location & Event Data), course file accessed 2026-10-08; https://acleddata.com/; original township/time aggregation and statistics"
MMR014009,Reported fatalities,Queen,267,0.00273684850556874,0.68,0.8594712643678161,Low-low,-0.5226538297846001,0.668,0.8466511627906977,Not significant,Not significant,"ACLED (Armed Conflict Location & Event Data), course file accessed 2026-10-08; https://acleddata.com/; original township/time aggregation and statistics"
MMR014010,Reported fatalities,Queen,993,1.121811984330371,0.134,0.29606756756756764,High-high,2.1806282029171817,0.144,0.3160268456375838,Not significant,Not significant,"ACLED (Armed Conflict Location & Event Data), course file accessed 2026-10-08; https://acleddata.com/; original township/time aggregation and statistics"
MMR014011,Reported fatalities,Queen,12,0.2382203026295382,0.434,0.6197292576419214,Low-low,-1.0098584848073138,0.484,0.6677974683544303,Not significant,Not significant,"ACLED (Armed Conflict Location & Event Data), course file accessed 2026-10-08; https://acleddata.com/; original township/time aggregation and statistics"
MMR014012,Reported fatalities,Queen,19,0.4235418438937429,0.018,0.07178048780487804,Low-low,-1.6111459834768098,0.016,0.06540000000000001,Low-low,Cold spot,"ACLED (Armed Conflict Location & Event Data), course file accessed 2026-10-08; https://acleddata.com/; original township/time aggregation and statistics"
MMR014013,Reported fatalities,Queen,3,0.45818612505364154,0.002,0.01486363636363636,Low-low,-1.78510366630938,0.004,0.02515384615384615,Low-low,Cold spot,"ACLED (Armed Conflict Location & Event Data), course file accessed 2026-10-08; https://acleddata.com/; original township/time aggregation and statistics"
MMR014014,Reported fatalities,Queen,2,0.4753459063463939,0.004,0.02378181818181818,Low-low,-1.6985485445793809,0.002,0.01486363636363636,Low-low,Cold spot,"ACLED (Armed Conflict Location & Event Data), course file accessed 2026-10-08; https://acleddata.com/; original township/time aggregation and statistics"
MMR014015,Reported fatalities,Queen,4,0.4304658568776604,0.012,0.05163157894736842,Low-low,-1.8143743814512383,0.016,0.06540000000000001,Low-low,Cold spot,"ACLED (Armed Conflict Location & Event Data), course file accessed 2026-10-08; https://acleddata.com/; original township/time aggregation and statistics"
MMR014016,Reported fatalities,Queen,15,0.34464702274639003,0.178,0.3637875,Low-low,-1.347885257264246,0.174,0.3578490566037736,Not significant,Not significant,"ACLED (Armed Conflict Location & Event Data), course file accessed 2026-10-08; https://acleddata.com/; original township/time aggregation and statistics"
MMR014017,Reported fatalities,Queen,4,0.466732130994822,0.002,0.01486363636363636,Low-low,-1.818302980740338,0.002,0.01486363636363636,Low-low,Cold spot,"ACLED (Armed Conflict Location & Event Data), course file accessed 2026-10-08; https://acleddata.com/; original township/time aggregation and statistics"
MMR014018,Reported fatalities,Queen,3,0.39705509564614344,0.134,0.29606756756756764,Low-low,-1.468985191322025,0.128,0.284734693877551,Not significant,Not significant,"ACLED (Armed Conflict Location & Event Data), course file accessed 2026-10-08; https://acleddata.com/; original township/time aggregation and statistics"
MMR014019,Reported fatalities,Queen,2,0.46705244307783395,0.004,0.02378181818181818,Low-low,-1.936959759583908,0.002,0.01486363636363636,Low-low,Cold spot,"ACLED (Armed Conflict Location & Event Data), course file accessed 2026-10-08; https://acleddata.com/; original township/time aggregation and statistics"
MMR014020,Reported fatalities,Queen,35,0.07927596382503627,0.742,0.8870618181818183,Low-low,-0.5436946036431927,0.772,0.9048172043010754,Not significant,Not significant,"ACLED (Armed Conflict Location & Event Data), course file accessed 2026-10-08; https://acleddata.com/; original township/time aggregation and statistics"
MMR014021,Reported fatalities,Queen,4,0.4717098548932559,0.02,0.07694117647058824,Low-low,-1.3804158809558094,0.006,0.03018461538461538,Low-low,Cold spot,"ACLED (Armed Conflict Location & Event Data), course file accessed 2026-10-08; https://acleddata.com/; original township/time aggregation and statistics"
MMR015001,Reported fatalities,Queen,504,-0.3271792691949604,0.06,0.1721052631578947,High-low,-1.2884235182156332,0.062,0.1794159292035398,Not significant,Not significant,"ACLED (Armed Conflict Location & Event Data), course file accessed 2026-10-08; https://acleddata.com/; original township/time aggregation and statistics"
MMR015002,Reported fatalities,Queen,214,0.02035438228231521,0.94,0.9820315457413248,Low-low,-0.313077434042085,0.918,0.9746298701298702,Not significant,Not significant,"ACLED (Armed Conflict Location & Event Data), course file accessed 2026-10-08; https://acleddata.com/; original township/time aggregation and statistics"
MMR015003,Reported fatalities,Queen,20,0.23585116610442072,0.482,0.6706978723404254,Low-low,-1.0172297851412655,0.476,0.659542372881356,Not significant,Not significant,"ACLED (Armed Conflict Location & Event Data), course file accessed 2026-10-08; https://acleddata.com/; original township/time aggregation and statistics"
MMR015004,Reported fatalities,Queen,8,0.3387492036416735,0.136,0.2984697986577181,Low-low,-1.4951035085534643,0.15,0.3248344370860927,Not significant,Not significant,"ACLED (Armed Conflict Location & Event Data), course file accessed 2026-10-08; https://acleddata.com/; original township/time aggregation and statistics"
MMR015005,Reported fatalities,Queen,6,0.471098034916156,0.004,0.02378181818181818,Low-low,-1.702760716198782,0.002,0.01486363636363636,Low-low,Cold spot,"ACLED (Armed Conflict Location & Event Data), course file accessed 2026-10-08; https://acleddata.com/; original township/time aggregation and statistics"
MMR015006,Reported fatalities,Queen,0,0.48171771349175113,0.002,0.01486363636363636,Low-low,-1.3919872690665993,0.006,0.03018461538461538,Low-low,Cold spot,"ACLED (Armed Conflict Location & Event Data), course file accessed 2026-10-08; https://acleddata.com/; original township/time aggregation and statistics"
MMR015007,Reported fatalities,Queen,0,0.48528381175109647,0.006,0.031645161290322583,Low-low,-1.2103049915240125,0.004,0.02515384615384615,Low-low,Cold spot,"ACLED (Armed Conflict Location & Event Data), course file accessed 2026-10-08; https://acleddata.com/; original township/time aggregation and statistics"
MMR015008,Reported fatalities,Queen,0,0.47993466436207854,0.002,0.01486363636363636,Low-low,-1.7038137591036322,0.002,0.01486363636363636,Low-low,Cold spot,"ACLED (Armed Conflict Location & Event Data), course file accessed 2026-10-08; https://acleddata.com/; original township/time aggregation and statistics"
MMR015009,Reported fatalities,Queen,572,-0.14633907385516934,0.946,0.9820315457413248,High-low,0.0981503776451416,0.918,0.9746298701298702,Not significant,Not significant,"ACLED (Armed Conflict Location & Event Data), course file accessed 2026-10-08; https://acleddata.com/; original township/time aggregation and statistics"
MMR015010,Reported fatalities,Queen,118,0.02087157832360265,0.95,0.9820315457413248,Low-low,-0.272765901055128,0.98,0.994,Not significant,Not significant,"ACLED (Armed Conflict Location & Event Data), course file accessed 2026-10-08; https://acleddata.com/; original township/time aggregation and statistics"
MMR015011,Reported fatalities,Queen,313,-0.01815933982048438,0.714,0.8744494382022472,High-low,-0.3973240028877663,0.702,0.859752808988764,Not significant,Not significant,"ACLED (Armed Conflict Location & Event Data), course file accessed 2026-10-08; https://acleddata.com/; original township/time aggregation and statistics"
MMR015012,Reported fatalities,Queen,495,-0.03965754828829607,0.912,0.9746298701298702,High-low,0.05843473503322656,0.994,0.994,Not significant,Not significant,"ACLED (Armed Conflict Location & Event Data), course file accessed 2026-10-08; https://acleddata.com/; original township/time aggregation and statistics"
MMR015013,Reported fatalities,Queen,465,0.2112410205679195,0.244,0.42667379679144385,High-high,1.3221375258337302,0.26,0.4522340425531915,Not significant,Not significant,"ACLED (Armed Conflict Location & Event Data), course file accessed 2026-10-08; https://acleddata.com/; original township/time aggregation and statistics"
MMR015014,Reported fatalities,Queen,127,0.10429457853370389,0.494,0.6843544303797469,Low-low,-0.8832768836494016,0.466,0.6568068669527897,Not significant,Not significant,"ACLED (Armed Conflict Location & Event Data), course file accessed 2026-10-08; https://acleddata.com/; original township/time aggregation and statistics"
MMR015015,Reported fatalities,Queen,26,0.13129933422834986,0.796,0.926306049822064,Low-low,-0.6586048596445757,0.81,0.921031141868512,Not significant,Not significant,"ACLED (Armed Conflict Location & Event Data), course file accessed 2026-10-08; https://acleddata.com/; original township/time aggregation and statistics"
MMR015016,Reported fatalities,Queen,98,0.10219532758490175,0.746,0.8870618181818183,Low-low,-0.6549830258727779,0.694,0.859752808988764,Not significant,Not significant,"ACLED (Armed Conflict Location & Event Data), course file accessed 2026-10-08; https://acleddata.com/; original township/time aggregation and statistics"
MMR015017,Reported fatalities,Queen,231,-0.00723701977618734,0.808,0.9293684210526316,Low-high,0.11702176049962287,0.752,0.8909565217391304,Not significant,Not significant,"ACLED (Armed Conflict Location & Event Data), course file accessed 2026-10-08; https://acleddata.com/; original township/time aggregation and statistics"
MMR015018,Reported fatalities,Queen,53,-0.24528940514071745,0.198,0.38311242603550294,Low-high,0.991282171806296,0.224,0.4115056179775281,Not significant,Not significant,"ACLED (Armed Conflict Location & Event Data), course file accessed 2026-10-08; https://acleddata.com/; original township/time aggregation and statistics"
MMR015019,Reported fatalities,Queen,34,0.1396447526519874,0.534,0.7275750000000001,Low-low,-0.8566433082313312,0.468,0.6568068669527897,Not significant,Not significant,"ACLED (Armed Conflict Location & Event Data), course file accessed 2026-10-08; https://acleddata.com/; original township/time aggregation and statistics"
MMR015020,Reported fatalities,Queen,24,0.00742207708491681,0.914,0.9746298701298702,Low-low,-0.28536496627033825,0.944,0.9820380952380952,Not significant,Not significant,"ACLED (Armed Conflict Location & Event Data), course file accessed 2026-10-08; https://acleddata.com/; original township/time aggregation and statistics"
MMR015021,Reported fatalities,Queen,1,0.18433853655879964,0.642,0.8330714285714286,Low-low,-0.8318942338876206,0.62,0.81096,Not significant,Not significant,"ACLED (Armed Conflict Location & Event Data), course file accessed 2026-10-08; https://acleddata.com/; original township/time aggregation and statistics"
MMR015022,Reported fatalities,Queen,306,-0.03262121785744427,0.52,0.7114644351464435,High-low,-0.6390249721937679,0.498,0.6842268907563025,Not significant,Not significant,"ACLED (Armed Conflict Location & Event Data), course file accessed 2026-10-08; https://acleddata.com/; original township/time aggregation and statistics"
MMR015023,Reported fatalities,Queen,162,-0.09009711475390304,0.592,0.7863886639676113,Low-high,0.3398638181816449,0.556,0.7508888888888889,Not significant,Not significant,"ACLED (Armed Conflict Location & Event Data), course file accessed 2026-10-08; https://acleddata.com/; original township/time aggregation and statistics"
MMR015024,Reported fatalities,Queen,0,0.47785444037746033,0.002,0.01486363636363636,Low-low,-1.835879088380257,0.002,0.01486363636363636,Low-low,Cold spot,"ACLED (Armed Conflict Location & Event Data), course file accessed 2026-10-08; https://acleddata.com/; original township/time aggregation and statistics"
MMR016001,Reported fatalities,Queen,3,0.4764078742039534,0.002,0.01486363636363636,Low-low,-1.845643592624656,0.002,0.01486363636363636,Low-low,Cold spot,"ACLED (Armed Conflict Location & Event Data), course file accessed 2026-10-08; https://acleddata.com/; original township/time aggregation and statistics"
MMR016002,Reported fatalities,Queen,0,0.48171771349175113,0.002,0.01486363636363636,Low-low,-1.7090789736278835,0.002,0.01486363636363636,Low-low,Cold spot,"ACLED (Armed Conflict Location & Event Data), course file accessed 2026-10-08; https://acleddata.com/; original township/time aggregation and statistics"
MMR016003,Reported fatalities,Queen,2,0.47906279384785233,0.002,0.01486363636363636,Low-low,-1.5581279242963926,0.004,0.02515384615384615,Low-low,Cold spot,"ACLED (Armed Conflict Location & Event Data), course file accessed 2026-10-08; https://acleddata.com/; original township/time aggregation and statistics"
MMR016005,Reported fatalities,Queen,0,0.48038042664449665,0.002,0.01486363636363636,Low-low,-1.5546726500403676,0.002,0.01486363636363636,Low-low,Cold spot,"ACLED (Armed Conflict Location & Event Data), course file accessed 2026-10-08; https://acleddata.com/; original township/time aggregation and statistics"
MMR016006,Reported fatalities,Queen,1,0.4774606701712283,0.002,0.01486363636363636,Low-low,-1.7006546303890815,0.002,0.01486363636363636,Low-low,Cold spot,"ACLED (Armed Conflict Location & Event Data), course file accessed 2026-10-08; https://acleddata.com/; original township/time aggregation and statistics"
MMR016007,Reported fatalities,Queen,5,0.4724304082507578,0.002,0.01486363636363636,Low-low,-2.096125231050231,0.002,0.01486363636363636,Low-low,Cold spot,"ACLED (Armed Conflict Location & Event Data), course file accessed 2026-10-08; https://acleddata.com/; original township/time aggregation and statistics"
MMR016008,Reported fatalities,Queen,6,0.4693542938877038,0.002,0.01486363636363636,Low-low,-1.6974955016745306,0.002,0.01486363636363636,Low-low,Cold spot,"ACLED (Armed Conflict Location & Event Data), course file accessed 2026-10-08; https://acleddata.com/; original township/time aggregation and statistics"
MMR016009,Reported fatalities,Queen,3,0.475820075844266,0.01,0.04541666666666667,Low-low,-1.3868444299062483,0.006,0.03018461538461538,Low-low,Cold spot,"ACLED (Armed Conflict Location & Event Data), course file accessed 2026-10-08; https://acleddata.com/; original township/time aggregation and statistics"
MMR016010,Reported fatalities,Queen,0,0.4794889020796603,0.002,0.01486363636363636,Low-low,-1.5523691338696843,0.006,0.03018461538461538,Low-low,Cold spot,"ACLED (Armed Conflict Location & Event Data), course file accessed 2026-10-08; https://acleddata.com/; original township/time aggregation and statistics"
MMR016011,Reported fatalities,Queen,6,0.4719699054303821,0.004,0.02378181818181818,Low-low,-1.553520891955026,0.002,0.01486363636363636,Low-low,Cold spot,"ACLED (Armed Conflict Location & Event Data), course file accessed 2026-10-08; https://acleddata.com/; original township/time aggregation and statistics"
MMR017001,Reported fatalities,Queen,39,0.30194268354925197,0.312,0.5065294117647059,Low-low,-1.1791995142189946,0.312,0.5090246305418719,Not significant,Not significant,"ACLED (Armed Conflict Location & Event Data), course file accessed 2026-10-08; https://acleddata.com/; original township/time aggregation and statistics"
MMR017002,Reported fatalities,Queen,5,0.4578154668889835,0.008,0.03963636363636363,Low-low,-1.658532914195071,0.004,0.02515384615384615,Low-low,Cold spot,"ACLED (Armed Conflict Location & Event Data), course file accessed 2026-10-08; https://acleddata.com/; original township/time aggregation and statistics"
MMR017003,Reported fatalities,Queen,14,0.3436193382847574,0.21,0.3924,Low-low,-1.3415669998351445,0.25,0.43951612903225806,Not significant,Not significant,"ACLED (Armed Conflict Location & Event Data), course file accessed 2026-10-08; https://acleddata.com/; original township/time aggregation and statistics"
MMR017004,Reported fatalities,Queen,10,0.40046943097646487,0.706,0.8744494382022472,Low-low,-0.8978678123311212,0.728,0.880848708487085,Not significant,Not significant,"ACLED (Armed Conflict Location & Event Data), course file accessed 2026-10-08; https://acleddata.com/; original township/time aggregation and statistics"
MMR017005,Reported fatalities,Queen,16,0.43437865865742514,0.006,0.031645161290322583,Low-low,-1.7665511082450214,0.002,0.01486363636363636,Low-low,Cold spot,"ACLED (Armed Conflict Location & Event Data), course file accessed 2026-10-08; https://acleddata.com/; original township/time aggregation and statistics"
MMR017006,Reported fatalities,Queen,32,0.3272135793344681,0.158,0.33119230769230773,Low-low,-1.347885257264246,0.204,0.3878372093023256,Not significant,Not significant,"ACLED (Armed Conflict Location & Event Data), course file accessed 2026-10-08; https://acleddata.com/; original township/time aggregation and statistics"
MMR017007,Reported fatalities,Queen,0,0.4650759216148062,0.004,0.02378181818181818,Low-low,-1.7938917201293396,0.006,0.03018461538461538,Low-low,Cold spot,"ACLED (Armed Conflict Location & Event Data), course file accessed 2026-10-08; https://acleddata.com/; original township/time aggregation and statistics"
MMR017008,Reported fatalities,Queen,24,0.3828773527299539,0.058,0.16933928571428572,Low-low,-1.62203644542791,0.044,0.14105882352941176,Not significant,Cold spot,"ACLED (Armed Conflict Location & Event Data), course file accessed 2026-10-08; https://acleddata.com/; original township/time aggregation and statistics"
MMR017009,Reported fatalities,Queen,4,0.3952285912302592,0.132,0.29606756756756764,Low-low,-1.4668791055123247,0.128,0.284734693877551,Not significant,Not significant,"ACLED (Armed Conflict Location & Event Data), course file accessed 2026-10-08; https://acleddata.com/; original township/time aggregation and statistics"
MMR017010,Reported fatalities,Queen,22,0.3300212355943017,0.224,0.40920670391061453,Low-low,-1.32366527045269,0.198,0.3824561403508772,Not significant,Not significant,"ACLED (Armed Conflict Location & Event Data), course file accessed 2026-10-08; https://acleddata.com/; original township/time aggregation and statistics"
MMR017011,Reported fatalities,Queen,3,-0.05825351376778039,0.762,0.9028043478260868,Low-high,-0.10950680116034545,0.702,0.859752808988764,Not significant,Not significant,"ACLED (Armed Conflict Location & Event Data), course file accessed 2026-10-08; https://acleddata.com/; original township/time aggregation and statistics"
MMR017012,Reported fatalities,Queen,19,0.02913307134662222,0.986,0.996,Low-low,-0.359077969609856,0.992,0.994,Not significant,Not significant,"ACLED (Armed Conflict Location & Event Data), course file accessed 2026-10-08; https://acleddata.com/; original township/time aggregation and statistics"
MMR017013,Reported fatalities,Queen,13,0.32316086401186417,0.224,0.40920670391061453,Low-low,-1.3681593350735255,0.232,0.42382122905027936,Not significant,Not significant,"ACLED (Armed Conflict Location & Event Data), course file accessed 2026-10-08; https://acleddata.com/; original township/time aggregation and statistics"
MMR017014,Reported fatalities,Queen,0,0.4808261889269148,0.004,0.02378181818181818,Low-low,-1.555824408125709,0.002,0.01486363636363636,Low-low,Cold spot,"ACLED (Armed Conflict Location & Event Data), course file accessed 2026-10-08; https://acleddata.com/; original township/time aggregation and statistics"
MMR017015,Reported fatalities,Queen,0,0.48207432331768574,0.002,0.01486363636363636,Low-low,-1.7101320165327338,0.002,0.01486363636363636,Low-low,Cold spot,"ACLED (Armed Conflict Location & Event Data), course file accessed 2026-10-08; https://acleddata.com/; original township/time aggregation and statistics"
MMR017016,Reported fatalities,Queen,2,0.4734579634885104,0.016,0.06459259259259259,Low-low,-1.3791301711657218,0.016,0.06540000000000001,Low-low,Cold spot,"ACLED (Armed Conflict Location & Event Data), course file accessed 2026-10-08; https://acleddata.com/; original township/time aggregation and statistics"
MMR017017,Reported fatalities,Queen,3,0.47187342971493584,0.002,0.01486363636363636,Low-low,-1.9598301659519433,0.002,0.01486363636363636,Low-low,Cold spot,"ACLED (Armed Conflict Location & Event Data), course file accessed 2026-10-08; https://acleddata.com/; original township/time aggregation and statistics"
MMR017018,Reported fatalities,Queen,11,0.45968182635367394,0.008,0.03963636363636363,Low-low,-1.5385480368455848,0.008,0.03737142857142857,Low-low,Cold spot,"ACLED (Armed Conflict Location & Event Data), course file accessed 2026-10-08; https://acleddata.com/; original township/time aggregation and statistics"
MMR017019,Reported fatalities,Queen,14,0.4329779519353422,0.012,0.05163157894736842,Low-low,-1.751904351878422,0.006,0.03018461538461538,Low-low,Cold spot,"ACLED (Armed Conflict Location & Event Data), course file accessed 2026-10-08; https://acleddata.com/; original township/time aggregation and statistics"
MMR017020,Reported fatalities,Queen,1,0.4741107029299433,0.002,0.01486363636363636,Low-low,-1.9570857171877791,0.002,0.01486363636363636,Low-low,Cold spot,"ACLED (Armed Conflict Location & Event Data), course file accessed 2026-10-08; https://acleddata.com/; original township/time aggregation and statistics"
MMR017021,Reported fatalities,Queen,3,0.44966304883817304,0.008,0.03963636363636363,Low-low,-1.7567866040006217,0.018,0.07178048780487804,Low-low,Cold spot,"ACLED (Armed Conflict Location & Event Data), course file accessed 2026-10-08; https://acleddata.com/; original township/time aggregation and statistics"
MMR017022,Reported fatalities,Queen,1,0.4612945403780579,0.004,0.02378181818181818,Low-low,-1.78608011673382,0.006,0.03018461538461538,Low-low,Cold spot,"ACLED (Armed Conflict Location & Event Data), course file accessed 2026-10-08; https://acleddata.com/; original township/time aggregation and statistics"
MMR017023,Reported fatalities,Queen,6,0.4681917998687356,0.01,0.04541666666666667,Low-low,-1.377844461375634,0.018,0.07178048780487804,Low-low,Cold spot,"ACLED (Armed Conflict Location & Event Data), course file accessed 2026-10-08; https://acleddata.com/; original township/time aggregation and statistics"
MMR017024,Reported fatalities,Queen,5,0.4641165194521437,0.016,0.06459259259259259,Low-low,-1.3662730732648438,0.026,0.09141935483870968,Low-low,Cold spot,"ACLED (Armed Conflict Location & Event Data), course file accessed 2026-10-08; https://acleddata.com/; original township/time aggregation and statistics"
MMR017025,Reported fatalities,Queen,4,0.4593282895660589,0.002,0.01486363636363636,Low-low,-1.919578250744201,0.002,0.01486363636363636,Low-low,Cold spot,"ACLED (Armed Conflict Location & Event Data), course file accessed 2026-10-08; https://acleddata.com/; original township/time aggregation and statistics"
MMR017026,Reported fatalities,Queen,2,0.4728679813454218,0.054,0.1605272727272727,Low-low,-1.1925171881024366,0.08,0.216198347107438,Not significant,Not significant,"ACLED (Armed Conflict Location & Event Data), course file accessed 2026-10-08; https://acleddata.com/; original township/time aggregation and statistics"
MMR018001,Reported fatalities,Queen,1,0.3018538646706915,0.452,0.6398441558441558,Low-low,-1.0951211739890552,0.448,0.6425263157894736,Not significant,Not significant,"ACLED (Armed Conflict Location & Event Data), course file accessed 2026-10-08; https://acleddata.com/; original township/time aggregation and statistics"
MMR018002,Reported fatalities,Queen,26,0.3812700080078773,0.112,0.2692941176470588,Low-low,-1.3726948725563892,0.116,0.27094285714285715,Not significant,Not significant,"ACLED (Armed Conflict Location & Event Data), course file accessed 2026-10-08; https://acleddata.com/; original township/time aggregation and statistics"
MMR018003,Reported fatalities,Queen,10,0.3604753870757378,0.098,0.24650769230769232,Low-low,-1.5838406852614415,0.102,0.24706666666666663,Not significant,Not significant,"ACLED (Armed Conflict Location & Event Data), course file accessed 2026-10-08; https://acleddata.com/; original township/time aggregation and statistics"
MMR018004,Reported fatalities,Queen,5,0.37485160814070656,0.262,0.4485549738219896,Low-low,-1.294375322753158,0.26,0.4522340425531915,Not significant,Not significant,"ACLED (Armed Conflict Location & Event Data), course file accessed 2026-10-08; https://acleddata.com/; original township/time aggregation and statistics"
MMR018005,Reported fatalities,Queen,6,0.41564707021137537,0.074,0.19834426229508195,Low-low,-1.5353268943275915,0.082,0.21800000000000003,Not significant,Not significant,"ACLED (Armed Conflict Location & Event Data), course file accessed 2026-10-08; https://acleddata.com/; original township/time aggregation and statistics"
MMR018006,Reported fatalities,Queen,126,0.04300979274352665,0.804,0.9290035335689046,Low-low,-0.4366653483173303,0.796,0.9165211267605634,Not significant,Not significant,"ACLED (Armed Conflict Location & Event Data), course file accessed 2026-10-08; https://acleddata.com/; original township/time aggregation and statistics"
MMR018007,Reported fatalities,Queen,74,0.09076727249833628,0.682,0.8594712643678161,Low-low,-0.6543560773379918,0.698,0.859752808988764,Not significant,Not significant,"ACLED (Armed Conflict Location & Event Data), course file accessed 2026-10-08; https://acleddata.com/; original township/time aggregation and statistics"
MMR018008,Reported fatalities,Queen,6,0.4173326865388791,0.038,0.12426,Low-low,-1.6620709128299478,0.048,0.14948571428571428,Low-low,Cold spot,"ACLED (Armed Conflict Location & Event Data), course file accessed 2026-10-08; https://acleddata.com/; original township/time aggregation and statistics"
MMR001001,Events,Rook,211,0.03939273307163241,0.526,0.7166750000000001,High-high,0.5702538730902328,0.556,0.7481975308641976,Not significant,Not significant,"ACLED (Armed Conflict Location & Event Data), course file accessed 2026-10-08; https://acleddata.com/; original township/time aggregation and statistics"
MMR001002,Events,Rook,424,0.01249886969176965,0.826,0.9014013157894736,High-high,0.5950231781383418,0.804,0.8763600000000001,Not significant,Not significant,"ACLED (Armed Conflict Location & Event Data), course file accessed 2026-10-08; https://acleddata.com/; original township/time aggregation and statistics"
MMR001003,Events,Rook,16,0.14143860019899954,0.758,0.8599307958477509,Low-low,-0.7205169601244091,0.73,0.8405281690140844,Not significant,Not significant,"ACLED (Armed Conflict Location & Event Data), course file accessed 2026-10-08; https://acleddata.com/; original township/time aggregation and statistics"
MMR001004,Events,Rook,97,-0.02813119268625397,0.756,0.8599307958477509,Low-high,0.089780243641805,0.77,0.8652577319587629,Not significant,Not significant,"ACLED (Armed Conflict Location & Event Data), course file accessed 2026-10-08; https://acleddata.com/; original township/time aggregation and statistics"
MMR001005,Events,Rook,37,0.02855366665699723,0.862,0.9134903225806452,Low-low,-0.3858024974615713,0.856,0.917744262295082,Not significant,Not significant,"ACLED (Armed Conflict Location & Event Data), course file accessed 2026-10-08; https://acleddata.com/; original township/time aggregation and statistics"
MMR001006,Events,Rook,27,0.48672435194918745,0.082,0.2415675675675676,Low-low,-1.417881978576981,0.066,0.20554285714285717,Not significant,Not significant,"ACLED (Armed Conflict Location & Event Data), course file accessed 2026-10-08; https://acleddata.com/; original township/time aggregation and statistics"
MMR001007,Events,Rook,223,0.16584252224623933,0.104,0.27875409836065573,High-high,1.6508144802710925,0.112,0.29535483870967744,Not significant,Not significant,"ACLED (Armed Conflict Location & Event Data), course file accessed 2026-10-08; https://acleddata.com/; original township/time aggregation and statistics"
MMR001008,Events,Rook,77,-0.39046558878464505,0.108,0.2802857142857143,Low-high,1.4215506167062932,0.134,0.33706153846153847,Not significant,Not significant,"ACLED (Armed Conflict Location & Event Data), course file accessed 2026-10-08; https://acleddata.com/; original township/time aggregation and statistics"
MMR001009,Events,Rook,854,-0.641680582988833,0.768,0.8630103092783505,High-low,1.0170261567315568,0.786,0.8705418060200669,Not significant,Not significant,"ACLED (Armed Conflict Location & Event Data), course file accessed 2026-10-08; https://acleddata.com/; original township/time aggregation and statistics"
MMR001010,Events,Rook,289,0.10418375439880807,0.656,0.7944888888888889,High-high,0.6015000355151285,0.638,0.7808955223880597,Not significant,Not significant,"ACLED (Armed Conflict Location & Event Data), course file accessed 2026-10-08; https://acleddata.com/; original township/time aggregation and statistics"
MMR001011,Events,Rook,219,0.06115486063036358,0.558,0.7357500000000001,High-high,0.5790942152534584,0.566,0.7554367346938775,Not significant,Not significant,"ACLED (Armed Conflict Location & Event Data), course file accessed 2026-10-08; https://acleddata.com/; original township/time aggregation and statistics"
MMR001012,Events,Rook,403,0.580801266176928,0.332,0.5483030303030304,High-high,1.4170949431830158,0.286,0.5174505494505495,Not significant,Not significant,"ACLED (Armed Conflict Location & Event Data), course file accessed 2026-10-08; https://acleddata.com/; original township/time aggregation and statistics"
MMR001013,Events,Rook,133,-0.02291756195630473,0.688,0.8092661870503597,Low-high,0.2348593403241618,0.662,0.7953406593406593,Not significant,Not significant,"ACLED (Armed Conflict Location & Event Data), course file accessed 2026-10-08; https://acleddata.com/; original township/time aggregation and statistics"
MMR001014,Events,Rook,62,0.3225650162105841,0.098,0.26929411764705885,Low-low,-1.3699288456269767,0.118,0.30623809523809525,Not significant,Not significant,"ACLED (Armed Conflict Location & Event Data), course file accessed 2026-10-08; https://acleddata.com/; original township/time aggregation and statistics"
MMR001015,Events,Rook,48,0.2827716261065884,0.214,0.4373625,Low-low,-1.3400238468292098,0.196,0.4216578947368421,Not significant,Not significant,"ACLED (Armed Conflict Location & Event Data), course file accessed 2026-10-08; https://acleddata.com/; original township/time aggregation and statistics"
MMR001016,Events,Rook,1,0.5411008447157337,0.062,0.20687755102040817,Low-low,-1.565978480651181,0.082,0.23729203539823007,Not significant,Not significant,"ACLED (Armed Conflict Location & Event Data), course file accessed 2026-10-08; https://acleddata.com/; original township/time aggregation and statistics"
MMR001017,Events,Rook,1,0.5651885122143104,0.106,0.2802857142857143,Low-low,-1.4576729947163702,0.072,0.21599999999999997,Not significant,Not significant,"ACLED (Armed Conflict Location & Event Data), course file accessed 2026-10-08; https://acleddata.com/; original township/time aggregation and statistics"
MMR001018,Events,Rook,9,0.5582017828435066,0.01,0.05945454545454545,Low-low,-1.8061071962388835,0.014,0.07266666666666667,Low-low,Cold spot,"ACLED (Armed Conflict Location & Event Data), course file accessed 2026-10-08; https://acleddata.com/; original township/time aggregation and statistics"
MMR002001,Events,Rook,453,0.5112028231024988,0.366,0.5726411483253588,High-high,1.406304619214555,0.31,0.5369684210526315,Not significant,Not significant,"ACLED (Armed Conflict Location & Event Data), course file accessed 2026-10-08; https://acleddata.com/; original township/time aggregation and statistics"
MMR002002,Events,Rook,597,1.771567611509964,0.132,0.32211940298507463,High-high,2.4530390373450035,0.142,0.3465223880597014,Not significant,Not significant,"ACLED (Armed Conflict Location & Event Data), course file accessed 2026-10-08; https://acleddata.com/; original township/time aggregation and statistics"
MMR002003,Events,Rook,214,0.17422478946567324,0.152,0.3525106382978723,High-high,1.5710609850201285,0.156,0.36699280575539567,Not significant,Not significant,"ACLED (Armed Conflict Location & Event Data), course file accessed 2026-10-08; https://acleddata.com/; original township/time aggregation and statistics"
MMR002004,Events,Rook,55,0.04987149576206942,0.948,0.9697943925233644,Low-low,-0.4097312013607042,0.95,0.97078125,Not significant,Not significant,"ACLED (Armed Conflict Location & Event Data), course file accessed 2026-10-08; https://acleddata.com/; original township/time aggregation and statistics"
MMR002005,Events,Rook,102,-0.11370128736009802,0.36,0.5686956521739129,Low-high,0.7187033071593041,0.354,0.573059405940594,Not significant,Not significant,"ACLED (Armed Conflict Location & Event Data), course file accessed 2026-10-08; https://acleddata.com/; original township/time aggregation and statistics"
MMR002006,Events,Rook,86,-0.08268454441704957,0.574,0.750792,Low-high,0.2755971953453806,0.6,0.7724409448818897,Not significant,Not significant,"ACLED (Armed Conflict Location & Event Data), course file accessed 2026-10-08; https://acleddata.com/; original township/time aggregation and statistics"
MMR002007,Events,Rook,27,-0.210126192344061,0.53,0.7191286307053942,Low-high,0.12153295831564229,0.476,0.6767478260869565,Not significant,Not significant,"ACLED (Armed Conflict Location & Event Data), course file accessed 2026-10-08; https://acleddata.com/; original township/time aggregation and statistics"
MMR003001,Events,Rook,174,0.03894098607298301,0.072,0.22422857142857144,High-high,2.1512733854996724,0.054,0.1878510638297872,Not significant,Not significant,"ACLED (Armed Conflict Location & Event Data), course file accessed 2026-10-08; https://acleddata.com/; original township/time aggregation and statistics"
MMR003002,Events,Rook,61,-1.014298056293652,0.002,0.02422222222222222,Low-high,3.3218953743840913,0.006,0.040875,Low-high,Hot spot,"ACLED (Armed Conflict Location & Event Data), course file accessed 2026-10-08; https://acleddata.com/; original township/time aggregation and statistics"
MMR003003,Events,Rook,493,0.6403336831861344,0.264,0.49900578034682086,High-high,1.6123828041909751,0.298,0.5239032258064515,Not significant,Not significant,"ACLED (Armed Conflict Location & Event Data), course file accessed 2026-10-08; https://acleddata.com/; original township/time aggregation and statistics"
MMR003004,Events,Rook,202,0.102735909741916,0.1,0.2725,High-high,1.7639291673297548,0.09,0.2515384615384615,Not significant,Not significant,"ACLED (Armed Conflict Location & Event Data), course file accessed 2026-10-08; https://acleddata.com/; original township/time aggregation and statistics"
MMR003005,Events,Rook,641,3.3837942716297977,0.04,0.15759036144578314,High-high,3.3470922041148876,0.046,0.17289655172413793,High-high,Hot spot,"ACLED (Armed Conflict Location & Event Data), course file accessed 2026-10-08; https://acleddata.com/; original township/time aggregation and statistics"
MMR003006,Events,Rook,946,2.1220403776212073,0.218,0.4427701863354037,High-high,2.7198684966184894,0.234,0.47056097560975607,Not significant,Not significant,"ACLED (Armed Conflict Location & Event Data), course file accessed 2026-10-08; https://acleddata.com/; original township/time aggregation and statistics"
MMR003007,Events,Rook,357,1.119239321110634,0.03,0.13256756756756757,High-high,3.05507531586003,0.02,0.0961764705882353,High-high,Hot spot,"ACLED (Armed Conflict Location & Event Data), course file accessed 2026-10-08; https://acleddata.com/; original township/time aggregation and statistics"
MMR004001,Events,Rook,193,0.12326427059574994,0.118,0.29911627906976745,High-high,1.651017803155077,0.152,0.3628029197080292,Not significant,Not significant,"ACLED (Armed Conflict Location & Event Data), course file accessed 2026-10-08; https://acleddata.com/; original township/time aggregation and statistics"
MMR004002,Events,Rook,214,0.2473326166272608,0.062,0.20687755102040817,High-high,2.1882394885915875,0.048,0.1744,Not significant,Hot spot,"ACLED (Armed Conflict Location & Event Data), course file accessed 2026-10-08; https://acleddata.com/; original township/time aggregation and statistics"
MMR004003,Events,Rook,116,-0.04848843505332899,0.63,0.7923461538461538,Low-high,0.18121948252472625,0.582,0.7612559999999999,Not significant,Not significant,"ACLED (Armed Conflict Location & Event Data), course file accessed 2026-10-08; https://acleddata.com/; original township/time aggregation and statistics"
MMR004004,Events,Rook,156,-0.04439524115716144,0.136,0.3294222222222222,Low-high,1.5167054617029794,0.166,0.3849787234042553,Not significant,Not significant,"ACLED (Armed Conflict Location & Event Data), course file accessed 2026-10-08; https://acleddata.com/; original township/time aggregation and statistics"
MMR004005,Events,Rook,34,-0.8619667456184871,0.054,0.1898709677419355,Low-high,1.6808434032779602,0.046,0.17289655172413793,Not significant,Hot spot,"ACLED (Armed Conflict Location & Event Data), course file accessed 2026-10-08; https://acleddata.com/; original township/time aggregation and statistics"
MMR004006,Events,Rook,352,0.12765352992188583,0.676,0.7980216606498195,High-high,0.6646437107980169,0.694,0.8047446808510638,Not significant,Not significant,"ACLED (Armed Conflict Location & Event Data), course file accessed 2026-10-08; https://acleddata.com/; original township/time aggregation and statistics"
MMR004007,Events,Rook,209,0.0920005207817002,0.312,0.5369684210526315,High-high,1.045455415085921,0.324,0.5433230769230769,Not significant,Not significant,"ACLED (Armed Conflict Location & Event Data), course file accessed 2026-10-08; https://acleddata.com/; original township/time aggregation and statistics"
MMR004008,Events,Rook,136,-0.02555189713181705,0.666,0.7980216606498195,Low-high,0.31022437211341636,0.64,0.7808955223880597,Not significant,Not significant,"ACLED (Armed Conflict Location & Event Data), course file accessed 2026-10-08; https://acleddata.com/; original township/time aggregation and statistics"
MMR004009,Events,Rook,184,0.01463741351192891,0.652,0.7925799256505577,High-high,0.41891133753499266,0.612,0.7808955223880597,Not significant,Not significant,"ACLED (Armed Conflict Location & Event Data), course file accessed 2026-10-08; https://acleddata.com/; original township/time aggregation and statistics"
MMR005001,Events,Rook,667,2.0692544332237044,0.04,0.15759036144578314,High-high,3.0861540347415732,0.04,0.15951219512195122,High-high,Hot spot,"ACLED (Armed Conflict Location & Event Data), course file accessed 2026-10-08; https://acleddata.com/; original township/time aggregation and statistics"
MMR005002,Events,Rook,504,3.1129333072407297,0.004,0.03353846153846154,High-high,4.8833761278424905,0.002,0.02616,High-high,Hot spot,"ACLED (Armed Conflict Location & Event Data), course file accessed 2026-10-08; https://acleddata.com/; original township/time aggregation and statistics"
MMR005003,Events,Rook,432,2.4301509556304497,0.004,0.03353846153846154,High-high,4.322903091703435,0.006,0.040875,High-high,Hot spot,"ACLED (Armed Conflict Location & Event Data), course file accessed 2026-10-08; https://acleddata.com/; original township/time aggregation and statistics"
MMR005004,Events,Rook,806,3.8353095989523354,0.016,0.08175,High-high,3.791274083676536,0.026,0.11336,High-high,Hot spot,"ACLED (Armed Conflict Location & Event Data), course file accessed 2026-10-08; https://acleddata.com/; original township/time aggregation and statistics"
MMR005005,Events,Rook,582,3.1541011690473515,0.012,0.0665084745762712,High-high,3.9908895732805063,0.004,0.03114285714285714,High-high,Hot spot,"ACLED (Armed Conflict Location & Event Data), course file accessed 2026-10-08; https://acleddata.com/; original township/time aggregation and statistics"
MMR005006,Events,Rook,499,2.9919535115769107,0.002,0.02422222222222222,High-high,4.77005169734771,0.002,0.02616,High-high,Hot spot,"ACLED (Armed Conflict Location & Event Data), course file accessed 2026-10-08; https://acleddata.com/; original township/time aggregation and statistics"
MMR005007,Events,Rook,560,1.6545104873628416,0.06,0.20652631578947367,High-high,2.814844139316583,0.05,0.1796703296703297,Not significant,Not significant,"ACLED (Armed Conflict Location & Event Data), course file accessed 2026-10-08; https://acleddata.com/; original township/time aggregation and statistics"
MMR005008,Events,Rook,101,-0.08026994018841092,0.41,0.615,Low-high,0.5797403773425966,0.482,0.6789406779661017,Not significant,Not significant,"ACLED (Armed Conflict Location & Event Data), course file accessed 2026-10-08; https://acleddata.com/; original township/time aggregation and statistics"
MMR005009,Events,Rook,379,1.649155287934005,0.002,0.02422222222222222,High-high,4.269391231683251,0.004,0.03114285714285714,High-high,Hot spot,"ACLED (Armed Conflict Location & Event Data), course file accessed 2026-10-08; https://acleddata.com/; original township/time aggregation and statistics"
MMR005010,Events,Rook,312,1.1182327386271944,0.008,0.05129411764705883,High-high,3.789795373567858,0.006,0.040875,High-high,Hot spot,"ACLED (Armed Conflict Location & Event Data), course file accessed 2026-10-08; https://acleddata.com/; original township/time aggregation and statistics"
MMR005011,Events,Rook,373,0.8240917526935729,0.146,0.3510441176470588,High-high,1.9027633572202485,0.14,0.3442105263157895,Not significant,Not significant,"ACLED (Armed Conflict Location & Event Data), course file accessed 2026-10-08; https://acleddata.com/; original township/time aggregation and statistics"
MMR005012,Events,Rook,1039,5.843953185214277,0.004,0.03353846153846154,High-high,4.741720589724014,0.012,0.06884210526315789,High-high,Hot spot,"ACLED (Armed Conflict Location & Event Data), course file accessed 2026-10-08; https://acleddata.com/; original township/time aggregation and statistics"
MMR005013,Events,Rook,376,1.8856648166753751,0.002,0.02422222222222222,High-high,4.139582744107954,0.002,0.02616,High-high,Hot spot,"ACLED (Armed Conflict Location & Event Data), course file accessed 2026-10-08; https://acleddata.com/; original township/time aggregation and statistics"
MMR005014,Events,Rook,334,1.664865495622104,0.002,0.02422222222222222,High-high,4.86826620377652,0.002,0.02616,High-high,Hot spot,"ACLED (Armed Conflict Location & Event Data), course file accessed 2026-10-08; https://acleddata.com/; original township/time aggregation and statistics"
MMR005015,Events,Rook,510,3.9027682608377945,0.002,0.02422222222222222,High-high,5.400419357014665,0.002,0.02616,High-high,Hot spot,"ACLED (Armed Conflict Location & Event Data), course file accessed 2026-10-08; https://acleddata.com/; original township/time aggregation and statistics"
MMR005016,Events,Rook,506,3.3072064200927973,0.004,0.03353846153846154,High-high,4.722134070911376,0.002,0.02616,High-high,Hot spot,"ACLED (Armed Conflict Location & Event Data), course file accessed 2026-10-08; https://acleddata.com/; original township/time aggregation and statistics"
MMR005017,Events,Rook,454,1.687763036704553,0.016,0.08175,High-high,3.4607196730317087,0.008,0.05232,High-high,Hot spot,"ACLED (Armed Conflict Location & Event Data), course file accessed 2026-10-08; https://acleddata.com/; original township/time aggregation and statistics"
MMR005018,Events,Rook,395,3.1011316929427117,0.002,0.02422222222222222,High-high,6.662569686610546,0.002,0.02616,High-high,Hot spot,"ACLED (Armed Conflict Location & Event Data), course file accessed 2026-10-08; https://acleddata.com/; original township/time aggregation and statistics"
MMR005019,Events,Rook,537,3.4994022375422915,0.002,0.02422222222222222,High-high,5.0495852925681675,0.004,0.03114285714285714,High-high,Hot spot,"ACLED (Armed Conflict Location & Event Data), course file accessed 2026-10-08; https://acleddata.com/; original township/time aggregation and statistics"
MMR005020,Events,Rook,302,0.1487215249297434,0.55,0.7340816326530613,High-high,0.7298242788319664,0.57,0.7576829268292683,Not significant,Not significant,"ACLED (Armed Conflict Location & Event Data), course file accessed 2026-10-08; https://acleddata.com/; original township/time aggregation and statistics"
MMR005021,Events,Rook,242,0.08141979846099019,0.608,0.7827401574803149,High-high,0.5953893572619459,0.546,0.740838174273859,Not significant,Not significant,"ACLED (Armed Conflict Location & Event Data), course file accessed 2026-10-08; https://acleddata.com/; original township/time aggregation and statistics"
MMR005022,Events,Rook,332,0.36334017360120763,0.298,0.5295978260869565,High-high,1.3939179651433058,0.252,0.4847294117647059,Not significant,Not significant,"ACLED (Armed Conflict Location & Event Data), course file accessed 2026-10-08; https://acleddata.com/; original township/time aggregation and statistics"
MMR005023,Events,Rook,123,0.00984866057181826,0.95,0.9697943925233644,Low-low,-0.18789213679894085,0.972,0.9840371517027864,Not significant,Not significant,"ACLED (Armed Conflict Location & Event Data), course file accessed 2026-10-08; https://acleddata.com/; original township/time aggregation and statistics"
MMR005024,Events,Rook,233,0.09935278813893143,0.464,0.6684052863436124,High-high,0.7440825280893931,0.524,0.7169372384937239,Not significant,Not significant,"ACLED (Armed Conflict Location & Event Data), course file accessed 2026-10-08; https://acleddata.com/; original township/time aggregation and statistics"
MMR005025,Events,Rook,59,-0.0907968671281532,0.664,0.7980216606498195,Low-high,0.14116227377536,0.638,0.7808955223880597,Not significant,Not significant,"ACLED (Armed Conflict Location & Event Data), course file accessed 2026-10-08; https://acleddata.com/; original township/time aggregation and statistics"
MMR005026,Events,Rook,69,0.08917655780965525,0.802,0.8852121212121212,Low-low,-0.5819346528512684,0.814,0.8784752475247525,Not significant,Not significant,"ACLED (Armed Conflict Location & Event Data), course file accessed 2026-10-08; https://acleddata.com/; original township/time aggregation and statistics"
MMR005027,Events,Rook,886,0.3809759470408588,0.692,0.8110537634408602,High-high,1.4530114714885267,0.658,0.7939704797047972,Not significant,Not significant,"ACLED (Armed Conflict Location & Event Data), course file accessed 2026-10-08; https://acleddata.com/; original township/time aggregation and statistics"
MMR005028,Events,Rook,30,-0.5565765289193547,0.152,0.3525106382978723,Low-high,1.2009947773040637,0.138,0.3442105263157895,Not significant,Not significant,"ACLED (Armed Conflict Location & Event Data), course file accessed 2026-10-08; https://acleddata.com/; original township/time aggregation and statistics"
MMR005029,Events,Rook,265,0.5314885183169715,0.018,0.08918181818181817,High-high,2.857312667560865,0.018,0.0878507462686567,High-high,Hot spot,"ACLED (Armed Conflict Location & Event Data), course file accessed 2026-10-08; https://acleddata.com/; original township/time aggregation and statistics"
MMR005030,Events,Rook,259,0.23791086965498948,0.278,0.5165113636363636,High-high,1.2410843593482583,0.262,0.4952254335260116,Not significant,Not significant,"ACLED (Armed Conflict Location & Event Data), course file accessed 2026-10-08; https://acleddata.com/; original township/time aggregation and statistics"
MMR005031,Events,Rook,81,-0.23415333746231287,0.238,0.4716727272727273,Low-high,0.9905465509677648,0.236,0.47056097560975607,Not significant,Not significant,"ACLED (Armed Conflict Location & Event Data), course file accessed 2026-10-08; https://acleddata.com/; original township/time aggregation and statistics"
MMR005032,Events,Rook,118,0.02593472818314301,0.926,0.95823417721519,Low-low,-0.3446575989833869,0.902,0.9446666666666668,Not significant,Not significant,"ACLED (Armed Conflict Location & Event Data), course file accessed 2026-10-08; https://acleddata.com/; original township/time aggregation and statistics"
MMR005033,Events,Rook,17,-0.1161003068634175,0.644,0.7925799256505577,Low-high,0.08408649638853231,0.634,0.7808955223880597,Not significant,Not significant,"ACLED (Armed Conflict Location & Event Data), course file accessed 2026-10-08; https://acleddata.com/; original township/time aggregation and statistics"
MMR005034,Events,Rook,220,0.086142574460613755,0.416,0.6184886877828054,High-high,0.8860651482220974,0.396,0.5995,Not significant,Not significant,"ACLED (Armed Conflict Location & Event Data), course file accessed 2026-10-08; https://acleddata.com/; original township/time aggregation and statistics"
MMR005035,Events,Rook,5,0.1812698449005479,0.984,0.986,Low-low,-0.723542610155644,0.97,0.9840371517027864,Not significant,Not significant,"ACLED (Armed Conflict Location & Event Data), course file accessed 2026-10-08; https://acleddata.com/; original township/time aggregation and statistics"
MMR005036,Events,Rook,2,0.6175990645614199,0.036,0.14715,Low-low,-1.3543341389687156,0.032,0.1358961038961039,Low-low,Cold spot,"ACLED (Armed Conflict Location & Event Data), course file accessed 2026-10-08; https://acleddata.com/; original township/time aggregation and statistics"
MMR005037,Events,Rook,3,0.5001248794828448,0.178,0.3906442953020134,Low-low,-1.3432738233156258,0.204,0.4331688311688312,Not significant,Not significant,"ACLED (Armed Conflict Location & Event Data), course file accessed 2026-10-08; https://acleddata.com/; original township/time aggregation and statistics"
MMR006001,Events,Rook,445,2.0043818269099583,0.016,0.08175,High-high,3.542773168047103,0.018,0.0878507462686567,High-high,Hot spot,"ACLED (Armed Conflict Location & Event Data), course file accessed 2026-10-08; https://acleddata.com/; original township/time aggregation and statistics"
MMR006002,Events,Rook,428,1.304689244386665,0.092,0.2549491525423729,High-high,2.1633094739680554,0.12,0.3065625,Not significant,Not significant,"ACLED (Armed Conflict Location & Event Data), course file accessed 2026-10-08; https://acleddata.com/; original township/time aggregation and statistics"
MMR006003,Events,Rook,315,1.1385654299408072,0.04,0.15759036144578314,High-high,2.680592683780116,0.028,0.12047368421052632,High-high,Hot spot,"ACLED (Armed Conflict Location & Event Data), course file accessed 2026-10-08; https://acleddata.com/; original township/time aggregation and statistics"
MMR006004,Events,Rook,341,1.2794793567297482,0.046,0.16901123595505618,High-high,2.6482624831668633,0.054,0.1878510638297872,High-high,Not significant,"ACLED (Armed Conflict Location & Event Data), course file accessed 2026-10-08; https://acleddata.com/; original township/time aggregation and statistics"
MMR006005,Events,Rook,110,-0.3462931276133598,0.066,0.21582,Low-high,1.787781759152569,0.076,0.2238918918918919,Not significant,Not significant,"ACLED (Armed Conflict Location & Event Data), course file accessed 2026-10-08; https://acleddata.com/; original township/time aggregation and statistics"
MMR006006,Events,Rook,69,-0.26816006389752445,0.336,0.5493600000000001,Low-high,0.6139467830405848,0.366,0.5768773584905661,Not significant,Not significant,"ACLED (Armed Conflict Location & Event Data), course file accessed 2026-10-08; https://acleddata.com/; original township/time aggregation and statistics"
MMR006007,Events,Rook,549,2.026882404800328,0.08,0.2415675675675676,High-high,2.773847531020973,0.076,0.2238918918918919,Not significant,Not significant,"ACLED (Armed Conflict Location & Event Data), course file accessed 2026-10-08; https://acleddata.com/; original township/time aggregation and statistics"
MMR006008,Events,Rook,650,1.0135332683758054,0.34,0.5503960396039604,High-high,1.8562259701686576,0.348,0.5661492537313433,Not significant,Not significant,"ACLED (Armed Conflict Location & Event Data), course file accessed 2026-10-08; https://acleddata.com/; original township/time aggregation and statistics"
MMR006009,Events,Rook,78,0.18673203844860584,0.986,0.986,Low-low,-0.6120665737799427,0.98,0.9880430769230768,Not significant,Not significant,"ACLED (Armed Conflict Location & Event Data), course file accessed 2026-10-08; https://acleddata.com/; original township/time aggregation and statistics"
MMR006010,Events,Rook,77,-0.2170731981246408,0.374,0.5796113744075829,Low-high,0.5343647507618061,0.358,0.576679802955665,Not significant,Not significant,"ACLED (Armed Conflict Location & Event Data), course file accessed 2026-10-08; https://acleddata.com/; original township/time aggregation and statistics"
MMR007001,Events,Rook,74,0.20943215379451133,0.114,0.291234375,Low-low,-1.4889846253316883,0.144,0.34879999999999994,Not significant,Not significant,"ACLED (Armed Conflict Location & Event Data), course file accessed 2026-10-08; https://acleddata.com/; original township/time aggregation and statistics"
MMR007002,Events,Rook,4,0.4523680189410133,0.274,0.5149310344827587,Low-low,-1.256230975510712,0.26,0.49430232558139536,Not significant,Not significant,"ACLED (Armed Conflict Location & Event Data), course file accessed 2026-10-08; https://acleddata.com/; original township/time aggregation and statistics"
MMR007003,Events,Rook,19,0.4414322567257319,0.128,0.3195114503816794,Low-low,-1.425624764667944,0.12,0.3065625,Not significant,Not significant,"ACLED (Armed Conflict Location & Event Data), course file accessed 2026-10-08; https://acleddata.com/; original township/time aggregation and statistics"
MMR007004,Events,Rook,57,-0.07366761426114155,0.712,0.8226996466431095,Low-high,0.11241760401222792,0.626,0.7808955223880597,Not significant,Not significant,"ACLED (Armed Conflict Location & Event Data), course file accessed 2026-10-08; https://acleddata.com/; original township/time aggregation and statistics"
MMR007005,Events,Rook,308,-0.0115245574303661,0.858,0.9134903225806452,High-low,0.2898095417938416,0.928,0.9542641509433964,Not significant,Not significant,"ACLED (Armed Conflict Location & Event Data), course file accessed 2026-10-08; https://acleddata.com/; original township/time aggregation and statistics"
MMR007006,Events,Rook,320,0.2504110874275251,0.326,0.5466769230769231,High-high,1.2332592555438449,0.288,0.5174505494505495,Not significant,Not significant,"ACLED (Armed Conflict Location & Event Data), course file accessed 2026-10-08; https://acleddata.com/; original township/time aggregation and statistics"
MMR007007,Events,Rook,36,-0.07881369068646811,0.696,0.8128285714285715,Low-high,-0.0644165033067086,0.748,0.8522508710801393,Not significant,Not significant,"ACLED (Armed Conflict Location & Event Data), course file accessed 2026-10-08; https://acleddata.com/; original township/time aggregation and statistics"
MMR007008,Events,Rook,233,0.4054947643060172,0.012,0.0665084745762712,High-high,3.124510491097808,0.014,0.07266666666666667,High-high,Hot spot,"ACLED (Armed Conflict Location & Event Data), course file accessed 2026-10-08; https://acleddata.com/; original township/time aggregation and statistics"
MMR007009,Events,Rook,197,-0.01688604275701402,0.914,0.9518407643312105,High-low,-0.15215028237741315,0.918,0.9499556962025316,Not significant,Not significant,"ACLED (Armed Conflict Location & Event Data), course file accessed 2026-10-08; https://acleddata.com/; original township/time aggregation and statistics"
MMR007010,Events,Rook,262,-0.1214904392501936,0.668,0.7980216606498195,High-low,-0.32121238071547037,0.684,0.8045611510791367,Not significant,Not significant,"ACLED (Armed Conflict Location & Event Data), course file accessed 2026-10-08; https://acleddata.com/; original township/time aggregation and statistics"
MMR007011,Events,Rook,777,1.6764871694024477,0.202,0.42615483870967746,High-high,2.422347245597505,0.208,0.43322292993630573,Not significant,Not significant,"ACLED (Armed Conflict Location & Event Data), course file accessed 2026-10-08; https://acleddata.com/; original township/time aggregation and statistics"
MMR007012,Events,Rook,300,0.2863116181612927,0.33,0.5483030303030304,High-high,1.234329465910556,0.312,0.5369684210526315,Not significant,Not significant,"ACLED (Armed Conflict Location & Event Data), course file accessed 2026-10-08; https://acleddata.com/; original township/time aggregation and statistics"
MMR007013,Events,Rook,47,-0.03166284727030918,0.804,0.8852121212121212,Low-high,-0.16466915758044948,0.788,0.8705418060200669,Not significant,Not significant,"ACLED (Armed Conflict Location & Event Data), course file accessed 2026-10-08; https://acleddata.com/; original township/time aggregation and statistics"
MMR007014,Events,Rook,111,-0.1843229394924759,0.188,0.40180392156862743,Low-high,1.3144124983864525,0.168,0.3868732394366197,Not significant,Not significant,"ACLED (Armed Conflict Location & Event Data), course file accessed 2026-10-08; https://acleddata.com/; original township/time aggregation and statistics"
MMR008001,Events,Rook,83,0.21446263752069716,0.164,0.37241666666666673,Low-low,-1.256146153452434,0.2,0.4274509803921569,Not significant,Not significant,"ACLED (Armed Conflict Location & Event Data), course file accessed 2026-10-08; https://acleddata.com/; original township/time aggregation and statistics"
MMR008002,Events,Rook,95,0.02756682353465794,0.878,0.9202115384615384,Low-low,-0.3410822087094459,0.91,0.9446666666666668,Not significant,Not significant,"ACLED (Armed Conflict Location & Event Data), course file accessed 2026-10-08; https://acleddata.com/; original township/time aggregation and statistics"
MMR008003,Events,Rook,77,0.17351435879421637,0.306,0.5369684210526315,Low-low,-1.154193729513629,0.272,0.5082514285714286,Not significant,Not significant,"ACLED (Armed Conflict Location & Event Data), course file accessed 2026-10-08; https://acleddata.com/; original township/time aggregation and statistics"
MMR008004,Events,Rook,189,-0.03805970581308966,0.702,0.816918149466192,High-low,-0.4181326980748249,0.74,0.8460839160839161,Not significant,Not significant,"ACLED (Armed Conflict Location & Event Data), course file accessed 2026-10-08; https://acleddata.com/; original township/time aggregation and statistics"
MMR008005,Events,Rook,50,0.16088593869016704,0.608,0.7827401574803149,Low-low,-0.8161773192232744,0.63,0.7808955223880597,Not significant,Not significant,"ACLED (Armed Conflict Location & Event Data), course file accessed 2026-10-08; https://acleddata.com/; original township/time aggregation and statistics"
MMR008006,Events,Rook,14,0.3583214321177478,0.176,0.3888648648648649,Low-low,-1.3834648785188757,0.206,0.43322292993630573,Not significant,Not significant,"ACLED (Armed Conflict Location & Event Data), course file accessed 2026-10-08; https://acleddata.com/; original township/time aggregation and statistics"
MMR008007,Events,Rook,61,0.29899233989782215,0.152,0.3525106382978723,Low-low,-1.278587538399791,0.174,0.3924,Not significant,Not significant,"ACLED (Armed Conflict Location & Event Data), course file accessed 2026-10-08; https://acleddata.com/; original township/time aggregation and statistics"
MMR008008,Events,Rook,83,0.1131612658001952,0.432,0.6306428571428572,Low-low,-0.936467279571605,0.458,0.6597117903930132,Not significant,Not significant,"ACLED (Armed Conflict Location & Event Data), course file accessed 2026-10-08; https://acleddata.com/; original township/time aggregation and statistics"
MMR008009,Events,Rook,209,-0.06407256069571808,0.764,0.8614758620689654,High-low,-0.3310898502699109,0.78,0.8705418060200669,Not significant,Not significant,"ACLED (Armed Conflict Location & Event Data), course file accessed 2026-10-08; https://acleddata.com/; original township/time aggregation and statistics"
MMR008010,Events,Rook,214,-0.01638637706123814,0.952,0.9697943925233644,High-low,-0.03808428831800165,0.986,0.9890245398773004,Not significant,Not significant,"ACLED (Armed Conflict Location & Event Data), course file accessed 2026-10-08; https://acleddata.com/; original township/time aggregation and statistics"
MMR008011,Events,Rook,24,0.08379631759130893,0.968,0.9789814814814816,Low-low,-0.5429068541773554,0.864,0.92028664495114,Not significant,Not significant,"ACLED (Armed Conflict Location & Event Data), course file accessed 2026-10-08; https://acleddata.com/; original township/time aggregation and statistics"
MMR008012,Events,Rook,157,0.0073562997099128,0.62,0.7883488372093024,Low-low,-0.5633593018313182,0.6,0.7724409448818897,Not significant,Not significant,"ACLED (Armed Conflict Location & Event Data), course file accessed 2026-10-08; https://acleddata.com/; original township/time aggregation and statistics"
MMR008013,Events,Rook,20,0.2409481010153589,0.332,0.5483030303030304,Low-low,-1.200024404273254,0.288,0.5174505494505495,Not significant,Not significant,"ACLED (Armed Conflict Location & Event Data), course file accessed 2026-10-08; https://acleddata.com/; original township/time aggregation and statistics"
MMR008014,Events,Rook,124,0.01777685002500433,0.918,0.9529714285714288,Low-low,-0.2641793836857642,0.998,0.998,Not significant,Not significant,"ACLED (Armed Conflict Location & Event Data), course file accessed 2026-10-08; https://acleddata.com/; original township/time aggregation and statistics"
MMR009001,Events,Rook,68,0.2313793249538471,0.108,0.2802857142857143,Low-low,-1.4654931670949691,0.098,0.2648429752066116,Not significant,Not significant,"ACLED (Armed Conflict Location & Event Data), course file accessed 2026-10-08; https://acleddata.com/; original township/time aggregation and statistics"
MMR009002,Events,Rook,80,0.0885641478795049,0.67,0.7980216606498195,Low-low,-0.6430785992863092,0.67,0.7966909090909092,Not significant,Not significant,"ACLED (Armed Conflict Location & Event Data), course file accessed 2026-10-08; https://acleddata.com/; original township/time aggregation and statistics"
MMR009003,Events,Rook,82,-0.15127453655079376,0.348,0.5551024390243903,Low-high,0.6884834590273625,0.374,0.5768773584905661,Not significant,Not significant,"ACLED (Armed Conflict Location & Event Data), course file accessed 2026-10-08; https://acleddata.com/; original township/time aggregation and statistics"
MMR009004,Events,Rook,77,0.2860695611224862,0.016,0.08175,Low-low,-1.672442176280566,0.024,0.10750684931506849,Low-low,Cold spot,"ACLED (Armed Conflict Location & Event Data), course file accessed 2026-10-08; https://acleddata.com/; original township/time aggregation and statistics"
MMR009005,Events,Rook,39,0.31689638392656544,0.212,0.43600000000000005,Low-low,-1.3029946867268354,0.25,0.4847294117647059,Not significant,Not significant,"ACLED (Armed Conflict Location & Event Data), course file accessed 2026-10-08; https://acleddata.com/; original township/time aggregation and statistics"
MMR009006,Events,Rook,134,0.0888722818049306,0.046,0.16901123595505618,Low-low,-1.51340669757985,0.058,0.19353061224489795,Low-low,Not significant,"ACLED (Armed Conflict Location & Event Data), course file accessed 2026-10-08; https://acleddata.com/; original township/time aggregation and statistics"
MMR009007,Events,Rook,36,0.22817525184930693,0.568,0.7459277108433734,Low-low,-0.9310450035841564,0.562,0.753172131147541,Not significant,Not significant,"ACLED (Armed Conflict Location & Event Data), course file accessed 2026-10-08; https://acleddata.com/; original township/time aggregation and statistics"
MMR009008,Events,Rook,111,0.07683515693976298,0.544,0.7290491803278689,Low-low,-0.7620692513058289,0.578,0.7612559999999999,Not significant,Not significant,"ACLED (Armed Conflict Location & Event Data), course file accessed 2026-10-08; https://acleddata.com/; original township/time aggregation and statistics"
MMR009009,Events,Rook,161,0.00660043376474645,0.516,0.7144537815126051,Low-low,-0.7326647164297767,0.448,0.6569196428571429,Not significant,Not significant,"ACLED (Armed Conflict Location & Event Data), course file accessed 2026-10-08; https://acleddata.com/; original township/time aggregation and statistics"
MMR009010,Events,Rook,261,-0.10797679768147272,0.754,0.8599307958477509,High-low,-0.3371026369504018,0.684,0.8045611510791367,Not significant,Not significant,"ACLED (Armed Conflict Location & Event Data), course file accessed 2026-10-08; https://acleddata.com/; original township/time aggregation and statistics"
MMR009011,Events,Rook,33,-0.09668546193066416,0.62,0.7883488372093024,Low-high,0.13755733791662264,0.646,0.7847999999999999,Not significant,Not significant,"ACLED (Armed Conflict Location & Event Data), course file accessed 2026-10-08; https://acleddata.com/; original township/time aggregation and statistics"
MMR009012,Events,Rook,35,0.3676934458946602,0.124,0.3119076923076923,Low-low,-1.441503393798978,0.124,0.31432558139534883,Not significant,Not significant,"ACLED (Armed Conflict Location & Event Data), course file accessed 2026-10-08; https://acleddata.com/; original township/time aggregation and statistics"
MMR009013,Events,Rook,30,0.22724275443632547,0.388,0.5956619718309859,Low-low,-1.0904909371472058,0.406,0.6118064516129033,Not significant,Not significant,"ACLED (Armed Conflict Location & Event Data), course file accessed 2026-10-08; https://acleddata.com/; original township/time aggregation and statistics"
MMR009014,Events,Rook,83,0.11503226738870052,0.638,0.7925799256505577,Low-low,-0.750996751189325,0.64,0.7808955223880597,Not significant,Not significant,"ACLED (Armed Conflict Location & Event Data), course file accessed 2026-10-08; https://acleddata.com/; original township/time aggregation and statistics"
MMR009015,Events,Rook,49,0.2332387277937162,0.394,0.6020467289719627,Low-low,-1.0728258058569509,0.372,0.5768773584905661,Not significant,Not significant,"ACLED (Armed Conflict Location & Event Data), course file accessed 2026-10-08; https://acleddata.com/; original township/time aggregation and statistics"
MMR009016,Events,Rook,53,0.22750992918746848,0.21,0.43462025316455694,Low-low,-1.2967279808301049,0.222,0.4508944099378882,Not significant,Not significant,"ACLED (Armed Conflict Location & Event Data), course file accessed 2026-10-08; https://acleddata.com/; original township/time aggregation and statistics"
MMR009017,Events,Rook,31,0.38460075588196097,0.07,0.22223300970873788,Low-low,-1.5817826318847417,0.102,0.2733934426229508,Not significant,Not significant,"ACLED (Armed Conflict Location & Event Data), course file accessed 2026-10-08; https://acleddata.com/; original township/time aggregation and statistics"
MMR009018,Events,Rook,731,3.500520135030415,0.008,0.05129411764705883,High-high,4.1260599488587975,0.014,0.07266666666666667,High-high,Hot spot,"ACLED (Armed Conflict Location & Event Data), course file accessed 2026-10-08; https://acleddata.com/; original township/time aggregation and statistics"
MMR009019,Events,Rook,760,5.8370181747543075,0.002,0.02422222222222222,High-high,6.008831367688644,0.002,0.02616,High-high,Hot spot,"ACLED (Armed Conflict Location & Event Data), course file accessed 2026-10-08; https://acleddata.com/; original township/time aggregation and statistics"
MMR009020,Events,Rook,934,8.1267795405162,0.002,0.02422222222222222,High-high,5.956491078054297,0.002,0.02616,High-high,Hot spot,"ACLED (Armed Conflict Location & Event Data), course file accessed 2026-10-08; https://acleddata.com/; original township/time aggregation and statistics"
MMR009021,Events,Rook,556,2.8611026432562054,0.002,0.02422222222222222,High-high,4.387949206365205,0.006,0.040875,High-high,Hot spot,"ACLED (Armed Conflict Location & Event Data), course file accessed 2026-10-08; https://acleddata.com/; original township/time aggregation and statistics"
MMR009022,Events,Rook,161,-0.01952947802785883,0.068,0.2201584158415842,Low-high,2.1373171698150646,0.046,0.17289655172413793,Not significant,Hot spot,"ACLED (Armed Conflict Location & Event Data), course file accessed 2026-10-08; https://acleddata.com/; original township/time aggregation and statistics"
MMR009023,Events,Rook,445,1.7083441744704209,0.002,0.02422222222222222,High-high,3.792962686128086,0.01,0.06055555555555556,High-high,Hot spot,"ACLED (Armed Conflict Location & Event Data), course file accessed 2026-10-08; https://acleddata.com/; original township/time aggregation and statistics"
MMR009024,Events,Rook,187,0.107291879216482,0.042,0.16157647058823532,High-high,2.051767674270507,0.038,0.15532500000000002,High-high,Hot spot,"ACLED (Armed Conflict Location & Event Data), course file accessed 2026-10-08; https://acleddata.com/; original township/time aggregation and statistics"
MMR009025,Events,Rook,247,0.15331162243893473,0.296,0.5289180327868852,High-high,1.087790657382438,0.328,0.5444467005076142,Not significant,Not significant,"ACLED (Armed Conflict Location & Event Data), course file accessed 2026-10-08; https://acleddata.com/; original township/time aggregation and statistics"
MMR010001,Events,Rook,128,0.01513167569146008,0.832,0.9014013157894736,Low-low,-0.20170598177392152,0.796,0.8705418060200669,Not significant,Not significant,"ACLED (Armed Conflict Location & Event Data), course file accessed 2026-10-08; https://acleddata.com/; original township/time aggregation and statistics"
MMR010002,Events,Rook,149,0.00816915327386356,0.974,0.979993846153846,Low-low,-0.19679517079947192,0.982,0.9880430769230768,Not significant,Not significant,"ACLED (Armed Conflict Location & Event Data), course file accessed 2026-10-08; https://acleddata.com/; original township/time aggregation and statistics"
MMR010003,Events,Rook,156,0.00635795445353161,0.884,0.9235399361022364,Low-low,-0.28274450594729966,0.97,0.9840371517027864,Not significant,Not significant,"ACLED (Armed Conflict Location & Event Data), course file accessed 2026-10-08; https://acleddata.com/; original township/time aggregation and statistics"
MMR010004,Events,Rook,160,0.00419507018068856,0.866,0.9134903225806452,Low-low,-0.3295290779417117,0.87,0.9206796116504854,Not significant,Not significant,"ACLED (Armed Conflict Location & Event Data), course file accessed 2026-10-08; https://acleddata.com/; original township/time aggregation and statistics"
MMR010005,Events,Rook,128,0.03075965269933101,0.94,0.9666037735849056,Low-low,-0.3460114813221819,0.928,0.9542641509433964,Not significant,Not significant,"ACLED (Armed Conflict Location & Event Data), course file accessed 2026-10-08; https://acleddata.com/; original township/time aggregation and statistics"
MMR010006,Events,Rook,85,-0.05769637226239334,0.628,0.7923461538461538,Low-high,0.2242639164153656,0.69,0.8047446808510638,Not significant,Not significant,"ACLED (Armed Conflict Location & Event Data), course file accessed 2026-10-08; https://acleddata.com/; original township/time aggregation and statistics"
MMR010007,Events,Rook,147,-0.03082489265171059,0.258,0.4962705882352942,Low-high,1.045250486796836,0.274,0.5090795454545455,Not significant,Not significant,"ACLED (Armed Conflict Location & Event Data), course file accessed 2026-10-08; https://acleddata.com/; original township/time aggregation and statistics"
MMR010008,Events,Rook,43,-0.6102088552683875,0.052,0.1868571428571429,Low-high,1.8338201499069873,0.062,0.19876470588235295,Not significant,Not significant,"ACLED (Armed Conflict Location & Event Data), course file accessed 2026-10-08; https://acleddata.com/; original township/time aggregation and statistics"
MMR010009,Events,Rook,789,3.6397834014737938,0.028,0.12542465753424656,High-high,3.874788696438942,0.014,0.07266666666666667,High-high,Hot spot,"ACLED (Armed Conflict Location & Event Data), course file accessed 2026-10-08; https://acleddata.com/; original township/time aggregation and statistics"
MMR010010,Events,Rook,272,1.2370839315414983,0.002,0.02422222222222222,High-high,5.536880343695724,0.002,0.02616,High-high,Hot spot,"ACLED (Armed Conflict Location & Event Data), course file accessed 2026-10-08; https://acleddata.com/; original township/time aggregation and statistics"
MMR010011,Events,Rook,318,1.03924598502358,0.034,0.14628947368421052,High-high,2.807265082445554,0.038,0.15532500000000002,High-high,Hot spot,"ACLED (Armed Conflict Location & Event Data), course file accessed 2026-10-08; https://acleddata.com/; original township/time aggregation and statistics"
MMR010012,Events,Rook,349,0.982535347163431,0.018,0.08918181818181817,High-high,3.21648754492632,0.01,0.06055555555555556,High-high,Hot spot,"ACLED (Armed Conflict Location & Event Data), course file accessed 2026-10-08; https://acleddata.com/; original township/time aggregation and statistics"
MMR010013,Events,Rook,72,-0.00536724745695028,0.93,0.9593375394321768,Low-high,-0.13494905165085502,0.888,0.9366967741935484,Not significant,Not significant,"ACLED (Armed Conflict Location & Event Data), course file accessed 2026-10-08; https://acleddata.com/; original township/time aggregation and statistics"
MMR010014,Events,Rook,50,0.2391021725798729,0.34,0.5503960396039604,Low-low,-1.099305411620743,0.364,0.5768773584905661,Not significant,Not significant,"ACLED (Armed Conflict Location & Event Data), course file accessed 2026-10-08; https://acleddata.com/; original township/time aggregation and statistics"
MMR010015,Events,Rook,29,0.06517731265419374,0.97,0.9789814814814816,Low-low,-0.4760162297961004,0.934,0.957423197492163,Not significant,Not significant,"ACLED (Armed Conflict Location & Event Data), course file accessed 2026-10-08; https://acleddata.com/; original township/time aggregation and statistics"
MMR010016,Events,Rook,52,-0.14909392611751257,0.418,0.6184886877828054,Low-high,0.4684579538199884,0.43,0.6391363636363636,Not significant,Not significant,"ACLED (Armed Conflict Location & Event Data), course file accessed 2026-10-08; https://acleddata.com/; original township/time aggregation and statistics"
MMR010017,Events,Rook,652,3.0957169363276273,0.024,0.11053521126760564,High-high,3.632396449093783,0.016,0.0804923076923077,High-high,Hot spot,"ACLED (Armed Conflict Location & Event Data), course file accessed 2026-10-08; https://acleddata.com/; original township/time aggregation and statistics"
MMR010018,Events,Rook,300,0.7743984831372268,0.01,0.05945454545454545,High-high,3.1333581011487,0.01,0.06055555555555556,High-high,Hot spot,"ACLED (Armed Conflict Location & Event Data), course file accessed 2026-10-08; https://acleddata.com/; original township/time aggregation and statistics"
MMR010019,Events,Rook,375,0.23078636239931088,0.558,0.7357500000000001,High-high,0.9267641544562012,0.49,0.6789406779661017,Not significant,Not significant,"ACLED (Armed Conflict Location & Event Data), course file accessed 2026-10-08; https://acleddata.com/; original township/time aggregation and statistics"
MMR010020,Events,Rook,77,0.10127820254348334,0.622,0.7883488372093024,Low-low,-0.7383560571216987,0.594,0.7724409448818897,Not significant,Not significant,"ACLED (Armed Conflict Location & Event Data), course file accessed 2026-10-08; https://acleddata.com/; original township/time aggregation and statistics"
MMR010021,Events,Rook,253,0.6102548978381994,0.004,0.03353846153846154,High-high,3.36482875921243,0.004,0.03114285714285714,High-high,Hot spot,"ACLED (Armed Conflict Location & Event Data), course file accessed 2026-10-08; https://acleddata.com/; original township/time aggregation and statistics"
MMR010022,Events,Rook,126,-0.12616589432574782,0.22,0.4440740740740741,Low-high,1.0962864495070457,0.216,0.4442264150943397,Not significant,Not significant,"ACLED (Armed Conflict Location & Event Data), course file accessed 2026-10-08; https://acleddata.com/; original township/time aggregation and statistics"
MMR010023,Events,Rook,9,0.39084164045413206,0.15,0.3525106382978723,Low-low,-1.5434885717528832,0.118,0.30623809523809525,Not significant,Not significant,"ACLED (Armed Conflict Location & Event Data), course file accessed 2026-10-08; https://acleddata.com/; original township/time aggregation and statistics"
MMR010024,Events,Rook,22,0.4017244142642254,0.184,0.3958421052631579,Low-low,-1.340966967725674,0.188,0.4153783783783784,Not significant,Not significant,"ACLED (Armed Conflict Location & Event Data), course file accessed 2026-10-08; https://acleddata.com/; original township/time aggregation and statistics"
MMR010028,Events,Rook,34,0.29476468722074334,0.242,0.4767108433734939,Low-low,-1.2890278531065584,0.252,0.4847294117647059,Not significant,Not significant,"ACLED (Armed Conflict Location & Event Data), course file accessed 2026-10-08; https://acleddata.com/; original township/time aggregation and statistics"
MMR010029,Events,Rook,68,-0.03562544780222654,0.798,0.8845627118644068,Low-high,-0.04419496657118407,0.768,0.8652577319587629,Not significant,Not significant,"ACLED (Armed Conflict Location & Event Data), course file accessed 2026-10-08; https://acleddata.com/; original township/time aggregation and statistics"
MMR010030,Events,Rook,23,0.4068545421424642,0.062,0.20687755102040817,Low-low,-1.7009760306587631,0.042,0.1635,Not significant,Cold spot,"ACLED (Armed Conflict Location & Event Data), course file accessed 2026-10-08; https://acleddata.com/; original township/time aggregation and statistics"
MMR010031,Events,Rook,113,0.07313172797245655,0.588,0.7660398406374501,Low-low,-0.7507368082563506,0.63,0.7808955223880597,Not significant,Not significant,"ACLED (Armed Conflict Location & Event Data), course file accessed 2026-10-08; https://acleddata.com/; original township/time aggregation and statistics"
MMR011001,Events,Rook,55,0.15212853240898577,0.708,0.8209787234042553,Low-low,-0.7483623891297843,0.69,0.8047446808510638,Not significant,Not significant,"ACLED (Armed Conflict Location & Event Data), course file accessed 2026-10-08; https://acleddata.com/; original township/time aggregation and statistics"
MMR011002,Events,Rook,145,-0.0906629105765561,0.108,0.2802857142857143,Low-high,1.6220559252537745,0.082,0.23729203539823007,Not significant,Not significant,"ACLED (Armed Conflict Location & Event Data), course file accessed 2026-10-08; https://acleddata.com/; original township/time aggregation and statistics"
MMR011004,Events,Rook,123,-0.1439479853333654,0.284,0.5246779661016948,Low-high,0.9447096046992582,0.244,0.4777724550898203,Not significant,Not significant,"ACLED (Armed Conflict Location & Event Data), course file accessed 2026-10-08; https://acleddata.com/; original township/time aggregation and statistics"
MMR011005,Events,Rook,49,-0.0148064385987869,0.836,0.9014013157894736,Low-high,-0.21145372957486155,0.814,0.8784752475247525,Not significant,Not significant,"ACLED (Armed Conflict Location & Event Data), course file accessed 2026-10-08; https://acleddata.com/; original township/time aggregation and statistics"
MMR011006,Events,Rook,510,0.92136259549344,0.342,0.5509064039408867,High-high,1.6708956492431128,0.322,0.5427525773195876,Not significant,Not significant,"ACLED (Armed Conflict Location & Event Data), course file accessed 2026-10-08; https://acleddata.com/; original township/time aggregation and statistics"
MMR011007,Events,Rook,345,0.20563405085352357,0.592,0.7681904761904762,High-high,0.7954932941765487,0.596,0.7724409448818897,Not significant,Not significant,"ACLED (Armed Conflict Location & Event Data), course file accessed 2026-10-08; https://acleddata.com/; original township/time aggregation and statistics"
MMR011008,Events,Rook,65,-0.06493861891735128,0.672,0.7980216606498195,Low-high,-0.05006579878547394,0.702,0.8111448763250882,Not significant,Not significant,"ACLED (Armed Conflict Location & Event Data), course file accessed 2026-10-08; https://acleddata.com/; original township/time aggregation and statistics"
MMR011009,Events,Rook,501,0.52373732810957,0.472,0.67399126637554585,High-high,1.3102895654798974,0.46,0.6597117903930132,Not significant,Not significant,"ACLED (Armed Conflict Location & Event Data), course file accessed 2026-10-08; https://acleddata.com/; original township/time aggregation and statistics"
MMR011010,Events,Rook,395,1.0406720314290496,0.092,0.2549491525423729,High-high,2.34711712317434,0.09,0.2515384615384615,Not significant,Not significant,"ACLED (Armed Conflict Location & Event Data), course file accessed 2026-10-08; https://acleddata.com/; original township/time aggregation and statistics"
MMR012001,Events,Rook,219,-0.00635624299063563,0.652,0.7925799256505577,High-low,0.17332754349198132,0.67,0.7966909090909092,Not significant,Not significant,"ACLED (Armed Conflict Location & Event Data), course file accessed 2026-10-08; https://acleddata.com/; original township/time aggregation and statistics"
MMR012002,Events,Rook,160,-0.00110989560822721,0.772,0.8645342465753424,Low-high,0.07370937591488973,0.82,0.8820394736842104,Not significant,Not significant,"ACLED (Armed Conflict Location & Event Data), course file accessed 2026-10-08; https://acleddata.com/; original township/time aggregation and statistics"
MMR012003,Events,Rook,134,-0.00374791130005604,0.838,0.9014013157894736,Low-high,-0.02431544159721224,0.794,0.8705418060200669,Not significant,Not significant,"ACLED (Armed Conflict Location & Event Data), course file accessed 2026-10-08; https://acleddata.com/; original township/time aggregation and statistics"
MMR012004,Events,Rook,166,2.8853141717170896e-5,0.838,0.9014013157894736,High-high,0.01132994658900654,0.864,0.92028664495114,Not significant,Not significant,"ACLED (Armed Conflict Location & Event Data), course file accessed 2026-10-08; https://acleddata.com/; original township/time aggregation and statistics"
MMR012005,Events,Rook,189,-0.01793366740572084,0.794,0.8831224489795919,High-low,-0.3313659947806605,0.764,0.86445674740484435,Not significant,Not significant,"ACLED (Armed Conflict Location & Event Data), course file accessed 2026-10-08; https://acleddata.com/; original township/time aggregation and statistics"
MMR012006,Events,Rook,57,-0.1551277722769301,0.554,0.7357500000000001,Low-high,0.02767275597628654,0.576,0.7612559999999999,Not significant,Not significant,"ACLED (Armed Conflict Location & Event Data), course file accessed 2026-10-08; https://acleddata.com/; original township/time aggregation and statistics"
MMR012007,Events,Rook,140,0.00199425635069369,0.722,0.8313169014084506,Low-low,-0.0898838471206951,0.794,0.8705418060200669,Not significant,Not significant,"ACLED (Armed Conflict Location & Event Data), course file accessed 2026-10-08; https://acleddata.com/; original township/time aggregation and statistics"
MMR012008,Events,Rook,127,-0.13881125387139506,0.25,0.4866071428571429,Low-high,1.0242916369780368,0.244,0.4777724550898203,Not significant,Not significant,"ACLED (Armed Conflict Location & Event Data), course file accessed 2026-10-08; https://acleddata.com/; original township/time aggregation and statistics"
MMR012009,Events,Rook,599,-0.09347998601076916,0.846,0.907022950819672,High-low,1.194637084280469,0.788,0.8705418060200669,Not significant,Not significant,"ACLED (Armed Conflict Location & Event Data), course file accessed 2026-10-08; https://acleddata.com/; original township/time aggregation and statistics"
MMR012010,Events,Rook,185,0.04084245838157781,0.346,0.5546176470588235,High-high,0.8805543424104756,0.394,0.599246511627907,Not significant,Not significant,"ACLED (Armed Conflict Location & Event Data), course file accessed 2026-10-08; https://acleddata.com/; original township/time aggregation and statistics"
MMR012011,Events,Rook,343,-0.01652518724687796,0.794,0.8831224489795919,High-low,0.4892974656985796,0.756,0.8583750000000001,Not significant,Not significant,"ACLED (Armed Conflict Location & Event Data), course file accessed 2026-10-08; https://acleddata.com/; original township/time aggregation and statistics"
MMR012013,Events,Rook,64,-0.3352713180249284,0.312,0.5369684210526315,Low-high,0.4892974656985796,0.342,0.5619798994974875,Not significant,Not significant,"ACLED (Armed Conflict Location & Event Data), course file accessed 2026-10-08; https://acleddata.com/; original township/time aggregation and statistics"
MMR012014,Events,Rook,258,-0.0909006262052472,0.618,0.7883488372093024,High-low,-0.4204668848244002,0.632,0.7808955223880597,Not significant,Not significant,"ACLED (Armed Conflict Location & Event Data), course file accessed 2026-10-08; https://acleddata.com/; original township/time aggregation and statistics"
MMR012015,Events,Rook,205,-0.06622845373661708,0.52,0.7144537815126051,High-low,-0.6023035803618776,0.482,0.6789406779661017,Not significant,Not significant,"ACLED (Armed Conflict Location & Event Data), course file accessed 2026-10-08; https://acleddata.com/; original township/time aggregation and statistics"
MMR012016,Events,Rook,165,-1.6170165519120277e-4,0.86,0.9134903225806452,High-low,-0.3089910242091044,0.904,0.9446666666666668,Not significant,Not significant,"ACLED (Armed Conflict Location & Event Data), course file accessed 2026-10-08; https://acleddata.com/; original township/time aggregation and statistics"
MMR012017,Events,Rook,208,-0.08330565537190472,0.29,0.5289180327868852,High-low,-0.8976130380377572,0.276,0.5098983050847458,Not significant,Not significant,"ACLED (Armed Conflict Location & Event Data), course file accessed 2026-10-08; https://acleddata.com/; original township/time aggregation and statistics"
MMR013001,Events,Rook,154,0.01484955774423363,0.652,0.7925799256505577,Low-low,-0.5941560093576338,0.632,0.7808955223880597,Not significant,Not significant,"ACLED (Armed Conflict Location & Event Data), course file accessed 2026-10-08; https://acleddata.com/; original township/time aggregation and statistics"
MMR013002,Events,Rook,142,0.03617793241557452,0.468,0.6712105263157895,Low-low,-0.7771791753717997,0.49,0.6789406779661017,Not significant,Not significant,"ACLED (Armed Conflict Location & Event Data), course file accessed 2026-10-08; https://acleddata.com/; original township/time aggregation and statistics"
MMR013003,Events,Rook,53,0.27888489593291466,0.208,0.43322292993630573,Low-low,-1.264293724456678,0.196,0.4216578947368421,Not significant,Not significant,"ACLED (Armed Conflict Location & Event Data), course file accessed 2026-10-08; https://acleddata.com/; original township/time aggregation and statistics"
MMR013004,Events,Rook,37,0.2874811128401405,0.092,0.2549491525423729,Low-low,-1.6537182765886964,0.048,0.1744,Not significant,Cold spot,"ACLED (Armed Conflict Location & Event Data), course file accessed 2026-10-08; https://acleddata.com/; original township/time aggregation and statistics"
MMR013005,Events,Rook,19,0.4655527003090213,0.004,0.03353846153846154,Low-low,-1.985156265395691,0.01,0.06055555555555556,Low-low,Cold spot,"ACLED (Armed Conflict Location & Event Data), course file accessed 2026-10-08; https://acleddata.com/; original township/time aggregation and statistics"
MMR013006,Events,Rook,11,0.45089250169878153,0.074,0.22828301886792451,Low-low,-1.6459998091651171,0.058,0.19353061224489795,Not significant,Not significant,"ACLED (Armed Conflict Location & Event Data), course file accessed 2026-10-08; https://acleddata.com/; original township/time aggregation and statistics"
MMR013007,Events,Rook,106,0.13023028113335863,0.324,0.5461237113402062,Low-low,-1.040235521839976,0.29,0.5181967213114753,Not significant,Not significant,"ACLED (Armed Conflict Location & Event Data), course file accessed 2026-10-08; https://acleddata.com/; original township/time aggregation and statistics"
MMR013009,Events,Rook,65,0.22239131563907932,0.206,0.4318076923076923,Low-low,-1.3028335783686171,0.192,0.41856,Not significant,Not significant,"ACLED (Armed Conflict Location & Event Data), course file accessed 2026-10-08; https://acleddata.com/; original township/time aggregation and statistics"
MMR013010,Events,Rook,24,0.3187985287298495,0.294,0.5289180327868852,Low-low,-1.2276296549375811,0.312,0.5369684210526315,Not significant,Not significant,"ACLED (Armed Conflict Location & Event Data), course file accessed 2026-10-08; https://acleddata.com/; original township/time aggregation and statistics"
MMR013011,Events,Rook,69,0.2125539524923904,0.402,0.6085833333333334,Low-low,-1.0201584740497036,0.36,0.5768773584905661,Not significant,Not significant,"ACLED (Armed Conflict Location & Event Data), course file accessed 2026-10-08; https://acleddata.com/; original township/time aggregation and statistics"
MMR013012,Events,Rook,149,0.03078794744934335,0.406,0.6118064516129033,Low-low,-0.8426569249870668,0.41,0.615,Not significant,Not significant,"ACLED (Armed Conflict Location & Event Data), course file accessed 2026-10-08; https://acleddata.com/; original township/time aggregation and statistics"
MMR013013,Events,Rook,96,0.16401808056339717,0.36,0.5686956521739129,Low-low,-1.0201584740497036,0.366,0.5768773584905661,Not significant,Not significant,"ACLED (Armed Conflict Location & Event Data), course file accessed 2026-10-08; https://acleddata.com/; original township/time aggregation and statistics"
MMR013014,Events,Rook,28,0.3370659131794394,0.32,0.545,Low-low,-1.200613251742437,0.316,0.5381875,Not significant,Not significant,"ACLED (Armed Conflict Location & Event Data), course file accessed 2026-10-08; https://acleddata.com/; original township/time aggregation and statistics"
MMR013015,Events,Rook,65,0.3003093238345605,0.102,0.27565289256198344,Low-low,-1.453724750305344,0.086,0.2445391304347826,Not significant,Not significant,"ACLED (Armed Conflict Location & Event Data), course file accessed 2026-10-08; https://acleddata.com/; original township/time aggregation and statistics"
MMR013016,Events,Rook,15,0.5113695814392426,0.256,0.4953372781065089,Low-low,-1.2281758332061012,0.214,0.44289873417721515,Not significant,Not significant,"ACLED (Armed Conflict Location & Event Data), course file accessed 2026-10-08; https://acleddata.com/; original township/time aggregation and statistics"
MMR013017,Events,Rook,20,0.5084947683738118,0.042,0.16157647058823532,Low-low,-1.599396032075761,0.038,0.15532500000000002,Low-low,Cold spot,"ACLED (Armed Conflict Location & Event Data), course file accessed 2026-10-08; https://acleddata.com/; original township/time aggregation and statistics"
MMR013018,Events,Rook,128,0.08951483548853811,0.176,0.3888648648648649,Low-low,-1.1945908276942414,0.184,0.4093061224489796,Not significant,Not significant,"ACLED (Armed Conflict Location & Event Data), course file accessed 2026-10-08; https://acleddata.com/; original township/time aggregation and statistics"
MMR013019,Events,Rook,107,0.10332293085584636,0.418,0.6184886877828054,Low-low,-0.9358333780644924,0.346,0.5657099999999999,Not significant,Not significant,"ACLED (Armed Conflict Location & Event Data), course file accessed 2026-10-08; https://acleddata.com/; original township/time aggregation and statistics"
MMR013020,Events,Rook,39,0.1835495724485103,0.676,0.7980216606498195,Low-low,-0.8107418184556675,0.664,0.7953406593406593,Not significant,Not significant,"ACLED (Armed Conflict Location & Event Data), course file accessed 2026-10-08; https://acleddata.com/; original township/time aggregation and statistics"
MMR013021,Events,Rook,49,0.22500839618572696,0.506,0.710137339055794,Low-low,-0.9644625550087368,0.456,0.6597117903930132,Not significant,Not significant,"ACLED (Armed Conflict Location & Event Data), course file accessed 2026-10-08; https://acleddata.com/; original township/time aggregation and statistics"
MMR013022,Events,Rook,31,0.4464967427507392,0.004,0.03353846153846154,Low-low,-2.043639250735,0.004,0.03114285714285714,Low-low,Cold spot,"ACLED (Armed Conflict Location & Event Data), course file accessed 2026-10-08; https://acleddata.com/; original township/time aggregation and statistics"
MMR013023,Events,Rook,81,0.2718704914781178,0.036,0.14715,Low-low,-1.518905318339293,0.042,0.1635,Low-low,Cold spot,"ACLED (Armed Conflict Location & Event Data), course file accessed 2026-10-08; https://acleddata.com/; original township/time aggregation and statistics"
MMR013024,Events,Rook,10,0.4411778251064382,0.452,0.654,Low-low,-1.1106192301091198,0.462,0.6597117903930132,Not significant,Not significant,"ACLED (Armed Conflict Location & Event Data), course file accessed 2026-10-08; https://acleddata.com/; original township/time aggregation and statistics"
MMR013025,Events,Rook,16,0.42954641907147656,0.23,0.4585975609756098,Low-low,-1.2487701599845764,0.26,0.49430232558139536,Not significant,Not significant,"ACLED (Armed Conflict Location & Event Data), course file accessed 2026-10-08; https://acleddata.com/; original township/time aggregation and statistics"
MMR013026,Events,Rook,50,0.3560044933754585,0.13,0.319624060150376,Low-low,-1.383295866196809,0.096,0.2637983193277311,Not significant,Not significant,"ACLED (Armed Conflict Location & Event Data), course file accessed 2026-10-08; https://acleddata.com/; original township/time aggregation and statistics"
MMR013027,Events,Rook,61,0.3151743953580238,0.008,0.05129411764705883,Low-low,-1.9351265050977329,0.014,0.07266666666666667,Low-low,Cold spot,"ACLED (Armed Conflict Location & Event Data), course file accessed 2026-10-08; https://acleddata.com/; original township/time aggregation and statistics"
MMR013028,Events,Rook,23,0.4566017221070673,0.044,0.16537931034482758,Low-low,-1.6268606341455225,0.06,0.1962,Low-low,Not significant,"ACLED (Armed Conflict Location & Event Data), course file accessed 2026-10-08; https://acleddata.com/; original township/time aggregation and statistics"
MMR013029,Events,Rook,20,0.503171437483113,0.488,0.6906465517241379,Low-low,-1.0047636324159046,0.448,0.6569196428571429,Not significant,Not significant,"ACLED (Armed Conflict Location & Event Data), course file accessed 2026-10-08; https://acleddata.com/; original township/time aggregation and statistics"
MMR013030,Events,Rook,18,0.4873353726281008,0.114,0.291234375,Low-low,-1.3756040239288798,0.14,0.3442105263157895,Not significant,Not significant,"ACLED (Armed Conflict Location & Event Data), course file accessed 2026-10-08; https://acleddata.com/; original township/time aggregation and statistics"
MMR013031,Events,Rook,4,0.4865240099272879,0.226,0.4533865030674847,Low-low,-1.3208913767372197,0.208,0.43322292993630573,Not significant,Not significant,"ACLED (Armed Conflict Location & Event Data), course file accessed 2026-10-08; https://acleddata.com/; original township/time aggregation and statistics"
MMR013033,Events,Rook,23,0.5083844653237151,0.022,0.10277142857142856,Low-low,-1.6194465629305097,0.024,0.10750684931506849,Low-low,Cold spot,"ACLED (Armed Conflict Location & Event Data), course file accessed 2026-10-08; https://acleddata.com/; original township/time aggregation and statistics"
MMR013034,Events,Rook,6,0.5712866255214543,0.008,0.05129411764705883,Low-low,-1.818328552745249,0.004,0.03114285714285714,Low-low,Cold spot,"ACLED (Armed Conflict Location & Event Data), course file accessed 2026-10-08; https://acleddata.com/; original township/time aggregation and statistics"
MMR013035,Events,Rook,17,0.5401619257637614,0.004,0.03353846153846154,Low-low,-1.968974436075242,0.004,0.03114285714285714,Low-low,Cold spot,"ACLED (Armed Conflict Location & Event Data), course file accessed 2026-10-08; https://acleddata.com/; original township/time aggregation and statistics"
MMR013036,Events,Rook,9,0.5872225115759535,0.02,0.09478260869565217,Low-low,-1.534768088486437,0.014,0.07266666666666667,Low-low,Cold spot,"ACLED (Armed Conflict Location & Event Data), course file accessed 2026-10-08; https://acleddata.com/; original township/time aggregation and statistics"
MMR013037,Events,Rook,26,0.4457497984554152,0.088,0.25242105263157893,Low-low,-1.4768650101856335,0.072,0.21599999999999997,Not significant,Not significant,"ACLED (Armed Conflict Location & Event Data), course file accessed 2026-10-08; https://acleddata.com/; original township/time aggregation and statistics"
MMR013038,Events,Rook,45,0.29737589236262235,0.18,0.3924,Low-low,-1.374021175977644,0.176,0.39419178082191775,Not significant,Not significant,"ACLED (Armed Conflict Location & Event Data), course file accessed 2026-10-08; https://acleddata.com/; original township/time aggregation and statistics"
MMR013039,Events,Rook,63,0.3173060531276448,0.064,0.2113939393939394,Low-low,-1.502610176330806,0.056,0.1927578947368421,Not significant,Not significant,"ACLED (Armed Conflict Location & Event Data), course file accessed 2026-10-08; https://acleddata.com/; original township/time aggregation and statistics"
MMR013040,Events,Rook,106,0.07989576986486502,0.812,0.8910201342281879,Low-low,-0.5598881930713993,0.81,0.8784752475247525,Not significant,Not significant,"ACLED (Armed Conflict Location & Event Data), course file accessed 2026-10-08; https://acleddata.com/; original township/time aggregation and statistics"
MMR013041,Events,Rook,45,0.29443979982491564,0.162,0.37044755244755245,Low-low,-1.3626887329281658,0.174,0.3924,Not significant,Not significant,"ACLED (Armed Conflict Location & Event Data), course file accessed 2026-10-08; https://acleddata.com/; original township/time aggregation and statistics"
MMR013042,Events,Rook,101,0.0950299130337712,0.322,0.5455647668393783,Low-low,-1.018297370176377,0.368,0.5768773584905661,Not significant,Not significant,"ACLED (Armed Conflict Location & Event Data), course file accessed 2026-10-08; https://acleddata.com/; original township/time aggregation and statistics"
MMR013043,Events,Rook,10,0.5023561581432464,0.008,0.05129411764705883,Low-low,-2.0286007687906062,0.016,0.0804923076923077,Low-low,Cold spot,"ACLED (Armed Conflict Location & Event Data), course file accessed 2026-10-08; https://acleddata.com/; original township/time aggregation and statistics"
MMR013044,Events,Rook,62,0.29314211530782064,0.05,0.18166666666666667,Low-low,-1.6231170622109126,0.064,0.20318446601941748,Not significant,Not significant,"ACLED (Armed Conflict Location & Event Data), course file accessed 2026-10-08; https://acleddata.com/; original township/time aggregation and statistics"
MMR013046,Events,Rook,182,-0.03585062144065918,0.288,0.5289180327868852,High-low,-0.9301671565397532,0.294,0.5224891304347826,Not significant,Not significant,"ACLED (Armed Conflict Location & Event Data), course file accessed 2026-10-08; https://acleddata.com/; original township/time aggregation and statistics"
MMR013047,Events,Rook,12,0.2321247232074395,0.51,0.7126923076923076,Low-low,-0.942464669789052,0.604,0.7745411764705883,Not significant,Not significant,"ACLED (Armed Conflict Location & Event Data), course file accessed 2026-10-08; https://acleddata.com/; original township/time aggregation and statistics"
MMR014001,Events,Rook,67,0.1662991761240434,0.52,0.7144537815126051,Low-low,-0.9058006002699552,0.45,0.6569196428571429,Not significant,Not significant,"ACLED (Armed Conflict Location & Event Data), course file accessed 2026-10-08; https://acleddata.com/; original township/time aggregation and statistics"
MMR014002,Events,Rook,109,-0.11310227271030936,0.314,0.5375811518324608,Low-high,0.832027737654084,0.322,0.5427525773195876,Not significant,Not significant,"ACLED (Armed Conflict Location & Event Data), course file accessed 2026-10-08; https://acleddata.com/; original township/time aggregation and statistics"
MMR014003,Events,Rook,45,0.2479516679778927,0.278,0.5165113636363636,Low-low,-1.1832583846447635,0.28,0.5115083798882682,Not significant,Not significant,"ACLED (Armed Conflict Location & Event Data), course file accessed 2026-10-08; https://acleddata.com/; original township/time aggregation and statistics"
MMR014004,Events,Rook,209,-0.04817622832301806,0.64,0.7925799256505577,High-low,-0.4202072193132406,0.648,0.7847999999999999,Not significant,Not significant,"ACLED (Armed Conflict Location & Event Data), course file accessed 2026-10-08; https://acleddata.com/; original township/time aggregation and statistics"
MMR014005,Events,Rook,20,0.3307969134033434,0.168,0.3762739726027397,Low-low,-1.410774420989501,0.19,0.41697986577181206,Not significant,Not significant,"ACLED (Armed Conflict Location & Event Data), course file accessed 2026-10-08; https://acleddata.com/; original township/time aggregation and statistics"
MMR014006,Events,Rook,22,0.3571011523105002,0.31,0.5369684210526315,Low-low,-1.2273472928821012,0.338,0.5582121212121213,Not significant,Not significant,"ACLED (Armed Conflict Location & Event Data), course file accessed 2026-10-08; https://acleddata.com/; original township/time aggregation and statistics"
MMR014007,Events,Rook,114,0.13188377495176734,0.13,0.319624060150376,Low-low,-1.2965828151395438,0.146,0.3510441176470588,Not significant,Not significant,"ACLED (Armed Conflict Location & Event Data), course file accessed 2026-10-08; https://acleddata.com/; original township/time aggregation and statistics"
MMR014008,Events,Rook,94,-0.04305808184432151,0.646,0.7925799256505577,Low-high,0.26895621584144686,0.692,0.8047446808510638,Not significant,Not significant,"ACLED (Armed Conflict Location & Event Data), course file accessed 2026-10-08; https://acleddata.com/; original township/time aggregation and statistics"
MMR014009,Events,Rook,177,-0.0161915741967628,0.49,0.6906465517241379,High-low,-0.648110434602599,0.512,0.7034621848739496,Not significant,Not significant,"ACLED (Armed Conflict Location & Event Data), course file accessed 2026-10-08; https://acleddata.com/; original township/time aggregation and statistics"
MMR014010,Events,Rook,559,0.899373579030275,0.25,0.4866071428571429,High-high,1.85045464376934,0.24,0.4756363636363636,Not significant,Not significant,"ACLED (Armed Conflict Location & Event Data), course file accessed 2026-10-08; https://acleddata.com/; original township/time aggregation and statistics"
MMR014011,Events,Rook,19,0.36085210816229835,0.202,0.42615483870967746,Low-low,-1.325400506988505,0.236,0.47056097560975607,Not significant,Not significant,"ACLED (Armed Conflict Location & Event Data), course file accessed 2026-10-08; https://acleddata.com/; original township/time aggregation and statistics"
MMR014012,Events,Rook,24,0.444409108545457,0.054,0.1898709677419355,Low-low,-1.5983441356306691,0.06,0.1962,Not significant,Not significant,"ACLED (Armed Conflict Location & Event Data), course file accessed 2026-10-08; https://acleddata.com/; original township/time aggregation and statistics"
MMR014013,Events,Rook,12,0.5415850337529458,0.006,0.04459090909090909,Low-low,-1.9274221448938225,0.004,0.03114285714285714,Low-low,Cold spot,"ACLED (Armed Conflict Location & Event Data), course file accessed 2026-10-08; https://acleddata.com/; original township/time aggregation and statistics"
MMR014014,Events,Rook,8,0.5810001302453981,0.006,0.04459090909090909,Low-low,-1.8590664077664676,0.004,0.03114285714285714,Low-low,Cold spot,"ACLED (Armed Conflict Location & Event Data), course file accessed 2026-10-08; https://acleddata.com/; original township/time aggregation and statistics"
MMR014015,Events,Rook,35,0.3392443355063275,0.088,0.25242105263157893,Low-low,-1.5505666597935968,0.094,0.26049152542372883,Not significant,Not significant,"ACLED (Armed Conflict Location & Event Data), course file accessed 2026-10-08; https://acleddata.com/; original township/time aggregation and statistics"
MMR014016,Events,Rook,69,0.1774541989147141,0.402,0.6085833333333334,Low-low,-0.964870490050722,0.46,0.6597117903930132,Not significant,Not significant,"ACLED (Armed Conflict Location & Event Data), course file accessed 2026-10-08; https://acleddata.com/; original township/time aggregation and statistics"
MMR014017,Events,Rook,10,0.5594243189346875,0.004,0.03353846153846154,Low-low,-1.9633082145505028,0.002,0.02616,Low-low,Cold spot,"ACLED (Armed Conflict Location & Event Data), course file accessed 2026-10-08; https://acleddata.com/; original township/time aggregation and statistics"
MMR014018,Events,Rook,1,0.5828528017132668,0.016,0.08175,Low-low,-1.8122178744920665,0.012,0.06884210526315789,Low-low,Cold spot,"ACLED (Armed Conflict Location & Event Data), course file accessed 2026-10-08; https://acleddata.com/; original township/time aggregation and statistics"
MMR014019,Events,Rook,6,0.6063150962683528,0.002,0.02422222222222222,Low-low,-2.21059836959015,0.002,0.02616,Low-low,Cold spot,"ACLED (Armed Conflict Location & Event Data), course file accessed 2026-10-08; https://acleddata.com/; original township/time aggregation and statistics"
MMR014020,Events,Rook,29,0.18946484055351465,0.44,0.6394666666666667,Low-low,-0.9453901323125746,0.488,0.6789406779661017,Not significant,Not significant,"ACLED (Armed Conflict Location & Event Data), course file accessed 2026-10-08; https://acleddata.com/; original township/time aggregation and statistics"
MMR014021,Events,Rook,5,0.6323274764068535,0.002,0.02422222222222222,Low-low,-1.6019154282216563,0.002,0.02616,Low-low,Cold spot,"ACLED (Armed Conflict Location & Event Data), course file accessed 2026-10-08; https://acleddata.com/; original township/time aggregation and statistics"
MMR015001,Events,Rook,403,-0.4213390583225897,0.336,0.5493600000000001,High-low,-0.5665261353078689,0.328,0.5444467005076142,Not significant,Not significant,"ACLED (Armed Conflict Location & Event Data), course file accessed 2026-10-08; https://acleddata.com/; original township/time aggregation and statistics"
MMR015002,Events,Rook,193,0.05496361376930024,0.428,0.6276053811659192,High-high,0.7710222823077979,0.418,0.6241369863013698,Not significant,Not significant,"ACLED (Armed Conflict Location & Event Data), course file accessed 2026-10-08; https://acleddata.com/; original township/time aggregation and statistics"
MMR015003,Events,Rook,36,0.0681306309077769,0.956,0.9708447204968944,Low-low,-0.48212690804928304,0.91,0.9446666666666668,Not significant,Not significant,"ACLED (Armed Conflict Location & Event Data), course file accessed 2026-10-08; https://acleddata.com/; original township/time aggregation and statistics"
MMR015004,Events,Rook,20,0.35209023696613845,0.154,0.3546338028169014,Low-low,-1.4850943454169951,0.174,0.3924,Not significant,Not significant,"ACLED (Armed Conflict Location & Event Data), course file accessed 2026-10-08; https://acleddata.com/; original township/time aggregation and statistics"
MMR015005,Events,Rook,4,0.6328692943838645,0.002,0.02422222222222222,Low-low,-1.9629479380705743,0.002,0.02616,Low-low,Cold spot,"ACLED (Armed Conflict Location & Event Data), course file accessed 2026-10-08; https://acleddata.com/; original township/time aggregation and statistics"
MMR015006,Events,Rook,0,0.6601928078623928,0.002,0.02422222222222222,Low-low,-1.6292717518174866,0.002,0.02616,Low-low,Cold spot,"ACLED (Armed Conflict Location & Event Data), course file accessed 2026-10-08; https://acleddata.com/; original township/time aggregation and statistics"
MMR015007,Events,Rook,0,0.6655783052472903,0.004,0.03353846153846154,Low-low,-1.4174132918500226,0.004,0.03114285714285714,Low-low,Cold spot,"ACLED (Armed Conflict Location & Event Data), course file accessed 2026-10-08; https://acleddata.com/; original township/time aggregation and statistics"
MMR015008,Events,Rook,0,0.6413435670152515,0.002,0.02422222222222222,Low-low,-1.9527634743152704,0.004,0.03114285714285714,Low-low,Cold spot,"ACLED (Armed Conflict Location & Event Data), course file accessed 2026-10-08; https://acleddata.com/; original township/time aggregation and statistics"
MMR015009,Events,Rook,640,0.6703720215837138,0.538,0.7239753086419753,High-high,1.6112091250340292,0.546,0.740838174273859,Not significant,Not significant,"ACLED (Armed Conflict Location & Event Data), course file accessed 2026-10-08; https://acleddata.com/; original township/time aggregation and statistics"
MMR015010,Events,Rook,178,0.05312131296196911,0.152,0.3525106382978723,High-high,1.4906135563170917,0.162,0.3783857142857143,Not significant,Not significant,"ACLED (Armed Conflict Location & Event Data), course file accessed 2026-10-08; https://acleddata.com/; original township/time aggregation and statistics"
MMR015011,Events,Rook,470,0.13842747310257933,0.76,0.8599307958477509,High-high,0.7692766955503212,0.738,0.8460839160839161,Not significant,Not significant,"ACLED (Armed Conflict Location & Event Data), course file accessed 2026-10-08; https://acleddata.com/; original township/time aggregation and statistics"
MMR015012,Events,Rook,451,0.85743792389745,0.166,0.37435862068965514,High-high,1.9256084919287173,0.154,0.36491304347826087,Not significant,Not significant,"ACLED (Armed Conflict Location & Event Data), course file accessed 2026-10-08; https://acleddata.com/; original township/time aggregation and statistics"
MMR015013,Events,Rook,788,2.0426850876472016,0.092,0.2549491525423729,High-high,2.828828899248612,0.098,0.2648429752066116,Not significant,Not significant,"ACLED (Armed Conflict Location & Event Data), course file accessed 2026-10-08; https://acleddata.com/; original township/time aggregation and statistics"
MMR015014,Events,Rook,248,-6.705766534954287e-5,0.878,0.9202115384615384,High-low,0.13861157364037616,0.906,0.9446666666666668,Not significant,Not significant,"ACLED (Armed Conflict Location & Event Data), course file accessed 2026-10-08; https://acleddata.com/; original township/time aggregation and statistics"
MMR015015,Events,Rook,134,-0.03015692766400335,0.646,0.7925799256505577,Low-high,0.2875817050322037,0.63,0.7808955223880597,Not significant,Not significant,"ACLED (Armed Conflict Location & Event Data), course file accessed 2026-10-08; https://acleddata.com/; original township/time aggregation and statistics"
MMR015016,Events,Rook,96,-0.08736322275536568,0.52,0.7144537815126051,Low-high,0.3876262966537314,0.498,0.6871139240506329,Not significant,Not significant,"ACLED (Armed Conflict Location & Event Data), course file accessed 2026-10-08; https://acleddata.com/; original township/time aggregation and statistics"
MMR015017,Events,Rook,178,0.0176190100958027,0.488,0.6906465517241379,High-high,0.6412649463212038,0.486,0.6789406779661017,Not significant,Not significant,"ACLED (Armed Conflict Location & Event Data), course file accessed 2026-10-08; https://acleddata.com/; original township/time aggregation and statistics"
MMR015018,Events,Rook,29,-0.23120612466807752,0.302,0.5338054054054053,Low-high,0.7017191753360129,0.314,0.5375811518324608,Not significant,Not significant,"ACLED (Armed Conflict Location & Event Data), course file accessed 2026-10-08; https://acleddata.com/; original township/time aggregation and statistics"
MMR015019,Events,Rook,72,-0.08363116088696645,0.524,0.7166750000000001,Low-high,0.3781429568920421,0.552,0.7458842975206612,Not significant,Not significant,"ACLED (Armed Conflict Location & Event Data), course file accessed 2026-10-08; https://acleddata.com/; original township/time aggregation and statistics"
MMR015020,Events,Rook,32,-0.25848255477307536,0.384,0.5923018867924529,Low-high,0.5383563602322397,0.386,0.5925915492957746,Not significant,Not significant,"ACLED (Armed Conflict Location & Event Data), course file accessed 2026-10-08; https://acleddata.com/; original township/time aggregation and statistics"
MMR015021,Events,Rook,6,0.1711836485457678,0.752,0.8599307958477509,Low-low,-0.7713656786999344,0.68,0.8045611510791367,Not significant,Not significant,"ACLED (Armed Conflict Location & Event Data), course file accessed 2026-10-08; https://acleddata.com/; original township/time aggregation and statistics"
MMR015022,Events,Rook,149,0.01277931229195593,0.83,0.9014013157894736,Low-low,-0.3295290779417117,0.868,0.9206796116504854,Not significant,Not significant,"ACLED (Armed Conflict Location & Event Data), course file accessed 2026-10-08; https://acleddata.com/; original township/time aggregation and statistics"
MMR015023,Events,Rook,19,-0.9108015002090486,0.078,0.23837383177570093,Low-high,1.539087908281386,0.068,0.20781308411214952,Not significant,Not significant,"ACLED (Armed Conflict Location & Event Data), course file accessed 2026-10-08; https://acleddata.com/; original township/time aggregation and statistics"
MMR015024,Events,Rook,0,0.6386508183228027,0.002,0.02422222222222222,Low-low,-2.1030750121607324,0.002,0.02616,Low-low,Cold spot,"ACLED (Armed Conflict Location & Event Data), course file accessed 2026-10-08; https://acleddata.com/; original township/time aggregation and statistics"
MMR016001,Events,Rook,3,0.6415641731154449,0.002,0.02422222222222222,Low-low,-2.138961081817413,0.002,0.02616,Low-low,Cold spot,"ACLED (Armed Conflict Location & Event Data), course file accessed 2026-10-08; https://acleddata.com/; original township/time aggregation and statistics"
MMR016002,Events,Rook,0,0.6583078837776787,0.002,0.02422222222222222,Low-low,-1.9955382220875493,0.002,0.02616,Low-low,Cold spot,"ACLED (Armed Conflict Location & Event Data), course file accessed 2026-10-08; https://acleddata.com/; original township/time aggregation and statistics"
MMR016003,Events,Rook,1,0.6575245709588545,0.002,0.02422222222222222,Low-low,-1.8244075450012684,0.002,0.02616,Low-low,Cold spot,"ACLED (Armed Conflict Location & Event Data), course file accessed 2026-10-08; https://acleddata.com/; original township/time aggregation and statistics"
MMR016005,Events,Rook,0,0.6554804976506075,0.002,0.02422222222222222,Low-low,-1.8132683611930749,0.002,0.02616,Low-low,Cold spot,"ACLED (Armed Conflict Location & Event Data), course file accessed 2026-10-08; https://acleddata.com/; original township/time aggregation and statistics"
MMR016006,Events,Rook,7,0.6164197251885551,0.002,0.02422222222222222,Low-low,-1.9446159033110264,0.002,0.02616,Low-low,Cold spot,"ACLED (Armed Conflict Location & Event Data), course file accessed 2026-10-08; https://acleddata.com/; original township/time aggregation and statistics"
MMR016007,Events,Rook,5,0.6272685811186135,0.002,0.02422222222222222,Low-low,-2.407904702276985,0.002,0.02616,Low-low,Cold spot,"ACLED (Armed Conflict Location & Event Data), course file accessed 2026-10-08; https://acleddata.com/; original township/time aggregation and statistics"
MMR016008,Events,Rook,3,0.6344261153059491,0.002,0.02422222222222222,Low-low,-1.9588741525684528,0.002,0.02616,Low-low,Cold spot,"ACLED (Armed Conflict Location & Event Data), course file accessed 2026-10-08; https://acleddata.com/; original township/time aggregation and statistics"
MMR016009,Events,Rook,16,0.5851489541587216,0.006,0.04459090909090909,Low-low,-1.5670982890996907,0.004,0.03114285714285714,Low-low,Cold spot,"ACLED (Armed Conflict Location & Event Data), course file accessed 2026-10-08; https://acleddata.com/; original township/time aggregation and statistics"
MMR016010,Events,Rook,0,0.6332653209379051,0.002,0.02422222222222222,Low-low,-1.7642559524370238,0.004,0.03114285714285714,Low-low,Cold spot,"ACLED (Armed Conflict Location & Event Data), course file accessed 2026-10-08; https://acleddata.com/; original township/time aggregation and statistics"
MMR016011,Events,Rook,6,0.6228563185654994,0.004,0.03353846153846154,Low-low,-1.7798508097684946,0.002,0.02616,Low-low,Cold spot,"ACLED (Armed Conflict Location & Event Data), course file accessed 2026-10-08; https://acleddata.com/; original township/time aggregation and statistics"
MMR017001,Events,Rook,117,0.10720730604878136,0.364,0.5722499999999999,Low-low,-0.9221336565376018,0.374,0.5768773584905661,Not significant,Not significant,"ACLED (Armed Conflict Location & Event Data), course file accessed 2026-10-08; https://acleddata.com/; original township/time aggregation and statistics"
MMR017002,Events,Rook,18,0.46191013603754233,0.072,0.22422857142857144,Low-low,-1.6064917066349131,0.066,0.20554285714285717,Not significant,Not significant,"ACLED (Armed Conflict Location & Event Data), course file accessed 2026-10-08; https://acleddata.com/; original township/time aggregation and statistics"
MMR017003,Events,Rook,43,0.23159388931035188,0.422,0.6215945945945947,Low-low,-1.0381986290889154,0.444,0.6569196428571429,Not significant,Not significant,"ACLED (Armed Conflict Location & Event Data), course file accessed 2026-10-08; https://acleddata.com/; original township/time aggregation and statistics"
MMR017004,Events,Rook,24,0.16489106005468193,0.866,0.9134903225806452,Low-low,-0.6611537061094379,0.796,0.8705418060200669,Not significant,Not significant,"ACLED (Armed Conflict Location & Event Data), course file accessed 2026-10-08; https://acleddata.com/; original township/time aggregation and statistics"
MMR017005,Events,Rook,42,0.3760516260962454,0.044,0.16537931034482758,Low-low,-1.6478885496733635,0.04,0.15951219512195122,Low-low,Cold spot,"ACLED (Armed Conflict Location & Event Data), course file accessed 2026-10-08; https://acleddata.com/; original township/time aggregation and statistics"
MMR017006,Events,Rook,87,0.1620281280857108,0.312,0.5369684210526315,Low-low,-1.0239403798314888,0.392,0.5989906542056075,Not significant,Not significant,"ACLED (Armed Conflict Location & Event Data), course file accessed 2026-10-08; https://acleddata.com/; original township/time aggregation and statistics"
MMR017007,Events,Rook,6,0.5109598147906844,0.036,0.14715,Low-low,-1.787655347283593,0.026,0.11336,Low-low,Cold spot,"ACLED (Armed Conflict Location & Event Data), course file accessed 2026-10-08; https://acleddata.com/; original township/time aggregation and statistics"
MMR017008,Events,Rook,31,0.3884265563948214,0.088,0.25242105263157893,Low-low,-1.595003815442466,0.068,0.20781308411214952,Not significant,Not significant,"ACLED (Armed Conflict Location & Event Data), course file accessed 2026-10-08; https://acleddata.com/; original township/time aggregation and statistics"
MMR017009,Events,Rook,13,0.4635068204744357,0.082,0.2415675675675676,Low-low,-1.57797520812006,0.084,0.24094736842105263,Not significant,Not significant,"ACLED (Armed Conflict Location & Event Data), course file accessed 2026-10-08; https://acleddata.com/; original township/time aggregation and statistics"
MMR017010,Events,Rook,100,0.13431288073951805,0.372,0.5792571428571429,Low-low,-0.993386988565575,0.372,0.5768773584905661,Not significant,Not significant,"ACLED (Armed Conflict Location & Event Data), course file accessed 2026-10-08; https://acleddata.com/; original township/time aggregation and statistics"
MMR017011,Events,Rook,18,0.24315715706971863,0.534,0.7215619834710745,Low-low,-0.9872763103123922,0.582,0.7612559999999999,Not significant,Not significant,"ACLED (Armed Conflict Location & Event Data), course file accessed 2026-10-08; https://acleddata.com/; original township/time aggregation and statistics"
MMR017012,Events,Rook,20,0.347730175474709,0.264,0.49900578034682086,Low-low,-1.2928102229715306,0.28,0.5115083798882682,Not significant,Not significant,"ACLED (Armed Conflict Location & Event Data), course file accessed 2026-10-08; https://acleddata.com/; original township/time aggregation and statistics"
MMR017013,Events,Rook,33,0.28463597128269236,0.296,0.5289180327868852,Low-low,-1.2474755619251392,0.298,0.5239032258064515,Not significant,Not significant,"ACLED (Armed Conflict Location & Event Data), course file accessed 2026-10-08; https://acleddata.com/; original township/time aggregation and statistics"
MMR017014,Events,Rook,13,0.5749348904704458,0.01,0.05945454545454545,Low-low,-1.7152435436809728,0.002,0.02616,Low-low,Cold spot,"ACLED (Armed Conflict Location & Event Data), course file accessed 2026-10-08; https://acleddata.com/; original township/time aggregation and statistics"
MMR017015,Events,Rook,3,0.6098394717399083,0.004,0.03353846153846154,Low-low,-1.8957304772855643,0.004,0.03114285714285714,Low-low,Cold spot,"ACLED (Armed Conflict Location & Event Data), course file accessed 2026-10-08; https://acleddata.com/; original township/time aggregation and statistics"
MMR017016,Events,Rook,10,0.5581596505514977,0.032,0.13952,Low-low,-1.4825423798034885,0.048,0.1744,Low-low,Cold spot,"ACLED (Armed Conflict Location & Event Data), course file accessed 2026-10-08; https://acleddata.com/; original township/time aggregation and statistics"
MMR017017,Events,Rook,10,0.5536429777543912,0.006,0.04459090909090909,Low-low,-2.081423262847125,0.004,0.03114285714285714,Low-low,Cold spot,"ACLED (Armed Conflict Location & Event Data), course file accessed 2026-10-08; https://acleddata.com/; original township/time aggregation and statistics"
MMR017018,Events,Rook,30,0.49732590054518466,0.008,0.05129411764705883,Low-low,-1.6417249305468964,0.012,0.06884210526315789,Low-low,Cold spot,"ACLED (Armed Conflict Location & Event Data), course file accessed 2026-10-08; https://acleddata.com/; original township/time aggregation and statistics"
MMR017019,Events,Rook,53,0.38894149136093686,0.012,0.0665084745762712,Low-low,-1.8197639359237807,0.006,0.040875,Low-low,Cold spot,"ACLED (Armed Conflict Location & Event Data), course file accessed 2026-10-08; https://acleddata.com/; original township/time aggregation and statistics"
MMR017020,Events,Rook,8,0.5558557422861877,0.008,0.05129411764705883,Low-low,-2.069036608775876,0.004,0.03114285714285714,Low-low,Cold spot,"ACLED (Armed Conflict Location & Event Data), course file accessed 2026-10-08; https://acleddata.com/; original township/time aggregation and statistics"
MMR017021,Events,Rook,20,0.49075033207148255,0.012,0.0665084745762712,Low-low,-1.8405400815144903,0.008,0.05232,Low-low,Cold spot,"ACLED (Armed Conflict Location & Event Data), course file accessed 2026-10-08; https://acleddata.com/; original township/time aggregation and statistics"
MMR017022,Events,Rook,7,0.5515739625319152,0.01,0.05945454545454545,Low-low,-1.914200961336098,0.006,0.040875,Low-low,Cold spot,"ACLED (Armed Conflict Location & Event Data), course file accessed 2026-10-08; https://acleddata.com/; original township/time aggregation and statistics"
MMR017023,Events,Rook,32,0.4853353505776,0.036,0.14715,Low-low,-1.4427513636640992,0.054,0.1878510638297872,Low-low,Not significant,"ACLED (Armed Conflict Location & Event Data), course file accessed 2026-10-08; https://acleddata.com/; original township/time aggregation and statistics"
MMR017024,Events,Rook,22,0.48688776387525656,0.082,0.2415675675675676,Low-low,-1.3930125934898627,0.104,0.2764878048780488,Not significant,Not significant,"ACLED (Armed Conflict Location & Event Data), course file accessed 2026-10-08; https://acleddata.com/; original township/time aggregation and statistics"
MMR017025,Events,Rook,15,0.5105828429667387,0.006,0.04459090909090909,Low-low,-1.9876385963076684,0.004,0.03114285714285714,Low-low,Cold spot,"ACLED (Armed Conflict Location & Event Data), course file accessed 2026-10-08; https://acleddata.com/; original township/time aggregation and statistics"
MMR017026,Events,Rook,10,0.5360279538456757,0.184,0.3958421052631579,Low-low,-1.2539809412029996,0.22,0.44962500000000005,Not significant,Not significant,"ACLED (Armed Conflict Location & Event Data), course file accessed 2026-10-08; https://acleddata.com/; original township/time aggregation and statistics"
MMR018001,Events,Rook,3,0.3937149436190665,0.296,0.5289180327868852,Low-low,-1.2451699869752106,0.302,0.528096256684492,Not significant,Not significant,"ACLED (Armed Conflict Location & Event Data), course file accessed 2026-10-08; https://acleddata.com/; original township/time aggregation and statistics"
MMR018002,Events,Rook,28,0.4820742082316008,0.026,0.11808333333333332,Low-low,-1.5860290115059292,0.024,0.10750684931506849,Low-low,Cold spot,"ACLED (Armed Conflict Location & Event Data), course file accessed 2026-10-08; https://acleddata.com/; original township/time aggregation and statistics"
MMR018003,Events,Rook,22,0.41472390794262154,0.06,0.20652631578947367,Low-low,-1.7204407727707258,0.062,0.19876470588235295,Not significant,Not significant,"ACLED (Armed Conflict Location & Event Data), course file accessed 2026-10-08; https://acleddata.com/; original township/time aggregation and statistics"
MMR018004,Events,Rook,12,0.5122493447742471,0.07,0.22223300970873788,Low-low,-1.559294970366265,0.058,0.19353061224489795,Not significant,Not significant,"ACLED (Armed Conflict Location & Event Data), course file accessed 2026-10-08; https://acleddata.com/; original township/time aggregation and statistics"
MMR018005,Events,Rook,10,0.5379249564204605,0.02,0.09478260869565217,Low-low,-1.7592586629644824,0.022,0.10277142857142856,Low-low,Cold spot,"ACLED (Armed Conflict Location & Event Data), course file accessed 2026-10-08; https://acleddata.com/; original township/time aggregation and statistics"
MMR018006,Events,Rook,53,0.10455250877670084,0.644,0.7925799256505577,Low-low,-0.6968596454926161,0.618,0.7808955223880597,Not significant,Not significant,"ACLED (Armed Conflict Location & Event Data), course file accessed 2026-10-08; https://acleddata.com/; original township/time aggregation and statistics"
MMR018007,Events,Rook,22,0.27091700912536426,0.264,0.49900578034682086,Low-low,-1.2733347866943812,0.268,0.5036551724137932,Not significant,Not significant,"ACLED (Armed Conflict Location & Event Data), course file accessed 2026-10-08; https://acleddata.com/; original township/time aggregation and statistics"
MMR018008,Events,Rook,9,0.520398465152556,0.02,0.09478260869565217,Low-low,-1.838651341006244,0.022,0.10277142857142856,Low-low,Cold spot,"ACLED (Armed Conflict Location & Event Data), course file accessed 2026-10-08; https://acleddata.com/; original township/time aggregation and statistics"
MMR001001,Events,Precision 1 only,141,0.00223906914991923,0.896,0.941173076923077,High-high,0.1615108632949082,0.904,0.9414267515923568,Not significant,Not significant,"ACLED (Armed Conflict Location & Event Data), course file accessed 2026-10-08; https://acleddata.com/; original township/time aggregation and statistics"
MMR001002,Events,Precision 1 only,148,-0.06294750509297982,0.97,0.9759692307692308,High-low,0.01914464608069864,0.956,0.9678390092879255,Not significant,Not significant,"ACLED (Armed Conflict Location & Event Data), course file accessed 2026-10-08; https://acleddata.com/; original township/time aggregation and statistics"
MMR001003,Events,Precision 1 only,0,0.26936508899050887,0.468,0.7052350230414747,Low-low,-1.0630606836558338,0.422,0.6665167464114833,Not significant,Not significant,"ACLED (Armed Conflict Location & Event Data), course file accessed 2026-10-08; https://acleddata.com/; original township/time aggregation and statistics"
MMR001004,Events,Precision 1 only,16,-0.00506075945345408,0.898,0.941173076923077,Low-high,-0.22347804293048715,0.88,0.9282580645161292,Not significant,Not significant,"ACLED (Armed Conflict Location & Event Data), course file accessed 2026-10-08; https://acleddata.com/; original township/time aggregation and statistics"
MMR001005,Events,Precision 1 only,13,0.25096580754907694,0.656,0.8314418604651164,Low-low,-0.8906159924237287,0.638,0.8149453125,Not significant,Not significant,"ACLED (Armed Conflict Location & Event Data), course file accessed 2026-10-08; https://acleddata.com/; original township/time aggregation and statistics"
MMR001006,Events,Precision 1 only,6,0.5906569763947778,0.022,0.10277142857142856,Low-low,-1.544205885889194,0.018,0.09342857142857144,Low-low,Cold spot,"ACLED (Armed Conflict Location & Event Data), course file accessed 2026-10-08; https://acleddata.com/; original township/time aggregation and statistics"
MMR001007,Events,Precision 1 only,118,0.1266016366011152,0.158,0.3743913043478261,High-high,1.448901526494606,0.142,0.3465223880597014,Not significant,Not significant,"ACLED (Armed Conflict Location & Event Data), course file accessed 2026-10-08; https://acleddata.com/; original township/time aggregation and statistics"
MMR001008,Events,Precision 1 only,49,-0.27475415243334234,0.182,0.4132916666666666,Low-high,1.1410033769756849,0.222,0.48075496688741726,Not significant,Not significant,"ACLED (Armed Conflict Location & Event Data), course file accessed 2026-10-08; https://acleddata.com/; original township/time aggregation and statistics"
MMR001009,Events,Precision 1 only,407,-0.5729960185740519,0.756,0.8812765957446809,High-low,0.7756847117568635,0.764,0.8796760563380281,Not significant,Not significant,"ACLED (Armed Conflict Location & Event Data), course file accessed 2026-10-08; https://acleddata.com/; original township/time aggregation and statistics"
MMR001010,Events,Precision 1 only,214,0.01774662140289261,0.846,0.907022950819672,High-high,0.4949257230642059,0.856,0.9147450980392156,Not significant,Not significant,"ACLED (Armed Conflict Location & Event Data), course file accessed 2026-10-08; https://acleddata.com/; original township/time aggregation and statistics"
MMR001011,Events,Precision 1 only,105,0.03843021057899985,0.498,0.7302511210762331,High-high,0.6521507567320939,0.476,0.7164272727272727,Not significant,Not significant,"ACLED (Armed Conflict Location & Event Data), course file accessed 2026-10-08; https://acleddata.com/; original township/time aggregation and statistics"
MMR001012,Events,Precision 1 only,155,0.24997014155074812,0.376,0.6472923076923077,High-high,1.0304552538582958,0.33,0.6034143646408839,Not significant,Not significant,"ACLED (Armed Conflict Location & Event Data), course file accessed 2026-10-08; https://acleddata.com/; original township/time aggregation and statistics"
MMR001013,Events,Precision 1 only,46,-0.04688186001041198,0.712,0.8609018181818182,Low-high,0.07191551343393551,0.676,0.8332444444444443,Not significant,Not significant,"ACLED (Armed Conflict Location & Event Data), course file accessed 2026-10-08; https://acleddata.com/; original township/time aggregation and statistics"
MMR001014,Events,Precision 1 only,22,0.4674334824092379,0.014,0.0803157894736842,Low-low,-1.6308884508195916,0.02,0.09761194029850746,Low-low,Cold spot,"ACLED (Armed Conflict Location & Event Data), course file accessed 2026-10-08; https://acleddata.com/; original township/time aggregation and statistics"
MMR001015,Events,Precision 1 only,14,0.3775034761657433,0.12,0.3018461538461538,Low-low,-1.5073711132838588,0.112,0.29775609756097565,Not significant,Not significant,"ACLED (Armed Conflict Location & Event Data), course file accessed 2026-10-08; https://acleddata.com/; original township/time aggregation and statistics"
MMR001016,Events,Precision 1 only,1,0.5922906442181043,0.022,0.10277142857142856,Low-low,-1.6759265750526018,0.03,0.12907894736842104,Low-low,Cold spot,"ACLED (Armed Conflict Location & Event Data), course file accessed 2026-10-08; https://acleddata.com/; original township/time aggregation and statistics"
MMR001017,Events,Precision 1 only,1,0.6009320148806357,0.054,0.19193478260869565,Low-low,-1.5213530924113805,0.04,0.15209302325581395,Not significant,Cold spot,"ACLED (Armed Conflict Location & Event Data), course file accessed 2026-10-08; https://acleddata.com/; original township/time aggregation and statistics"
MMR001018,Events,Precision 1 only,5,0.6089710699606645,0.002,0.02335714285714285,Low-low,-1.930831939240354,0.002,0.02515384615384615,Low-low,Cold spot,"ACLED (Armed Conflict Location & Event Data), course file accessed 2026-10-08; https://acleddata.com/; original township/time aggregation and statistics"
MMR002001,Events,Precision 1 only,277,0.23991653330905657,0.668,0.8401384615384616,High-high,0.9602763291014652,0.63,0.8110629921259842,Not significant,Not significant,"ACLED (Armed Conflict Location & Event Data), course file accessed 2026-10-08; https://acleddata.com/; original township/time aggregation and statistics"
MMR002002,Events,Precision 1 only,286,1.1297217850265364,0.226,0.4861973684210526,High-high,1.9435008633093256,0.244,0.5114615384615385,Not significant,Not significant,"ACLED (Armed Conflict Location & Event Data), course file accessed 2026-10-08; https://acleddata.com/; original township/time aggregation and statistics"
MMR002003,Events,Precision 1 only,80,-0.03927814586283046,0.334,0.6138100558659219,Low-high,0.8093757903999829,0.334,0.6034143646408839,Not significant,Not significant,"ACLED (Armed Conflict Location & Event Data), course file accessed 2026-10-08; https://acleddata.com/; original township/time aggregation and statistics"
MMR002004,Events,Precision 1 only,17,0.08037567316087244,0.904,0.9444345047923324,Low-low,-0.5172184697851522,0.92,0.9490220820189276,Not significant,Not significant,"ACLED (Armed Conflict Location & Event Data), course file accessed 2026-10-08; https://acleddata.com/; original township/time aggregation and statistics"
MMR002005,Events,Precision 1 only,30,-0.1353366492294071,0.49,0.7250226244343891,Low-high,0.3531788107834963,0.486,0.7191040723981901,Not significant,Not significant,"ACLED (Armed Conflict Location & Event Data), course file accessed 2026-10-08; https://acleddata.com/; original township/time aggregation and statistics"
MMR002006,Events,Precision 1 only,37,0.14104683004948912,0.6,0.7943319838056679,Low-low,-0.796565624922018,0.562,0.7809367088607594,Not significant,Not significant,"ACLED (Armed Conflict Location & Event Data), course file accessed 2026-10-08; https://acleddata.com/; original township/time aggregation and statistics"
MMR002007,Events,Precision 1 only,8,0.2307519585307708,0.698,0.8565447761194028,Low-low,-0.840339846772539,0.772,0.8833541666666668,Not significant,Not significant,"ACLED (Armed Conflict Location & Event Data), course file accessed 2026-10-08; https://acleddata.com/; original township/time aggregation and statistics"
MMR003001,Events,Precision 1 only,80,-0.04625881109416418,0.232,0.48630769230769233,Low-high,1.1814172557447975,0.23,0.48837662337662346,Not significant,Not significant,"ACLED (Armed Conflict Location & Event Data), course file accessed 2026-10-08; https://acleddata.com/; original township/time aggregation and statistics"
MMR003002,Events,Precision 1 only,17,-0.8578086161804329,0.038,0.15532500000000002,Low-high,2.009010862193704,0.032,0.1358961038961039,Low-high,Hot spot,"ACLED (Armed Conflict Location & Event Data), course file accessed 2026-10-08; https://acleddata.com/; original township/time aggregation and statistics"
MMR003003,Events,Precision 1 only,103,0.01949524728513906,0.58,0.7772950819672131,High-high,0.49999329918915336,0.566,0.7809367088607594,Not significant,Not significant,"ACLED (Armed Conflict Location & Event Data), course file accessed 2026-10-08; https://acleddata.com/; original township/time aggregation and statistics"
MMR003004,Events,Precision 1 only,72,-0.04377524537642818,0.386,0.6472923076923077,Low-high,0.7464694857405324,0.414,0.6635242718446601,Not significant,Not significant,"ACLED (Armed Conflict Location & Event Data), course file accessed 2026-10-08; https://acleddata.com/; original township/time aggregation and statistics"
MMR003005,Events,Precision 1 only,269,1.9885801399268108,0.074,0.2304571428571429,High-high,2.6607081140284845,0.086,0.258,Not significant,Not significant,"ACLED (Armed Conflict Location & Event Data), course file accessed 2026-10-08; https://acleddata.com/; original township/time aggregation and statistics"
MMR003006,Events,Precision 1 only,474,1.1982156219855558,0.402,0.6571902439024391,High-high,2.142045123394463,0.4,0.6635242718446601,Not significant,Not significant,"ACLED (Armed Conflict Location & Event Data), course file accessed 2026-10-08; https://acleddata.com/; original township/time aggregation and statistics"
MMR003007,Events,Precision 1 only,184,0.8159606779853767,0.05,0.18370786516853932,High-high,2.5191921552201184,0.064,0.2113939393939394,Not significant,Not significant,"ACLED (Armed Conflict Location & Event Data), course file accessed 2026-10-08; https://acleddata.com/; original township/time aggregation and statistics"
MMR004001,Events,Precision 1 only,104,0.1255456073890122,0.092,0.2616,High-high,1.8902739892157672,0.096,0.2660338983050848,Not significant,Not significant,"ACLED (Armed Conflict Location & Event Data), course file accessed 2026-10-08; https://acleddata.com/; original township/time aggregation and statistics"
MMR004002,Events,Precision 1 only,98,0.07232553285451832,0.056,0.1969032258064516,High-high,2.1981969211329946,0.052,0.18283870967741936,Not significant,Not significant,"ACLED (Armed Conflict Location & Event Data), course file accessed 2026-10-08; https://acleddata.com/; original township/time aggregation and statistics"
MMR004003,Events,Precision 1 only,80,-0.00450684174363386,0.766,0.885095406360424,Low-high,0.02349574668880995,0.756,0.8781625441696113,Not significant,Not significant,"ACLED (Armed Conflict Location & Event Data), course file accessed 2026-10-08; https://acleddata.com/; original township/time aggregation and statistics"
MMR004004,Events,Precision 1 only,90,-0.00516461299586202,0.08,0.2444859813084112,Low-high,1.8380075488271992,0.094,0.2660338983050848,Not significant,Not significant,"ACLED (Armed Conflict Location & Event Data), course file accessed 2026-10-08; https://acleddata.com/; original township/time aggregation and statistics"
MMR004005,Events,Precision 1 only,28,-0.8991662157493363,0.04,0.15759036144578314,Low-high,2.098529394474273,0.024,0.10605405405405406,Low-high,Hot spot,"ACLED (Armed Conflict Location & Event Data), course file accessed 2026-10-08; https://acleddata.com/; original township/time aggregation and statistics"
MMR004006,Events,Precision 1 only,177,-0.02339036232941206,0.916,0.9510851735015774,High-low,0.26283162574494245,0.942,0.96260625,Not significant,Not significant,"ACLED (Armed Conflict Location & Event Data), course file accessed 2026-10-08; https://acleddata.com/; original township/time aggregation and statistics"
MMR004007,Events,Precision 1 only,85,-0.01532344016348574,0.416,0.6603495145631068,Low-high,0.6864116330045144,0.46,0.7061971830985916,Not significant,Not significant,"ACLED (Armed Conflict Location & Event Data), course file accessed 2026-10-08; https://acleddata.com/; original township/time aggregation and statistics"
MMR004008,Events,Precision 1 only,78,-0.00777611846531902,0.804,0.893214765100671,Low-high,0.09437623252934824,0.778,0.8833541666666668,Not significant,Not significant,"ACLED (Armed Conflict Location & Event Data), course file accessed 2026-10-08; https://acleddata.com/; original township/time aggregation and statistics"
MMR004009,Events,Precision 1 only,82,-0.00898503446303561,0.72,0.8609018181818182,Low-high,0.26433282466509794,0.696,0.8398228782287823,Not significant,Not significant,"ACLED (Armed Conflict Location & Event Data), course file accessed 2026-10-08; https://acleddata.com/; original township/time aggregation and statistics"
MMR005001,Events,Precision 1 only,406,2.0940636850226295,0.074,0.2304571428571429,High-high,2.938288226310608,0.072,0.22828301886792451,Not significant,Not significant,"ACLED (Armed Conflict Location & Event Data), course file accessed 2026-10-08; https://acleddata.com/; original township/time aggregation and statistics"
MMR005002,Events,Precision 1 only,196,1.7565185434141986,0.004,0.03737142857142857,High-high,4.5533008408609215,0.002,0.02515384615384615,High-high,Hot spot,"ACLED (Armed Conflict Location & Event Data), course file accessed 2026-10-08; https://acleddata.com/; original township/time aggregation and statistics"
MMR005003,Events,Precision 1 only,212,1.8527729603277243,0.008,0.05338775510204081,High-high,3.901468119201784,0.014,0.0803157894736842,High-high,Hot spot,"ACLED (Armed Conflict Location & Event Data), course file accessed 2026-10-08; https://acleddata.com/; original township/time aggregation and statistics"
MMR005004,Events,Precision 1 only,479,5.1382398512785015,0.008,0.05338775510204081,High-high,4.444268830674255,0.014,0.0803157894736842,High-high,Hot spot,"ACLED (Armed Conflict Location & Event Data), course file accessed 2026-10-08; https://acleddata.com/; original township/time aggregation and statistics"
MMR005005,Events,Precision 1 only,353,4.20224958858423,0.008,0.05338775510204081,High-high,4.6014938643421415,0.004,0.03353846153846154,High-high,Hot spot,"ACLED (Armed Conflict Location & Event Data), course file accessed 2026-10-08; https://acleddata.com/; original township/time aggregation and statistics"
MMR005006,Events,Precision 1 only,273,3.310121199191974,0.002,0.02335714285714285,High-high,5.195468258682676,0.002,0.02515384615384615,High-high,Hot spot,"ACLED (Armed Conflict Location & Event Data), course file accessed 2026-10-08; https://acleddata.com/; original township/time aggregation and statistics"
MMR005007,Events,Precision 1 only,337,2.0695093691894604,0.046,0.17289655172413793,High-high,3.109896218972676,0.036,0.1435609756097561,High-high,Hot spot,"ACLED (Armed Conflict Location & Event Data), course file accessed 2026-10-08; https://acleddata.com/; original township/time aggregation and statistics"
MMR005008,Events,Precision 1 only,62,-0.07844095501387113,0.342,0.618065934065934,Low-high,0.7303108300885353,0.392,0.6606734693877551,Not significant,Not significant,"ACLED (Armed Conflict Location & Event Data), course file accessed 2026-10-08; https://acleddata.com/; original township/time aggregation and statistics"
MMR005009,Events,Precision 1 only,249,2.333951750318867,0.002,0.02335714285714285,High-high,4.563572604407519,0.004,0.03353846153846154,High-high,Hot spot,"ACLED (Armed Conflict Location & Event Data), course file accessed 2026-10-08; https://acleddata.com/; original township/time aggregation and statistics"
MMR005010,Events,Precision 1 only,183,1.3307446212361784,0.008,0.05338775510204081,High-high,3.9389028248909184,0.004,0.03353846153846154,High-high,Hot spot,"ACLED (Armed Conflict Location & Event Data), course file accessed 2026-10-08; https://acleddata.com/; original township/time aggregation and statistics"
MMR005011,Events,Precision 1 only,222,1.130213974139058,0.12,0.3018461538461538,High-high,2.23829585828903,0.096,0.2660338983050848,Not significant,Not significant,"ACLED (Armed Conflict Location & Event Data), course file accessed 2026-10-08; https://acleddata.com/; original township/time aggregation and statistics"
MMR005012,Events,Precision 1 only,615,5.060752676116865,0.018,0.08918181818181817,High-high,4.2478374204916545,0.044,0.16349999999999998,High-high,Hot spot,"ACLED (Armed Conflict Location & Event Data), course file accessed 2026-10-08; https://acleddata.com/; original township/time aggregation and statistics"
MMR005013,Events,Precision 1 only,215,1.9686179217483355,0.004,0.03737142857142857,High-high,4.039975886956828,0.002,0.02515384615384615,High-high,Hot spot,"ACLED (Armed Conflict Location & Event Data), course file accessed 2026-10-08; https://acleddata.com/; original township/time aggregation and statistics"
MMR005014,Events,Precision 1 only,194,1.9218104502059896,0.002,0.02335714285714285,High-high,5.0288518475721675,0.002,0.02515384615384615,High-high,Hot spot,"ACLED (Armed Conflict Location & Event Data), course file accessed 2026-10-08; https://acleddata.com/; original township/time aggregation and statistics"
MMR005015,Events,Precision 1 only,192,2.037119151671391,0.002,0.02335714285714285,High-high,4.915943931677918,0.002,0.02515384615384615,High-high,Hot spot,"ACLED (Armed Conflict Location & Event Data), course file accessed 2026-10-08; https://acleddata.com/; original township/time aggregation and statistics"
MMR005016,Events,Precision 1 only,240,2.556941847203807,0.01,0.06169811320754717,High-high,4.425551564761409,0.002,0.02515384615384615,High-high,Hot spot,"ACLED (Armed Conflict Location & Event Data), course file accessed 2026-10-08; https://acleddata.com/; original township/time aggregation and statistics"
MMR005017,Events,Precision 1 only,175,0.8785901390570049,0.016,0.0872,High-high,3.1326607261271366,0.02,0.09761194029850746,High-high,Hot spot,"ACLED (Armed Conflict Location & Event Data), course file accessed 2026-10-08; https://acleddata.com/; original township/time aggregation and statistics"
MMR005018,Events,Precision 1 only,205,2.7233882716669457,0.002,0.02335714285714285,High-high,6.379139012613586,0.002,0.02515384615384615,High-high,Hot spot,"ACLED (Armed Conflict Location & Event Data), course file accessed 2026-10-08; https://acleddata.com/; original township/time aggregation and statistics"
MMR005019,Events,Precision 1 only,275,2.7505528149947063,0.002,0.02335714285714285,High-high,4.390155604981881,0.006,0.04459090909090909,High-high,Hot spot,"ACLED (Armed Conflict Location & Event Data), course file accessed 2026-10-08; https://acleddata.com/; original township/time aggregation and statistics"
MMR005020,Events,Precision 1 only,125,0.04670557044556166,0.61,0.8010843373493975,High-high,0.4350304721431056,0.668,0.8332444444444443,Not significant,Not significant,"ACLED (Armed Conflict Location & Event Data), course file accessed 2026-10-08; https://acleddata.com/; original township/time aggregation and statistics"
MMR005021,Events,Precision 1 only,130,0.0246638026299422,0.782,0.8906006825938567,High-high,0.28903579802292406,0.72,0.8546859205776173,Not significant,Not significant,"ACLED (Armed Conflict Location & Event Data), course file accessed 2026-10-08; https://acleddata.com/; original township/time aggregation and statistics"
MMR005022,Events,Precision 1 only,167,0.25865860136736146,0.344,0.618065934065934,High-high,1.17816518329416,0.334,0.6034143646408839,Not significant,Not significant,"ACLED (Armed Conflict Location & Event Data), course file accessed 2026-10-08; https://acleddata.com/; original township/time aggregation and statistics"
MMR005023,Events,Precision 1 only,57,-0.00332979072299926,0.936,0.9594733542319748,Low-high,-0.09113161884452882,0.852,0.9147450980392156,Not significant,Not significant,"ACLED (Armed Conflict Location & Event Data), course file accessed 2026-10-08; https://acleddata.com/; original township/time aggregation and statistics"
MMR005024,Events,Precision 1 only,129,0.1184748449296294,0.436,0.6821626794258373,High-high,0.8393234158605327,0.454,0.7002735849056604,Not significant,Not significant,"ACLED (Armed Conflict Location & Event Data), course file accessed 2026-10-08; https://acleddata.com/; original township/time aggregation and statistics"
MMR005025,Events,Precision 1 only,23,-0.08900565253127875,0.722,0.8609018181818182,Low-high,0.04571134115595449,0.652,0.8263720930232559,Not significant,Not significant,"ACLED (Armed Conflict Location & Event Data), course file accessed 2026-10-08; https://acleddata.com/; original township/time aggregation and statistics"
MMR005026,Events,Precision 1 only,49,0.07231383576758493,0.79,0.8906006825938567,Low-low,-0.5494977148724793,0.818,0.9033511705685616,Not significant,Not significant,"ACLED (Armed Conflict Location & Event Data), course file accessed 2026-10-08; https://acleddata.com/; original township/time aggregation and statistics"
MMR005027,Events,Precision 1 only,542,0.26922676629582043,0.724,0.8609018181818182,High-high,1.506664349986482,0.714,0.8546859205776173,Not significant,Not significant,"ACLED (Armed Conflict Location & Event Data), course file accessed 2026-10-08; https://acleddata.com/; original township/time aggregation and statistics"
MMR005028,Events,Precision 1 only,11,-0.6712871717610763,0.11,0.28776,Low-high,1.345722123489369,0.112,0.29775609756097565,Not significant,Not significant,"ACLED (Armed Conflict Location & Event Data), course file accessed 2026-10-08; https://acleddata.com/; original township/time aggregation and statistics"
MMR005029,Events,Precision 1 only,129,0.386830353752004,0.016,0.0872,High-high,2.8855032198787076,0.018,0.09342857142857144,High-high,Hot spot,"ACLED (Armed Conflict Location & Event Data), course file accessed 2026-10-08; https://acleddata.com/; original township/time aggregation and statistics"
MMR005030,Events,Precision 1 only,161,0.4492769197414021,0.17,0.39707142857142863,High-high,1.7040611010339168,0.14,0.3465223880597014,Not significant,Not significant,"ACLED (Armed Conflict Location & Event Data), course file accessed 2026-10-08; https://acleddata.com/; original township/time aggregation and statistics"
MMR005031,Events,Precision 1 only,37,-0.35382587778053193,0.16,0.37640287769784175,Low-high,1.2960247041339217,0.146,0.3510441176470588,Not significant,Not significant,"ACLED (Armed Conflict Location & Event Data), course file accessed 2026-10-08; https://acleddata.com/; original township/time aggregation and statistics"
MMR005032,Events,Precision 1 only,76,0.00454852646544699,0.918,0.9510851735015774,Low-low,-0.1293145463906872,0.94,0.96260625,Not significant,Not significant,"ACLED (Armed Conflict Location & Event Data), course file accessed 2026-10-08; https://acleddata.com/; original township/time aggregation and statistics"
MMR005033,Events,Precision 1 only,6,-0.04336902056946457,0.806,0.893214765100671,Low-high,-0.16402629870537677,0.758,0.8781625441696113,Not significant,Not significant,"ACLED (Armed Conflict Location & Event Data), course file accessed 2026-10-08; https://acleddata.com/; original township/time aggregation and statistics"
MMR005034,Events,Precision 1 only,154,0.14634186331155574,0.464,0.7052350230414747,High-high,0.839949648427888,0.474,0.7164272727272727,Not significant,Not significant,"ACLED (Armed Conflict Location & Event Data), course file accessed 2026-10-08; https://acleddata.com/; original township/time aggregation and statistics"
MMR005035,Events,Precision 1 only,3,0.07577905979404598,0.92,0.9510851735015774,Low-low,-0.5711821711840238,0.904,0.9414267515923568,Not significant,Not significant,"ACLED (Armed Conflict Location & Event Data), course file accessed 2026-10-08; https://acleddata.com/; original township/time aggregation and statistics"
MMR005036,Events,Precision 1 only,0,0.6550836197625564,0.026,0.11808333333333332,Low-low,-1.3984898728744342,0.016,0.0872,Low-low,Cold spot,"ACLED (Armed Conflict Location & Event Data), course file accessed 2026-10-08; https://acleddata.com/; original township/time aggregation and statistics"
MMR005037,Events,Precision 1 only,0,0.6226283388561704,0.018,0.08918181818181817,Low-low,-1.5533470032803192,0.022,0.10277142857142856,Low-low,Cold spot,"ACLED (Armed Conflict Location & Event Data), course file accessed 2026-10-08; https://acleddata.com/; original township/time aggregation and statistics"
MMR006001,Events,Precision 1 only,242,2.12694731055189,0.012,0.07266666666666667,High-high,3.740499632351326,0.01,0.06288461538461539,High-high,Hot spot,"ACLED (Armed Conflict Location & Event Data), course file accessed 2026-10-08; https://acleddata.com/; original township/time aggregation and statistics"
MMR006002,Events,Precision 1 only,276,1.595488224658398,0.11,0.28776,High-high,2.272210624905655,0.144,0.34879999999999994,Not significant,Not significant,"ACLED (Armed Conflict Location & Event Data), course file accessed 2026-10-08; https://acleddata.com/; original township/time aggregation and statistics"
MMR006003,Events,Precision 1 only,181,1.4806255315986652,0.02,0.0961764705882353,High-high,3.122334542280317,0.016,0.0872,High-high,Hot spot,"ACLED (Armed Conflict Location & Event Data), course file accessed 2026-10-08; https://acleddata.com/; original township/time aggregation and statistics"
MMR006004,Events,Precision 1 only,160,0.9587248055313036,0.032,0.13768421052631577,High-high,2.6012908509861696,0.038,0.14971084337349397,High-high,Hot spot,"ACLED (Armed Conflict Location & Event Data), course file accessed 2026-10-08; https://acleddata.com/; original township/time aggregation and statistics"
MMR006005,Events,Precision 1 only,65,-0.3117453459145139,0.058,0.1996421052631579,Low-high,1.9111364879562025,0.068,0.21800000000000003,Not significant,Not significant,"ACLED (Armed Conflict Location & Event Data), course file accessed 2026-10-08; https://acleddata.com/; original township/time aggregation and statistics"
MMR006006,Events,Precision 1 only,32,-0.25590289589038256,0.38,0.6472923076923077,Low-high,0.457698822767266,0.408,0.6635242718446601,Not significant,Not significant,"ACLED (Armed Conflict Location & Event Data), course file accessed 2026-10-08; https://acleddata.com/; original township/time aggregation and statistics"
MMR006007,Events,Precision 1 only,346,2.4495544872769153,0.082,0.2482777777777778,High-high,2.942528346296101,0.074,0.22828301886792451,Not significant,Not significant,"ACLED (Armed Conflict Location & Event Data), course file accessed 2026-10-08; https://acleddata.com/; original township/time aggregation and statistics"
MMR006008,Events,Precision 1 only,337,1.0641262431532588,0.288,0.5742439024390243,High-high,1.8987206665274932,0.298,0.576603550295858,Not significant,Not significant,"ACLED (Armed Conflict Location & Event Data), course file accessed 2026-10-08; https://acleddata.com/; original township/time aggregation and statistics"
MMR006009,Events,Precision 1 only,32,0.3023526464285605,0.812,0.893214765100671,Low-low,-0.7792498258070407,0.806,0.9017610921501706,Not significant,Not significant,"ACLED (Armed Conflict Location & Event Data), course file accessed 2026-10-08; https://acleddata.com/; original township/time aggregation and statistics"
MMR006010,Events,Precision 1 only,28,-0.22341959598787917,0.408,0.6571902439024391,Low-high,0.3068703858136971,0.418,0.6635242718446601,Not significant,Not significant,"ACLED (Armed Conflict Location & Event Data), course file accessed 2026-10-08; https://acleddata.com/; original township/time aggregation and statistics"
MMR007001,Events,Precision 1 only,58,0.1245894450807416,0.172,0.39889361702127657,Low-low,-1.3120303748379434,0.182,0.41618181818181815,Not significant,Not significant,"ACLED (Armed Conflict Location & Event Data), course file accessed 2026-10-08; https://acleddata.com/; original township/time aggregation and statistics"
MMR007002,Events,Precision 1 only,3,0.37750018477764513,0.408,0.6571902439024391,Low-low,-1.1145733685063006,0.392,0.6606734693877551,Not significant,Not significant,"ACLED (Armed Conflict Location & Event Data), course file accessed 2026-10-08; https://acleddata.com/; original township/time aggregation and statistics"
MMR007003,Events,Precision 1 only,13,0.43909209904725965,0.108,0.28712195121951223,Low-low,-1.438452829096729,0.104,0.2810578512396694,Not significant,Not significant,"ACLED (Armed Conflict Location & Event Data), course file accessed 2026-10-08; https://acleddata.com/; original township/time aggregation and statistics"
MMR007004,Events,Precision 1 only,44,-0.06809671298338557,0.646,0.8251640625000001,Low-high,0.20738945106180065,0.602,0.8022753036437247,Not significant,Not significant,"ACLED (Armed Conflict Location & Event Data), course file accessed 2026-10-08; https://acleddata.com/; original township/time aggregation and statistics"
MMR007005,Events,Precision 1 only,146,0.02889804682634851,0.738,0.8680791366906475,High-high,0.33031714078149754,0.808,0.9017610921501706,Not significant,Not significant,"ACLED (Armed Conflict Location & Event Data), course file accessed 2026-10-08; https://acleddata.com/; original township/time aggregation and statistics"
MMR007006,Events,Precision 1 only,206,0.3083384154605768,0.382,0.6472923076923077,High-high,1.2201762485154064,0.326,0.602271186440678,Not significant,Not significant,"ACLED (Armed Conflict Location & Event Data), course file accessed 2026-10-08; https://acleddata.com/; original township/time aggregation and statistics"
MMR007007,Events,Precision 1 only,24,-0.1267554940901582,0.566,0.7744016736401673,Low-high,0.10512651961644588,0.602,0.8022753036437247,Not significant,Not significant,"ACLED (Armed Conflict Location & Event Data), course file accessed 2026-10-08; https://acleddata.com/; original township/time aggregation and statistics"
MMR007008,Events,Precision 1 only,113,0.19130095881363973,0.042,0.15969767441860466,High-high,2.4074485696350343,0.036,0.1435609756097561,High-high,Hot spot,"ACLED (Armed Conflict Location & Event Data), course file accessed 2026-10-08; https://acleddata.com/; original township/time aggregation and statistics"
MMR007009,Events,Precision 1 only,109,-0.0310973247897952,0.79,0.8906006825938567,High-low,-0.3099167111880784,0.826,0.9033511705685616,Not significant,Not significant,"ACLED (Armed Conflict Location & Event Data), course file accessed 2026-10-08; https://acleddata.com/; original township/time aggregation and statistics"
MMR007010,Events,Precision 1 only,140,-0.15118523992608773,0.512,0.7368209606986901,High-low,-0.5045762766816542,0.522,0.755283185840708,Not significant,Not significant,"ACLED (Armed Conflict Location & Event Data), course file accessed 2026-10-08; https://acleddata.com/; original township/time aggregation and statistics"
MMR007011,Events,Precision 1 only,367,0.8631700280145054,0.402,0.6571902439024391,High-high,1.7451200786025438,0.38,0.6606734693877551,Not significant,Not significant,"ACLED (Armed Conflict Location & Event Data), course file accessed 2026-10-08; https://acleddata.com/; original township/time aggregation and statistics"
MMR007012,Events,Precision 1 only,210,0.4011540407259066,0.394,0.6571902439024391,High-high,1.259155546196891,0.412,0.6635242718446601,Not significant,Not significant,"ACLED (Armed Conflict Location & Event Data), course file accessed 2026-10-08; https://acleddata.com/; original township/time aggregation and statistics"
MMR007013,Events,Precision 1 only,29,-0.08541534309790341,0.652,0.8295875486381322,Low-high,0.02323902101097223,0.624,0.8065138339920949,Not significant,Not significant,"ACLED (Armed Conflict Location & Event Data), course file accessed 2026-10-08; https://acleddata.com/; original township/time aggregation and statistics"
MMR007014,Events,Precision 1 only,65,-0.14111678246039955,0.23,0.48630769230769233,Low-high,1.157516936378878,0.198,0.43747297297297305,Not significant,Not significant,"ACLED (Armed Conflict Location & Event Data), course file accessed 2026-10-08; https://acleddata.com/; original township/time aggregation and statistics"
MMR008001,Events,Precision 1 only,63,0.14385428282372204,0.106,0.2841147540983606,Low-low,-1.2869579918385263,0.134,0.3344885496183206,Not significant,Not significant,"ACLED (Armed Conflict Location & Event Data), course file accessed 2026-10-08; https://acleddata.com/; original township/time aggregation and statistics"
MMR008002,Events,Precision 1 only,45,0.02433415745272854,0.94,0.9605625,Low-low,-0.30243578395880144,0.962,0.9709074074074074,Not significant,Not significant,"ACLED (Armed Conflict Location & Event Data), course file accessed 2026-10-08; https://acleddata.com/; original township/time aggregation and statistics"
MMR008003,Events,Precision 1 only,26,0.19385446110309623,0.412,0.6571902439024391,Low-low,-1.0364961555897954,0.406,0.6635242718446601,Not significant,Not significant,"ACLED (Armed Conflict Location & Event Data), course file accessed 2026-10-08; https://acleddata.com/; original township/time aggregation and statistics"
MMR008004,Events,Precision 1 only,79,0.0409398011698078,0.516,0.7368209606986901,Low-low,-0.6438058228633432,0.564,0.7809367088607594,Not significant,Not significant,"ACLED (Armed Conflict Location & Event Data), course file accessed 2026-10-08; https://acleddata.com/; original township/time aggregation and statistics"
MMR008005,Events,Precision 1 only,23,0.19920540455991123,0.488,0.7250226244343891,Low-low,-0.9200995799467871,0.546,0.7762695652173913,Not significant,Not significant,"ACLED (Armed Conflict Location & Event Data), course file accessed 2026-10-08; https://acleddata.com/; original township/time aggregation and statistics"
MMR008006,Events,Precision 1 only,13,0.3525112489827551,0.136,0.3318805970149254,Low-low,-1.413649382034197,0.186,0.4194620689655172,Not significant,Not significant,"ACLED (Armed Conflict Location & Event Data), course file accessed 2026-10-08; https://acleddata.com/; original township/time aggregation and statistics"
MMR008007,Events,Precision 1 only,40,0.2453127640959561,0.188,0.4210684931506849,Low-low,-1.1682240836986666,0.23,0.48837662337662346,Not significant,Not significant,"ACLED (Armed Conflict Location & Event Data), course file accessed 2026-10-08; https://acleddata.com/; original township/time aggregation and statistics"
MMR008008,Events,Precision 1 only,55,0.07346414496321019,0.504,0.73575,Low-low,-0.7605466243288167,0.55,0.7785714285714286,Not significant,Not significant,"ACLED (Armed Conflict Location & Event Data), course file accessed 2026-10-08; https://acleddata.com/; original township/time aggregation and statistics"
MMR008009,Events,Precision 1 only,97,-0.01413854044815558,0.846,0.907022950819672,High-low,-0.3284372728695174,0.816,0.9033511705685616,Not significant,Not significant,"ACLED (Armed Conflict Location & Event Data), course file accessed 2026-10-08; https://acleddata.com/; original township/time aggregation and statistics"
MMR008010,Events,Precision 1 only,124,-0.01350677960135939,0.95,0.96775700934579445,High-low,0.03448098160824755,0.956,0.9678390092879255,Not significant,Not significant,"ACLED (Armed Conflict Location & Event Data), course file accessed 2026-10-08; https://acleddata.com/; original township/time aggregation and statistics"
MMR008011,Events,Precision 1 only,13,0.16331605810106,0.864,0.919422077922078,Low-low,-0.6765716873229297,0.908,0.9425904761904764,Not significant,Not significant,"ACLED (Armed Conflict Location & Event Data), course file accessed 2026-10-08; https://acleddata.com/; original township/time aggregation and statistics"
MMR008012,Events,Precision 1 only,74,0.0235041087585089,0.734,0.8664909747292417,Low-low,-0.5008532180044136,0.682,0.8332444444444443,Not significant,Not significant,"ACLED (Armed Conflict Location & Event Data), course file accessed 2026-10-08; https://acleddata.com/; original township/time aggregation and statistics"
MMR008013,Events,Precision 1 only,14,0.2449124666007212,0.308,0.5889824561403508,Low-low,-1.239082788791763,0.246,0.5123694267515924,Not significant,Not significant,"ACLED (Armed Conflict Location & Event Data), course file accessed 2026-10-08; https://acleddata.com/; original township/time aggregation and statistics"
MMR008014,Events,Precision 1 only,56,0.01216918704200559,0.954,0.9688136645962732,Low-low,-0.20884347525872232,0.9,0.9414267515923568,Not significant,Not significant,"ACLED (Armed Conflict Location & Event Data), course file accessed 2026-10-08; https://acleddata.com/; original township/time aggregation and statistics"
MMR009001,Events,Precision 1 only,51,0.176321218619758,0.094,0.2616,Low-low,-1.446957562013621,0.092,0.2660338983050848,Not significant,Not significant,"ACLED (Armed Conflict Location & Event Data), course file accessed 2026-10-08; https://acleddata.com/; original township/time aggregation and statistics"
MMR009002,Events,Precision 1 only,39,0.0786754813204086,0.786,0.8906006825938567,Low-low,-0.5632114503243052,0.776,0.8833541666666668,Not significant,Not significant,"ACLED (Armed Conflict Location & Event Data), course file accessed 2026-10-08; https://acleddata.com/; original township/time aggregation and statistics"
MMR009003,Events,Precision 1 only,46,-0.158424977186755,0.336,0.6138100558659219,Low-high,0.7419504367080182,0.324,0.6019772727272727,Not significant,Not significant,"ACLED (Armed Conflict Location & Event Data), course file accessed 2026-10-08; https://acleddata.com/; original township/time aggregation and statistics"
MMR009004,Events,Precision 1 only,57,0.2016938121144978,0.018,0.08918181818181817,Low-low,-1.6323334216167409,0.02,0.09761194029850746,Low-low,Cold spot,"ACLED (Armed Conflict Location & Event Data), course file accessed 2026-10-08; https://acleddata.com/; original township/time aggregation and statistics"
MMR009005,Events,Precision 1 only,22,0.2905832502304939,0.258,0.5373630573248408,Low-low,-1.2158323813697196,0.27,0.5518125,Not significant,Not significant,"ACLED (Armed Conflict Location & Event Data), course file accessed 2026-10-08; https://acleddata.com/; original township/time aggregation and statistics"
MMR009006,Events,Precision 1 only,75,0.0808913812306559,0.062,0.2111875,Low-low,-1.4885342262283705,0.064,0.2113939393939394,Not significant,Not significant,"ACLED (Armed Conflict Location & Event Data), course file accessed 2026-10-08; https://acleddata.com/; original township/time aggregation and statistics"
MMR009007,Events,Precision 1 only,21,0.2988532679209888,0.33,0.6138100558659219,Low-low,-1.135469084256477,0.346,0.6149021739130435,Not significant,Not significant,"ACLED (Armed Conflict Location & Event Data), course file accessed 2026-10-08; https://acleddata.com/; original township/time aggregation and statistics"
MMR009008,Events,Precision 1 only,64,0.08646948833680251,0.41,0.6571902439024391,Low-low,-0.9138001487026688,0.43,0.6695714285714286,Not significant,Not significant,"ACLED (Armed Conflict Location & Event Data), course file accessed 2026-10-08; https://acleddata.com/; original township/time aggregation and statistics"
MMR009009,Events,Precision 1 only,33,0.2191568877495124,0.336,0.6138100558659219,Low-low,-1.0773246136146757,0.298,0.576603550295858,Not significant,Not significant,"ACLED (Armed Conflict Location & Event Data), course file accessed 2026-10-08; https://acleddata.com/; original township/time aggregation and statistics"
MMR009010,Events,Precision 1 only,147,-0.17223775151071305,0.498,0.7302511210762331,High-low,-0.5701538007872434,0.476,0.7164272727272727,Not significant,Not significant,"ACLED (Armed Conflict Location & Event Data), course file accessed 2026-10-08; https://acleddata.com/; original township/time aggregation and statistics"
MMR009011,Events,Precision 1 only,15,-0.01851689439524711,0.796,0.8906006825938567,Low-high,-0.1779490286215658,0.862,0.9151753246753248,Not significant,Not significant,"ACLED (Armed Conflict Location & Event Data), course file accessed 2026-10-08; https://acleddata.com/; original township/time aggregation and statistics"
MMR009012,Events,Precision 1 only,21,0.3856943908289463,0.07,0.2289,Low-low,-1.515308635975221,0.084,0.25433333333333336,Not significant,Not significant,"ACLED (Armed Conflict Location & Event Data), course file accessed 2026-10-08; https://acleddata.com/; original township/time aggregation and statistics"
MMR009013,Events,Precision 1 only,6,0.33991035049452856,0.196,0.4330540540540541,Low-low,-1.3812158353573418,0.198,0.43747297297297305,Not significant,Not significant,"ACLED (Armed Conflict Location & Event Data), course file accessed 2026-10-08; https://acleddata.com/; original township/time aggregation and statistics"
MMR009014,Events,Precision 1 only,43,0.1417226786178871,0.532,0.7494334763948498,Low-low,-0.8527174226605495,0.534,0.7692422907488987,Not significant,Not significant,"ACLED (Armed Conflict Location & Event Data), course file accessed 2026-10-08; https://acleddata.com/; original township/time aggregation and statistics"
MMR009015,Events,Precision 1 only,31,0.2317075582085973,0.302,0.5882130177514793,Low-low,-1.1035287858926568,0.338,0.6072857142857143,Not significant,Not significant,"ACLED (Armed Conflict Location & Event Data), course file accessed 2026-10-08; https://acleddata.com/; original township/time aggregation and statistics"
MMR009016,Events,Precision 1 only,29,0.2396278722432573,0.182,0.4132916666666666,Low-low,-1.345617848417893,0.176,0.4052957746478872,Not significant,Not significant,"ACLED (Armed Conflict Location & Event Data), course file accessed 2026-10-08; https://acleddata.com/; original township/time aggregation and statistics"
MMR009017,Events,Precision 1 only,8,0.4162283450316849,0.078,0.24062264150943397,Low-low,-1.555967566524424,0.118,0.301453125,Not significant,Not significant,"ACLED (Armed Conflict Location & Event Data), course file accessed 2026-10-08; https://acleddata.com/; original township/time aggregation and statistics"
MMR009018,Events,Precision 1 only,431,3.6318820370620286,0.008,0.05338775510204081,High-high,4.039988939854926,0.024,0.10605405405405406,High-high,Hot spot,"ACLED (Armed Conflict Location & Event Data), course file accessed 2026-10-08; https://acleddata.com/; original township/time aggregation and statistics"
MMR009019,Events,Precision 1 only,436,6.006480203062131,0.002,0.02335714285714285,High-high,5.903426454070059,0.002,0.02515384615384615,High-high,Hot spot,"ACLED (Armed Conflict Location & Event Data), course file accessed 2026-10-08; https://acleddata.com/; original township/time aggregation and statistics"
MMR009020,Events,Precision 1 only,508,8.079800132296613,0.002,0.02335714285714285,High-high,5.937906650519191,0.002,0.02515384615384615,High-high,Hot spot,"ACLED (Armed Conflict Location & Event Data), course file accessed 2026-10-08; https://acleddata.com/; original township/time aggregation and statistics"
MMR009021,Events,Precision 1 only,274,2.2743685111293503,0.01,0.06169811320754717,High-high,4.004216142897915,0.006,0.04459090909090909,High-high,Hot spot,"ACLED (Armed Conflict Location & Event Data), course file accessed 2026-10-08; https://acleddata.com/; original township/time aggregation and statistics"
MMR009022,Events,Precision 1 only,55,-0.3222012588355498,0.074,0.2304571428571429,Low-high,1.9211813856229052,0.052,0.18283870967741936,Not significant,Not significant,"ACLED (Armed Conflict Location & Event Data), course file accessed 2026-10-08; https://acleddata.com/; original township/time aggregation and statistics"
MMR009023,Events,Precision 1 only,221,1.272921536226708,0.01,0.06169811320754717,High-high,3.2945126741016515,0.014,0.0803157894736842,High-high,Hot spot,"ACLED (Armed Conflict Location & Event Data), course file accessed 2026-10-08; https://acleddata.com/; original township/time aggregation and statistics"
MMR009024,Events,Precision 1 only,88,-0.01663856069510895,0.112,0.2906666666666667,Low-high,1.516888441905479,0.134,0.3344885496183206,Not significant,Not significant,"ACLED (Armed Conflict Location & Event Data), course file accessed 2026-10-08; https://acleddata.com/; original township/time aggregation and statistics"
MMR009025,Events,Precision 1 only,103,0.02976205428666007,0.45,0.7007142857142857,High-high,0.6936063881492126,0.464,0.7090093457943925,Not significant,Not significant,"ACLED (Armed Conflict Location & Event Data), course file accessed 2026-10-08; https://acleddata.com/; original township/time aggregation and statistics"
MMR010001,Events,Precision 1 only,128,0.04361536211532859,0.674,0.8422727272727273,High-high,0.34570661922445645,0.614,0.8025179282868525,Not significant,Not significant,"ACLED (Armed Conflict Location & Event Data), course file accessed 2026-10-08; https://acleddata.com/; original township/time aggregation and statistics"
MMR010002,Events,Precision 1 only,145,0.11529192072850876,0.558,0.7744016736401673,High-high,0.5993861423297092,0.602,0.8022753036437247,Not significant,Not significant,"ACLED (Armed Conflict Location & Event Data), course file accessed 2026-10-08; https://acleddata.com/; original township/time aggregation and statistics"
MMR010003,Events,Precision 1 only,156,0.12226966349656414,0.578,0.7772950819672131,High-high,0.6373952605520233,0.558,0.7797692307692308,Not significant,Not significant,"ACLED (Armed Conflict Location & Event Data), course file accessed 2026-10-08; https://acleddata.com/; original township/time aggregation and statistics"
MMR010004,Events,Precision 1 only,160,0.0995088286549812,0.624,0.8065138339920949,High-high,0.5677908867373708,0.622,0.8065138339920949,Not significant,Not significant,"ACLED (Armed Conflict Location & Event Data), course file accessed 2026-10-08; https://acleddata.com/; original township/time aggregation and statistics"
MMR010005,Events,Precision 1 only,128,0.03688227919590157,0.678,0.8422727272727273,High-high,0.3342937379870732,0.678,0.8332444444444443,Not significant,Not significant,"ACLED (Armed Conflict Location & Event Data), course file accessed 2026-10-08; https://acleddata.com/; original township/time aggregation and statistics"
MMR010006,Events,Precision 1 only,83,-0.02964261805625757,0.232,0.48630769230769233,Low-high,1.067594719972494,0.248,0.5132658227848101,Not significant,Not significant,"ACLED (Armed Conflict Location & Event Data), course file accessed 2026-10-08; https://acleddata.com/; original township/time aggregation and statistics"
MMR010007,Events,Precision 1 only,64,-0.1672543029886036,0.058,0.1996421052631579,Low-high,2.0533428489253316,0.05,0.1796703296703297,Not significant,Not significant,"ACLED (Armed Conflict Location & Event Data), course file accessed 2026-10-08; https://acleddata.com/; original township/time aggregation and statistics"
MMR010008,Events,Precision 1 only,28,-0.6574833685795498,0.042,0.15969767441860466,Low-high,2.145788576577032,0.036,0.1435609756097561,Low-high,Hot spot,"ACLED (Armed Conflict Location & Event Data), course file accessed 2026-10-08; https://acleddata.com/; original township/time aggregation and statistics"
MMR010009,Events,Precision 1 only,402,4.149173457422561,0.008,0.05338775510204081,High-high,4.431809707759508,0.004,0.03353846153846154,High-high,Hot spot,"ACLED (Armed Conflict Location & Event Data), course file accessed 2026-10-08; https://acleddata.com/; original township/time aggregation and statistics"
MMR010010,Events,Precision 1 only,193,2.3616543391497395,0.002,0.02335714285714285,High-high,6.150041447336636,0.002,0.02515384615384615,High-high,Hot spot,"ACLED (Armed Conflict Location & Event Data), course file accessed 2026-10-08; https://acleddata.com/; original township/time aggregation and statistics"
MMR010011,Events,Precision 1 only,210,1.7000623761016145,0.016,0.0872,High-high,3.302833340160184,0.022,0.10277142857142856,High-high,Hot spot,"ACLED (Armed Conflict Location & Event Data), course file accessed 2026-10-08; https://acleddata.com/; original township/time aggregation and statistics"
MMR010012,Events,Precision 1 only,161,0.8776175971699295,0.004,0.03737142857142857,High-high,3.9086927565000034,0.008,0.05232,High-high,Hot spot,"ACLED (Armed Conflict Location & Event Data), course file accessed 2026-10-08; https://acleddata.com/; original township/time aggregation and statistics"
MMR010013,Events,Precision 1 only,46,-0.05298228508936332,0.702,0.8565447761194028,Low-high,0.18303101339916691,0.646,0.8219533073929961,Not significant,Not significant,"ACLED (Armed Conflict Location & Event Data), course file accessed 2026-10-08; https://acleddata.com/; original township/time aggregation and statistics"
MMR010014,Events,Precision 1 only,32,0.20167303417219623,0.404,0.6571902439024391,Low-low,-0.9987120967807313,0.426,0.6665167464114833,Not significant,Not significant,"ACLED (Armed Conflict Location & Event Data), course file accessed 2026-10-08; https://acleddata.com/; original township/time aggregation and statistics"
MMR010015,Events,Precision 1 only,20,0.04588231832710705,0.922,0.9510851735015774,Low-low,-0.4109899471174353,0.996,0.996,Not significant,Not significant,"ACLED (Armed Conflict Location & Event Data), course file accessed 2026-10-08; https://acleddata.com/; original township/time aggregation and statistics"
MMR010016,Events,Precision 1 only,23,-0.23518579001496093,0.286,0.5737546012269938,Low-high,0.739135402458134,0.3,0.5770588235294117,Not significant,Not significant,"ACLED (Armed Conflict Location & Event Data), course file accessed 2026-10-08; https://acleddata.com/; original township/time aggregation and statistics"
MMR010017,Events,Precision 1 only,419,3.6593267160973126,0.03,0.1308,High-high,3.747986538716464,0.016,0.0872,High-high,Hot spot,"ACLED (Armed Conflict Location & Event Data), course file accessed 2026-10-08; https://acleddata.com/; original township/time aggregation and statistics"
MMR010018,Events,Precision 1 only,136,0.5599635164611293,0.004,0.03737142857142857,High-high,3.5294135651048792,0.008,0.05232,High-high,Hot spot,"ACLED (Armed Conflict Location & Event Data), course file accessed 2026-10-08; https://acleddata.com/; original township/time aggregation and statistics"
MMR010019,Events,Precision 1 only,211,0.3146968708987821,0.456,0.7052350230414747,High-high,1.109871661830778,0.412,0.6635242718446601,Not significant,Not significant,"ACLED (Armed Conflict Location & Event Data), course file accessed 2026-10-08; https://acleddata.com/; original township/time aggregation and statistics"
MMR010020,Events,Precision 1 only,49,0.0937940927736618,0.584,0.7794612244897959,Low-low,-0.7568179248349932,0.572,0.7858991596638655,Not significant,Not significant,"ACLED (Armed Conflict Location & Event Data), course file accessed 2026-10-08; https://acleddata.com/; original township/time aggregation and statistics"
MMR010021,Events,Precision 1 only,130,0.5041815773412636,0.006,0.04905,High-high,3.345331860309727,0.004,0.03353846153846154,High-high,Hot spot,"ACLED (Armed Conflict Location & Event Data), course file accessed 2026-10-08; https://acleddata.com/; original township/time aggregation and statistics"
MMR010022,Events,Precision 1 only,80,-0.06501006610386383,0.202,0.44331543624161074,Low-high,1.1860415012086956,0.216,0.47088,Not significant,Not significant,"ACLED (Armed Conflict Location & Event Data), course file accessed 2026-10-08; https://acleddata.com/; original township/time aggregation and statistics"
MMR010023,Events,Precision 1 only,3,0.42543074063218256,0.096,0.2616,Low-low,-1.6218691967044971,0.066,0.2136831683168317,Not significant,Not significant,"ACLED (Armed Conflict Location & Event Data), course file accessed 2026-10-08; https://acleddata.com/; original township/time aggregation and statistics"
MMR010024,Events,Precision 1 only,8,0.4281762104197806,0.186,0.4194620689655172,Low-low,-1.364754080351803,0.176,0.4052957746478872,Not significant,Not significant,"ACLED (Armed Conflict Location & Event Data), course file accessed 2026-10-08; https://acleddata.com/; original township/time aggregation and statistics"
MMR010028,Events,Precision 1 only,19,0.26702727510059715,0.308,0.5889824561403508,Low-low,-1.1880229919887155,0.324,0.6019772727272727,Not significant,Not significant,"ACLED (Armed Conflict Location & Event Data), course file accessed 2026-10-08; https://acleddata.com/; original township/time aggregation and statistics"
MMR010029,Events,Precision 1 only,47,-0.02999410213603888,0.758,0.8812765957446809,Low-high,-0.00669700340000813,0.76,0.8781625441696113,Not significant,Not significant,"ACLED (Armed Conflict Location & Event Data), course file accessed 2026-10-08; https://acleddata.com/; original township/time aggregation and statistics"
MMR010030,Events,Precision 1 only,14,0.3990576796910917,0.074,0.2304571428571429,Low-low,-1.6836585732666047,0.048,0.17635955056179775,Not significant,Cold spot,"ACLED (Armed Conflict Location & Event Data), course file accessed 2026-10-08; https://acleddata.com/; original township/time aggregation and statistics"
MMR010031,Events,Precision 1 only,79,0.02812579434450175,0.606,0.7990403225806452,Low-low,-0.6569331815739671,0.664,0.8332444444444443,Not significant,Not significant,"ACLED (Armed Conflict Location & Event Data), course file accessed 2026-10-08; https://acleddata.com/; original township/time aggregation and statistics"
MMR011001,Events,Precision 1 only,46,0.11122958826430526,0.694,0.8563698113207546,Low-low,-0.6768990920658255,0.686,0.8332444444444443,Not significant,Not significant,"ACLED (Armed Conflict Location & Event Data), course file accessed 2026-10-08; https://acleddata.com/; original township/time aggregation and statistics"
MMR011002,Events,Precision 1 only,91,0.00415535327821093,0.134,0.3294586466165414,High-high,1.538157745212231,0.116,0.301453125,Not significant,Not significant,"ACLED (Armed Conflict Location & Event Data), course file accessed 2026-10-08; https://acleddata.com/; original township/time aggregation and statistics"
MMR011004,Events,Precision 1 only,55,-0.19437993198169576,0.324,0.6124161849710983,Low-high,0.7456440205877157,0.28,0.5617177914110429,Not significant,Not significant,"ACLED (Armed Conflict Location & Event Data), course file accessed 2026-10-08; https://acleddata.com/; original township/time aggregation and statistics"
MMR011005,Events,Precision 1 only,33,-0.01681882748940705,0.78,0.8906006825938567,Low-high,-0.17738535057243762,0.796,0.8944742268041238,Not significant,Not significant,"ACLED (Armed Conflict Location & Event Data), course file accessed 2026-10-08; https://acleddata.com/; original township/time aggregation and statistics"
MMR011006,Events,Precision 1 only,253,0.5723728091422141,0.436,0.6821626794258373,High-high,1.3261049749241776,0.418,0.6635242718446601,Not significant,Not significant,"ACLED (Armed Conflict Location & Event Data), course file accessed 2026-10-08; https://acleddata.com/; original township/time aggregation and statistics"
MMR011007,Events,Precision 1 only,150,0.04206967562770239,0.72,0.8609018181818182,High-high,0.3891404423338255,0.718,0.8546859205776173,Not significant,Not significant,"ACLED (Armed Conflict Location & Event Data), course file accessed 2026-10-08; https://acleddata.com/; original township/time aggregation and statistics"
MMR011008,Events,Precision 1 only,37,-0.0067952848120735,0.798,0.8906006825938567,Low-high,-0.22331442287157544,0.826,0.9033511705685616,Not significant,Not significant,"ACLED (Armed Conflict Location & Event Data), course file accessed 2026-10-08; https://acleddata.com/; original township/time aggregation and statistics"
MMR011009,Events,Precision 1 only,305,0.38841949138507226,0.55,0.7685897435897436,High-high,1.280399387968551,0.556,0.7797692307692308,Not significant,Not significant,"ACLED (Armed Conflict Location & Event Data), course file accessed 2026-10-08; https://acleddata.com/; original township/time aggregation and statistics"
MMR011010,Events,Precision 1 only,180,0.4427996198744838,0.268,0.5546582278481013,High-high,1.45324973780181,0.274,0.5565093167701863,Not significant,Not significant,"ACLED (Armed Conflict Location & Event Data), course file accessed 2026-10-08; https://acleddata.com/; original township/time aggregation and statistics"
MMR012001,Events,Precision 1 only,159,0.11084449585682296,0.566,0.7744016736401673,High-high,0.5675100074200123,0.606,0.8022753036437247,Not significant,Not significant,"ACLED (Armed Conflict Location & Event Data), course file accessed 2026-10-08; https://acleddata.com/; original township/time aggregation and statistics"
MMR012002,Events,Precision 1 only,110,0.01582591921903838,0.73,0.864891304347826,High-high,0.24024089231547696,0.75,0.8758928571428573,Not significant,Not significant,"ACLED (Armed Conflict Location & Event Data), course file accessed 2026-10-08; https://acleddata.com/; original township/time aggregation and statistics"
MMR012003,Events,Precision 1 only,95,0.00404952249167075,0.724,0.8609018181818182,High-high,0.1952027680824667,0.658,0.8307567567567568,Not significant,Not significant,"ACLED (Armed Conflict Location & Event Data), course file accessed 2026-10-08; https://acleddata.com/; original township/time aggregation and statistics"
MMR012004,Events,Precision 1 only,99,2.0151002939609852e-4,0.834,0.9000594059405941,High-high,0.03961652073206712,0.832,0.9038671096345514,Not significant,Not significant,"ACLED (Armed Conflict Location & Event Data), course file accessed 2026-10-08; https://acleddata.com/; original township/time aggregation and statistics"
MMR012005,Events,Precision 1 only,113,-0.02778678153630669,0.814,0.893214765100671,High-low,-0.2657549847887712,0.79,0.8930482758620689,Not significant,Not significant,"ACLED (Armed Conflict Location & Event Data), course file accessed 2026-10-08; https://acleddata.com/; original township/time aggregation and statistics"
MMR012006,Events,Precision 1 only,32,-0.1163390103106468,0.57,0.776625,Low-high,-0.05477354210338543,0.588,0.8005394190871369,Not significant,Not significant,"ACLED (Armed Conflict Location & Event Data), course file accessed 2026-10-08; https://acleddata.com/; original township/time aggregation and statistics"
MMR012007,Events,Precision 1 only,111,0.02301152580467625,0.634,0.8130117647058824,High-high,0.25085605469944133,0.688,0.8332444444444443,Not significant,Not significant,"ACLED (Armed Conflict Location & Event Data), course file accessed 2026-10-08; https://acleddata.com/; original township/time aggregation and statistics"
MMR012008,Events,Precision 1 only,67,-0.08846019356830709,0.426,0.6729565217391303,Low-high,0.517116085809581,0.39,0.6606734693877551,Not significant,Not significant,"ACLED (Armed Conflict Location & Event Data), course file accessed 2026-10-08; https://acleddata.com/; original township/time aggregation and statistics"
MMR012009,Events,Precision 1 only,222,-0.20652582922036283,0.984,0.984,High-low,0.49325194181892446,0.994,0.996,Not significant,Not significant,"ACLED (Armed Conflict Location & Event Data), course file accessed 2026-10-08; https://acleddata.com/; original township/time aggregation and statistics"
MMR012010,Events,Precision 1 only,76,-0.03057986794402772,0.534,0.7494334763948498,Low-high,0.4238001125953995,0.582,0.7962928870292887,Not significant,Not significant,"ACLED (Armed Conflict Location & Event Data), course file accessed 2026-10-08; https://acleddata.com/; original township/time aggregation and statistics"
MMR012011,Events,Precision 1 only,146,-0.0297241070385115,0.852,0.910470588235294,High-low,0.22450867566471464,0.826,0.9033511705685616,Not significant,Not significant,"ACLED (Armed Conflict Location & Event Data), course file accessed 2026-10-08; https://acleddata.com/; original township/time aggregation and statistics"
MMR012013,Events,Precision 1 only,52,-0.1290860500473407,0.462,0.7052350230414747,Low-high,0.22450867566471464,0.48,0.7164272727272727,Not significant,Not significant,"ACLED (Armed Conflict Location & Event Data), course file accessed 2026-10-08; https://acleddata.com/; original township/time aggregation and statistics"
MMR012014,Events,Precision 1 only,116,-0.06487500666575129,0.384,0.6472923076923077,High-low,-0.7313675899103447,0.438,0.6787962085308057,Not significant,Not significant,"ACLED (Armed Conflict Location & Event Data), course file accessed 2026-10-08; https://acleddata.com/; original township/time aggregation and statistics"
MMR012015,Events,Precision 1 only,132,-0.1247053643989372,0.51,0.7368209606986901,High-low,-0.523293542594498,0.478,0.7164272727272727,Not significant,Not significant,"ACLED (Armed Conflict Location & Event Data), course file accessed 2026-10-08; https://acleddata.com/; original township/time aggregation and statistics"
MMR012016,Events,Precision 1 only,98,-0.01301641341147661,0.77,0.8865845070422534,High-low,-0.3623250557440413,0.842,0.9086930693069308,Not significant,Not significant,"ACLED (Armed Conflict Location & Event Data), course file accessed 2026-10-08; https://acleddata.com/; original township/time aggregation and statistics"
MMR012017,Events,Precision 1 only,120,-0.08916556335610837,0.366,0.6366063829787234,High-low,-0.7340534176805326,0.382,0.6606734693877551,Not significant,Not significant,"ACLED (Armed Conflict Location & Event Data), course file accessed 2026-10-08; https://acleddata.com/; original township/time aggregation and statistics"
MMR013001,Events,Precision 1 only,154,0.09013346156765124,0.56,0.7744016736401673,High-high,0.5585644271678749,0.616,0.8025179282868525,Not significant,Not significant,"ACLED (Armed Conflict Location & Event Data), course file accessed 2026-10-08; https://acleddata.com/; original township/time aggregation and statistics"
MMR013002,Events,Precision 1 only,137,-0.01206471276262796,0.962,0.9739133126934983,High-low,0.09631184365479432,0.948,0.9657196261682244,Not significant,Not significant,"ACLED (Armed Conflict Location & Event Data), course file accessed 2026-10-08; https://acleddata.com/; original township/time aggregation and statistics"
MMR013003,Events,Precision 1 only,7,0.26579747747582577,0.48,0.7167123287671232,Low-low,-1.0324031754238503,0.41,0.6635242718446601,Not significant,Not significant,"ACLED (Armed Conflict Location & Event Data), course file accessed 2026-10-08; https://acleddata.com/; original township/time aggregation and statistics"
MMR013004,Events,Precision 1 only,7,0.23815690659505137,0.302,0.5882130177514793,Low-low,-1.2360601475156603,0.252,0.5182641509433963,Not significant,Not significant,"ACLED (Armed Conflict Location & Event Data), course file accessed 2026-10-08; https://acleddata.com/; original township/time aggregation and statistics"
MMR013005,Events,Precision 1 only,5,0.5127412118660247,0.004,0.03737142857142857,Low-low,-2.0427122419400217,0.004,0.03353846153846154,Low-low,Cold spot,"ACLED (Armed Conflict Location & Event Data), course file accessed 2026-10-08; https://acleddata.com/; original township/time aggregation and statistics"
MMR013006,Events,Precision 1 only,5,0.4455218256969748,0.096,0.2616,Low-low,-1.608035194996458,0.076,0.23226168224299065,Not significant,Not significant,"ACLED (Armed Conflict Location & Event Data), course file accessed 2026-10-08; https://acleddata.com/; original township/time aggregation and statistics"
MMR013007,Events,Precision 1 only,106,-0.0353245304793455,0.664,0.8383320463320463,High-low,-0.4559113853082605,0.612,0.8025179282868525,Not significant,Not significant,"ACLED (Armed Conflict Location & Event Data), course file accessed 2026-10-08; https://acleddata.com/; original township/time aggregation and statistics"
MMR013009,Events,Precision 1 only,65,0.03501333740539145,0.832,0.9000594059405941,Low-low,-0.4608793318270052,0.776,0.8833541666666668,Not significant,Not significant,"ACLED (Armed Conflict Location & Event Data), course file accessed 2026-10-08; https://acleddata.com/; original township/time aggregation and statistics"
MMR013010,Events,Precision 1 only,24,0.10050579010990758,0.812,0.893214765100671,Low-low,-0.5906756998807356,0.86,0.9151753246753248,Not significant,Not significant,"ACLED (Armed Conflict Location & Event Data), course file accessed 2026-10-08; https://acleddata.com/; original township/time aggregation and statistics"
MMR013011,Events,Precision 1 only,69,0.02881531905242028,0.932,0.9583773584905662,Low-low,-0.35344347257420566,0.928,0.9542641509433964,Not significant,Not significant,"ACLED (Armed Conflict Location & Event Data), course file accessed 2026-10-08; https://acleddata.com/; original township/time aggregation and statistics"
MMR013012,Events,Precision 1 only,149,-0.05943769541697398,0.97,0.9759692307692308,High-low,-0.0104404565825773,0.9,0.9414267515923568,Not significant,Not significant,"ACLED (Armed Conflict Location & Event Data), course file accessed 2026-10-08; https://acleddata.com/; original township/time aggregation and statistics"
MMR013013,Events,Precision 1 only,96,-0.01052392115986565,0.834,0.9000594059405941,High-low,-0.35344347257420566,0.822,0.9033511705685616,Not significant,Not significant,"ACLED (Armed Conflict Location & Event Data), course file accessed 2026-10-08; https://acleddata.com/; original township/time aggregation and statistics"
MMR013014,Events,Precision 1 only,28,0.13557079576039482,0.76,0.8812765957446809,Low-low,-0.685087841926373,0.724,0.8546859205776173,Not significant,Not significant,"ACLED (Armed Conflict Location & Event Data), course file accessed 2026-10-08; https://acleddata.com/; original township/time aggregation and statistics"
MMR013015,Events,Precision 1 only,65,0.10259815084226474,0.36,0.6329032258064516,Low-low,-1.006199003145869,0.296,0.576603550295858,Not significant,Not significant,"ACLED (Armed Conflict Location & Event Data), course file accessed 2026-10-08; https://acleddata.com/; original township/time aggregation and statistics"
MMR013016,Events,Precision 1 only,15,0.40588819613768035,0.464,0.7052350230414747,Low-low,-1.0823213244577168,0.396,0.6606734693877551,Not significant,Not significant,"ACLED (Armed Conflict Location & Event Data), course file accessed 2026-10-08; https://acleddata.com/; original township/time aggregation and statistics"
MMR013017,Events,Precision 1 only,20,0.4023310917465413,0.124,0.30952671755725186,Low-low,-1.4179809544453603,0.104,0.2810578512396694,Not significant,Not significant,"ACLED (Armed Conflict Location & Event Data), course file accessed 2026-10-08; https://acleddata.com/; original township/time aggregation and statistics"
MMR013018,Events,Precision 1 only,128,-0.09311801409457394,0.526,0.7478347826086957,High-low,-0.4937879456949267,0.59,0.8005394190871369,Not significant,Not significant,"ACLED (Armed Conflict Location & Event Data), course file accessed 2026-10-08; https://acleddata.com/; original township/time aggregation and statistics"
MMR013019,Events,Precision 1 only,107,0.0018734296900426,0.878,0.9291456310679612,High-high,0.08589831796038751,0.912,0.943746835443038,Not significant,Not significant,"ACLED (Armed Conflict Location & Event Data), course file accessed 2026-10-08; https://acleddata.com/; original township/time aggregation and statistics"
MMR013020,Events,Precision 1 only,39,-0.03104085216554212,0.724,0.8609018181818182,Low-high,-0.09140347703669066,0.7,0.8415441176470587,Not significant,Not significant,"ACLED (Armed Conflict Location & Event Data), course file accessed 2026-10-08; https://acleddata.com/; original township/time aggregation and statistics"
MMR013021,Events,Precision 1 only,49,0.10286680406618288,0.68,0.8422727272727273,Low-low,-0.660521592344731,0.688,0.8332444444444443,Not significant,Not significant,"ACLED (Armed Conflict Location & Event Data), course file accessed 2026-10-08; https://acleddata.com/; original township/time aggregation and statistics"
MMR013022,Events,Precision 1 only,31,0.30506259815997855,0.042,0.15969767441860466,Low-low,-1.7049131966209283,0.04,0.15209302325581395,Low-low,Cold spot,"ACLED (Armed Conflict Location & Event Data), course file accessed 2026-10-08; https://acleddata.com/; original township/time aggregation and statistics"
MMR013023,Events,Precision 1 only,11,0.48069195321964264,0.034,0.14073417721518988,Low-low,-1.6650467632779715,0.034,0.14073417721518988,Low-low,Cold spot,"ACLED (Armed Conflict Location & Event Data), course file accessed 2026-10-08; https://acleddata.com/; original township/time aggregation and statistics"
MMR013024,Events,Precision 1 only,3,0.5862912032662958,0.14,0.33911111111111114,Low-low,-1.3141782599633096,0.156,0.36965217391304345,Not significant,Not significant,"ACLED (Armed Conflict Location & Event Data), course file accessed 2026-10-08; https://acleddata.com/; original township/time aggregation and statistics"
MMR013025,Events,Precision 1 only,8,0.5402585666795353,0.054,0.19193478260869565,Low-low,-1.4619358293690652,0.05,0.1796703296703297,Not significant,Not significant,"ACLED (Armed Conflict Location & Event Data), course file accessed 2026-10-08; https://acleddata.com/; original township/time aggregation and statistics"
MMR013026,Events,Precision 1 only,20,0.4708789327887401,0.028,0.12542465753424656,Low-low,-1.610416576168223,0.024,0.10605405405405406,Low-low,Cold spot,"ACLED (Armed Conflict Location & Event Data), course file accessed 2026-10-08; https://acleddata.com/; original township/time aggregation and statistics"
MMR013027,Events,Precision 1 only,22,0.30494288446722956,0.07,0.2289,Low-low,-1.6125744293482085,0.1,0.2747899159663866,Not significant,Not significant,"ACLED (Armed Conflict Location & Event Data), course file accessed 2026-10-08; https://acleddata.com/; original township/time aggregation and statistics"
MMR013028,Events,Precision 1 only,16,0.4405823383046173,0.05,0.18370786516853932,Low-low,-1.6163818719045775,0.054,0.1878510638297872,Not significant,Not significant,"ACLED (Armed Conflict Location & Event Data), course file accessed 2026-10-08; https://acleddata.com/; original township/time aggregation and statistics"
MMR013029,Events,Precision 1 only,11,0.4899025230367358,0.566,0.7744016736401673,Low-low,-0.9918961152639438,0.542,0.7739475982532752,Not significant,Not significant,"ACLED (Armed Conflict Location & Event Data), course file accessed 2026-10-08; https://acleddata.com/; original township/time aggregation and statistics"
MMR013030,Events,Precision 1 only,18,0.4587462432997489,0.096,0.2616,Low-low,-1.379665772848937,0.114,0.30062903225806453,Not significant,Not significant,"ACLED (Armed Conflict Location & Event Data), course file accessed 2026-10-08; https://acleddata.com/; original township/time aggregation and statistics"
MMR013031,Events,Precision 1 only,4,0.4447693215437169,0.304,0.5882130177514793,Low-low,-1.2471195706776188,0.28,0.5617177914110429,Not significant,Not significant,"ACLED (Armed Conflict Location & Event Data), course file accessed 2026-10-08; https://acleddata.com/; original township/time aggregation and statistics"
MMR013033,Events,Precision 1 only,23,0.4019585319322019,0.09,0.2616,Low-low,-1.4548303288178237,0.094,0.2660338983050848,Not significant,Not significant,"ACLED (Armed Conflict Location & Event Data), course file accessed 2026-10-08; https://acleddata.com/; original township/time aggregation and statistics"
MMR013034,Events,Precision 1 only,6,0.5067417709142163,0.04,0.15759036144578314,Low-low,-1.6725336696431092,0.03,0.12907894736842104,Low-low,Cold spot,"ACLED (Armed Conflict Location & Event Data), course file accessed 2026-10-08; https://acleddata.com/; original township/time aggregation and statistics"
MMR013035,Events,Precision 1 only,17,0.4549397951615341,0.02,0.0961764705882353,Low-low,-1.8128345336531264,0.022,0.10277142857142856,Low-low,Cold spot,"ACLED (Armed Conflict Location & Event Data), course file accessed 2026-10-08; https://acleddata.com/; original township/time aggregation and statistics"
MMR013036,Events,Precision 1 only,9,0.5359553721222015,0.072,0.2304571428571429,Low-low,-1.4619358293690652,0.074,0.22828301886792451,Not significant,Not significant,"ACLED (Armed Conflict Location & Event Data), course file accessed 2026-10-08; https://acleddata.com/; original township/time aggregation and statistics"
MMR013037,Events,Precision 1 only,26,0.30269343168856794,0.272,0.5593962264150945,Low-low,-1.1927903332803085,0.23,0.48837662337662346,Not significant,Not significant,"ACLED (Armed Conflict Location & Event Data), course file accessed 2026-10-08; https://acleddata.com/; original township/time aggregation and statistics"
MMR013038,Events,Precision 1 only,45,0.12596437322857543,0.534,0.7494334763948498,Low-low,-0.854790169767697,0.522,0.755283185840708,Not significant,Not significant,"ACLED (Armed Conflict Location & Event Data), course file accessed 2026-10-08; https://acleddata.com/; original township/time aggregation and statistics"
MMR013039,Events,Precision 1 only,63,0.1206610861778935,0.22,0.4764238410596026,Low-low,-1.0960418795275193,0.214,0.46965100671140936,Not significant,Not significant,"ACLED (Armed Conflict Location & Event Data), course file accessed 2026-10-08; https://acleddata.com/; original township/time aggregation and statistics"
MMR013040,Events,Precision 1 only,106,0.02426816090163253,0.62,0.8045238095238095,High-high,0.32972317929151057,0.612,0.8025179282868525,Not significant,Not significant,"ACLED (Armed Conflict Location & Event Data), course file accessed 2026-10-08; https://acleddata.com/; original township/time aggregation and statistics"
MMR013041,Events,Precision 1 only,45,0.09836110474624668,0.614,0.8025179282868525,Low-low,-0.7020584595830631,0.67,0.8332444444444443,Not significant,Not significant,"ACLED (Armed Conflict Location & Event Data), course file accessed 2026-10-08; https://acleddata.com/; original township/time aggregation and statistics"
MMR013042,Events,Precision 1 only,101,0.01128228454140697,0.634,0.8130117647058824,High-high,0.38979615847474475,0.678,0.8332444444444443,Not significant,Not significant,"ACLED (Armed Conflict Location & Event Data), course file accessed 2026-10-08; https://acleddata.com/; original township/time aggregation and statistics"
MMR013043,Events,Precision 1 only,10,0.387813791580448,0.064,0.21575257731958764,Low-low,-1.6772750929130025,0.074,0.22828301886792451,Not significant,Not significant,"ACLED (Armed Conflict Location & Event Data), course file accessed 2026-10-08; https://acleddata.com/; original township/time aggregation and statistics"
MMR013044,Events,Precision 1 only,61,0.10254430228621518,0.276,0.5640750000000001,Low-low,-1.0527565178429814,0.318,0.6019772727272727,Not significant,Not significant,"ACLED (Armed Conflict Location & Event Data), course file accessed 2026-10-08; https://acleddata.com/; original township/time aggregation and statistics"
MMR013046,Events,Precision 1 only,182,-0.12982754070965488,0.82,0.8967892976588627,High-low,-0.03906399037249479,0.792,0.8930482758620689,Not significant,Not significant,"ACLED (Armed Conflict Location & Event Data), course file accessed 2026-10-08; https://acleddata.com/; original township/time aggregation and statistics"
MMR013047,Events,Precision 1 only,12,-0.02166587751294694,0.826,0.9000594059405941,Low-high,-0.2313041943541345,0.838,0.9073708609271524,Not significant,Not significant,"ACLED (Armed Conflict Location & Event Data), course file accessed 2026-10-08; https://acleddata.com/; original township/time aggregation and statistics"
MMR014001,Events,Precision 1 only,60,0.11467212703125916,0.336,0.6138100558659219,Low-low,-0.9650210181376128,0.316,0.6019772727272727,Not significant,Not significant,"ACLED (Armed Conflict Location & Event Data), course file accessed 2026-10-08; https://acleddata.com/; original township/time aggregation and statistics"
MMR014002,Events,Precision 1 only,56,-0.11328443336644026,0.356,0.629254054054054,Low-high,0.7072386843933293,0.404,0.6635242718446601,Not significant,Not significant,"ACLED (Armed Conflict Location & Event Data), course file accessed 2026-10-08; https://acleddata.com/; original township/time aggregation and statistics"
MMR014003,Events,Precision 1 only,23,0.29955796255225703,0.15,0.35802919708029196,Low-low,-1.351168227867756,0.148,0.35325547445255473,Not significant,Not significant,"ACLED (Armed Conflict Location & Event Data), course file accessed 2026-10-08; https://acleddata.com/; original township/time aggregation and statistics"
MMR014004,Events,Precision 1 only,97,-0.01062169226529371,0.746,0.8743440860215054,High-low,-0.3861815135193892,0.722,0.8546859205776173,Not significant,Not significant,"ACLED (Armed Conflict Location & Event Data), course file accessed 2026-10-08; https://acleddata.com/; original township/time aggregation and statistics"
MMR014005,Events,Precision 1 only,16,0.3322540754108568,0.118,0.301453125,Low-low,-1.4690217915245471,0.118,0.301453125,Not significant,Not significant,"ACLED (Armed Conflict Location & Event Data), course file accessed 2026-10-08; https://acleddata.com/; original township/time aggregation and statistics"
MMR014006,Events,Precision 1 only,13,0.3925949758644702,0.206,0.44908,Low-low,-1.3197159561187923,0.232,0.4894451612903226,Not significant,Not significant,"ACLED (Armed Conflict Location & Event Data), course file accessed 2026-10-08; https://acleddata.com/; original township/time aggregation and statistics"
MMR014007,Events,Precision 1 only,54,0.16996204582773625,0.13,0.3220454545454545,Low-low,-1.299100599395722,0.142,0.3465223880597014,Not significant,Not significant,"ACLED (Armed Conflict Location & Event Data), course file accessed 2026-10-08; https://acleddata.com/; original township/time aggregation and statistics"
MMR014008,Events,Precision 1 only,33,-0.1191066879256322,0.462,0.7052350230414747,Low-high,0.5374812080457347,0.5,0.7299107142857143,Not significant,Not significant,"ACLED (Armed Conflict Location & Event Data), course file accessed 2026-10-08; https://acleddata.com/; original township/time aggregation and statistics"
MMR014009,Events,Precision 1 only,77,0.04319786219426462,0.35,0.6254098360655738,Low-low,-0.9259256922681292,0.334,0.6034143646408839,Not significant,Not significant,"ACLED (Armed Conflict Location & Event Data), course file accessed 2026-10-08; https://acleddata.com/; original township/time aggregation and statistics"
MMR014010,Events,Precision 1 only,254,0.45984361379312855,0.386,0.6472923076923077,High-high,1.304996008869012,0.388,0.6606734693877551,Not significant,Not significant,"ACLED (Armed Conflict Location & Event Data), course file accessed 2026-10-08; https://acleddata.com/; original township/time aggregation and statistics"
MMR014011,Events,Precision 1 only,7,0.4454611882008593,0.09,0.2616,Low-low,-1.51905208915779,0.118,0.301453125,Not significant,Not significant,"ACLED (Armed Conflict Location & Event Data), course file accessed 2026-10-08; https://acleddata.com/; original township/time aggregation and statistics"
MMR014012,Events,Precision 1 only,6,0.5570908942025532,0.014,0.0803157894736842,Low-low,-1.8072979842155847,0.012,0.07266666666666667,Low-low,Cold spot,"ACLED (Armed Conflict Location & Event Data), course file accessed 2026-10-08; https://acleddata.com/; original township/time aggregation and statistics"
MMR014013,Events,Precision 1 only,2,0.6332769076938841,0.002,0.02335714285714285,Low-low,-2.1078844283279867,0.002,0.02515384615384615,Low-low,Cold spot,"ACLED (Armed Conflict Location & Event Data), course file accessed 2026-10-08; https://acleddata.com/; original township/time aggregation and statistics"
MMR014014,Events,Precision 1 only,1,0.6419168014514999,0.002,0.02335714285714285,Low-low,-1.9570361115183352,0.004,0.03353846153846154,Low-low,Cold spot,"ACLED (Armed Conflict Location & Event Data), course file accessed 2026-10-08; https://acleddata.com/; original township/time aggregation and statistics"
MMR014015,Events,Precision 1 only,4,0.4512460740515889,0.034,0.14073417721518988,Low-low,-1.7161792977729768,0.044,0.16349999999999998,Low-low,Cold spot,"ACLED (Armed Conflict Location & Event Data), course file accessed 2026-10-08; https://acleddata.com/; original township/time aggregation and statistics"
MMR014016,Events,Precision 1 only,18,0.28956200845875124,0.284,0.5732592592592592,Low-low,-1.1746543963614635,0.32,0.6019772727272727,Not significant,Not significant,"ACLED (Armed Conflict Location & Event Data), course file accessed 2026-10-08; https://acleddata.com/; original township/time aggregation and statistics"
MMR014017,Events,Precision 1 only,6,0.5964844212198167,0.002,0.02335714285714285,Low-low,-2.069701500781828,0.002,0.02515384615384615,Low-low,Cold spot,"ACLED (Armed Conflict Location & Event Data), course file accessed 2026-10-08; https://acleddata.com/; original township/time aggregation and statistics"
MMR014018,Events,Precision 1 only,0,0.6416021953860576,0.002,0.02335714285714285,Low-low,-1.9420622987880605,0.004,0.03353846153846154,Low-low,Cold spot,"ACLED (Armed Conflict Location & Event Data), course file accessed 2026-10-08; https://acleddata.com/; original township/time aggregation and statistics"
MMR014019,Events,Precision 1 only,4,0.6383901333579934,0.002,0.02335714285714285,Low-low,-2.3113085562395903,0.002,0.02515384615384615,Low-low,Cold spot,"ACLED (Armed Conflict Location & Event Data), course file accessed 2026-10-08; https://acleddata.com/; original township/time aggregation and statistics"
MMR014020,Events,Precision 1 only,2,0.23986821139148393,0.404,0.6571902439024391,Low-low,-1.033244083139158,0.424,0.6665167464114833,Not significant,Not significant,"ACLED (Armed Conflict Location & Event Data), course file accessed 2026-10-08; https://acleddata.com/; original township/time aggregation and statistics"
MMR014021,Events,Precision 1 only,0,0.6650698600414443,0.002,0.02335714285714285,Low-low,-1.6310465011048851,0.002,0.02515384615384615,Low-low,Cold spot,"ACLED (Armed Conflict Location & Event Data), course file accessed 2026-10-08; https://acleddata.com/; original township/time aggregation and statistics"
MMR015001,Events,Precision 1 only,203,-0.3770070735189872,0.316,0.6007674418604652,High-low,-0.648523454895764,0.294,0.576603550295858,Not significant,Not significant,"ACLED (Armed Conflict Location & Event Data), course file accessed 2026-10-08; https://acleddata.com/; original township/time aggregation and statistics"
MMR015002,Events,Precision 1 only,96,0.00986875994510605,0.616,0.8025179282868525,High-high,0.37535526501450833,0.602,0.8022753036437247,Not significant,Not significant,"ACLED (Armed Conflict Location & Event Data), course file accessed 2026-10-08; https://acleddata.com/; original township/time aggregation and statistics"
MMR015003,Events,Precision 1 only,14,0.10803071349009365,0.866,0.919422077922078,Low-low,-0.6056495126110112,0.87,0.9206796116504854,Not significant,Not significant,"ACLED (Armed Conflict Location & Event Data), course file accessed 2026-10-08; https://acleddata.com/; original township/time aggregation and statistics"
MMR015004,Events,Precision 1 only,9,0.3885385480058383,0.096,0.2616,Low-low,-1.576340182395576,0.126,0.3193953488372093,Not significant,Not significant,"ACLED (Armed Conflict Location & Event Data), course file accessed 2026-10-08; https://acleddata.com/; original township/time aggregation and statistics"
MMR015005,Events,Precision 1 only,3,0.6406010057633437,0.002,0.02335714285714285,Low-low,-1.9832402837963168,0.002,0.02515384615384615,Low-low,Cold spot,"ACLED (Armed Conflict Location & Event Data), course file accessed 2026-10-08; https://acleddata.com/; original township/time aggregation and statistics"
MMR015006,Events,Precision 1 only,0,0.6700629801808884,0.002,0.02335714285714285,Low-low,-1.6401876184960105,0.002,0.02515384615384615,Low-low,Cold spot,"ACLED (Armed Conflict Location & Event Data), course file accessed 2026-10-08; https://acleddata.com/; original township/time aggregation and statistics"
MMR015007,Events,Precision 1 only,0,0.6775526603900544,0.004,0.03737142857142857,Low-low,-1.430106727716106,0.004,0.03353846153846154,Low-low,Cold spot,"ACLED (Armed Conflict Location & Event Data), course file accessed 2026-10-08; https://acleddata.com/; original township/time aggregation and statistics"
MMR015008,Events,Precision 1 only,0,0.6535856837207232,0.002,0.02335714285714285,Low-low,-1.9720099242486104,0.004,0.03353846153846154,Low-low,Cold spot,"ACLED (Armed Conflict Location & Event Data), course file accessed 2026-10-08; https://acleddata.com/; original township/time aggregation and statistics"
MMR015009,Events,Precision 1 only,295,0.11066448224622472,0.702,0.8565447761194028,High-high,1.02444810101704,0.74,0.8673118279569892,Not significant,Not significant,"ACLED (Armed Conflict Location & Event Data), course file accessed 2026-10-08; https://acleddata.com/; original township/time aggregation and statistics"
MMR015010,Events,Precision 1 only,95,0.01944385099406811,0.344,0.618065934065934,High-high,0.8666802566473492,0.346,0.6149021739130435,Not significant,Not significant,"ACLED (Armed Conflict Location & Event Data), course file accessed 2026-10-08; https://acleddata.com/; original township/time aggregation and statistics"
MMR015011,Events,Precision 1 only,190,-0.03561576407238084,0.974,0.9769877300613496,High-low,0.22530795525745093,0.986,0.9920676923076924,Not significant,Not significant,"ACLED (Armed Conflict Location & Event Data), course file accessed 2026-10-08; https://acleddata.com/; original township/time aggregation and statistics"
MMR015012,Events,Precision 1 only,236,1.0868430155916096,0.09,0.2616,High-high,2.383816321192829,0.066,0.2136831683168317,Not significant,Not significant,"ACLED (Armed Conflict Location & Event Data), course file accessed 2026-10-08; https://acleddata.com/; original township/time aggregation and statistics"
MMR015013,Events,Precision 1 only,544,2.747066412151752,0.094,0.2616,High-high,3.190102060093932,0.092,0.2660338983050848,Not significant,Not significant,"ACLED (Armed Conflict Location & Event Data), course file accessed 2026-10-08; https://acleddata.com/; original township/time aggregation and statistics"
MMR015014,Events,Precision 1 only,145,-0.05345713563958236,0.898,0.941173076923077,High-low,-0.1233994844451735,0.856,0.9147450980392156,Not significant,Not significant,"ACLED (Armed Conflict Location & Event Data), course file accessed 2026-10-08; https://acleddata.com/; original township/time aggregation and statistics"
MMR015015,Events,Precision 1 only,77,-0.01899025749122951,0.68,0.8422727272727273,Low-high,0.2238633925943821,0.636,0.8149453125,Not significant,Not significant,"ACLED (Armed Conflict Location & Event Data), course file accessed 2026-10-08; https://acleddata.com/; original township/time aggregation and statistics"
MMR015016,Events,Precision 1 only,44,-0.11669554359678525,0.468,0.7052350230414747,Low-high,0.3938524871348493,0.482,0.7164272727272727,Not significant,Not significant,"ACLED (Armed Conflict Location & Event Data), course file accessed 2026-10-08; https://acleddata.com/; original township/time aggregation and statistics"
MMR015017,Events,Precision 1 only,108,0.03876453121520417,0.516,0.7368209606986901,High-high,0.6169881283751365,0.49,0.7217567567567568,Not significant,Not significant,"ACLED (Armed Conflict Location & Event Data), course file accessed 2026-10-08; https://acleddata.com/; original township/time aggregation and statistics"
MMR015018,Events,Precision 1 only,14,-0.19014079290042557,0.38,0.6472923076923077,Low-high,0.5030641996011453,0.394,0.6606734693877551,Not significant,Not significant,"ACLED (Armed Conflict Location & Event Data), course file accessed 2026-10-08; https://acleddata.com/; original township/time aggregation and statistics"
MMR015019,Events,Precision 1 only,38,-0.02838628436846779,0.796,0.8906006825938567,Low-high,0.01853359464439379,0.83,0.9038671096345514,Not significant,Not significant,"ACLED (Armed Conflict Location & Event Data), course file accessed 2026-10-08; https://acleddata.com/; original township/time aggregation and statistics"
MMR015020,Events,Precision 1 only,17,-0.1176009791442134,0.58,0.7772950819672131,Low-high,0.08688932616421076,0.606,0.8022753036437247,Not significant,Not significant,"ACLED (Armed Conflict Location & Event Data), course file accessed 2026-10-08; https://acleddata.com/; original township/time aggregation and statistics"
MMR015021,Events,Precision 1 only,4,0.239558531557459,0.58,0.7772950819672131,Low-low,-0.9500472054073376,0.538,0.7716052631578947,Not significant,Not significant,"ACLED (Armed Conflict Location & Event Data), course file accessed 2026-10-08; https://acleddata.com/; original township/time aggregation and statistics"
MMR015022,Events,Precision 1 only,56,0.10333468754351838,0.514,0.7368209606986901,Low-low,-0.7342203410896572,0.558,0.7797692307692308,Not significant,Not significant,"ACLED (Armed Conflict Location & Event Data), course file accessed 2026-10-08; https://acleddata.com/; original township/time aggregation and statistics"
MMR015023,Events,Precision 1 only,6,-0.6284444810033791,0.232,0.48630769230769233,Low-high,0.8461963118900948,0.194,0.4345068493150685,Not significant,Not significant,"ACLED (Armed Conflict Location & Event Data), course file accessed 2026-10-08; https://acleddata.com/; original township/time aggregation and statistics"
MMR015024,Events,Precision 1 only,0,0.6500904996231124,0.002,0.02335714285714285,Low-low,-2.1217691292538623,0.002,0.02515384615384615,Low-low,Cold spot,"ACLED (Armed Conflict Location & Event Data), course file accessed 2026-10-08; https://acleddata.com/; original township/time aggregation and statistics"
MMR016001,Events,Precision 1 only,2,0.6552492019022628,0.002,0.02335714285714285,Low-low,-2.1703655824944272,0.002,0.02515384615384615,Low-low,Cold spot,"ACLED (Armed Conflict Location & Event Data), course file accessed 2026-10-08; https://acleddata.com/; original township/time aggregation and statistics"
MMR016002,Events,Precision 1 only,0,0.6685650441390553,0.002,0.02335714285714285,Low-low,-2.009444456074298,0.002,0.02515384615384615,Low-low,Cold spot,"ACLED (Armed Conflict Location & Event Data), course file accessed 2026-10-08; https://acleddata.com/; original township/time aggregation and statistics"
MMR016003,Events,Precision 1 only,1,0.6645078133264039,0.002,0.02335714285714285,Low-low,-1.8356071973332753,0.002,0.02515384615384615,Low-low,Cold spot,"ACLED (Armed Conflict Location & Event Data), course file accessed 2026-10-08; https://acleddata.com/; original township/time aggregation and statistics"
MMR016005,Events,Precision 1 only,0,0.6681905601285969,0.002,0.02335714285714285,Low-low,-1.8315128224030013,0.002,0.02515384615384615,Low-low,Cold spot,"ACLED (Armed Conflict Location & Event Data), course file accessed 2026-10-08; https://acleddata.com/; original township/time aggregation and statistics"
MMR016006,Events,Precision 1 only,1,0.6404354236236373,0.002,0.02335714285714285,Low-low,-1.9532926583357668,0.002,0.02515384615384615,Low-low,Cold spot,"ACLED (Armed Conflict Location & Event Data), course file accessed 2026-10-08; https://acleddata.com/; original township/time aggregation and statistics"
MMR016007,Events,Precision 1 only,3,0.6415061691382945,0.002,0.02335714285714285,Low-low,-2.445000195910942,0.002,0.02515384615384615,Low-low,Cold spot,"ACLED (Armed Conflict Location & Event Data), course file accessed 2026-10-08; https://acleddata.com/; original township/time aggregation and statistics"
MMR016008,Events,Precision 1 only,1,0.6582119575579879,0.002,0.02335714285714285,Low-low,-1.998214096526592,0.002,0.02515384615384615,Low-low,Cold spot,"ACLED (Armed Conflict Location & Event Data), course file accessed 2026-10-08; https://acleddata.com/; original township/time aggregation and statistics"
MMR016009,Events,Precision 1 only,14,0.5663665322305096,0.002,0.02335714285714285,Low-low,-1.5761997967581327,0.002,0.02515384615384615,Low-low,Cold spot,"ACLED (Armed Conflict Location & Event Data), course file accessed 2026-10-08; https://acleddata.com/; original township/time aggregation and statistics"
MMR016010,Events,Precision 1 only,0,0.6419766793965159,0.006,0.04905,Low-low,-1.77419157337917,0.006,0.04459090909090909,Low-low,Cold spot,"ACLED (Armed Conflict Location & Event Data), course file accessed 2026-10-08; https://acleddata.com/; original township/time aggregation and statistics"
MMR016011,Events,Precision 1 only,2,0.6332769076938841,0.006,0.04905,Low-low,-1.7782859483094438,0.004,0.03353846153846154,Low-low,Cold spot,"ACLED (Armed Conflict Location & Event Data), course file accessed 2026-10-08; https://acleddata.com/; original township/time aggregation and statistics"
MMR017001,Events,Precision 1 only,80,0.04307266285468539,0.362,0.6330160427807486,Low-low,-0.8570515889978674,0.384,0.6606734693877551,Not significant,Not significant,"ACLED (Armed Conflict Location & Event Data), course file accessed 2026-10-08; https://acleddata.com/; original township/time aggregation and statistics"
MMR017002,Events,Precision 1 only,12,0.4486580881422118,0.086,0.258,Low-low,-1.5864342464440275,0.064,0.2113939393939394,Not significant,Not significant,"ACLED (Armed Conflict Location & Event Data), course file accessed 2026-10-08; https://acleddata.com/; original township/time aggregation and statistics"
MMR017003,Events,Precision 1 only,16,0.23097155319311335,0.476,0.714,Low-low,-0.9799948308678876,0.494,0.7243856502242152,Not significant,Not significant,"ACLED (Armed Conflict Location & Event Data), course file accessed 2026-10-08; https://acleddata.com/; original township/time aggregation and statistics"
MMR017004,Events,Precision 1 only,15,0.06538232434312341,0.78,0.8906006825938567,Low-low,-0.5537158824436587,0.73,0.8586690647482015,Not significant,Not significant,"ACLED (Armed Conflict Location & Event Data), course file accessed 2026-10-08; https://acleddata.com/; original township/time aggregation and statistics"
MMR017005,Events,Precision 1 only,25,0.35390975134619784,0.07,0.2289,Low-low,-1.5872081436076444,0.062,0.2111875,Not significant,Not significant,"ACLED (Armed Conflict Location & Event Data), course file accessed 2026-10-08; https://acleddata.com/; original township/time aggregation and statistics"
MMR017006,Events,Precision 1 only,50,0.14896282097247412,0.326,0.6126551724137932,Low-low,-0.9837382840504562,0.388,0.6606734693877551,Not significant,Not significant,"ACLED (Armed Conflict Location & Event Data), course file accessed 2026-10-08; https://acleddata.com/; original township/time aggregation and statistics"
MMR017007,Events,Precision 1 only,3,0.5223263247697727,0.034,0.14073417721518988,Low-low,-1.805892183190188,0.034,0.14073417721518988,Low-low,Cold spot,"ACLED (Armed Conflict Location & Event Data), course file accessed 2026-10-08; https://acleddata.com/; original township/time aggregation and statistics"
MMR017008,Events,Precision 1 only,21,0.3477373437301039,0.102,0.27565289256198344,Low-low,-1.5004287628209207,0.096,0.2660338983050848,Not significant,Not significant,"ACLED (Armed Conflict Location & Event Data), course file accessed 2026-10-08; https://acleddata.com/; original township/time aggregation and statistics"
MMR017009,Events,Precision 1 only,9,0.4401826118792833,0.114,0.2935275590551181,Low-low,-1.5265389955229274,0.088,0.2616,Not significant,Not significant,"ACLED (Armed Conflict Location & Event Data), course file accessed 2026-10-08; https://acleddata.com/; original township/time aggregation and statistics"
MMR017010,Events,Precision 1 only,66,0.08763160151914558,0.402,0.6571902439024391,Low-low,-0.9013823140339432,0.38,0.6606734693877551,Not significant,Not significant,"ACLED (Armed Conflict Location & Event Data), course file accessed 2026-10-08; https://acleddata.com/; original township/time aggregation and statistics"
MMR017011,Events,Precision 1 only,14,0.19412694463470215,0.594,0.7895853658536586,Low-low,-0.8602043290256871,0.678,0.8332444444444443,Not significant,Not significant,"ACLED (Armed Conflict Location & Event Data), course file accessed 2026-10-08; https://acleddata.com/; original township/time aggregation and statistics"
MMR017012,Events,Precision 1 only,13,0.3249336448881352,0.278,0.5646335403726709,Low-low,-1.2382931004651323,0.284,0.5662682926829268,Not significant,Not significant,"ACLED (Armed Conflict Location & Event Data), course file accessed 2026-10-08; https://acleddata.com/; original township/time aggregation and statistics"
MMR017013,Events,Precision 1 only,20,0.2457892136218033,0.356,0.629254054054054,Low-low,-1.1220706625908057,0.39,0.6606734693877551,Not significant,Not significant,"ACLED (Armed Conflict Location & Event Data), course file accessed 2026-10-08; https://acleddata.com/; original township/time aggregation and statistics"
MMR017014,Events,Precision 1 only,7,0.5767538998845374,0.018,0.08918181818181817,Low-low,-1.7086815744947914,0.004,0.03353846153846154,Low-low,Cold spot,"ACLED (Armed Conflict Location & Event Data), course file accessed 2026-10-08; https://acleddata.com/; original township/time aggregation and statistics"
MMR017015,Events,Precision 1 only,1,0.618214756205699,0.006,0.04905,Low-low,-1.8971408605972353,0.012,0.07266666666666667,Low-low,Cold spot,"ACLED (Armed Conflict Location & Event Data), course file accessed 2026-10-08; https://acleddata.com/; original township/time aggregation and statistics"
MMR017016,Events,Precision 1 only,8,0.5379827827960886,0.054,0.19193478260869565,Low-low,-1.4573652706735027,0.062,0.2111875,Not significant,Not significant,"ACLED (Armed Conflict Location & Event Data), course file accessed 2026-10-08; https://acleddata.com/; original township/time aggregation and statistics"
MMR017017,Events,Precision 1 only,7,0.5392416965463437,0.008,0.05338775510204081,Low-low,-2.047890687737975,0.008,0.05232,Low-low,Cold spot,"ACLED (Armed Conflict Location & Event Data), course file accessed 2026-10-08; https://acleddata.com/; original township/time aggregation and statistics"
MMR017018,Events,Precision 1 only,21,0.4627586985750806,0.026,0.11808333333333332,Low-low,-1.602227826307676,0.018,0.09342857142857144,Low-low,Cold spot,"ACLED (Armed Conflict Location & Event Data), course file accessed 2026-10-08; https://acleddata.com/; original township/time aggregation and statistics"
MMR017019,Events,Precision 1 only,35,0.3595446077702124,0.004,0.03737142857142857,Low-low,-1.8232480593475329,0.006,0.04459090909090909,Low-low,Cold spot,"ACLED (Armed Conflict Location & Event Data), course file accessed 2026-10-08; https://acleddata.com/; original township/time aggregation and statistics"
MMR017020,Events,Precision 1 only,6,0.5437044209473207,0.008,0.05338775510204081,Low-low,-2.0446386152873375,0.006,0.04459090909090909,Low-low,Cold spot,"ACLED (Armed Conflict Location & Event Data), course file accessed 2026-10-08; https://acleddata.com/; original township/time aggregation and statistics"
MMR017021,Events,Precision 1 only,13,0.4968126657569294,0.008,0.05338775510204081,Low-low,-1.8822580382825047,0.008,0.05232,Low-low,Cold spot,"ACLED (Armed Conflict Location & Event Data), course file accessed 2026-10-08; https://acleddata.com/; original township/time aggregation and statistics"
MMR017022,Events,Precision 1 only,5,0.5469405486888747,0.006,0.04905,Low-low,-1.9065562649027876,0.004,0.03353846153846154,Low-low,Cold spot,"ACLED (Armed Conflict Location & Event Data), course file accessed 2026-10-08; https://acleddata.com/; original township/time aggregation and statistics"
MMR017023,Events,Precision 1 only,27,0.4175337601881469,0.092,0.2616,Low-low,-1.379665772848937,0.092,0.2660338983050848,Not significant,Not significant,"ACLED (Armed Conflict Location & Event Data), course file accessed 2026-10-08; https://acleddata.com/; original township/time aggregation and statistics"
MMR017024,Events,Precision 1 only,16,0.4405823383046173,0.144,0.34623529411764703,Low-low,-1.320248509806622,0.164,0.3858129496402878,Not significant,Not significant,"ACLED (Armed Conflict Location & Event Data), course file accessed 2026-10-08; https://acleddata.com/; original township/time aggregation and statistics"
MMR017025,Events,Precision 1 only,9,0.4848894134413697,0.018,0.08918181818181817,Low-low,-1.9015474274592992,0.01,0.06288461538461539,Low-low,Cold spot,"ACLED (Armed Conflict Location & Event Data), course file accessed 2026-10-08; https://acleddata.com/; original township/time aggregation and statistics"
MMR017026,Events,Precision 1 only,8,0.49474288901059943,0.292,0.578690909090909,Low-low,-1.1982497922105133,0.322,0.6019772727272727,Not significant,Not significant,"ACLED (Armed Conflict Location & Event Data), course file accessed 2026-10-08; https://acleddata.com/; original township/time aggregation and statistics"
MMR018001,Events,Precision 1 only,0,0.4659691944811156,0.192,0.4271020408163265,Low-low,-1.389320329933445,0.184,0.41783333333333333,Not significant,Not significant,"ACLED (Armed Conflict Location & Event Data), course file accessed 2026-10-08; https://acleddata.com/; original township/time aggregation and statistics"
MMR018002,Events,Precision 1 only,2,0.6058115399334107,0.014,0.0803157894736842,Low-low,-1.7168703243553385,0.008,0.05232,Low-low,Cold spot,"ACLED (Armed Conflict Location & Event Data), course file accessed 2026-10-08; https://acleddata.com/; original township/time aggregation and statistics"
MMR018003,Events,Precision 1 only,10,0.44658011547782656,0.04,0.15759036144578314,Low-low,-1.787724891686996,0.04,0.15209302325581395,Low-low,Cold spot,"ACLED (Armed Conflict Location & Event Data), course file accessed 2026-10-08; https://acleddata.com/; original township/time aggregation and statistics"
MMR018004,Events,Precision 1 only,3,0.5826705497664926,0.03,0.1308,Low-low,-1.6759265750526018,0.02,0.09761194029850746,Low-low,Cold spot,"ACLED (Armed Conflict Location & Event Data), course file accessed 2026-10-08; https://acleddata.com/; original township/time aggregation and statistics"
MMR018005,Events,Precision 1 only,3,0.6014979479654693,0.01,0.06169811320754717,Low-low,-1.88216704786696,0.008,0.05232,Low-low,Cold spot,"ACLED (Armed Conflict Location & Event Data), course file accessed 2026-10-08; https://acleddata.com/; original township/time aggregation and statistics"
MMR018006,Events,Precision 1 only,23,0.2092592786444876,0.304,0.5882130177514793,Low-low,-1.1275839191664778,0.294,0.576603550295858,Not significant,Not significant,"ACLED (Armed Conflict Location & Event Data), course file accessed 2026-10-08; https://acleddata.com/; original township/time aggregation and statistics"
MMR018007,Events,Precision 1 only,13,0.3124275221010401,0.174,0.4006901408450704,Low-low,-1.4346739603656535,0.168,0.3924,Not significant,Not significant,"ACLED (Armed Conflict Location & Event Data), course file accessed 2026-10-08; https://acleddata.com/; original township/time aggregation and statistics"
MMR018008,Events,Precision 1 only,2,0.5551531949529819,0.018,0.08918181818181817,Low-low,-1.8857292135139736,0.024,0.10605405405405406,Low-low,Cold spot,"ACLED (Armed Conflict Location & Event Data), course file accessed 2026-10-08; https://acleddata.com/; original township/time aggregation and statistics"
