quarter,township_id,events,fatalities,precise_events
1,MMR001001,6,0,5
1,MMR001002,7,0,2
1,MMR001003,3,0,0
1,MMR001004,3,0,1
1,MMR001005,0,0,0
1,MMR001006,0,0,0
1,MMR001007,4,30,1
1,MMR001008,2,0,0
1,MMR001009,24,52,7
1,MMR001010,1,0,1
1,MMR001011,1,0,1
1,MMR001012,6,5,0
1,MMR001013,1,2,0
1,MMR001014,1,3,1
1,MMR001015,1,0,0
1,MMR001016,0,0,0
1,MMR001017,0,0,0
1,MMR001018,0,0,0
1,MMR002001,0,0,0
1,MMR002002,0,0,0
1,MMR002003,0,0,0
1,MMR002004,0,0,0
1,MMR002005,0,0,0
1,MMR002006,0,0,0
1,MMR002007,0,0,0
1,MMR003001,5,5,4
1,MMR003002,0,0,0
1,MMR003003,20,23,1
1,MMR003004,0,0,0
1,MMR003005,3,3,2
1,MMR003006,5,3,1
1,MMR003007,2,0,2
1,MMR004001,0,0,0
1,MMR004002,0,0,0
1,MMR004003,0,0,0
1,MMR004004,0,0,0
1,MMR004005,0,0,0
1,MMR004006,0,0,0
1,MMR004007,1,0,1
1,MMR004008,0,0,0
1,MMR004009,1,0,1
1,MMR005001,0,0,0
1,MMR005002,0,0,0
1,MMR005003,0,0,0
1,MMR005004,0,0,0
1,MMR005005,0,0,0
1,MMR005006,0,0,0
1,MMR005007,0,0,0
1,MMR005008,0,0,0
1,MMR005009,0,0,0
1,MMR005010,0,0,0
1,MMR005011,0,0,0
1,MMR005012,4,4,4
1,MMR005013,1,0,1
1,MMR005014,0,0,0
1,MMR005015,0,0,0
1,MMR005016,0,0,0
1,MMR005017,0,0,0
1,MMR005018,0,0,0
1,MMR005019,0,0,0
1,MMR005020,0,0,0
1,MMR005021,2,0,0
1,MMR005022,0,0,0
1,MMR005023,0,0,0
1,MMR005024,0,0,0
1,MMR005025,0,0,0
1,MMR005026,0,0,0
1,MMR005027,5,14,3
1,MMR005028,0,0,0
1,MMR005029,0,0,0
1,MMR005030,3,6,2
1,MMR005031,0,0,0
1,MMR005032,0,0,0
1,MMR005033,0,0,0
1,MMR005034,1,0,1
1,MMR005035,0,0,0
1,MMR005036,0,0,0
1,MMR005037,0,0,0
1,MMR006001,8,5,8
1,MMR006002,1,1,1
1,MMR006003,0,0,0
1,MMR006004,0,0,0
1,MMR006005,4,0,4
1,MMR006006,0,0,0
1,MMR006007,0,0,0
1,MMR006008,0,0,0
1,MMR006009,0,0,0
1,MMR006010,1,1,1
1,MMR007001,8,6,7
1,MMR007002,0,0,0
1,MMR007003,0,0,0
1,MMR007004,0,0,0
1,MMR007005,3,6,1
1,MMR007006,1,1,1
1,MMR007007,0,0,0
1,MMR007008,1,11,0
1,MMR007009,1,1,1
1,MMR007010,0,0,0
1,MMR007011,13,32,0
1,MMR007012,0,0,0
1,MMR007013,0,0,0
1,MMR007014,0,0,0
1,MMR008001,1,0,1
1,MMR008002,0,0,0
1,MMR008003,0,0,0
1,MMR008004,1,0,1
1,MMR008005,0,0,0
1,MMR008006,0,0,0
1,MMR008007,0,0,0
1,MMR008008,0,0,0
1,MMR008009,0,0,0
1,MMR008010,0,0,0
1,MMR008011,0,0,0
1,MMR008012,0,0,0
1,MMR008013,0,0,0
1,MMR008014,0,0,0
1,MMR009001,0,0,0
1,MMR009002,0,0,0
1,MMR009003,0,0,0
1,MMR009004,1,1,1
1,MMR009005,0,0,0
1,MMR009006,0,0,0
1,MMR009007,0,0,0
1,MMR009008,1,1,1
1,MMR009009,0,0,0
1,MMR009010,0,0,0
1,MMR009011,0,0,0
1,MMR009012,0,0,0
1,MMR009013,0,0,0
1,MMR009014,0,0,0
1,MMR009015,0,0,0
1,MMR009016,0,0,0
1,MMR009017,0,0,0
1,MMR009018,1,2,1
1,MMR009019,0,0,0
1,MMR009020,0,0,0
1,MMR009021,0,0,0
1,MMR009022,0,0,0
1,MMR009023,9,9,2
1,MMR009024,0,0,0
1,MMR009025,0,0,0
1,MMR010001,2,2,2
1,MMR010002,3,2,3
1,MMR010003,1,1,1
1,MMR010004,7,12,7
1,MMR010005,1,3,1
1,MMR010006,1,0,1
1,MMR010007,0,0,0
1,MMR010008,2,0,2
1,MMR010009,0,0,0
1,MMR010010,2,3,2
1,MMR010011,4,1,3
1,MMR010012,2,3,1
1,MMR010013,1,0,1
1,MMR010014,1,0,1
1,MMR010015,0,0,0
1,MMR010016,0,0,0
1,MMR010017,1,2,1
1,MMR010018,0,0,0
1,MMR010019,0,0,0
1,MMR010020,3,2,3
1,MMR010021,0,0,0
1,MMR010022,2,0,1
1,MMR010023,0,0,0
1,MMR010024,0,0,0
1,MMR010028,1,2,0
1,MMR010029,0,0,0
1,MMR010030,0,0,0
1,MMR010031,0,0,0
1,MMR011001,3,0,3
1,MMR011002,0,0,0
1,MMR011003,0,0,0
1,MMR011004,0,0,0
1,MMR011005,2,2,2
1,MMR011006,0,0,0
1,MMR011007,2,0,1
1,MMR011008,1,1,1
1,MMR011009,1,0,0
1,MMR011010,3,0,2
1,MMR012001,0,0,0
1,MMR012002,1,1,0
1,MMR012003,0,0,0
1,MMR012004,1,1,0
1,MMR012005,1,1,1
1,MMR012006,1,0,1
1,MMR012007,0,0,0
1,MMR012008,2,0,1
1,MMR012009,4,3,0
1,MMR012010,2,2,0
1,MMR012011,0,0,0
1,MMR012012,0,0,0
1,MMR012013,0,0,0
1,MMR012014,2,0,0
1,MMR012015,0,0,0
1,MMR012016,0,0,0
1,MMR012017,0,0,0
1,MMR013001,5,3,5
1,MMR013002,3,3,3
1,MMR013003,0,0,0
1,MMR013004,0,0,0
1,MMR013005,0,0,0
1,MMR013006,0,0,0
1,MMR013007,3,3,3
1,MMR013009,1,2,1
1,MMR013010,0,0,0
1,MMR013011,4,0,4
1,MMR013012,3,1,3
1,MMR013013,3,0,3
1,MMR013014,1,1,1
1,MMR013015,2,1,2
1,MMR013016,1,0,1
1,MMR013017,0,0,0
1,MMR013018,3,6,3
1,MMR013019,1,0,1
1,MMR013020,0,0,0
1,MMR013021,0,0,0
1,MMR013022,2,1,2
1,MMR013023,3,3,2
1,MMR013024,0,0,0
1,MMR013025,0,0,0
1,MMR013026,0,0,0
1,MMR013027,0,0,0
1,MMR013028,0,0,0
1,MMR013029,0,0,0
1,MMR013030,0,0,0
1,MMR013031,0,0,0
1,MMR013032,0,0,0
1,MMR013033,1,0,1
1,MMR013034,2,1,2
1,MMR013035,1,0,1
1,MMR013036,0,0,0
1,MMR013037,1,0,1
1,MMR013038,2,0,2
1,MMR013039,1,0,1
1,MMR013040,3,2,3
1,MMR013041,0,0,0
1,MMR013042,1,0,1
1,MMR013043,0,0,0
1,MMR013044,2,1,2
1,MMR013046,3,1,3
1,MMR013047,0,0,0
1,MMR014001,1,0,1
1,MMR014002,0,0,0
1,MMR014003,0,0,0
1,MMR014004,0,0,0
1,MMR014005,0,0,0
1,MMR014006,0,0,0
1,MMR014007,0,0,0
1,MMR014008,0,0,0
1,MMR014009,0,0,0
1,MMR014010,3,8,0
1,MMR014011,0,0,0
1,MMR014012,0,0,0
1,MMR014013,0,0,0
1,MMR014014,0,0,0
1,MMR014015,1,0,0
1,MMR014016,0,0,0
1,MMR014017,0,0,0
1,MMR014018,0,0,0
1,MMR014019,0,0,0
1,MMR014020,0,0,0
1,MMR014021,3,4,0
1,MMR015001,6,1,4
1,MMR015002,1,9,0
1,MMR015003,0,0,0
1,MMR015004,0,0,0
1,MMR015005,0,0,0
1,MMR015006,0,0,0
1,MMR015007,0,0,0
1,MMR015008,0,0,0
1,MMR015009,22,7,4
1,MMR015010,3,0,0
1,MMR015011,9,1,0
1,MMR015012,29,11,14
1,MMR015013,0,0,0
1,MMR015014,14,13,4
1,MMR015015,17,2,5
1,MMR015016,3,1,1
1,MMR015017,0,0,0
1,MMR015018,0,0,0
1,MMR015019,2,5,0
1,MMR015020,1,0,0
1,MMR015021,0,0,0
1,MMR015022,0,0,0
1,MMR015023,0,0,0
1,MMR015024,0,0,0
1,MMR016001,0,0,0
1,MMR016002,0,0,0
1,MMR016003,0,0,0
1,MMR016005,0,0,0
1,MMR016006,0,0,0
1,MMR016007,0,0,0
1,MMR016008,0,0,0
1,MMR016009,0,0,0
1,MMR016010,0,0,0
1,MMR016011,0,0,0
1,MMR017001,3,3,3
1,MMR017002,0,0,0
1,MMR017003,0,0,0
1,MMR017004,0,0,0
1,MMR017005,0,0,0
1,MMR017006,0,0,0
1,MMR017007,0,0,0
1,MMR017008,0,0,0
1,MMR017009,0,0,0
1,MMR017010,0,0,0
1,MMR017011,0,0,0
1,MMR017012,1,0,1
1,MMR017013,0,0,0
1,MMR017014,0,0,0
1,MMR017015,0,0,0
1,MMR017016,0,0,0
1,MMR017017,0,0,0
1,MMR017018,0,0,0
1,MMR017019,0,0,0
1,MMR017020,0,0,0
1,MMR017021,0,0,0
1,MMR017022,0,0,0
1,MMR017023,0,0,0
1,MMR017024,0,0,0
1,MMR017025,0,0,0
1,MMR017026,0,0,0
1,MMR018001,0,0,0
1,MMR018002,1,1,0
1,MMR018003,0,0,0
1,MMR018004,0,0,0
1,MMR018005,0,0,0
1,MMR018006,0,0,0
1,MMR018007,0,0,0
1,MMR018008,0,0,0
2,MMR001001,22,7,9
2,MMR001002,47,4,10
2,MMR001003,2,0,0
2,MMR001004,19,7,1
2,MMR001005,0,0,0
2,MMR001006,0,0,0
2,MMR001007,18,23,7
2,MMR001008,11,3,6
2,MMR001009,47,21,18
2,MMR001010,16,6,9
2,MMR001011,27,34,10
2,MMR001012,152,117,41
2,MMR001013,32,1,13
2,MMR001014,13,1,2
2,MMR001015,10,18,3
2,MMR001016,1,0,1
2,MMR001017,0,0,0
2,MMR001018,0,0,0
2,MMR002001,31,26,24
2,MMR002002,62,173,35
2,MMR002003,2,0,1
2,MMR002004,0,0,0
2,MMR002005,2,1,0
2,MMR002006,3,0,0
2,MMR002007,0,0,0
2,MMR003001,9,11,5
2,MMR003002,2,0,2
2,MMR003003,45,86,5
2,MMR003004,1,0,0
2,MMR003005,19,60,9
2,MMR003006,2,0,1
2,MMR003007,15,3,9
2,MMR004001,3,21,1
2,MMR004002,22,69,8
2,MMR004003,2,17,0
2,MMR004004,8,7,5
2,MMR004005,0,0,0
2,MMR004006,35,127,13
2,MMR004007,0,0,0
2,MMR004008,8,10,4
2,MMR004009,4,0,1
2,MMR005001,6,2,5
2,MMR005002,1,0,1
2,MMR005003,9,33,7
2,MMR005004,6,6,4
2,MMR005005,8,6,4
2,MMR005006,3,0,3
2,MMR005007,5,1,2
2,MMR005008,0,0,0
2,MMR005009,1,0,1
2,MMR005010,14,12,9
2,MMR005011,14,10,10
2,MMR005012,16,9,11
2,MMR005013,0,0,0
2,MMR005014,2,0,2
2,MMR005015,4,0,3
2,MMR005016,19,92,10
2,MMR005017,45,132,12
2,MMR005018,0,0,0
2,MMR005019,4,2,2
2,MMR005020,14,39,6
2,MMR005021,2,0,0
2,MMR005022,2,15,1
2,MMR005023,1,0,1
2,MMR005024,2,0,1
2,MMR005025,0,0,0
2,MMR005026,3,1,3
2,MMR005027,37,40,15
2,MMR005028,1,0,0
2,MMR005029,11,17,3
2,MMR005030,11,56,10
2,MMR005031,0,0,0
2,MMR005032,0,0,0
2,MMR005033,4,7,0
2,MMR005034,5,4,2
2,MMR005035,1,4,0
2,MMR005036,0,0,0
2,MMR005037,0,0,0
2,MMR006001,7,7,5
2,MMR006002,3,4,2
2,MMR006003,1,0,0
2,MMR006004,1,0,0
2,MMR006005,1,0,1
2,MMR006006,0,0,0
2,MMR006007,1,1,1
2,MMR006008,0,0,0
2,MMR006009,1,0,1
2,MMR006010,0,0,0
2,MMR007001,7,4,7
2,MMR007002,0,0,0
2,MMR007003,0,0,0
2,MMR007004,3,0,3
2,MMR007005,5,2,3
2,MMR007006,4,0,3
2,MMR007007,2,1,2
2,MMR007008,0,0,0
2,MMR007009,3,0,2
2,MMR007010,2,2,2
2,MMR007011,4,2,1
2,MMR007012,6,0,4
2,MMR007013,0,0,0
2,MMR007014,1,1,1
2,MMR008001,11,10,9
2,MMR008002,0,0,0
2,MMR008003,1,0,1
2,MMR008004,4,1,1
2,MMR008005,2,0,2
2,MMR008006,1,1,1
2,MMR008007,2,0,1
2,MMR008008,0,0,0
2,MMR008009,0,0,0
2,MMR008010,0,0,0
2,MMR008011,0,0,0
2,MMR008012,2,3,1
2,MMR008013,0,0,0
2,MMR008014,1,0,1
2,MMR009001,11,0,8
2,MMR009002,2,1,2
2,MMR009003,1,0,1
2,MMR009004,9,3,8
2,MMR009005,0,0,0
2,MMR009006,1,0,0
2,MMR009007,0,0,0
2,MMR009008,10,0,7
2,MMR009009,1,0,0
2,MMR009010,2,1,2
2,MMR009011,0,0,0
2,MMR009012,3,0,3
2,MMR009013,0,0,0
2,MMR009014,0,0,0
2,MMR009015,0,0,0
2,MMR009016,0,0,0
2,MMR009017,0,0,0
2,MMR009018,4,1,4
2,MMR009019,8,2,6
2,MMR009020,5,1,5
2,MMR009021,9,63,3
2,MMR009022,1,0,1
2,MMR009023,9,22,2
2,MMR009024,8,16,3
2,MMR009025,1,0,0
2,MMR010001,5,1,5
2,MMR010002,26,4,25
2,MMR010003,15,4,15
2,MMR010004,16,13,16
2,MMR010005,8,6,8
2,MMR010006,8,8,8
2,MMR010007,1,2,1
2,MMR010008,1,1,1
2,MMR010009,5,2,3
2,MMR010010,1,1,1
2,MMR010011,21,15,13
2,MMR010012,3,1,2
2,MMR010013,4,4,3
2,MMR010014,1,3,0
2,MMR010015,1,0,1
2,MMR010016,0,0,0
2,MMR010017,43,33,37
2,MMR010018,5,4,3
2,MMR010019,0,0,0
2,MMR010020,6,3,6
2,MMR010021,2,3,2
2,MMR010022,3,1,3
2,MMR010023,0,0,0
2,MMR010024,0,0,0
2,MMR010028,7,3,5
2,MMR010029,0,0,0
2,MMR010030,0,0,0
2,MMR010031,1,1,0
2,MMR011001,7,2,7
2,MMR011002,1,0,1
2,MMR011003,4,3,2
2,MMR011004,0,0,0
2,MMR011005,1,0,1
2,MMR011006,17,10,9
2,MMR011007,14,16,8
2,MMR011008,1,0,0
2,MMR011009,12,3,9
2,MMR011010,12,10,3
2,MMR012001,4,1,3
2,MMR012002,1,4,1
2,MMR012003,2,0,1
2,MMR012004,2,3,2
2,MMR012005,0,0,0
2,MMR012006,0,0,0
2,MMR012007,0,0,0
2,MMR012008,0,0,0
2,MMR012009,2,1,1
2,MMR012010,4,0,2
2,MMR012011,1,0,1
2,MMR012012,0,0,0
2,MMR012013,0,0,0
2,MMR012014,3,0,1
2,MMR012015,0,0,0
2,MMR012016,0,0,0
2,MMR012017,0,0,0
2,MMR013001,17,3,17
2,MMR013002,6,0,6
2,MMR013003,1,0,0
2,MMR013004,2,1,0
2,MMR013005,0,0,0
2,MMR013006,0,0,0
2,MMR013007,15,2,15
2,MMR013009,17,6,17
2,MMR013010,6,1,6
2,MMR013011,10,0,10
2,MMR013012,8,1,8
2,MMR013013,11,3,11
2,MMR013014,3,1,3
2,MMR013015,15,4,15
2,MMR013016,2,0,2
2,MMR013017,4,1,4
2,MMR013018,12,4,12
2,MMR013019,7,1,7
2,MMR013020,3,1,3
2,MMR013021,4,0,4
2,MMR013022,11,2,11
2,MMR013023,5,1,0
2,MMR013024,2,2,0
2,MMR013025,0,0,0
2,MMR013026,1,0,0
2,MMR013027,2,0,1
2,MMR013028,1,0,1
2,MMR013029,0,0,0
2,MMR013030,0,0,0
2,MMR013031,0,0,0
2,MMR013032,0,0,0
2,MMR013033,3,1,3
2,MMR013034,0,0,0
2,MMR013035,5,1,5
2,MMR013036,3,0,3
2,MMR013037,2,0,2
2,MMR013038,6,1,6
2,MMR013039,10,1,10
2,MMR013040,9,1,9
2,MMR013041,4,0,4
2,MMR013042,9,1,9
2,MMR013043,2,0,2
2,MMR013044,11,3,11
2,MMR013046,15,3,15
2,MMR013047,0,0,0
2,MMR014001,19,5,18
2,MMR014002,3,4,2
2,MMR014003,0,0,0
2,MMR014004,1,0,0
2,MMR014005,0,0,0
2,MMR014006,0,0,0
2,MMR014007,0,0,0
2,MMR014008,1,1,0
2,MMR014009,0,0,0
2,MMR014010,18,59,6
2,MMR014011,1,0,1
2,MMR014012,0,0,0
2,MMR014013,4,3,1
2,MMR014014,0,0,0
2,MMR014015,16,0,1
2,MMR014016,1,0,1
2,MMR014017,0,0,0
2,MMR014018,0,0,0
2,MMR014019,1,1,0
2,MMR014020,0,0,0
2,MMR014021,0,0,0
2,MMR015001,17,15,5
2,MMR015002,6,0,3
2,MMR015003,7,0,1
2,MMR015004,5,1,2
2,MMR015005,0,0,0
2,MMR015006,0,0,0
2,MMR015007,0,0,0
2,MMR015008,0,0,0
2,MMR015009,23,2,15
2,MMR015010,8,1,5
2,MMR015011,54,58,13
2,MMR015012,14,3,4
2,MMR015013,3,0,2
2,MMR015014,18,8,9
2,MMR015015,25,4,14
2,MMR015016,11,5,2
2,MMR015017,3,0,2
2,MMR015018,0,0,0
2,MMR015019,8,2,4
2,MMR015020,2,0,0
2,MMR015021,0,0,0
2,MMR015022,0,0,0
2,MMR015023,0,0,0
2,MMR015024,0,0,0
2,MMR016001,2,2,2
2,MMR016002,0,0,0
2,MMR016003,0,0,0
2,MMR016005,0,0,0
2,MMR016006,0,0,0
2,MMR016007,3,0,1
2,MMR016008,0,0,0
2,MMR016009,6,1,4
2,MMR016010,0,0,0
2,MMR016011,3,0,2
2,MMR017001,14,2,13
2,MMR017002,2,0,2
2,MMR017003,1,0,0
2,MMR017004,0,0,0
2,MMR017005,4,6,2
2,MMR017006,7,0,6
2,MMR017007,0,0,0
2,MMR017008,1,0,1
2,MMR017009,0,0,0
2,MMR017010,1,0,1
2,MMR017011,2,0,2
2,MMR017012,0,0,0
2,MMR017013,1,1,0
2,MMR017014,3,0,2
2,MMR017015,0,0,0
2,MMR017016,0,0,0
2,MMR017017,0,0,0
2,MMR017018,0,0,0
2,MMR017019,3,0,1
2,MMR017020,1,0,1
2,MMR017021,2,0,2
2,MMR017022,1,1,0
2,MMR017023,7,0,7
2,MMR017024,0,0,0
2,MMR017025,1,0,1
2,MMR017026,0,0,0
2,MMR018001,0,0,0
2,MMR018002,0,0,0
2,MMR018003,0,0,0
2,MMR018004,1,0,1
2,MMR018005,0,0,0
2,MMR018006,4,0,2
2,MMR018007,0,0,0
2,MMR018008,0,0,0
3,MMR001001,6,4,5
3,MMR001002,25,7,9
3,MMR001003,1,0,0
3,MMR001004,16,37,1
3,MMR001005,0,0,0
3,MMR001006,0,0,0
3,MMR001007,8,12,5
3,MMR001008,7,1,3
3,MMR001009,44,40,18
3,MMR001010,3,1,2
3,MMR001011,14,95,5
3,MMR001012,16,2,2
3,MMR001013,1,1,0
3,MMR001014,3,1,0
3,MMR001015,1,0,0
3,MMR001016,0,0,0
3,MMR001017,1,0,1
3,MMR001018,1,0,1
3,MMR002001,30,39,11
3,MMR002002,48,86,13
3,MMR002003,12,25,0
3,MMR002004,1,0,0
3,MMR002005,12,7,1
3,MMR002006,0,0,0
3,MMR002007,0,0,0
3,MMR003001,9,9,3
3,MMR003002,0,0,0
3,MMR003003,41,134,4
3,MMR003004,6,11,0
3,MMR003005,9,5,4
3,MMR003006,4,4,1
3,MMR003007,16,6,7
3,MMR004001,4,1,2
3,MMR004002,11,5,9
3,MMR004003,16,75,13
3,MMR004004,12,27,3
3,MMR004005,0,0,0
3,MMR004006,22,64,2
3,MMR004007,4,16,1
3,MMR004008,11,35,4
3,MMR004009,0,0,0
3,MMR005001,6,4,2
3,MMR005002,2,3,1
3,MMR005003,23,42,12
3,MMR005004,29,25,17
3,MMR005005,36,35,25
3,MMR005006,10,9,5
3,MMR005007,10,7,3
3,MMR005008,0,0,0
3,MMR005009,11,6,5
3,MMR005010,16,63,7
3,MMR005011,28,37,17
3,MMR005012,37,26,26
3,MMR005013,12,6,4
3,MMR005014,6,3,2
3,MMR005015,5,19,2
3,MMR005016,28,52,9
3,MMR005017,37,87,15
3,MMR005018,6,2,1
3,MMR005019,43,93,14
3,MMR005020,13,140,3
3,MMR005021,1,1,1
3,MMR005022,6,57,3
3,MMR005023,0,0,0
3,MMR005024,16,56,8
3,MMR005025,2,3,0
3,MMR005026,9,31,2
3,MMR005027,46,132,22
3,MMR005028,1,0,0
3,MMR005029,30,79,18
3,MMR005030,6,41,3
3,MMR005031,0,0,0
3,MMR005032,0,0,0
3,MMR005033,2,0,2
3,MMR005034,11,9,6
3,MMR005035,0,0,0
3,MMR005036,0,0,0
3,MMR005037,1,6,0
3,MMR006001,11,21,8
3,MMR006002,7,5,6
3,MMR006003,9,10,6
3,MMR006004,1,0,1
3,MMR006005,0,0,0
3,MMR006006,0,0,0
3,MMR006007,11,9,7
3,MMR006008,2,1,1
3,MMR006009,0,0,0
3,MMR006010,0,0,0
3,MMR007001,10,8,10
3,MMR007002,0,0,0
3,MMR007003,0,0,0
3,MMR007004,1,1,1
3,MMR007005,3,0,0
3,MMR007006,0,0,0
3,MMR007007,2,1,1
3,MMR007008,0,0,0
3,MMR007009,6,0,1
3,MMR007010,0,0,0
3,MMR007011,4,14,1
3,MMR007012,0,0,0
3,MMR007013,0,0,0
3,MMR007014,2,11,1
3,MMR008001,6,5,5
3,MMR008002,0,0,0
3,MMR008003,0,0,0
3,MMR008004,3,1,3
3,MMR008005,1,2,1
3,MMR008006,0,0,0
3,MMR008007,0,0,0
3,MMR008008,1,1,0
3,MMR008009,0,0,0
3,MMR008010,0,0,0
3,MMR008011,0,0,0
3,MMR008012,0,0,0
3,MMR008013,0,0,0
3,MMR008014,1,0,0
3,MMR009001,7,22,5
3,MMR009002,2,0,1
3,MMR009003,1,0,1
3,MMR009004,21,4,16
3,MMR009005,10,3,6
3,MMR009006,3,0,2
3,MMR009007,1,0,1
3,MMR009008,6,1,2
3,MMR009009,0,0,0
3,MMR009010,3,4,1
3,MMR009011,0,0,0
3,MMR009012,0,0,0
3,MMR009013,0,0,0
3,MMR009014,0,0,0
3,MMR009015,1,0,0
3,MMR009016,2,1,1
3,MMR009017,1,1,0
3,MMR009018,6,3,6
3,MMR009019,28,35,15
3,MMR009020,9,30,2
3,MMR009021,33,100,15
3,MMR009022,1,1,1
3,MMR009023,25,212,8
3,MMR009024,7,7,6
3,MMR009025,15,68,2
3,MMR010001,13,10,13
3,MMR010002,15,8,15
3,MMR010003,17,6,17
3,MMR010004,22,4,22
3,MMR010005,9,3,9
3,MMR010006,4,1,4
3,MMR010007,7,3,3
3,MMR010008,1,0,0
3,MMR010009,16,10,11
3,MMR010010,8,3,7
3,MMR010011,19,11,14
3,MMR010012,2,0,1
3,MMR010013,9,3,8
3,MMR010014,2,1,2
3,MMR010015,0,0,0
3,MMR010016,3,1,0
3,MMR010017,26,48,20
3,MMR010018,6,4,5
3,MMR010019,3,7,3
3,MMR010020,3,0,3
3,MMR010021,1,0,0
3,MMR010022,1,2,1
3,MMR010023,0,0,0
3,MMR010024,0,0,0
3,MMR010028,1,0,1
3,MMR010029,0,0,0
3,MMR010030,0,0,0
3,MMR010031,1,1,0
3,MMR011001,0,0,0
3,MMR011002,2,1,1
3,MMR011003,0,0,0
3,MMR011004,1,1,1
3,MMR011005,1,1,1
3,MMR011006,26,8,19
3,MMR011007,19,33,8
3,MMR011008,2,1,1
3,MMR011009,22,37,18
3,MMR011010,14,2,4
3,MMR012001,0,0,0
3,MMR012002,2,0,1
3,MMR012003,0,0,0
3,MMR012004,1,1,1
3,MMR012005,1,0,1
3,MMR012006,0,0,0
3,MMR012007,0,0,0
3,MMR012008,0,0,0
3,MMR012009,3,2,1
3,MMR012010,2,1,2
3,MMR012011,1,0,0
3,MMR012012,0,0,0
3,MMR012013,0,0,0
3,MMR012014,1,0,0
3,MMR012015,1,1,1
3,MMR012016,1,0,1
3,MMR012017,0,0,0
3,MMR013001,14,4,14
3,MMR013002,7,1,7
3,MMR013003,1,0,0
3,MMR013004,11,3,0
3,MMR013005,2,1,0
3,MMR013006,0,0,0
3,MMR013007,12,4,12
3,MMR013009,5,0,5
3,MMR013010,2,0,2
3,MMR013011,9,1,9
3,MMR013012,7,1,7
3,MMR013013,14,1,14
3,MMR013014,5,1,5
3,MMR013015,5,0,5
3,MMR013016,3,0,3
3,MMR013017,4,2,4
3,MMR013018,18,6,18
3,MMR013019,10,5,10
3,MMR013020,0,0,0
3,MMR013021,9,5,9
3,MMR013022,2,1,2
3,MMR013023,6,3,1
3,MMR013024,0,0,0
3,MMR013025,3,2,2
3,MMR013026,7,6,1
3,MMR013027,4,3,1
3,MMR013028,1,1,1
3,MMR013029,3,2,1
3,MMR013030,1,0,1
3,MMR013031,1,0,1
3,MMR013032,0,0,0
3,MMR013033,2,0,2
3,MMR013034,0,0,0
3,MMR013035,3,0,3
3,MMR013036,2,1,2
3,MMR013037,3,5,3
3,MMR013038,5,0,5
3,MMR013039,11,8,11
3,MMR013040,16,5,16
3,MMR013041,12,1,12
3,MMR013042,11,1,11
3,MMR013043,0,0,0
3,MMR013044,4,5,4
3,MMR013046,21,4,21
3,MMR013047,0,0,0
3,MMR014001,8,1,6
3,MMR014002,2,2,0
3,MMR014003,0,0,0
3,MMR014004,0,0,0
3,MMR014005,5,4,2
3,MMR014006,0,0,0
3,MMR014007,0,0,0
3,MMR014008,1,0,0
3,MMR014009,5,14,3
3,MMR014010,33,40,7
3,MMR014011,0,0,0
3,MMR014012,0,0,0
3,MMR014013,0,0,0
3,MMR014014,0,0,0
3,MMR014015,4,0,0
3,MMR014016,6,0,0
3,MMR014017,2,0,2
3,MMR014018,0,0,0
3,MMR014019,0,0,0
3,MMR014020,0,0,0
3,MMR014021,0,0,0
3,MMR015001,6,0,0
3,MMR015002,6,3,2
3,MMR015003,1,1,1
3,MMR015004,0,0,0
3,MMR015005,2,5,1
3,MMR015006,0,0,0
3,MMR015007,0,0,0
3,MMR015008,0,0,0
3,MMR015009,82,91,19
3,MMR015010,9,2,6
3,MMR015011,18,10,4
3,MMR015012,42,3,11
3,MMR015013,1,0,0
3,MMR015014,8,2,1
3,MMR015015,3,0,2
3,MMR015016,6,4,1
3,MMR015017,0,0,0
3,MMR015018,0,0,0
3,MMR015019,1,0,1
3,MMR015020,2,0,0
3,MMR015021,0,0,0
3,MMR015022,1,0,0
3,MMR015023,1,7,0
3,MMR015024,0,0,0
3,MMR016001,0,0,0
3,MMR016002,0,0,0
3,MMR016003,0,0,0
3,MMR016005,0,0,0
3,MMR016006,0,0,0
3,MMR016007,0,0,0
3,MMR016008,0,0,0
3,MMR016009,0,0,0
3,MMR016010,0,0,0
3,MMR016011,0,0,0
3,MMR017001,6,1,4
3,MMR017002,2,1,0
3,MMR017003,0,0,0
3,MMR017004,0,0,0
3,MMR017005,1,0,0
3,MMR017006,3,1,3
3,MMR017007,0,0,0
3,MMR017008,0,0,0
3,MMR017009,0,0,0
3,MMR017010,0,0,0
3,MMR017011,1,1,0
3,MMR017012,1,0,1
3,MMR017013,0,0,0
3,MMR017014,0,0,0
3,MMR017015,0,0,0
3,MMR017016,1,0,1
3,MMR017017,0,0,0
3,MMR017018,3,0,3
3,MMR017019,4,1,1
3,MMR017020,0,0,0
3,MMR017021,4,0,2
3,MMR017022,0,0,0
3,MMR017023,2,1,1
3,MMR017024,0,0,0
3,MMR017025,0,0,0
3,MMR017026,0,0,0
3,MMR018001,0,0,0
3,MMR018002,1,0,0
3,MMR018003,0,0,0
3,MMR018004,0,0,0
3,MMR018005,1,0,1
3,MMR018006,5,12,3
3,MMR018007,2,1,0
3,MMR018008,1,1,1
4,MMR001001,7,0,5
4,MMR001002,1,0,1
4,MMR001003,5,0,0
4,MMR001004,15,10,1
4,MMR001005,0,0,0
4,MMR001006,0,0,0
4,MMR001007,18,32,7
4,MMR001008,2,0,1
4,MMR001009,43,27,9
4,MMR001010,6,8,5
4,MMR001011,10,18,4
4,MMR001012,11,7,4
4,MMR001013,1,0,0
4,MMR001014,2,23,0
4,MMR001015,1,0,0
4,MMR001016,0,0,0
4,MMR001017,0,0,0
4,MMR001018,0,0,0
4,MMR002001,20,20,12
4,MMR002002,38,106,16
4,MMR002003,20,110,11
4,MMR002004,2,4,0
4,MMR002005,2,16,1
4,MMR002006,1,0,0
4,MMR002007,0,0,0
4,MMR003001,17,19,8
4,MMR003002,4,9,2
4,MMR003003,22,57,3
4,MMR003004,3,2,1
4,MMR003005,33,87,23
4,MMR003006,26,101,8
4,MMR003007,7,13,5
4,MMR004001,15,20,4
4,MMR004002,15,39,9
4,MMR004003,12,8,9
4,MMR004004,6,3,4
4,MMR004005,0,0,0
4,MMR004006,35,97,13
4,MMR004007,18,65,6
4,MMR004008,13,25,9
4,MMR004009,4,17,0
4,MMR005001,20,30,8
4,MMR005002,21,80,8
4,MMR005003,37,175,12
4,MMR005004,23,37,13
4,MMR005005,51,133,38
4,MMR005006,30,70,14
4,MMR005007,24,35,13
4,MMR005008,10,36,7
4,MMR005009,31,63,17
4,MMR005010,45,156,12
4,MMR005011,47,86,25
4,MMR005012,83,85,62
4,MMR005013,28,19,9
4,MMR005014,40,53,19
4,MMR005015,19,61,4
4,MMR005016,44,169,15
4,MMR005017,40,138,12
4,MMR005018,27,60,8
4,MMR005019,56,318,10
4,MMR005020,15,95,3
4,MMR005021,5,13,3
4,MMR005022,36,194,16
4,MMR005023,0,0,0
4,MMR005024,13,170,7
4,MMR005025,1,3,0
4,MMR005026,10,69,5
4,MMR005027,67,303,26
4,MMR005028,2,30,0
4,MMR005029,27,201,7
4,MMR005030,5,5,2
4,MMR005031,1,0,1
4,MMR005032,0,0,0
4,MMR005033,1,1,1
4,MMR005034,4,3,4
4,MMR005035,0,0,0
4,MMR005036,0,0,0
4,MMR005037,0,0,0
4,MMR006001,15,19,7
4,MMR006002,15,17,7
4,MMR006003,13,21,7
4,MMR006004,15,21,7
4,MMR006005,6,3,6
4,MMR006006,1,0,0
4,MMR006007,19,33,10
4,MMR006008,9,12,5
4,MMR006009,1,1,1
4,MMR006010,0,0,0
4,MMR007001,9,10,7
4,MMR007002,0,0,0
4,MMR007003,5,1,3
4,MMR007004,2,1,1
4,MMR007005,6,4,4
4,MMR007006,0,0,0
4,MMR007007,1,0,0
4,MMR007008,0,0,0
4,MMR007009,5,5,5
4,MMR007010,4,3,2
4,MMR007011,4,8,1
4,MMR007012,3,7,0
4,MMR007013,1,1,1
4,MMR007014,4,5,2
4,MMR008001,11,6,9
4,MMR008002,0,0,0
4,MMR008003,4,0,3
4,MMR008004,8,8,6
4,MMR008005,1,1,0
4,MMR008006,1,0,1
4,MMR008007,1,0,1
4,MMR008008,1,0,1
4,MMR008009,3,0,2
4,MMR008010,2,1,1
4,MMR008011,2,2,1
4,MMR008012,6,3,2
4,MMR008013,2,1,2
4,MMR008014,5,2,2
4,MMR009001,15,6,11
4,MMR009002,2,1,1
4,MMR009003,2,1,1
4,MMR009004,15,7,13
4,MMR009005,7,4,5
4,MMR009006,12,7,11
4,MMR009007,3,0,2
4,MMR009008,5,5,4
4,MMR009009,0,0,0
4,MMR009010,4,1,4
4,MMR009011,1,0,0
4,MMR009012,3,5,1
4,MMR009013,1,0,1
4,MMR009014,0,0,0
4,MMR009015,2,0,1
4,MMR009016,4,2,2
4,MMR009017,1,1,0
4,MMR009018,22,19,13
4,MMR009019,76,56,37
4,MMR009020,51,86,10
4,MMR009021,24,54,9
4,MMR009022,4,0,2
4,MMR009023,56,325,19
4,MMR009024,10,52,1
4,MMR009025,23,127,4
4,MMR010001,7,5,7
4,MMR010002,21,11,21
4,MMR010003,24,15,24
4,MMR010004,27,11,27
4,MMR010005,14,10,14
4,MMR010006,17,2,17
4,MMR010007,13,7,5
4,MMR010008,3,3,1
4,MMR010009,27,27,12
4,MMR010010,6,4,5
4,MMR010011,22,32,17
4,MMR010012,5,2,3
4,MMR010013,5,8,2
4,MMR010014,14,40,10
4,MMR010015,7,0,2
4,MMR010016,2,1,2
4,MMR010017,15,45,9
4,MMR010018,11,10,6
4,MMR010019,12,69,6
4,MMR010020,12,3,7
4,MMR010021,4,2,4
4,MMR010022,7,6,4
4,MMR010023,0,0,0
4,MMR010024,1,2,0
4,MMR010028,6,7,3
4,MMR010029,4,1,2
4,MMR010030,5,0,4
4,MMR010031,10,10,7
4,MMR011001,8,3,6
4,MMR011002,0,0,0
4,MMR011003,3,1,3
4,MMR011004,5,4,3
4,MMR011005,0,0,0
4,MMR011006,24,32,11
4,MMR011007,42,62,12
4,MMR011008,11,2,7
4,MMR011009,23,68,15
4,MMR011010,13,16,7
4,MMR012001,1,0,1
4,MMR012002,0,0,0
4,MMR012003,0,0,0
4,MMR012004,0,0,0
4,MMR012005,1,0,0
4,MMR012006,0,0,0
4,MMR012007,0,0,0
4,MMR012008,1,0,1
4,MMR012009,4,4,2
4,MMR012010,4,1,2
4,MMR012011,0,0,0
4,MMR012012,0,0,0
4,MMR012013,0,0,0
4,MMR012014,0,0,0
4,MMR012015,0,0,0
4,MMR012016,0,0,0
4,MMR012017,0,0,0
4,MMR013001,12,1,12
4,MMR013002,22,11,19
4,MMR013003,5,0,0
4,MMR013004,6,5,2
4,MMR013005,6,10,1
4,MMR013006,3,4,1
4,MMR013007,3,2,3
4,MMR013009,10,3,10
4,MMR013010,5,0,5
4,MMR013011,5,1,5
4,MMR013012,11,5,11
4,MMR013013,13,3,13
4,MMR013014,3,0,3
4,MMR013015,4,1,4
4,MMR013016,2,1,2
4,MMR013017,4,5,4
4,MMR013018,21,3,21
4,MMR013019,13,6,13
4,MMR013020,8,10,8
4,MMR013021,8,3,8
4,MMR013022,2,1,2
4,MMR013023,18,11,1
4,MMR013024,0,0,0
4,MMR013025,2,2,0
4,MMR013026,9,10,4
4,MMR013027,11,8,4
4,MMR013028,6,19,4
4,MMR013029,7,17,5
4,MMR013030,4,2,4
4,MMR013031,0,0,0
4,MMR013032,0,0,0
4,MMR013033,2,0,2
4,MMR013034,1,0,1
4,MMR013035,3,1,3
4,MMR013036,1,1,1
4,MMR013037,2,0,2
4,MMR013038,8,3,8
4,MMR013039,11,2,11
4,MMR013040,19,10,19
4,MMR013041,6,2,6
4,MMR013042,17,4,17
4,MMR013043,1,0,1
4,MMR013044,8,2,8
4,MMR013046,31,13,31
4,MMR013047,1,1,1
4,MMR014001,5,0,5
4,MMR014002,0,0,0
4,MMR014003,0,0,0
4,MMR014004,0,0,0
4,MMR014005,6,0,6
4,MMR014006,0,0,0
4,MMR014007,5,4,5
4,MMR014008,0,0,0
4,MMR014009,3,12,2
4,MMR014010,35,52,11
4,MMR014011,0,0,0
4,MMR014012,0,0,0
4,MMR014013,0,0,0
4,MMR014014,1,0,1
4,MMR014015,3,1,0
4,MMR014016,11,4,2
4,MMR014017,2,0,2
4,MMR014018,0,0,0
4,MMR014019,1,0,1
4,MMR014020,0,0,0
4,MMR014021,0,0,0
4,MMR015001,20,5,7
4,MMR015002,21,58,3
4,MMR015003,5,1,0
4,MMR015004,2,0,1
4,MMR015005,0,0,0
4,MMR015006,0,0,0
4,MMR015007,0,0,0
4,MMR015008,0,0,0
4,MMR015009,104,174,45
4,MMR015010,8,3,6
4,MMR015011,20,2,7
4,MMR015012,13,3,1
4,MMR015013,1,0,1
4,MMR015014,6,2,3
4,MMR015015,1,0,0
4,MMR015016,0,0,0
4,MMR015017,1,0,1
4,MMR015018,0,0,0
4,MMR015019,1,0,1
4,MMR015020,2,0,1
4,MMR015021,0,0,0
4,MMR015022,1,0,0
4,MMR015023,1,0,0
4,MMR015024,0,0,0
4,MMR016001,0,0,0
4,MMR016002,0,0,0
4,MMR016003,0,0,0
4,MMR016005,0,0,0
4,MMR016006,0,0,0
4,MMR016007,0,0,0
4,MMR016008,0,0,0
4,MMR016009,0,0,0
4,MMR016010,0,0,0
4,MMR016011,0,0,0
4,MMR017001,15,18,13
4,MMR017002,7,4,4
4,MMR017003,2,2,0
4,MMR017004,5,3,5
4,MMR017005,5,1,1
4,MMR017006,1,1,1
4,MMR017007,4,0,1
4,MMR017008,2,0,1
4,MMR017009,2,0,1
4,MMR017010,0,0,0
4,MMR017011,1,1,1
4,MMR017012,1,0,1
4,MMR017013,2,0,1
4,MMR017014,4,0,2
4,MMR017015,0,0,0
4,MMR017016,2,1,1
4,MMR017017,3,1,2
4,MMR017018,9,4,5
4,MMR017019,16,5,12
4,MMR017020,1,0,1
4,MMR017021,4,1,1
4,MMR017022,3,0,3
4,MMR017023,4,1,4
4,MMR017024,3,1,3
4,MMR017025,2,0,0
4,MMR017026,1,0,0
4,MMR018001,1,1,0
4,MMR018002,7,0,0
4,MMR018003,3,0,3
4,MMR018004,1,0,0
4,MMR018005,4,3,1
4,MMR018006,5,14,4
4,MMR018007,2,1,1
4,MMR018008,2,0,0
5,MMR001001,17,5,14
5,MMR001002,3,0,3
5,MMR001003,0,0,0
5,MMR001004,4,5,0
5,MMR001005,0,0,0
5,MMR001006,0,0,0
5,MMR001007,17,106,9
5,MMR001008,2,7,0
5,MMR001009,20,9,11
5,MMR001010,11,57,6
5,MMR001011,11,41,1
5,MMR001012,5,3,3
5,MMR001013,9,0,0
5,MMR001014,25,18,12
5,MMR001015,5,4,0
5,MMR001016,0,0,0
5,MMR001017,0,0,0
5,MMR001018,0,0,0
5,MMR002001,66,170,39
5,MMR002002,88,298,51
5,MMR002003,12,37,6
5,MMR002004,4,16,0
5,MMR002005,4,15,0
5,MMR002006,0,0,0
5,MMR002007,0,0,0
5,MMR003001,17,28,12
5,MMR003002,3,0,1
5,MMR003003,47,68,6
5,MMR003004,13,31,4
5,MMR003005,57,168,26
5,MMR003006,49,81,18
5,MMR003007,10,14,4
5,MMR004001,33,180,12
5,MMR004002,5,1,4
5,MMR004003,8,12,4
5,MMR004004,18,87,12
5,MMR004005,3,15,0
5,MMR004006,27,56,7
5,MMR004007,47,105,12
5,MMR004008,20,75,11
5,MMR004009,3,4,1
5,MMR005001,14,10,9
5,MMR005002,19,54,10
5,MMR005003,15,45,8
5,MMR005004,52,109,25
5,MMR005005,45,97,27
5,MMR005006,27,88,16
5,MMR005007,31,78,17
5,MMR005008,11,13,0
5,MMR005009,43,86,25
5,MMR005010,28,65,16
5,MMR005011,34,155,17
5,MMR005012,57,63,39
5,MMR005013,21,61,8
5,MMR005014,25,67,10
5,MMR005015,15,73,6
5,MMR005016,77,166,36
5,MMR005017,36,153,14
5,MMR005018,11,70,2
5,MMR005019,35,154,20
5,MMR005020,40,143,13
5,MMR005021,10,59,2
5,MMR005022,52,120,14
5,MMR005023,0,0,0
5,MMR005024,12,37,7
5,MMR005025,0,0,0
5,MMR005026,6,17,5
5,MMR005027,81,217,43
5,MMR005028,0,0,0
5,MMR005029,37,141,21
5,MMR005030,13,44,5
5,MMR005031,1,4,1
5,MMR005032,5,38,1
5,MMR005033,1,0,1
5,MMR005034,3,7,0
5,MMR005035,0,0,0
5,MMR005036,0,0,0
5,MMR005037,0,0,0
5,MMR006001,16,17,10
5,MMR006002,9,10,5
5,MMR006003,8,9,3
5,MMR006004,17,10,6
5,MMR006005,5,30,0
5,MMR006006,2,2,0
5,MMR006007,17,29,9
5,MMR006008,16,15,7
5,MMR006009,0,0,0
5,MMR006010,0,0,0
5,MMR007001,6,6,4
5,MMR007002,0,0,0
5,MMR007003,2,0,2
5,MMR007004,4,4,2
5,MMR007005,3,5,0
5,MMR007006,0,0,0
5,MMR007007,2,1,0
5,MMR007008,1,0,0
5,MMR007009,4,1,4
5,MMR007010,7,13,3
5,MMR007011,2,0,1
5,MMR007012,0,0,0
5,MMR007013,0,0,0
5,MMR007014,0,0,0
5,MMR008001,6,6,6
5,MMR008002,0,0,0
5,MMR008003,0,0,0
5,MMR008004,8,7,5
5,MMR008005,3,7,1
5,MMR008006,1,1,0
5,MMR008007,0,0,0
5,MMR008008,0,0,0
5,MMR008009,1,1,1
5,MMR008010,3,1,1
5,MMR008011,1,0,1
5,MMR008012,10,20,6
5,MMR008013,0,0,0
5,MMR008014,4,7,1
5,MMR009001,1,1,1
5,MMR009002,0,0,0
5,MMR009003,1,0,1
5,MMR009004,3,3,2
5,MMR009005,0,0,0
5,MMR009006,4,3,0
5,MMR009007,4,1,2
5,MMR009008,6,3,3
5,MMR009009,6,8,1
5,MMR009010,1,3,0
5,MMR009011,3,11,0
5,MMR009012,1,0,0
5,MMR009013,1,0,0
5,MMR009014,3,14,1
5,MMR009015,10,3,7
5,MMR009016,0,0,0
5,MMR009017,1,7,0
5,MMR009018,36,51,25
5,MMR009019,35,50,16
5,MMR009020,35,81,15
5,MMR009021,26,68,13
5,MMR009022,1,7,1
5,MMR009023,35,60,20
5,MMR009024,2,16,0
5,MMR009025,40,135,11
5,MMR010001,19,8,19
5,MMR010002,14,6,14
5,MMR010003,19,4,19
5,MMR010004,22,8,22
5,MMR010005,24,19,24
5,MMR010006,13,7,13
5,MMR010007,7,2,3
5,MMR010008,1,28,1
5,MMR010009,27,61,10
5,MMR010010,2,4,1
5,MMR010011,8,5,8
5,MMR010012,4,3,1
5,MMR010013,10,16,7
5,MMR010014,9,6,4
5,MMR010015,1,0,0
5,MMR010016,9,29,2
5,MMR010017,15,36,8
5,MMR010018,8,9,2
5,MMR010019,17,45,6
5,MMR010020,2,2,1
5,MMR010021,4,5,3
5,MMR010022,2,2,0
5,MMR010023,0,0,0
5,MMR010024,0,0,0
5,MMR010028,2,1,1
5,MMR010029,5,3,3
5,MMR010030,0,0,0
5,MMR010031,0,0,0
5,MMR011001,1,0,1
5,MMR011002,5,3,5
5,MMR011003,1,0,0
5,MMR011004,2,1,2
5,MMR011005,0,0,0
5,MMR011006,36,45,18
5,MMR011007,19,37,10
5,MMR011008,2,1,1
5,MMR011009,24,44,13
5,MMR011010,12,11,5
5,MMR012001,1,0,1
5,MMR012002,0,0,0
5,MMR012003,3,1,1
5,MMR012004,0,0,0
5,MMR012005,1,1,0
5,MMR012006,0,0,0
5,MMR012007,1,0,0
5,MMR012008,1,0,0
5,MMR012009,12,33,0
5,MMR012010,4,1,0
5,MMR012011,0,0,0
5,MMR012012,0,0,0
5,MMR012013,0,0,0
5,MMR012014,0,0,0
5,MMR012015,0,0,0
5,MMR012016,0,0,0
5,MMR012017,0,0,0
5,MMR013001,11,5,11
5,MMR013002,11,4,11
5,MMR013003,7,2,2
5,MMR013004,0,0,0
5,MMR013005,3,5,1
5,MMR013006,1,0,1
5,MMR013007,11,22,11
5,MMR013009,7,6,7
5,MMR013010,1,0,1
5,MMR013011,4,0,4
5,MMR013012,20,1,20
5,MMR013013,13,5,13
5,MMR013014,7,2,7
5,MMR013015,7,4,7
5,MMR013016,0,0,0
5,MMR013017,2,0,2
5,MMR013018,13,2,13
5,MMR013019,14,14,14
5,MMR013020,5,1,5
5,MMR013021,4,3,4
5,MMR013022,3,1,3
5,MMR013023,12,4,2
5,MMR013024,4,1,3
5,MMR013025,4,2,1
5,MMR013026,9,16,4
5,MMR013027,6,1,1
5,MMR013028,2,1,1
5,MMR013029,0,0,0
5,MMR013030,2,3,2
5,MMR013031,2,0,2
5,MMR013032,0,0,0
5,MMR013033,3,0,3
5,MMR013034,1,0,1
5,MMR013035,2,0,2
5,MMR013036,0,0,0
5,MMR013037,4,0,4
5,MMR013038,7,3,7
5,MMR013039,3,0,3
5,MMR013040,11,4,11
5,MMR013041,2,2,2
5,MMR013042,11,9,11
5,MMR013043,0,0,0
5,MMR013044,4,0,3
5,MMR013046,23,5,23
5,MMR013047,0,0,0
5,MMR014001,6,0,6
5,MMR014002,0,0,0
5,MMR014003,1,0,1
5,MMR014004,1,2,1
5,MMR014005,6,2,5
5,MMR014006,6,3,3
5,MMR014007,10,5,9
5,MMR014008,7,1,3
5,MMR014009,0,0,0
5,MMR014010,32,150,16
5,MMR014011,1,1,0
5,MMR014012,0,0,0
5,MMR014013,0,0,0
5,MMR014014,0,0,0
5,MMR014015,1,1,0
5,MMR014016,12,5,4
5,MMR014017,2,1,0
5,MMR014018,0,0,0
5,MMR014019,1,1,1
5,MMR014020,1,0,0
5,MMR014021,0,0,0
5,MMR015001,11,9,2
5,MMR015002,4,11,2
5,MMR015003,0,0,0
5,MMR015004,0,0,0
5,MMR015005,0,0,0
5,MMR015006,0,0,0
5,MMR015007,0,0,0
5,MMR015008,0,0,0
5,MMR015009,37,17,15
5,MMR015010,12,11,6
5,MMR015011,11,4,4
5,MMR015012,17,6,8
5,MMR015013,6,52,2
5,MMR015014,12,8,3
5,MMR015015,4,1,4
5,MMR015016,0,0,0
5,MMR015017,2,2,2
5,MMR015018,0,0,0
5,MMR015019,0,0,0
5,MMR015020,0,0,0
5,MMR015021,0,0,0
5,MMR015022,1,3,1
5,MMR015023,0,0,0
5,MMR015024,0,0,0
5,MMR016001,0,0,0
5,MMR016002,0,0,0
5,MMR016003,0,0,0
5,MMR016005,0,0,0
5,MMR016006,0,0,0
5,MMR016007,0,0,0
5,MMR016008,0,0,0
5,MMR016009,3,0,3
5,MMR016010,0,0,0
5,MMR016011,0,0,0
5,MMR017001,3,0,3
5,MMR017002,2,0,2
5,MMR017003,0,0,0
5,MMR017004,0,0,0
5,MMR017005,4,0,4
5,MMR017006,1,0,1
5,MMR017007,1,0,1
5,MMR017008,2,1,2
5,MMR017009,7,3,5
5,MMR017010,0,0,0
5,MMR017011,1,0,1
5,MMR017012,3,1,3
5,MMR017013,2,2,2
5,MMR017014,0,0,0
5,MMR017015,0,0,0
5,MMR017016,4,1,3
5,MMR017017,1,0,1
5,MMR017018,0,0,0
5,MMR017019,4,3,3
5,MMR017020,0,0,0
5,MMR017021,1,0,1
5,MMR017022,0,0,0
5,MMR017023,5,0,4
5,MMR017024,4,0,4
5,MMR017025,4,3,3
5,MMR017026,1,0,1
5,MMR018001,0,0,0
5,MMR018002,2,2,0
5,MMR018003,5,1,2
5,MMR018004,0,0,0
5,MMR018005,0,0,0
5,MMR018006,3,4,0
5,MMR018007,0,0,0
5,MMR018008,0,0,0
6,MMR001001,19,31,13
6,MMR001002,1,1,1
6,MMR001003,1,10,0
6,MMR001004,3,0,2
6,MMR001005,1,2,0
6,MMR001006,4,5,0
6,MMR001007,14,34,8
6,MMR001008,4,1,2
6,MMR001009,38,50,25
6,MMR001010,4,0,3
6,MMR001011,13,49,5
6,MMR001012,3,20,2
6,MMR001013,4,4,1
6,MMR001014,3,20,1
6,MMR001015,8,24,0
6,MMR001016,0,0,0
6,MMR001017,0,0,0
6,MMR001018,0,0,0
6,MMR002001,38,46,22
6,MMR002002,65,75,45
6,MMR002003,39,108,18
6,MMR002004,3,10,0
6,MMR002005,7,17,2
6,MMR002006,0,0,0
6,MMR002007,0,0,0
6,MMR003001,14,16,7
6,MMR003002,0,0,0
6,MMR003003,28,36,4
6,MMR003004,17,40,12
6,MMR003005,46,111,25
6,MMR003006,17,22,8
6,MMR003007,17,10,11
6,MMR004001,14,39,4
6,MMR004002,7,64,0
6,MMR004003,5,16,5
6,MMR004004,8,15,3
6,MMR004005,0,0,0
6,MMR004006,27,125,7
6,MMR004007,19,60,5
6,MMR004008,10,40,2
6,MMR004009,8,7,4
6,MMR005001,26,82,14
6,MMR005002,52,191,12
6,MMR005003,34,86,21
6,MMR005004,63,163,33
6,MMR005005,75,143,49
6,MMR005006,27,51,12
6,MMR005007,31,113,16
6,MMR005008,6,1,6
6,MMR005009,16,87,10
6,MMR005010,15,13,9
6,MMR005011,31,118,16
6,MMR005012,60,150,40
6,MMR005013,26,112,14
6,MMR005014,30,63,23
6,MMR005015,44,219,13
6,MMR005016,59,140,19
6,MMR005017,37,193,9
6,MMR005018,30,37,16
6,MMR005019,38,157,18
6,MMR005020,29,172,7
6,MMR005021,21,99,7
6,MMR005022,25,99,10
6,MMR005023,11,66,6
6,MMR005024,6,33,6
6,MMR005025,9,20,2
6,MMR005026,5,9,5
6,MMR005027,94,220,62
6,MMR005028,0,0,0
6,MMR005029,33,121,13
6,MMR005030,26,122,13
6,MMR005031,11,32,5
6,MMR005032,6,70,3
6,MMR005033,1,2,0
6,MMR005034,4,4,3
6,MMR005035,1,0,1
6,MMR005036,0,0,0
6,MMR005037,0,0,0
6,MMR006001,31,77,18
6,MMR006002,34,24,22
6,MMR006003,19,53,11
6,MMR006004,16,16,13
6,MMR006005,10,10,7
6,MMR006006,0,0,0
6,MMR006007,32,83,18
6,MMR006008,22,30,17
6,MMR006009,1,0,0
6,MMR006010,3,9,0
6,MMR007001,1,0,1
6,MMR007002,0,0,0
6,MMR007003,1,1,0
6,MMR007004,1,1,1
6,MMR007005,0,0,0
6,MMR007006,3,2,2
6,MMR007007,1,0,1
6,MMR007008,1,0,1
6,MMR007009,4,22,2
6,MMR007010,8,19,6
6,MMR007011,15,28,7
6,MMR007012,0,0,0
6,MMR007013,1,1,0
6,MMR007014,9,13,5
6,MMR008001,0,0,0
6,MMR008002,1,9,0
6,MMR008003,0,0,0
6,MMR008004,9,22,5
6,MMR008005,0,0,0
6,MMR008006,2,1,2
6,MMR008007,3,0,2
6,MMR008008,1,10,0
6,MMR008009,1,6,1
6,MMR008010,1,1,1
6,MMR008011,0,0,0
6,MMR008012,6,21,2
6,MMR008013,1,0,1
6,MMR008014,2,6,1
6,MMR009001,3,2,3
6,MMR009002,0,0,0
6,MMR009003,2,2,1
6,MMR009004,1,2,1
6,MMR009005,3,2,2
6,MMR009006,6,2,4
6,MMR009007,2,1,1
6,MMR009008,4,13,1
6,MMR009009,4,40,1
6,MMR009010,5,17,3
6,MMR009011,4,5,0
6,MMR009012,4,1,4
6,MMR009013,0,0,0
6,MMR009014,6,1,5
6,MMR009015,4,25,2
6,MMR009016,3,3,3
6,MMR009017,0,0,0
6,MMR009018,55,126,34
6,MMR009019,67,188,27
6,MMR009020,54,207,23
6,MMR009021,49,157,22
6,MMR009022,7,23,4
6,MMR009023,38,165,17
6,MMR009024,26,123,11
6,MMR009025,19,48,6
6,MMR010001,9,4,9
6,MMR010002,20,10,19
6,MMR010003,24,17,24
6,MMR010004,7,6,7
6,MMR010005,8,6,8
6,MMR010006,5,1,5
6,MMR010007,16,12,5
6,MMR010008,5,10,3
6,MMR010009,12,58,6
6,MMR010010,10,37,5
6,MMR010011,10,2,10
6,MMR010012,8,7,5
6,MMR010013,11,20,7
6,MMR010014,3,7,0
6,MMR010015,1,1,1
6,MMR010016,3,2,1
6,MMR010017,20,37,11
6,MMR010018,9,8,2
6,MMR010019,12,19,6
6,MMR010020,9,10,5
6,MMR010021,2,1,0
6,MMR010022,2,3,2
6,MMR010023,0,0,0
6,MMR010024,0,0,0
6,MMR010028,1,0,0
6,MMR010029,1,0,1
6,MMR010030,3,1,3
6,MMR010031,9,14,5
6,MMR011001,6,1,5
6,MMR011002,4,5,2
6,MMR011003,1,2,0
6,MMR011004,3,8,1
6,MMR011005,6,0,3
6,MMR011006,22,61,10
6,MMR011007,26,45,13
6,MMR011008,2,1,1
6,MMR011009,32,38,17
6,MMR011010,34,35,17
6,MMR012001,2,0,2
6,MMR012002,2,0,2
6,MMR012003,4,0,3
6,MMR012004,6,1,5
6,MMR012005,1,1,0
6,MMR012006,2,1,1
6,MMR012007,0,0,0
6,MMR012008,3,0,1
6,MMR012009,3,0,1
6,MMR012010,0,0,0
6,MMR012011,0,0,0
6,MMR012012,0,0,0
6,MMR012013,1,0,1
6,MMR012014,2,2,2
6,MMR012015,0,0,0
6,MMR012016,0,0,0
6,MMR012017,0,0,0
6,MMR013001,9,3,9
6,MMR013002,8,3,8
6,MMR013003,3,2,1
6,MMR013004,1,1,0
6,MMR013005,0,0,0
6,MMR013006,3,1,0
6,MMR013007,8,3,8
6,MMR013009,0,0,0
6,MMR013010,0,0,0
6,MMR013011,7,0,7
6,MMR013012,9,1,9
6,MMR013013,5,3,5
6,MMR013014,4,3,4
6,MMR013015,5,2,5
6,MMR013016,3,1,3
6,MMR013017,0,0,0
6,MMR013018,12,6,12
6,MMR013019,6,4,6
6,MMR013020,1,0,1
6,MMR013021,3,2,3
6,MMR013022,0,0,0
6,MMR013023,15,7,1
6,MMR013024,2,3,0
6,MMR013025,2,0,1
6,MMR013026,5,13,1
6,MMR013027,7,6,1
6,MMR013028,10,12,6
6,MMR013029,2,0,0
6,MMR013030,4,2,4
6,MMR013031,1,0,1
6,MMR013032,0,0,0
6,MMR013033,3,1,3
6,MMR013034,1,0,1
6,MMR013035,2,1,2
6,MMR013036,0,0,0
6,MMR013037,3,1,3
6,MMR013038,1,0,1
6,MMR013039,4,0,4
6,MMR013040,5,2,5
6,MMR013041,5,5,5
6,MMR013042,7,2,7
6,MMR013043,1,0,1
6,MMR013044,11,2,11
6,MMR013046,15,2,15
6,MMR013047,1,0,1
6,MMR014001,4,3,3
6,MMR014002,4,18,3
6,MMR014003,1,1,0
6,MMR014004,1,1,1
6,MMR014005,1,0,1
6,MMR014006,6,7,3
6,MMR014007,19,39,9
6,MMR014008,0,0,0
6,MMR014009,4,18,1
6,MMR014010,40,83,15
6,MMR014011,0,0,0
6,MMR014012,0,0,0
6,MMR014013,3,0,1
6,MMR014014,0,0,0
6,MMR014015,0,0,0
6,MMR014016,5,2,2
6,MMR014017,1,0,0
6,MMR014018,0,0,0
6,MMR014019,0,0,0
6,MMR014020,0,0,0
6,MMR014021,0,0,0
6,MMR015001,4,4,1
6,MMR015002,2,0,0
6,MMR015003,0,0,0
6,MMR015004,1,1,0
6,MMR015005,0,0,0
6,MMR015006,0,0,0
6,MMR015007,0,0,0
6,MMR015008,0,0,0
6,MMR015009,25,38,8
6,MMR015010,4,6,2
6,MMR015011,28,44,7
6,MMR015012,3,1,3
6,MMR015013,6,1,6
6,MMR015014,3,1,2
6,MMR015015,2,0,1
6,MMR015016,5,0,1
6,MMR015017,0,0,0
6,MMR015018,2,15,1
6,MMR015019,1,0,1
6,MMR015020,0,0,0
6,MMR015021,0,0,0
6,MMR015022,0,0,0
6,MMR015023,0,0,0
6,MMR015024,0,0,0
6,MMR016001,0,0,0
6,MMR016002,0,0,0
6,MMR016003,0,0,0
6,MMR016005,0,0,0
6,MMR016006,0,0,0
6,MMR016007,0,0,0
6,MMR016008,1,6,0
6,MMR016009,2,0,2
6,MMR016010,0,0,0
6,MMR016011,1,0,0
6,MMR017001,6,3,5
6,MMR017002,0,0,0
6,MMR017003,0,0,0
6,MMR017004,5,3,2
6,MMR017005,0,0,0
6,MMR017006,2,1,1
6,MMR017007,1,0,1
6,MMR017008,4,4,2
6,MMR017009,0,0,0
6,MMR017010,0,0,0
6,MMR017011,6,0,5
6,MMR017012,3,2,2
6,MMR017013,4,2,2
6,MMR017014,0,0,0
6,MMR017015,0,0,0
6,MMR017016,0,0,0
6,MMR017017,1,0,1
6,MMR017018,3,1,3
6,MMR017019,3,2,3
6,MMR017020,0,0,0
6,MMR017021,0,0,0
6,MMR017022,1,0,0
6,MMR017023,3,2,3
6,MMR017024,6,2,6
6,MMR017025,3,1,3
6,MMR017026,0,0,0
6,MMR018001,0,0,0
6,MMR018002,1,0,0
6,MMR018003,1,0,1
6,MMR018004,1,0,0
6,MMR018005,0,0,0
6,MMR018006,1,1,1
6,MMR018007,2,3,1
6,MMR018008,0,0,0
7,MMR001001,18,11,15
7,MMR001002,18,19,8
7,MMR001003,0,0,0
7,MMR001004,3,2,0
7,MMR001005,0,0,0
7,MMR001006,0,0,0
7,MMR001007,8,4,6
7,MMR001008,11,4,9
7,MMR001009,33,85,21
7,MMR001010,3,3,3
7,MMR001011,12,74,4
7,MMR001012,2,1,0
7,MMR001013,2,4,0
7,MMR001014,1,0,1
7,MMR001015,0,0,0
7,MMR001016,0,0,0
7,MMR001017,0,0,0
7,MMR001018,0,0,0
7,MMR002001,26,33,15
7,MMR002002,54,90,31
7,MMR002003,29,54,12
7,MMR002004,10,15,4
7,MMR002005,6,10,0
7,MMR002006,0,0,0
7,MMR002007,0,0,0
7,MMR003001,3,1,3
7,MMR003002,0,0,0
7,MMR003003,38,55,5
7,MMR003004,11,45,2
7,MMR003005,60,234,21
7,MMR003006,33,42,8
7,MMR003007,15,21,8
7,MMR004001,9,64,5
7,MMR004002,25,47,9
7,MMR004003,1,10,0
7,MMR004004,2,2,1
7,MMR004005,0,0,0
7,MMR004006,11,9,6
7,MMR004007,14,39,5
7,MMR004008,7,12,6
7,MMR004009,32,83,6
7,MMR005001,28,59,15
7,MMR005002,75,218,18
7,MMR005003,46,55,25
7,MMR005004,27,43,16
7,MMR005005,73,212,40
7,MMR005006,36,99,20
7,MMR005007,29,83,12
7,MMR005008,17,20,13
7,MMR005009,31,99,21
7,MMR005010,45,76,31
7,MMR005011,44,189,27
7,MMR005012,71,143,44
7,MMR005013,17,49,10
7,MMR005014,26,45,16
7,MMR005015,40,276,6
7,MMR005016,33,43,24
7,MMR005017,33,104,10
7,MMR005018,20,37,13
7,MMR005019,39,138,24
7,MMR005020,36,83,20
7,MMR005021,36,101,10
7,MMR005022,21,51,7
7,MMR005023,22,23,8
7,MMR005024,21,78,10
7,MMR005025,6,24,3
7,MMR005026,10,38,6
7,MMR005027,74,280,49
7,MMR005028,1,8,1
7,MMR005029,25,45,8
7,MMR005030,27,75,16
7,MMR005031,12,34,3
7,MMR005032,10,26,6
7,MMR005033,1,0,0
7,MMR005034,6,16,3
7,MMR005035,0,0,0
7,MMR005036,0,0,0
7,MMR005037,0,0,0
7,MMR006001,34,107,18
7,MMR006002,28,30,17
7,MMR006003,19,40,12
7,MMR006004,39,71,24
7,MMR006005,13,15,8
7,MMR006006,1,2,1
7,MMR006007,30,41,16
7,MMR006008,10,24,4
7,MMR006009,4,4,3
7,MMR006010,7,5,3
7,MMR007001,2,1,2
7,MMR007002,0,0,0
7,MMR007003,0,0,0
7,MMR007004,0,0,0
7,MMR007005,3,1,2
7,MMR007006,1,3,1
7,MMR007007,1,0,1
7,MMR007008,4,4,2
7,MMR007009,9,46,2
7,MMR007010,8,30,3
7,MMR007011,57,48,19
7,MMR007012,2,0,2
7,MMR007013,1,0,1
7,MMR007014,1,0,0
7,MMR008001,1,1,1
7,MMR008002,3,0,3
7,MMR008003,0,0,0
7,MMR008004,6,12,5
7,MMR008005,0,0,0
7,MMR008006,0,0,0
7,MMR008007,2,2,1
7,MMR008008,3,3,2
7,MMR008009,2,1,1
7,MMR008010,2,4,1
7,MMR008011,1,1,1
7,MMR008012,9,14,6
7,MMR008013,1,2,0
7,MMR008014,4,2,3
7,MMR009001,2,10,0
7,MMR009002,1,0,1
7,MMR009003,2,2,2
7,MMR009004,0,0,0
7,MMR009005,2,11,2
7,MMR009006,1,0,0
7,MMR009007,1,3,0
7,MMR009008,0,0,0
7,MMR009009,0,0,0
7,MMR009010,6,35,1
7,MMR009011,2,5,0
7,MMR009012,3,4,3
7,MMR009013,2,11,1
7,MMR009014,4,1,4
7,MMR009015,1,0,1
7,MMR009016,3,4,2
7,MMR009017,1,0,1
7,MMR009018,34,47,20
7,MMR009019,40,127,25
7,MMR009020,55,149,23
7,MMR009021,24,90,14
7,MMR009022,10,34,4
7,MMR009023,31,31,18
7,MMR009024,18,34,10
7,MMR009025,21,33,7
7,MMR010001,12,7,12
7,MMR010002,5,14,4
7,MMR010003,9,1,9
7,MMR010004,15,2,15
7,MMR010005,13,6,13
7,MMR010006,12,6,11
7,MMR010007,6,1,3
7,MMR010008,3,2,2
7,MMR010009,17,56,9
7,MMR010010,4,2,1
7,MMR010011,4,8,1
7,MMR010012,7,44,1
7,MMR010013,1,0,1
7,MMR010014,2,2,2
7,MMR010015,3,3,3
7,MMR010016,1,0,1
7,MMR010017,13,16,3
7,MMR010018,5,5,2
7,MMR010019,11,26,5
7,MMR010020,1,6,0
7,MMR010021,8,10,6
7,MMR010022,2,3,2
7,MMR010023,1,1,1
7,MMR010024,1,1,1
7,MMR010028,0,0,0
7,MMR010029,3,4,2
7,MMR010030,4,14,1
7,MMR010031,9,12,5
7,MMR011001,6,8,4
7,MMR011002,6,0,4
7,MMR011003,1,1,1
7,MMR011004,8,28,3
7,MMR011005,2,1,2
7,MMR011006,42,62,22
7,MMR011007,17,32,7
7,MMR011008,5,1,3
7,MMR011009,34,56,13
7,MMR011010,17,23,7
7,MMR012001,7,2,6
7,MMR012002,5,20,0
7,MMR012003,14,21,8
7,MMR012004,17,12,12
7,MMR012005,17,1,11
7,MMR012006,2,15,1
7,MMR012007,0,0,0
7,MMR012008,11,39,4
7,MMR012009,52,77,11
7,MMR012010,11,15,5
7,MMR012011,3,2,2
7,MMR012012,0,0,0
7,MMR012013,0,0,0
7,MMR012014,3,1,0
7,MMR012015,0,0,0
7,MMR012016,3,13,1
7,MMR012017,0,0,0
7,MMR013001,18,9,18
7,MMR013002,13,5,13
7,MMR013003,5,0,0
7,MMR013004,2,3,1
7,MMR013005,1,0,1
7,MMR013006,1,0,1
7,MMR013007,14,4,14
7,MMR013009,6,5,6
7,MMR013010,1,0,1
7,MMR013011,4,0,4
7,MMR013012,19,6,19
7,MMR013013,14,5,14
7,MMR013014,0,0,0
7,MMR013015,6,3,6
7,MMR013016,1,0,1
7,MMR013017,1,0,1
7,MMR013018,13,7,13
7,MMR013019,11,5,11
7,MMR013020,4,6,4
7,MMR013021,4,0,4
7,MMR013022,6,3,6
7,MMR013023,8,10,1
7,MMR013024,1,0,0
7,MMR013025,2,0,2
7,MMR013026,2,6,1
7,MMR013027,10,15,2
7,MMR013028,0,0,0
7,MMR013029,5,2,3
7,MMR013030,5,2,5
7,MMR013031,0,0,0
7,MMR013032,0,0,0
7,MMR013033,4,0,4
7,MMR013034,1,1,1
7,MMR013035,0,0,0
7,MMR013036,0,0,0
7,MMR013037,5,0,5
7,MMR013038,4,6,4
7,MMR013039,5,1,5
7,MMR013040,11,5,11
7,MMR013041,3,1,3
7,MMR013042,12,2,12
7,MMR013043,0,0,0
7,MMR013044,3,2,3
7,MMR013046,13,7,13
7,MMR013047,0,0,0
7,MMR014001,3,3,2
7,MMR014002,3,2,2
7,MMR014003,0,0,0
7,MMR014004,3,20,3
7,MMR014005,1,0,1
7,MMR014006,2,1,2
7,MMR014007,5,17,2
7,MMR014008,1,0,0
7,MMR014009,3,7,2
7,MMR014010,41,181,30
7,MMR014011,7,5,1
7,MMR014012,7,0,2
7,MMR014013,0,0,0
7,MMR014014,0,0,0
7,MMR014015,3,0,0
7,MMR014016,5,0,1
7,MMR014017,1,3,0
7,MMR014018,0,0,0
7,MMR014019,0,0,0
7,MMR014020,0,0,0
7,MMR014021,0,0,0
7,MMR015001,3,0,1
7,MMR015002,2,0,0
7,MMR015003,0,0,0
7,MMR015004,0,0,0
7,MMR015005,0,0,0
7,MMR015006,0,0,0
7,MMR015007,0,0,0
7,MMR015008,0,0,0
7,MMR015009,28,12,19
7,MMR015010,5,4,4
7,MMR015011,30,3,7
7,MMR015012,5,0,4
7,MMR015013,19,9,10
7,MMR015014,1,0,0
7,MMR015015,10,1,3
7,MMR015016,2,0,2
7,MMR015017,19,21,8
7,MMR015018,0,0,0
7,MMR015019,8,3,3
7,MMR015020,0,0,0
7,MMR015021,0,0,0
7,MMR015022,0,0,0
7,MMR015023,0,0,0
7,MMR015024,0,0,0
7,MMR016001,0,0,0
7,MMR016002,0,0,0
7,MMR016003,0,0,0
7,MMR016005,0,0,0
7,MMR016006,0,0,0
7,MMR016007,0,0,0
7,MMR016008,0,0,0
7,MMR016009,0,0,0
7,MMR016010,0,0,0
7,MMR016011,0,0,0
7,MMR017001,1,0,1
7,MMR017002,1,0,0
7,MMR017003,0,0,0
7,MMR017004,0,0,0
7,MMR017005,2,1,1
7,MMR017006,2,2,0
7,MMR017007,0,0,0
7,MMR017008,2,1,2
7,MMR017009,0,0,0
7,MMR017010,1,1,0
7,MMR017011,1,1,1
7,MMR017012,2,12,0
7,MMR017013,0,0,0
7,MMR017014,1,0,1
7,MMR017015,2,0,1
7,MMR017016,0,0,0
7,MMR017017,0,0,0
7,MMR017018,0,0,0
7,MMR017019,0,0,0
7,MMR017020,0,0,0
7,MMR017021,0,0,0
7,MMR017022,0,0,0
7,MMR017023,3,2,3
7,MMR017024,0,0,0
7,MMR017025,1,0,0
7,MMR017026,3,0,2
7,MMR018001,0,0,0
7,MMR018002,1,0,0
7,MMR018003,0,0,0
7,MMR018004,1,1,0
7,MMR018005,0,0,0
7,MMR018006,0,0,0
7,MMR018007,0,0,0
7,MMR018008,0,0,0
8,MMR001001,8,6,5
8,MMR001002,4,4,0
8,MMR001003,0,0,0
8,MMR001004,4,14,1
8,MMR001005,0,0,0
8,MMR001006,2,3,0
8,MMR001007,6,0,4
8,MMR001008,7,2,5
8,MMR001009,52,160,25
8,MMR001010,4,1,2
8,MMR001011,10,3,6
8,MMR001012,29,88,10
8,MMR001013,0,0,0
8,MMR001014,0,0,0
8,MMR001015,0,0,0
8,MMR001016,0,0,0
8,MMR001017,0,0,0
8,MMR001018,0,0,0
8,MMR002001,33,30,31
8,MMR002002,28,59,14
8,MMR002003,13,26,7
8,MMR002004,4,3,2
8,MMR002005,4,19,1
8,MMR002006,0,0,0
8,MMR002007,0,0,0
8,MMR003001,12,15,4
8,MMR003002,0,0,0
8,MMR003003,43,52,9
8,MMR003004,8,30,5
8,MMR003005,37,43,6
8,MMR003006,61,86,40
8,MMR003007,36,41,19
8,MMR004001,14,46,11
8,MMR004002,14,29,7
8,MMR004003,2,1,0
8,MMR004004,9,5,5
8,MMR004005,0,0,0
8,MMR004006,9,8,7
8,MMR004007,3,3,1
8,MMR004008,5,6,2
8,MMR004009,12,9,5
8,MMR005001,44,69,23
8,MMR005002,53,125,21
8,MMR005003,49,77,28
8,MMR005004,63,127,40
8,MMR005005,46,128,24
8,MMR005006,58,101,31
8,MMR005007,62,134,34
8,MMR005008,12,12,9
8,MMR005009,16,37,12
8,MMR005010,15,38,8
8,MMR005011,40,109,18
8,MMR005012,106,227,54
8,MMR005013,19,30,12
8,MMR005014,22,54,11
8,MMR005015,45,125,15
8,MMR005016,23,70,15
8,MMR005017,24,70,8
8,MMR005018,26,51,15
8,MMR005019,29,76,21
8,MMR005020,17,17,7
8,MMR005021,31,117,16
8,MMR005022,28,39,15
8,MMR005023,28,19,12
8,MMR005024,20,27,12
8,MMR005025,1,2,1
8,MMR005026,1,3,0
8,MMR005027,37,53,21
8,MMR005028,0,0,0
8,MMR005029,27,41,15
8,MMR005030,12,24,6
8,MMR005031,14,26,6
8,MMR005032,1,1,1
8,MMR005033,1,1,1
8,MMR005034,5,32,2
8,MMR005035,0,0,0
8,MMR005036,0,0,0
8,MMR005037,0,0,0
8,MMR006001,25,47,14
8,MMR006002,39,36,26
8,MMR006003,28,54,9
8,MMR006004,15,19,6
8,MMR006005,5,3,5
8,MMR006006,1,4,0
8,MMR006007,74,167,39
8,MMR006008,32,81,16
8,MMR006009,2,2,2
8,MMR006010,15,6,2
8,MMR007001,6,8,4
8,MMR007002,1,1,1
8,MMR007003,0,0,0
8,MMR007004,2,0,2
8,MMR007005,4,2,2
8,MMR007006,1,0,0
8,MMR007007,0,0,0
8,MMR007008,11,12,5
8,MMR007009,10,19,6
8,MMR007010,11,24,7
8,MMR007011,13,4,4
8,MMR007012,2,2,2
8,MMR007013,2,2,2
8,MMR007014,2,2,1
8,MMR008001,4,5,3
8,MMR008002,2,2,1
8,MMR008003,1,1,0
8,MMR008004,11,15,4
8,MMR008005,0,0,0
8,MMR008006,1,1,1
8,MMR008007,6,3,2
8,MMR008008,1,1,1
8,MMR008009,0,0,0
8,MMR008010,7,10,5
8,MMR008011,1,1,1
8,MMR008012,7,21,2
8,MMR008013,1,0,1
8,MMR008014,0,0,0
8,MMR009001,6,9,6
8,MMR009002,4,3,3
8,MMR009003,1,0,1
8,MMR009004,0,0,0
8,MMR009005,0,0,0
8,MMR009006,9,22,7
8,MMR009007,0,0,0
8,MMR009008,3,1,3
8,MMR009009,1,2,0
8,MMR009010,5,3,3
8,MMR009011,0,0,0
8,MMR009012,0,0,0
8,MMR009013,1,4,1
8,MMR009014,2,2,1
8,MMR009015,0,0,0
8,MMR009016,2,2,1
8,MMR009017,1,1,1
8,MMR009018,38,110,15
8,MMR009019,40,98,27
8,MMR009020,81,126,45
8,MMR009021,44,110,22
8,MMR009022,2,8,1
8,MMR009023,21,32,10
8,MMR009024,13,46,6
8,MMR009025,14,36,11
8,MMR010001,5,1,5
8,MMR010002,7,4,7
8,MMR010003,7,4,7
8,MMR010004,5,2,5
8,MMR010005,12,9,12
8,MMR010006,8,9,7
8,MMR010007,13,17,3
8,MMR010008,0,0,0
8,MMR010009,46,105,26
8,MMR010010,11,53,5
8,MMR010011,2,1,2
8,MMR010012,16,41,6
8,MMR010013,5,10,3
8,MMR010014,4,4,4
8,MMR010015,0,0,0
8,MMR010016,0,0,0
8,MMR010017,29,84,18
8,MMR010018,5,11,4
8,MMR010019,14,30,11
8,MMR010020,4,3,3
8,MMR010021,24,57,15
8,MMR010022,8,25,7
8,MMR010023,1,0,1
8,MMR010024,1,1,0
8,MMR010028,0,0,0
8,MMR010029,1,2,1
8,MMR010030,1,1,1
8,MMR010031,8,12,4
8,MMR011001,2,2,2
8,MMR011002,8,27,5
8,MMR011003,0,0,0
8,MMR011004,14,38,3
8,MMR011005,4,2,2
8,MMR011006,38,64,16
8,MMR011007,13,25,4
8,MMR011008,6,5,5
8,MMR011009,28,22,22
8,MMR011010,23,50,9
8,MMR012001,12,3,9
8,MMR012002,24,27,19
8,MMR012003,6,0,3
8,MMR012004,43,21,25
8,MMR012005,20,15,13
8,MMR012006,2,0,0
8,MMR012007,0,0,0
8,MMR012008,19,1,10
8,MMR012009,24,41,11
8,MMR012010,36,55,10
8,MMR012011,2,0,1
8,MMR012012,0,0,0
8,MMR012013,2,1,2
8,MMR012014,12,5,8
8,MMR012015,1,1,0
8,MMR012016,3,18,1
8,MMR012017,0,0,0
8,MMR013001,7,8,7
8,MMR013002,14,15,13
8,MMR013003,3,0,0
8,MMR013004,3,14,2
8,MMR013005,0,0,0
8,MMR013006,0,0,0
8,MMR013007,6,4,6
8,MMR013009,3,1,3
8,MMR013010,2,0,2
8,MMR013011,7,0,7
8,MMR013012,8,2,8
8,MMR013013,3,1,3
8,MMR013014,2,0,2
8,MMR013015,3,0,3
8,MMR013016,0,0,0
8,MMR013017,2,0,2
8,MMR013018,5,0,5
8,MMR013019,9,1,9
8,MMR013020,4,0,4
8,MMR013021,3,1,3
8,MMR013022,2,0,2
8,MMR013023,1,0,0
8,MMR013024,0,0,0
8,MMR013025,0,0,0
8,MMR013026,4,2,3
8,MMR013027,12,12,7
8,MMR013028,2,1,2
8,MMR013029,0,0,0
8,MMR013030,1,0,1
8,MMR013031,0,0,0
8,MMR013032,0,0,0
8,MMR013033,1,0,1
8,MMR013034,0,0,0
8,MMR013035,0,0,0
8,MMR013036,1,0,1
8,MMR013037,1,0,1
8,MMR013038,2,0,2
8,MMR013039,6,3,6
8,MMR013040,10,9,10
8,MMR013041,3,0,3
8,MMR013042,6,1,6
8,MMR013043,0,0,0
8,MMR013044,4,0,4
8,MMR013046,7,0,7
8,MMR013047,1,0,1
8,MMR014001,2,0,2
8,MMR014002,1,0,1
8,MMR014003,0,0,0
8,MMR014004,1,0,0
8,MMR014005,0,0,0
8,MMR014006,0,0,0
8,MMR014007,2,0,0
8,MMR014008,4,1,1
8,MMR014009,1,0,0
8,MMR014010,24,10,13
8,MMR014011,0,0,0
8,MMR014012,0,0,0
8,MMR014013,0,0,0
8,MMR014014,0,0,0
8,MMR014015,1,0,0
8,MMR014016,5,0,2
8,MMR014017,0,0,0
8,MMR014018,0,0,0
8,MMR014019,0,0,0
8,MMR014020,2,0,0
8,MMR014021,0,0,0
8,MMR015001,6,14,3
8,MMR015002,7,13,1
8,MMR015003,0,0,0
8,MMR015004,0,0,0
8,MMR015005,1,0,1
8,MMR015006,0,0,0
8,MMR015007,0,0,0
8,MMR015008,0,0,0
8,MMR015009,24,20,11
8,MMR015010,2,7,1
8,MMR015011,14,10,9
8,MMR015012,5,0,4
8,MMR015013,6,14,1
8,MMR015014,3,5,2
8,MMR015015,3,0,1
8,MMR015016,13,49,5
8,MMR015017,13,1,8
8,MMR015018,0,0,0
8,MMR015019,5,0,4
8,MMR015020,2,1,2
8,MMR015021,0,0,0
8,MMR015022,5,12,3
8,MMR015023,0,0,0
8,MMR015024,0,0,0
8,MMR016001,0,0,0
8,MMR016002,0,0,0
8,MMR016003,0,0,0
8,MMR016005,0,0,0
8,MMR016006,0,0,0
8,MMR016007,1,0,1
8,MMR016008,1,0,0
8,MMR016009,0,0,0
8,MMR016010,0,0,0
8,MMR016011,0,0,0
8,MMR017001,6,0,6
8,MMR017002,1,0,1
8,MMR017003,0,0,0
8,MMR017004,0,0,0
8,MMR017005,0,0,0
8,MMR017006,0,0,0
8,MMR017007,0,0,0
8,MMR017008,1,3,1
8,MMR017009,2,1,1
8,MMR017010,0,0,0
8,MMR017011,2,0,2
8,MMR017012,2,0,2
8,MMR017013,0,0,0
8,MMR017014,0,0,0
8,MMR017015,0,0,0
8,MMR017016,0,0,0
8,MMR017017,1,0,1
8,MMR017018,4,3,3
8,MMR017019,0,0,0
8,MMR017020,0,0,0
8,MMR017021,0,0,0
8,MMR017022,0,0,0
8,MMR017023,1,0,1
8,MMR017024,1,0,1
8,MMR017025,2,0,1
8,MMR017026,2,0,2
8,MMR018001,0,0,0
8,MMR018002,0,0,0
8,MMR018003,0,0,0
8,MMR018004,0,0,0
8,MMR018005,2,3,1
8,MMR018006,1,0,1
8,MMR018007,1,0,1
8,MMR018008,1,0,0
9,MMR001001,12,4,7
9,MMR001002,8,1,2
9,MMR001003,0,0,0
9,MMR001004,5,4,1
9,MMR001005,0,0,0
9,MMR001006,0,0,0
9,MMR001007,16,14,11
9,MMR001008,3,2,1
9,MMR001009,53,41,35
9,MMR001010,2,0,1
9,MMR001011,25,17,17
9,MMR001012,4,0,0
9,MMR001013,6,10,0
9,MMR001014,3,13,0
9,MMR001015,7,7,3
9,MMR001016,0,0,0
9,MMR001017,0,0,0
9,MMR001018,0,0,0
9,MMR002001,26,23,14
9,MMR002002,55,174,28
9,MMR002003,11,5,3
9,MMR002004,8,21,1
9,MMR002005,9,38,3
9,MMR002006,2,3,0
9,MMR002007,2,6,0
9,MMR003001,7,16,3
9,MMR003002,4,2,2
9,MMR003003,18,59,3
9,MMR003004,33,44,16
9,MMR003005,24,47,0
9,MMR003006,40,127,19
9,MMR003007,32,140,14
9,MMR004001,11,36,2
9,MMR004002,8,8,5
9,MMR004003,16,25,12
9,MMR004004,7,18,2
9,MMR004005,1,2,1
9,MMR004006,18,8,11
9,MMR004007,20,102,6
9,MMR004008,1,5,1
9,MMR004009,6,23,2
9,MMR005001,47,89,25
9,MMR005002,49,158,23
9,MMR005003,50,113,19
9,MMR005004,75,158,39
9,MMR005005,40,65,22
9,MMR005006,51,106,27
9,MMR005007,54,120,39
9,MMR005008,1,2,1
9,MMR005009,10,25,6
9,MMR005010,17,45,10
9,MMR005011,17,94,8
9,MMR005012,61,111,40
9,MMR005013,24,52,12
9,MMR005014,39,97,27
9,MMR005015,18,20,2
9,MMR005016,31,46,17
9,MMR005017,19,64,2
9,MMR005018,38,73,18
9,MMR005019,40,101,32
9,MMR005020,21,81,4
9,MMR005021,24,22,14
9,MMR005022,28,61,12
9,MMR005023,9,11,6
9,MMR005024,17,45,9
9,MMR005025,10,16,3
9,MMR005026,0,0,0
9,MMR005027,31,65,19
9,MMR005028,2,7,1
9,MMR005029,14,17,5
9,MMR005030,6,7,4
9,MMR005031,0,0,0
9,MMR005032,2,2,1
9,MMR005033,0,0,0
9,MMR005034,18,75,14
9,MMR005035,0,0,0
9,MMR005036,0,0,0
9,MMR005037,0,0,0
9,MMR006001,21,54,5
9,MMR006002,37,37,27
9,MMR006003,12,35,8
9,MMR006004,25,28,12
9,MMR006005,2,3,2
9,MMR006006,6,7,1
9,MMR006007,56,95,29
9,MMR006008,39,96,19
9,MMR006009,9,25,1
9,MMR006010,7,14,1
9,MMR007001,3,1,3
9,MMR007002,0,0,0
9,MMR007003,3,2,3
9,MMR007004,1,2,1
9,MMR007005,16,27,9
9,MMR007006,14,4,10
9,MMR007007,3,2,2
9,MMR007008,14,9,6
9,MMR007009,9,11,4
9,MMR007010,18,97,3
9,MMR007011,52,58,25
9,MMR007012,7,3,3
9,MMR007013,1,0,0
9,MMR007014,7,14,5
9,MMR008001,1,2,1
9,MMR008002,1,0,1
9,MMR008003,0,0,0
9,MMR008004,8,15,3
9,MMR008005,3,2,1
9,MMR008006,0,0,0
9,MMR008007,2,0,2
9,MMR008008,1,0,1
9,MMR008009,8,9,5
9,MMR008010,15,18,9
9,MMR008011,0,0,0
9,MMR008012,8,8,2
9,MMR008013,2,3,1
9,MMR008014,3,3,3
9,MMR009001,3,1,3
9,MMR009002,5,4,3
9,MMR009003,8,6,7
9,MMR009004,1,1,0
9,MMR009005,0,0,0
9,MMR009006,5,13,3
9,MMR009007,0,0,0
9,MMR009008,2,1,1
9,MMR009009,3,1,1
9,MMR009010,5,26,3
9,MMR009011,1,0,0
9,MMR009012,8,8,6
9,MMR009013,1,2,0
9,MMR009014,11,5,8
9,MMR009015,3,0,3
9,MMR009016,2,5,0
9,MMR009017,4,2,3
9,MMR009018,50,94,22
9,MMR009019,74,130,42
9,MMR009020,74,136,41
9,MMR009021,47,50,24
9,MMR009022,15,47,5
9,MMR009023,16,63,8
9,MMR009024,13,70,4
9,MMR009025,22,73,10
9,MMR010001,8,15,8
9,MMR010002,7,3,7
9,MMR010003,14,9,14
9,MMR010004,9,4,9
9,MMR010005,11,7,11
9,MMR010006,4,1,4
9,MMR010007,7,4,3
9,MMR010008,1,1,1
9,MMR010009,75,152,35
9,MMR010010,19,32,17
9,MMR010011,8,4,5
9,MMR010012,26,91,10
9,MMR010013,2,2,2
9,MMR010014,4,13,2
9,MMR010015,2,2,2
9,MMR010016,5,6,1
9,MMR010017,31,86,13
9,MMR010018,8,12,4
9,MMR010019,23,20,8
9,MMR010020,1,1,1
9,MMR010021,13,55,6
9,MMR010022,5,6,5
9,MMR010023,0,0,0
9,MMR010024,2,0,2
9,MMR010028,0,0,0
9,MMR010029,1,1,1
9,MMR010030,1,0,0
9,MMR010031,0,0,0
9,MMR011001,3,0,3
9,MMR011002,3,0,1
9,MMR011003,0,0,0
9,MMR011004,11,6,5
9,MMR011005,1,0,1
9,MMR011006,56,65,27
9,MMR011007,33,43,17
9,MMR011008,5,3,3
9,MMR011009,34,40,24
9,MMR011010,24,45,13
9,MMR012001,3,3,3
9,MMR012002,2,2,2
9,MMR012003,1,0,1
9,MMR012004,2,2,1
9,MMR012005,3,6,1
9,MMR012006,3,1,2
9,MMR012007,0,0,0
9,MMR012008,1,0,0
9,MMR012009,3,4,0
9,MMR012010,1,1,1
9,MMR012011,0,0,0
9,MMR012012,0,0,0
9,MMR012013,0,0,0
9,MMR012014,1,0,1
9,MMR012015,0,0,0
9,MMR012016,1,0,1
9,MMR012017,0,0,0
9,MMR013001,8,7,8
9,MMR013002,3,0,3
9,MMR013003,5,0,0
9,MMR013004,3,5,0
9,MMR013005,2,2,0
9,MMR013006,1,0,1
9,MMR013007,3,0,3
9,MMR013009,0,0,0
9,MMR013010,1,0,1
9,MMR013011,3,1,3
9,MMR013012,6,10,6
9,MMR013013,8,7,8
9,MMR013014,0,0,0
9,MMR013015,3,0,3
9,MMR013016,0,0,0
9,MMR013017,0,0,0
9,MMR013018,2,0,2
9,MMR013019,3,1,3
9,MMR013020,0,0,0
9,MMR013021,3,2,3
9,MMR013022,1,0,1
9,MMR013023,2,2,1
9,MMR013024,1,0,0
9,MMR013025,2,3,1
9,MMR013026,3,3,1
9,MMR013027,2,3,2
9,MMR013028,0,0,0
9,MMR013029,0,0,0
9,MMR013030,0,0,0
9,MMR013031,0,0,0
9,MMR013032,0,0,0
9,MMR013033,0,0,0
9,MMR013034,0,0,0
9,MMR013035,0,0,0
9,MMR013036,0,0,0
9,MMR013037,0,0,0
9,MMR013038,1,0,1
9,MMR013039,2,1,2
9,MMR013040,3,2,3
9,MMR013041,1,0,1
9,MMR013042,3,2,3
9,MMR013043,0,0,0
9,MMR013044,1,0,1
9,MMR013046,6,1,6
9,MMR013047,0,0,0
9,MMR014001,0,0,0
9,MMR014002,6,19,4
9,MMR014003,0,0,0
9,MMR014004,1,1,1
9,MMR014005,0,0,0
9,MMR014006,0,0,0
9,MMR014007,1,1,1
9,MMR014008,0,0,0
9,MMR014009,27,78,12
9,MMR014010,32,90,10
9,MMR014011,0,0,0
9,MMR014012,0,0,0
9,MMR014013,1,0,0
9,MMR014014,1,0,0
9,MMR014015,0,0,0
9,MMR014016,0,0,0
9,MMR014017,0,0,0
9,MMR014018,1,3,0
9,MMR014019,0,0,0
9,MMR014020,2,0,0
9,MMR014021,0,0,0
9,MMR015001,12,5,3
9,MMR015002,4,34,1
9,MMR015003,2,0,0
9,MMR015004,2,4,1
9,MMR015005,0,0,0
9,MMR015006,0,0,0
9,MMR015007,0,0,0
9,MMR015008,0,0,0
9,MMR015009,12,4,10
9,MMR015010,2,0,0
9,MMR015011,26,2,8
9,MMR015012,3,15,1
9,MMR015013,3,30,2
9,MMR015014,3,0,0
9,MMR015015,1,0,1
9,MMR015016,1,1,0
9,MMR015017,1,0,0
9,MMR015018,0,0,0
9,MMR015019,0,0,0
9,MMR015020,1,1,1
9,MMR015021,0,0,0
9,MMR015022,1,6,0
9,MMR015023,0,0,0
9,MMR015024,0,0,0
9,MMR016001,0,0,0
9,MMR016002,0,0,0
9,MMR016003,0,0,0
9,MMR016005,0,0,0
9,MMR016006,0,0,0
9,MMR016007,0,0,0
9,MMR016008,0,0,0
9,MMR016009,1,0,1
9,MMR016010,0,0,0
9,MMR016011,0,0,0
9,MMR017001,3,2,3
9,MMR017002,0,0,0
9,MMR017003,0,0,0
9,MMR017004,2,1,0
9,MMR017005,2,1,1
9,MMR017006,0,0,0
9,MMR017007,0,0,0
9,MMR017008,2,1,0
9,MMR017009,0,0,0
9,MMR017010,0,0,0
9,MMR017011,0,0,0
9,MMR017012,0,0,0
9,MMR017013,2,4,2
9,MMR017014,0,0,0
9,MMR017015,0,0,0
9,MMR017016,0,0,0
9,MMR017017,0,0,0
9,MMR017018,1,1,0
9,MMR017019,1,0,1
9,MMR017020,0,0,0
9,MMR017021,1,1,1
9,MMR017022,0,0,0
9,MMR017023,0,0,0
9,MMR017024,0,0,0
9,MMR017025,0,0,0
9,MMR017026,0,0,0
9,MMR018001,2,0,0
9,MMR018002,4,0,0
9,MMR018003,2,2,0
9,MMR018004,1,4,0
9,MMR018005,0,0,0
9,MMR018006,0,0,0
9,MMR018007,4,6,1
9,MMR018008,0,0,0
10,MMR001001,9,4,7
10,MMR001002,11,7,1
10,MMR001003,0,0,0
10,MMR001004,1,0,0
10,MMR001005,1,0,0
10,MMR001006,0,0,0
10,MMR001007,12,6,7
10,MMR001008,7,2,6
10,MMR001009,42,37,19
10,MMR001010,2,1,2
10,MMR001011,12,1,8
10,MMR001012,0,0,0
10,MMR001013,1,0,0
10,MMR001014,2,1,0
10,MMR001015,0,0,0
10,MMR001016,0,0,0
10,MMR001017,0,0,0
10,MMR001018,0,0,0
10,MMR002001,17,17,6
10,MMR002002,44,122,10
10,MMR002003,6,4,3
10,MMR002004,1,7,0
10,MMR002005,16,31,9
10,MMR002006,9,18,3
10,MMR002007,8,5,1
10,MMR003001,7,18,4
10,MMR003002,0,0,0
10,MMR003003,14,46,0
10,MMR003004,16,34,5
10,MMR003005,55,223,12
10,MMR003006,51,38,35
10,MMR003007,32,36,18
10,MMR004001,14,49,7
10,MMR004002,36,81,11
10,MMR004003,2,2,2
10,MMR004004,10,8,4
10,MMR004005,0,0,0
10,MMR004006,29,67,12
10,MMR004007,4,3,2
10,MMR004008,5,8,3
10,MMR004009,0,0,0
10,MMR005001,89,157,61
10,MMR005002,23,49,13
10,MMR005003,22,35,7
10,MMR005004,55,179,31
10,MMR005005,45,86,15
10,MMR005006,51,119,24
10,MMR005007,42,277,25
10,MMR005008,5,13,2
10,MMR005009,14,21,9
10,MMR005010,6,28,1
10,MMR005011,7,20,5
10,MMR005012,47,75,27
10,MMR005013,13,19,6
10,MMR005014,20,39,15
10,MMR005015,28,47,15
10,MMR005016,25,72,16
10,MMR005017,21,84,9
10,MMR005018,40,72,24
10,MMR005019,46,80,23
10,MMR005020,23,8,12
10,MMR005021,20,85,9
10,MMR005022,15,96,5
10,MMR005023,20,66,4
10,MMR005024,14,29,3
10,MMR005025,3,10,2
10,MMR005026,0,0,0
10,MMR005027,51,134,35
10,MMR005028,2,3,0
10,MMR005029,10,33,6
10,MMR005030,9,15,6
10,MMR005031,20,19,6
10,MMR005032,8,31,3
10,MMR005033,2,3,1
10,MMR005034,13,41,8
10,MMR005035,0,0,0
10,MMR005036,0,0,0
10,MMR005037,0,0,0
10,MMR006001,32,80,17
10,MMR006002,26,11,20
10,MMR006003,34,43,20
10,MMR006004,26,40,12
10,MMR006005,6,3,5
10,MMR006006,2,0,1
10,MMR006007,57,57,43
10,MMR006008,44,94,15
10,MMR006009,7,13,3
10,MMR006010,4,7,1
10,MMR007001,0,0,0
10,MMR007002,0,0,0
10,MMR007003,1,1,1
10,MMR007004,4,6,3
10,MMR007005,5,7,3
10,MMR007006,8,7,7
10,MMR007007,3,9,2
10,MMR007008,7,0,7
10,MMR007009,8,25,5
10,MMR007010,21,48,14
10,MMR007011,48,99,25
10,MMR007012,13,29,9
10,MMR007013,0,0,0
10,MMR007014,14,28,9
10,MMR008001,1,2,0
10,MMR008002,1,1,0
10,MMR008003,0,0,0
10,MMR008004,25,26,5
10,MMR008005,3,2,0
10,MMR008006,0,0,0
10,MMR008007,3,2,1
10,MMR008008,3,0,3
10,MMR008009,1,2,0
10,MMR008010,9,16,6
10,MMR008011,0,0,0
10,MMR008012,4,7,1
10,MMR008013,0,0,0
10,MMR008014,3,3,0
10,MMR009001,2,3,2
10,MMR009002,1,3,1
10,MMR009003,1,1,1
10,MMR009004,0,0,0
10,MMR009005,0,0,0
10,MMR009006,5,6,2
10,MMR009007,1,1,0
10,MMR009008,0,0,0
10,MMR009009,0,0,0
10,MMR009010,6,45,4
10,MMR009011,3,6,2
10,MMR009012,0,0,0
10,MMR009013,3,20,1
10,MMR009014,1,2,1
10,MMR009015,3,5,1
10,MMR009016,2,2,1
10,MMR009017,0,0,0
10,MMR009018,46,107,23
10,MMR009019,56,121,34
10,MMR009020,64,89,34
10,MMR009021,27,49,6
10,MMR009022,15,34,3
10,MMR009023,29,24,18
10,MMR009024,16,33,8
10,MMR009025,16,26,10
10,MMR010001,12,2,12
10,MMR010002,4,1,4
10,MMR010003,2,2,2
10,MMR010004,7,5,7
10,MMR010005,8,8,8
10,MMR010006,2,2,2
10,MMR010007,16,9,10
10,MMR010008,0,0,0
10,MMR010009,51,62,25
10,MMR010010,22,95,9
10,MMR010011,12,63,10
10,MMR010012,33,101,4
10,MMR010013,0,0,0
10,MMR010014,1,1,1
10,MMR010015,0,0,0
10,MMR010016,2,6,1
10,MMR010017,30,87,17
10,MMR010018,10,32,6
10,MMR010019,23,43,13
10,MMR010020,3,6,2
10,MMR010021,12,27,6
10,MMR010022,3,3,1
10,MMR010023,0,0,0
10,MMR010024,0,0,0
10,MMR010028,0,0,0
10,MMR010029,2,19,2
10,MMR010030,3,1,2
10,MMR010031,0,0,0
10,MMR011001,2,0,1
10,MMR011002,2,4,1
10,MMR011003,0,0,0
10,MMR011004,10,21,5
10,MMR011005,1,1,0
10,MMR011006,37,97,18
10,MMR011007,28,36,11
10,MMR011008,3,1,3
10,MMR011009,26,24,13
10,MMR011010,36,66,17
10,MMR012001,1,0,1
10,MMR012002,0,0,0
10,MMR012003,0,0,0
10,MMR012004,0,0,0
10,MMR012005,0,0,0
10,MMR012006,0,0,0
10,MMR012007,1,0,0
10,MMR012008,1,0,1
10,MMR012009,2,2,2
10,MMR012010,0,0,0
10,MMR012011,1,0,1
10,MMR012012,0,0,0
10,MMR012013,0,0,0
10,MMR012014,0,0,0
10,MMR012015,0,0,0
10,MMR012016,0,0,0
10,MMR012017,0,0,0
10,MMR013001,3,0,3
10,MMR013002,8,2,7
10,MMR013003,3,0,0
10,MMR013004,0,0,0
10,MMR013005,0,0,0
10,MMR013006,2,3,1
10,MMR013007,1,0,1
10,MMR013009,3,1,3
10,MMR013010,1,1,1
10,MMR013011,0,0,0
10,MMR013012,3,0,3
10,MMR013013,3,1,3
10,MMR013014,1,0,1
10,MMR013015,1,0,1
10,MMR013016,0,0,0
10,MMR013017,0,0,0
10,MMR013018,1,5,1
10,MMR013019,5,1,5
10,MMR013020,2,0,2
10,MMR013021,4,1,4
10,MMR013022,0,0,0
10,MMR013023,2,4,0
10,MMR013024,0,0,0
10,MMR013025,0,0,0
10,MMR013026,5,6,2
10,MMR013027,0,0,0
10,MMR013028,0,0,0
10,MMR013029,0,0,0
10,MMR013030,0,0,0
10,MMR013031,0,0,0
10,MMR013032,0,0,0
10,MMR013033,1,0,1
10,MMR013034,0,0,0
10,MMR013035,0,0,0
10,MMR013036,0,0,0
10,MMR013037,1,0,1
10,MMR013038,1,0,1
10,MMR013039,1,0,1
10,MMR013040,2,0,2
10,MMR013041,1,0,1
10,MMR013042,2,1,2
10,MMR013043,3,0,3
10,MMR013044,3,1,3
10,MMR013046,5,2,5
10,MMR013047,0,0,0
10,MMR014001,0,0,0
10,MMR014002,1,0,1
10,MMR014003,0,0,0
10,MMR014004,2,0,1
10,MMR014005,0,0,0
10,MMR014006,0,0,0
10,MMR014007,8,1,4
10,MMR014008,2,0,1
10,MMR014009,29,86,12
10,MMR014010,58,105,28
10,MMR014011,0,0,0
10,MMR014012,9,2,2
10,MMR014013,0,0,0
10,MMR014014,5,1,0
10,MMR014015,2,0,0
10,MMR014016,3,1,0
10,MMR014017,0,0,0
10,MMR014018,0,0,0
10,MMR014019,0,0,0
10,MMR014020,3,2,0
10,MMR014021,0,0,0
10,MMR015001,16,10,9
10,MMR015002,7,4,0
10,MMR015003,0,0,0
10,MMR015004,0,0,0
10,MMR015005,0,0,0
10,MMR015006,0,0,0
10,MMR015007,0,0,0
10,MMR015008,0,0,0
10,MMR015009,14,15,11
10,MMR015010,0,0,0
10,MMR015011,16,6,7
10,MMR015012,5,0,1
10,MMR015013,17,38,6
10,MMR015014,0,0,0
10,MMR015015,3,0,0
10,MMR015016,2,0,0
10,MMR015017,3,5,3
10,MMR015018,10,20,2
10,MMR015019,1,0,0
10,MMR015020,0,0,0
10,MMR015021,0,0,0
10,MMR015022,7,23,2
10,MMR015023,0,0,0
10,MMR015024,0,0,0
10,MMR016001,0,0,0
10,MMR016002,0,0,0
10,MMR016003,0,0,0
10,MMR016005,0,0,0
10,MMR016006,0,0,0
10,MMR016007,0,0,0
10,MMR016008,0,0,0
10,MMR016009,0,0,0
10,MMR016010,0,0,0
10,MMR016011,0,0,0
10,MMR017001,4,0,4
10,MMR017002,0,0,0
10,MMR017003,0,0,0
10,MMR017004,2,0,0
10,MMR017005,2,1,2
10,MMR017006,2,1,1
10,MMR017007,0,0,0
10,MMR017008,6,1,6
10,MMR017009,0,0,0
10,MMR017010,0,0,0
10,MMR017011,1,0,1
10,MMR017012,1,0,1
10,MMR017013,1,0,1
10,MMR017014,0,0,0
10,MMR017015,0,0,0
10,MMR017016,0,0,0
10,MMR017017,1,0,1
10,MMR017018,2,0,1
10,MMR017019,1,0,0
10,MMR017020,0,0,0
10,MMR017021,0,0,0
10,MMR017022,0,0,0
10,MMR017023,0,0,0
10,MMR017024,2,1,1
10,MMR017025,0,0,0
10,MMR017026,0,0,0
10,MMR018001,0,0,0
10,MMR018002,3,8,0
10,MMR018003,0,0,0
10,MMR018004,1,0,0
10,MMR018005,0,0,0
10,MMR018006,1,5,0
10,MMR018007,1,2,1
10,MMR018008,1,0,0
11,MMR001001,8,3,5
11,MMR001002,62,73,11
11,MMR001003,0,0,0
11,MMR001004,0,0,0
11,MMR001005,0,0,0
11,MMR001006,0,0,0
11,MMR001007,9,14,3
11,MMR001008,6,4,6
11,MMR001009,36,64,20
11,MMR001010,20,5,14
11,MMR001011,40,51,20
11,MMR001012,31,10,10
11,MMR001013,1,0,0
11,MMR001014,0,0,0
11,MMR001015,2,27,0
11,MMR001016,0,0,0
11,MMR001017,0,0,0
11,MMR001018,0,0,0
11,MMR002001,26,30,13
11,MMR002002,19,60,5
11,MMR002003,34,46,12
11,MMR002004,4,18,0
11,MMR002005,5,3,1
11,MMR002006,13,1,5
11,MMR002007,12,9,3
11,MMR003001,12,4,0
11,MMR003002,1,0,1
11,MMR003003,23,31,4
11,MMR003004,18,6,9
11,MMR003005,43,60,4
11,MMR003006,52,104,34
11,MMR003007,63,103,23
11,MMR004001,4,8,3
11,MMR004002,8,41,2
11,MMR004003,14,73,6
11,MMR004004,5,19,3
11,MMR004005,7,11,4
11,MMR004006,19,29,13
11,MMR004007,7,5,5
11,MMR004008,13,46,5
11,MMR004009,2,0,1
11,MMR005001,67,131,44
11,MMR005002,50,142,23
11,MMR005003,34,56,15
11,MMR005004,99,218,59
11,MMR005005,37,43,20
11,MMR005006,67,121,36
11,MMR005007,25,41,20
11,MMR005008,0,0,0
11,MMR005009,23,27,13
11,MMR005010,26,38,17
11,MMR005011,17,88,11
11,MMR005012,57,82,32
11,MMR005013,22,42,13
11,MMR005014,23,84,17
11,MMR005015,26,41,13
11,MMR005016,47,105,23
11,MMR005017,28,39,11
11,MMR005018,64,77,33
11,MMR005019,41,51,16
11,MMR005020,36,42,17
11,MMR005021,14,16,7
11,MMR005022,8,5,4
11,MMR005023,1,1,1
11,MMR005024,8,10,7
11,MMR005025,5,9,2
11,MMR005026,2,4,0
11,MMR005027,57,55,42
11,MMR005028,2,3,1
11,MMR005029,12,12,8
11,MMR005030,33,41,20
11,MMR005031,10,0,8
11,MMR005032,0,0,0
11,MMR005033,0,0,0
11,MMR005034,10,6,5
11,MMR005035,0,0,0
11,MMR005036,1,3,0
11,MMR005037,0,0,0
11,MMR006001,35,43,23
11,MMR006002,38,55,22
11,MMR006003,22,52,10
11,MMR006004,37,72,17
11,MMR006005,5,3,1
11,MMR006006,5,0,3
11,MMR006007,64,68,43
11,MMR006008,42,19,32
11,MMR006009,6,9,3
11,MMR006010,5,7,3
11,MMR007001,3,1,0
11,MMR007002,0,0,0
11,MMR007003,0,0,0
11,MMR007004,5,3,4
11,MMR007005,50,94,25
11,MMR007006,35,146,19
11,MMR007007,5,2,5
11,MMR007008,20,32,7
11,MMR007009,8,24,2
11,MMR007010,24,47,10
11,MMR007011,62,57,32
11,MMR007012,43,57,30
11,MMR007013,0,0,0
11,MMR007014,11,21,10
11,MMR008001,0,0,0
11,MMR008002,6,9,2
11,MMR008003,0,0,0
11,MMR008004,12,8,3
11,MMR008005,1,0,1
11,MMR008006,1,0,1
11,MMR008007,4,6,3
11,MMR008008,3,6,2
11,MMR008009,12,35,2
11,MMR008010,12,7,9
11,MMR008011,0,0,0
11,MMR008012,7,10,3
11,MMR008013,1,2,0
11,MMR008014,2,6,0
11,MMR009001,3,0,3
11,MMR009002,1,1,1
11,MMR009003,4,1,4
11,MMR009004,1,1,1
11,MMR009005,0,0,0
11,MMR009006,9,29,7
11,MMR009007,0,0,0
11,MMR009008,0,0,0
11,MMR009009,1,2,0
11,MMR009010,3,16,0
11,MMR009011,1,0,1
11,MMR009012,0,0,0
11,MMR009013,1,5,1
11,MMR009014,5,30,0
11,MMR009015,5,19,4
11,MMR009016,4,6,2
11,MMR009017,0,0,0
11,MMR009018,57,98,25
11,MMR009019,50,71,25
11,MMR009020,118,59,80
11,MMR009021,25,38,9
11,MMR009022,7,31,1
11,MMR009023,39,46,23
11,MMR009024,7,23,2
11,MMR009025,19,69,5
11,MMR010001,6,3,6
11,MMR010002,4,0,4
11,MMR010003,5,1,5
11,MMR010004,6,1,6
11,MMR010005,2,1,2
11,MMR010006,2,0,2
11,MMR010007,2,1,1
11,MMR010008,2,1,0
11,MMR010009,61,67,25
11,MMR010010,11,17,6
11,MMR010011,40,43,18
11,MMR010012,24,67,6
11,MMR010013,1,1,0
11,MMR010014,3,1,3
11,MMR010015,0,0,0
11,MMR010016,2,1,2
11,MMR010017,24,59,15
11,MMR010018,3,3,3
11,MMR010019,22,34,11
11,MMR010020,2,1,0
11,MMR010021,18,49,12
11,MMR010022,5,11,3
11,MMR010023,0,0,0
11,MMR010024,2,21,1
11,MMR010028,0,0,0
11,MMR010029,3,8,3
11,MMR010030,4,4,2
11,MMR010031,2,3,1
11,MMR011001,0,0,0
11,MMR011002,4,12,0
11,MMR011003,0,0,0
11,MMR011004,8,20,3
11,MMR011005,3,2,2
11,MMR011006,30,38,11
11,MMR011007,27,9,9
11,MMR011008,16,12,6
11,MMR011009,42,57,25
11,MMR011010,48,51,22
11,MMR012001,3,4,3
11,MMR012002,0,0,0
11,MMR012003,0,0,0
11,MMR012004,0,0,0
11,MMR012005,0,0,0
11,MMR012006,0,0,0
11,MMR012007,0,0,0
11,MMR012008,1,1,0
11,MMR012009,4,0,0
11,MMR012010,7,6,2
11,MMR012011,1,0,1
11,MMR012012,0,0,0
11,MMR012013,1,0,1
11,MMR012014,1,1,0
11,MMR012015,0,0,0
11,MMR012016,1,1,1
11,MMR012017,0,0,0
11,MMR013001,6,0,6
11,MMR013002,2,0,2
11,MMR013003,0,0,0
11,MMR013004,0,0,0
11,MMR013005,0,0,0
11,MMR013006,0,0,0
11,MMR013007,4,2,4
11,MMR013009,0,0,0
11,MMR013010,1,0,1
11,MMR013011,4,1,4
11,MMR013012,5,0,5
11,MMR013013,0,0,0
11,MMR013014,0,0,0
11,MMR013015,0,0,0
11,MMR013016,0,0,0
11,MMR013017,0,0,0
11,MMR013018,0,0,0
11,MMR013019,4,3,4
11,MMR013020,3,1,3
11,MMR013021,0,0,0
11,MMR013022,0,0,0
11,MMR013023,3,1,1
11,MMR013024,0,0,0
11,MMR013025,0,0,0
11,MMR013026,0,0,0
11,MMR013027,1,2,0
11,MMR013028,0,0,0
11,MMR013029,0,0,0
11,MMR013030,0,0,0
11,MMR013031,0,0,0
11,MMR013032,0,0,0
11,MMR013033,0,0,0
11,MMR013034,0,0,0
11,MMR013035,0,0,0
11,MMR013036,0,0,0
11,MMR013037,0,0,0
11,MMR013038,1,0,1
11,MMR013039,1,0,1
11,MMR013040,1,0,1
11,MMR013041,0,0,0
11,MMR013042,0,0,0
11,MMR013043,0,0,0
11,MMR013044,1,0,1
11,MMR013046,3,0,3
11,MMR013047,0,0,0
11,MMR014001,0,0,0
11,MMR014002,1,1,0
11,MMR014003,0,0,0
11,MMR014004,0,0,0
11,MMR014005,0,0,0
11,MMR014006,4,0,2
11,MMR014007,10,8,6
11,MMR014008,5,5,2
11,MMR014009,11,14,2
11,MMR014010,13,7,4
11,MMR014011,1,0,0
11,MMR014012,4,14,1
11,MMR014013,0,0,0
11,MMR014014,0,0,0
11,MMR014015,0,0,0
11,MMR014016,0,0,0
11,MMR014017,0,0,0
11,MMR014018,0,0,0
11,MMR014019,0,0,0
11,MMR014020,1,1,0
11,MMR014021,0,0,0
11,MMR015001,23,17,7
11,MMR015002,7,1,2
11,MMR015003,0,0,0
11,MMR015004,0,0,0
11,MMR015005,0,0,0
11,MMR015006,0,0,0
11,MMR015007,0,0,0
11,MMR015008,0,0,0
11,MMR015009,79,42,31
11,MMR015010,1,1,0
11,MMR015011,67,31,20
11,MMR015012,3,11,1
11,MMR015013,8,50,1
11,MMR015014,0,0,0
11,MMR015015,5,3,3
11,MMR015016,1,1,0
11,MMR015017,0,0,0
11,MMR015018,0,0,0
11,MMR015019,1,0,1
11,MMR015020,1,0,1
11,MMR015021,0,0,0
11,MMR015022,0,0,0
11,MMR015023,0,0,0
11,MMR015024,0,0,0
11,MMR016001,0,0,0
11,MMR016002,0,0,0
11,MMR016003,0,0,0
11,MMR016005,0,0,0
11,MMR016006,0,0,0
11,MMR016007,0,0,0
11,MMR016008,0,0,0
11,MMR016009,1,1,1
11,MMR016010,0,0,0
11,MMR016011,0,0,0
11,MMR017001,1,1,1
11,MMR017002,0,0,0
11,MMR017003,0,0,0
11,MMR017004,0,0,0
11,MMR017005,0,0,0
11,MMR017006,2,1,2
11,MMR017007,0,0,0
11,MMR017008,0,0,0
11,MMR017009,0,0,0
11,MMR017010,0,0,0
11,MMR017011,1,0,0
11,MMR017012,0,0,0
11,MMR017013,0,0,0
11,MMR017014,0,0,0
11,MMR017015,0,0,0
11,MMR017016,0,0,0
11,MMR017017,0,0,0
11,MMR017018,0,0,0
11,MMR017019,1,2,0
11,MMR017020,0,0,0
11,MMR017021,0,0,0
11,MMR017022,0,0,0
11,MMR017023,0,0,0
11,MMR017024,0,0,0
11,MMR017025,0,0,0
11,MMR017026,1,1,1
11,MMR018001,0,0,0
11,MMR018002,1,0,0
11,MMR018003,1,0,0
11,MMR018004,0,0,0
11,MMR018005,0,0,0
11,MMR018006,17,79,3
11,MMR018007,1,0,1
11,MMR018008,0,0,0
12,MMR001001,10,5,5
12,MMR001002,39,45,8
12,MMR001003,3,0,0
12,MMR001004,2,0,0
12,MMR001005,0,0,0
12,MMR001006,0,0,0
12,MMR001007,8,1,2
12,MMR001008,6,5,4
12,MMR001009,29,25,18
12,MMR001010,5,5,2
12,MMR001011,7,6,4
12,MMR001012,18,21,7
12,MMR001013,1,0,1
12,MMR001014,1,0,1
12,MMR001015,0,0,0
12,MMR001016,0,0,0
12,MMR001017,0,0,0
12,MMR001018,0,0,0
12,MMR002001,54,218,48
12,MMR002002,15,20,6
12,MMR002003,18,2,2
12,MMR002004,1,0,1
12,MMR002005,1,6,1
12,MMR002006,4,27,0
12,MMR002007,4,18,3
12,MMR003001,5,0,0
12,MMR003002,0,0,0
12,MMR003003,10,99,1
12,MMR003004,6,5,1
12,MMR003005,14,9,12
12,MMR003006,82,146,56
12,MMR003007,11,18,5
12,MMR004001,9,25,7
12,MMR004002,6,18,5
12,MMR004003,1,0,1
12,MMR004004,6,4,6
12,MMR004005,0,0,0
12,MMR004006,12,12,11
12,MMR004007,25,41,18
12,MMR004008,2,2,2
12,MMR004009,40,14,20
12,MMR005001,78,50,42
12,MMR005002,14,6,10
12,MMR005003,55,63,25
12,MMR005004,82,161,49
12,MMR005005,25,31,14
12,MMR005006,32,31,16
12,MMR005007,44,142,29
12,MMR005008,12,39,6
12,MMR005009,26,55,17
12,MMR005010,25,30,18
12,MMR005011,10,39,8
12,MMR005012,70,146,32
12,MMR005013,19,18,12
12,MMR005014,15,45,7
12,MMR005015,34,33,15
12,MMR005016,40,58,16
12,MMR005017,24,58,8
12,MMR005018,25,37,12
12,MMR005019,42,94,19
12,MMR005020,20,25,14
12,MMR005021,18,25,10
12,MMR005022,61,51,42
12,MMR005023,8,23,2
12,MMR005024,26,86,17
12,MMR005025,7,18,0
12,MMR005026,1,0,1
12,MMR005027,30,43,21
12,MMR005028,2,10,1
12,MMR005029,4,40,3
12,MMR005030,47,75,33
12,MMR005031,4,4,1
12,MMR005032,35,2,26
12,MMR005033,0,0,0
12,MMR005034,58,14,50
12,MMR005035,0,0,0
12,MMR005036,0,0,0
12,MMR005037,0,0,0
12,MMR006001,24,54,14
12,MMR006002,23,82,17
12,MMR006003,19,31,9
12,MMR006004,15,50,5
12,MMR006005,14,57,6
12,MMR006006,6,9,4
12,MMR006007,14,9,10
12,MMR006008,31,39,18
12,MMR006009,5,6,2
12,MMR006010,2,4,2
12,MMR007001,4,4,4
12,MMR007002,0,0,0
12,MMR007003,3,1,2
12,MMR007004,7,13,5
12,MMR007005,38,23,23
12,MMR007006,55,42,33
12,MMR007007,1,0,0
12,MMR007008,18,8,2
12,MMR007009,15,21,8
12,MMR007010,28,98,18
12,MMR007011,66,123,38
12,MMR007012,63,65,50
12,MMR007013,2,0,1
12,MMR007014,3,0,2
12,MMR008001,3,2,3
12,MMR008002,8,23,4
12,MMR008003,0,0,0
12,MMR008004,16,8,4
12,MMR008005,2,2,2
12,MMR008006,1,0,1
12,MMR008007,1,1,1
12,MMR008008,1,1,0
12,MMR008009,14,17,4
12,MMR008010,9,7,4
12,MMR008011,0,0,0
12,MMR008012,17,31,2
12,MMR008013,1,0,0
12,MMR008014,8,5,0
12,MMR009001,1,0,1
12,MMR009002,2,18,2
12,MMR009003,7,35,1
12,MMR009004,3,4,2
12,MMR009005,1,1,1
12,MMR009006,3,3,3
12,MMR009007,0,0,0
12,MMR009008,3,0,3
12,MMR009009,0,0,0
12,MMR009010,7,47,4
12,MMR009011,1,0,1
12,MMR009012,0,0,0
12,MMR009013,0,0,0
12,MMR009014,2,7,1
12,MMR009015,1,2,1
12,MMR009016,3,11,1
12,MMR009017,4,22,0
12,MMR009018,60,93,36
12,MMR009019,53,138,32
12,MMR009020,78,87,50
12,MMR009021,51,96,25
12,MMR009022,12,25,2
12,MMR009023,37,40,23
12,MMR009024,5,3,5
12,MMR009025,8,4,5
12,MMR010001,5,3,5
12,MMR010002,9,4,9
12,MMR010003,4,1,4
12,MMR010004,8,1,8
12,MMR010005,3,0,3
12,MMR010006,4,0,4
12,MMR010007,3,7,2
12,MMR010008,2,0,1
12,MMR010009,62,167,39
12,MMR010010,9,6,7
12,MMR010011,31,14,18
12,MMR010012,17,29,3
12,MMR010013,5,3,4
12,MMR010014,0,0,0
12,MMR010015,0,0,0
12,MMR010016,0,0,0
12,MMR010017,41,125,27
12,MMR010018,10,13,2
12,MMR010019,34,68,17
12,MMR010020,0,0,0
12,MMR010021,28,65,16
12,MMR010022,1,0,0
12,MMR010023,1,1,0
12,MMR010024,1,1,0
12,MMR010028,0,0,0
12,MMR010029,4,7,3
12,MMR010030,2,2,1
12,MMR010031,2,1,0
12,MMR011001,7,1,4
12,MMR011002,39,46,28
12,MMR011003,0,0,0
12,MMR011004,4,5,2
12,MMR011005,1,0,1
12,MMR011006,20,25,12
12,MMR011007,17,29,9
12,MMR011008,1,1,0
12,MMR011009,26,32,14
12,MMR011010,23,31,14
12,MMR012001,13,2,12
12,MMR012002,31,1,25
12,MMR012003,41,35,35
12,MMR012004,18,3,10
12,MMR012005,25,10,19
12,MMR012006,6,10,2
12,MMR012007,45,123,41
12,MMR012008,11,3,8
12,MMR012009,23,28,10
12,MMR012010,19,10,10
12,MMR012011,6,1,1
12,MMR012012,0,0,0
12,MMR012013,11,5,8
12,MMR012014,15,2,8
12,MMR012015,0,0,0
12,MMR012016,3,3,0
12,MMR012017,0,0,0
12,MMR013001,5,0,5
12,MMR013002,3,0,3
12,MMR013003,1,0,0
12,MMR013004,1,0,1
12,MMR013005,0,0,0
12,MMR013006,0,0,0
12,MMR013007,2,0,2
12,MMR013009,3,1,3
12,MMR013010,1,0,1
12,MMR013011,2,2,2
12,MMR013012,8,0,8
12,MMR013013,3,0,3
12,MMR013014,1,0,1
12,MMR013015,5,0,5
12,MMR013016,0,0,0
12,MMR013017,3,0,3
12,MMR013018,5,0,5
12,MMR013019,6,0,6
12,MMR013020,3,1,3
12,MMR013021,2,1,2
12,MMR013022,0,0,0
12,MMR013023,1,0,0
12,MMR013024,0,0,0
12,MMR013025,1,0,1
12,MMR013026,3,0,2
12,MMR013027,4,1,2
12,MMR013028,0,0,0
12,MMR013029,0,0,0
12,MMR013030,0,0,0
12,MMR013031,0,0,0
12,MMR013032,0,0,0
12,MMR013033,0,0,0
12,MMR013034,0,0,0
12,MMR013035,0,0,0
12,MMR013036,1,1,1
12,MMR013037,2,1,2
12,MMR013038,2,1,2
12,MMR013039,0,0,0
12,MMR013040,4,0,4
12,MMR013041,1,0,1
12,MMR013042,4,0,4
12,MMR013043,0,0,0
12,MMR013044,1,0,1
12,MMR013046,5,0,5
12,MMR013047,0,0,0
12,MMR014001,1,2,1
12,MMR014002,2,3,2
12,MMR014003,0,0,0
12,MMR014004,0,0,0
12,MMR014005,0,0,0
12,MMR014006,2,0,2
12,MMR014007,3,1,1
12,MMR014008,0,0,0
12,MMR014009,1,1,1
12,MMR014010,21,23,10
12,MMR014011,0,0,0
12,MMR014012,1,1,1
12,MMR014013,0,0,0
12,MMR014014,0,0,0
12,MMR014015,0,0,0
12,MMR014016,1,1,0
12,MMR014017,0,0,0
12,MMR014018,0,0,0
12,MMR014019,0,0,0
12,MMR014020,0,0,0
12,MMR014021,0,0,0
12,MMR015001,81,111,32
12,MMR015002,75,53,49
12,MMR015003,0,0,0
12,MMR015004,1,0,0
12,MMR015005,0,0,0
12,MMR015006,0,0,0
12,MMR015007,0,0,0
12,MMR015008,0,0,0
12,MMR015009,128,132,62
12,MMR015010,99,70,52
12,MMR015011,95,87,51
12,MMR015012,58,15,30
12,MMR015013,67,47,30
12,MMR015014,27,14,13
12,MMR015015,36,13,23
12,MMR015016,29,26,18
12,MMR015017,4,0,2
12,MMR015018,1,2,0
12,MMR015019,25,20,12
12,MMR015020,18,22,9
12,MMR015021,3,1,1
12,MMR015022,114,242,38
12,MMR015023,17,155,6
12,MMR015024,0,0,0
12,MMR016001,0,0,0
12,MMR016002,0,0,0
12,MMR016003,1,2,1
12,MMR016005,0,0,0
12,MMR016006,6,0,1
12,MMR016007,0,0,0
12,MMR016008,0,0,0
12,MMR016009,0,0,0
12,MMR016010,0,0,0
12,MMR016011,0,0,0
12,MMR017001,1,0,1
12,MMR017002,0,0,0
12,MMR017003,0,0,0
12,MMR017004,1,0,1
12,MMR017005,0,0,0
12,MMR017006,0,0,0
12,MMR017007,0,0,0
12,MMR017008,2,2,0
12,MMR017009,0,0,0
12,MMR017010,0,0,0
12,MMR017011,0,0,0
12,MMR017012,0,0,0
12,MMR017013,0,0,0
12,MMR017014,0,0,0
12,MMR017015,0,0,0
12,MMR017016,0,0,0
12,MMR017017,0,0,0
12,MMR017018,0,0,0
12,MMR017019,0,0,0
12,MMR017020,0,0,0
12,MMR017021,0,0,0
12,MMR017022,0,0,0
12,MMR017023,0,0,0
12,MMR017024,0,0,0
12,MMR017025,1,0,1
12,MMR017026,1,0,1
12,MMR018001,0,0,0
12,MMR018002,0,0,0
12,MMR018003,0,0,0
12,MMR018004,0,0,0
12,MMR018005,0,0,0
12,MMR018006,1,0,1
12,MMR018007,1,0,0
12,MMR018008,0,0,0
13,MMR001001,17,7,11
13,MMR001002,36,24,8
13,MMR001003,1,0,0
13,MMR001004,3,3,0
13,MMR001005,2,0,0
13,MMR001006,0,0,0
13,MMR001007,17,21,9
13,MMR001008,5,2,4
13,MMR001009,70,199,38
13,MMR001010,18,13,15
13,MMR001011,9,3,5
13,MMR001012,48,26,36
13,MMR001013,36,54,17
13,MMR001014,2,0,1
13,MMR001015,9,0,6
13,MMR001016,0,0,0
13,MMR001017,0,0,0
13,MMR001018,3,0,2
13,MMR002001,8,4,7
13,MMR002002,7,6,4
13,MMR002003,4,2,2
13,MMR002004,12,94,9
13,MMR002005,4,27,3
13,MMR002006,10,42,9
13,MMR002007,0,0,0
13,MMR003001,2,0,1
13,MMR003002,1,3,0
13,MMR003003,23,18,6
13,MMR003004,15,35,1
13,MMR003005,46,76,19
13,MMR003006,42,80,29
13,MMR003007,17,25,12
13,MMR004001,0,0,0
13,MMR004002,13,5,13
13,MMR004003,0,0,0
13,MMR004004,8,38,6
13,MMR004005,0,0,0
13,MMR004006,15,7,10
13,MMR004007,10,15,1
13,MMR004008,12,1,7
13,MMR004009,48,38,25
13,MMR005001,34,28,23
13,MMR005002,21,37,10
13,MMR005003,17,24,13
13,MMR005004,44,57,29
13,MMR005005,34,67,18
13,MMR005006,21,34,15
13,MMR005007,30,77,16
13,MMR005008,3,1,2
13,MMR005009,31,41,22
13,MMR005010,15,16,11
13,MMR005011,41,98,23
13,MMR005012,91,159,61
13,MMR005013,29,41,23
13,MMR005014,23,17,14
13,MMR005015,26,55,9
13,MMR005016,16,29,9
13,MMR005017,28,63,19
13,MMR005018,20,32,9
13,MMR005019,26,32,17
13,MMR005020,8,0,7
13,MMR005021,4,1,2
13,MMR005022,15,6,12
13,MMR005023,0,0,0
13,MMR005024,40,37,22
13,MMR005025,6,26,3
13,MMR005026,6,0,6
13,MMR005027,78,87,51
13,MMR005028,0,0,0
13,MMR005029,4,10,4
13,MMR005030,8,35,4
13,MMR005031,0,0,0
13,MMR005032,10,7,8
13,MMR005033,2,10,0
13,MMR005034,17,18,16
13,MMR005035,0,0,0
13,MMR005036,0,0,0
13,MMR005037,0,0,0
13,MMR006001,42,119,24
13,MMR006002,20,39,13
13,MMR006003,24,58,12
13,MMR006004,16,20,9
13,MMR006005,5,5,2
13,MMR006006,8,20,7
13,MMR006007,35,15,28
13,MMR006008,38,49,22
13,MMR006009,1,1,1
13,MMR006010,3,7,0
13,MMR007001,3,0,2
13,MMR007002,1,2,0
13,MMR007003,3,3,1
13,MMR007004,8,2,6
13,MMR007005,32,18,16
13,MMR007006,39,11,29
13,MMR007007,5,4,2
13,MMR007008,10,6,7
13,MMR007009,11,35,6
13,MMR007010,54,95,34
13,MMR007011,78,18,53
13,MMR007012,21,138,12
13,MMR007013,3,0,3
13,MMR007014,18,97,11
13,MMR008001,3,1,2
13,MMR008002,16,27,6
13,MMR008003,1,0,1
13,MMR008004,18,23,6
13,MMR008005,2,2,0
13,MMR008006,0,0,0
13,MMR008007,5,3,3
13,MMR008008,5,18,3
13,MMR008009,23,148,5
13,MMR008010,14,57,6
13,MMR008011,2,0,1
13,MMR008012,9,6,3
13,MMR008013,0,0,0
13,MMR008014,5,9,4
13,MMR009001,3,2,2
13,MMR009002,2,3,1
13,MMR009003,1,1,1
13,MMR009004,4,21,2
13,MMR009005,1,1,1
13,MMR009006,14,9,7
13,MMR009007,0,0,0
13,MMR009008,0,0,0
13,MMR009009,5,41,0
13,MMR009010,6,6,4
13,MMR009011,1,0,0
13,MMR009012,1,2,0
13,MMR009013,0,0,0
13,MMR009014,7,26,2
13,MMR009015,4,6,3
13,MMR009016,2,3,1
13,MMR009017,1,15,0
13,MMR009018,78,65,44
13,MMR009019,48,60,35
13,MMR009020,73,118,42
13,MMR009021,11,5,5
13,MMR009022,18,37,7
13,MMR009023,13,27,5
13,MMR009024,3,7,1
13,MMR009025,5,5,4
13,MMR010001,4,0,4
13,MMR010002,4,4,4
13,MMR010003,3,1,3
13,MMR010004,3,6,3
13,MMR010005,0,0,0
13,MMR010006,1,1,1
13,MMR010007,1,0,0
13,MMR010008,8,5,7
13,MMR010009,50,69,22
13,MMR010010,17,5,14
13,MMR010011,17,20,14
13,MMR010012,12,22,10
13,MMR010013,4,6,2
13,MMR010014,3,4,1
13,MMR010015,0,0,0
13,MMR010016,5,7,4
13,MMR010017,73,115,53
13,MMR010018,16,26,7
13,MMR010019,43,73,26
13,MMR010020,1,1,1
13,MMR010021,15,45,7
13,MMR010022,1,1,1
13,MMR010023,0,0,0
13,MMR010024,2,2,1
13,MMR010028,0,0,0
13,MMR010029,1,4,1
13,MMR010030,0,0,0
13,MMR010031,6,4,3
13,MMR011001,2,0,2
13,MMR011002,9,5,7
13,MMR011003,1,0,0
13,MMR011004,7,21,5
13,MMR011005,4,0,2
13,MMR011006,34,69,18
13,MMR011007,23,10,9
13,MMR011008,2,1,1
13,MMR011009,27,23,17
13,MMR011010,18,5,10
13,MMR012001,29,34,19
13,MMR012002,31,30,21
13,MMR012003,42,44,31
13,MMR012004,52,62,25
13,MMR012005,88,75,45
13,MMR012006,22,5,13
13,MMR012007,21,11,15
13,MMR012008,53,126,27
13,MMR012009,43,112,24
13,MMR012010,39,38,17
13,MMR012011,21,42,7
13,MMR012012,0,0,0
13,MMR012013,41,117,32
13,MMR012014,21,139,5
13,MMR012015,4,1,1
13,MMR012016,6,31,2
13,MMR012017,0,0,0
13,MMR013001,13,3,13
13,MMR013002,6,1,6
13,MMR013003,0,0,0
13,MMR013004,1,0,0
13,MMR013005,1,3,1
13,MMR013006,0,0,0
13,MMR013007,2,0,2
13,MMR013009,3,2,3
13,MMR013010,2,0,2
13,MMR013011,2,0,2
13,MMR013012,8,0,8
13,MMR013013,0,0,0
13,MMR013014,0,0,0
13,MMR013015,0,0,0
13,MMR013016,0,0,0
13,MMR013017,0,0,0
13,MMR013018,4,0,4
13,MMR013019,3,1,3
13,MMR013020,1,0,1
13,MMR013021,1,0,1
13,MMR013022,1,0,1
13,MMR013023,0,0,0
13,MMR013024,0,0,0
13,MMR013025,0,0,0
13,MMR013026,0,0,0
13,MMR013027,0,0,0
13,MMR013028,0,0,0
13,MMR013029,0,0,0
13,MMR013030,0,0,0
13,MMR013031,0,0,0
13,MMR013032,0,0,0
13,MMR013033,1,0,1
13,MMR013034,0,0,0
13,MMR013035,0,0,0
13,MMR013036,0,0,0
13,MMR013037,0,0,0
13,MMR013038,2,2,2
13,MMR013039,2,0,2
13,MMR013040,2,1,2
13,MMR013041,0,0,0
13,MMR013042,4,20,4
13,MMR013043,1,0,1
13,MMR013044,1,2,1
13,MMR013046,11,2,11
13,MMR013047,2,1,2
13,MMR014001,3,0,2
13,MMR014002,6,0,3
13,MMR014003,36,44,16
13,MMR014004,87,130,50
13,MMR014005,0,0,0
13,MMR014006,0,0,0
13,MMR014007,8,12,3
13,MMR014008,1,1,0
13,MMR014009,22,3,14
13,MMR014010,14,39,9
13,MMR014011,5,3,2
13,MMR014012,1,1,0
13,MMR014013,1,0,0
13,MMR014014,0,0,0
13,MMR014015,1,0,1
13,MMR014016,5,0,3
13,MMR014017,2,0,2
13,MMR014018,0,0,0
13,MMR014019,0,0,0
13,MMR014020,1,0,0
13,MMR014021,2,0,0
13,MMR015001,33,9,20
13,MMR015002,16,3,3
13,MMR015003,0,0,0
13,MMR015004,1,0,0
13,MMR015005,0,0,0
13,MMR015006,0,0,0
13,MMR015007,0,0,0
13,MMR015008,0,0,0
13,MMR015009,21,7,13
13,MMR015010,4,1,1
13,MMR015011,41,23,30
13,MMR015012,12,1,9
13,MMR015013,17,5,6
13,MMR015014,17,4,6
13,MMR015015,9,1,8
13,MMR015016,7,8,5
13,MMR015017,43,180,23
13,MMR015018,8,9,7
13,MMR015019,0,0,0
13,MMR015020,0,0,0
13,MMR015021,3,0,3
13,MMR015022,7,1,3
13,MMR015023,0,0,0
13,MMR015024,0,0,0
13,MMR016001,1,1,0
13,MMR016002,0,0,0
13,MMR016003,0,0,0
13,MMR016005,0,0,0
13,MMR016006,0,0,0
13,MMR016007,0,0,0
13,MMR016008,0,0,0
13,MMR016009,2,0,2
13,MMR016010,0,0,0
13,MMR016011,0,0,0
13,MMR017001,0,0,0
13,MMR017002,2,0,2
13,MMR017003,0,0,0
13,MMR017004,0,0,0
13,MMR017005,2,2,2
13,MMR017006,0,0,0
13,MMR017007,0,0,0
13,MMR017008,1,2,0
13,MMR017009,2,0,2
13,MMR017010,0,0,0
13,MMR017011,0,0,0
13,MMR017012,1,1,1
13,MMR017013,1,0,1
13,MMR017014,0,0,0
13,MMR017015,0,0,0
13,MMR017016,0,0,0
13,MMR017017,0,0,0
13,MMR017018,0,0,0
13,MMR017019,3,0,1
13,MMR017020,0,0,0
13,MMR017021,0,0,0
13,MMR017022,0,0,0
13,MMR017023,2,0,2
13,MMR017024,0,0,0
13,MMR017025,0,0,0
13,MMR017026,1,1,1
13,MMR018001,0,0,0
13,MMR018002,0,0,0
13,MMR018003,0,0,0
13,MMR018004,0,0,0
13,MMR018005,0,0,0
13,MMR018006,0,0,0
13,MMR018007,0,0,0
13,MMR018008,1,0,1
14,MMR001001,21,25,12
14,MMR001002,75,27,47
14,MMR001003,0,0,0
14,MMR001004,9,0,6
14,MMR001005,2,0,0
14,MMR001006,3,0,1
14,MMR001007,10,9,7
14,MMR001008,1,0,0
14,MMR001009,35,30,24
14,MMR001010,21,2,14
14,MMR001011,2,1,2
14,MMR001012,45,57,28
14,MMR001013,21,6,11
14,MMR001014,4,7,3
14,MMR001015,3,20,2
14,MMR001016,0,0,0
14,MMR001017,0,0,0
14,MMR001018,0,0,0
14,MMR002001,7,8,4
14,MMR002002,4,4,0
14,MMR002003,0,0,0
14,MMR002004,0,0,0
14,MMR002005,2,7,0
14,MMR002006,7,34,2
14,MMR002007,0,0,0
14,MMR003001,6,0,4
14,MMR003002,0,0,0
14,MMR003003,4,0,0
14,MMR003004,7,9,1
14,MMR003005,42,190,29
14,MMR003006,60,247,28
14,MMR003007,7,40,5
14,MMR004001,2,2,0
14,MMR004002,2,1,2
14,MMR004003,1,0,1
14,MMR004004,26,21,16
14,MMR004005,19,23,19
14,MMR004006,12,7,6
14,MMR004007,20,18,12
14,MMR004008,17,3,13
14,MMR004009,6,10,2
14,MMR005001,38,58,29
14,MMR005002,31,45,10
14,MMR005003,6,8,3
14,MMR005004,47,82,31
14,MMR005005,10,7,10
14,MMR005006,9,7,4
14,MMR005007,8,6,6
14,MMR005008,3,2,2
14,MMR005009,23,13,22
14,MMR005010,8,13,6
14,MMR005011,18,20,17
14,MMR005012,80,160,45
14,MMR005013,23,47,15
14,MMR005014,14,34,12
14,MMR005015,42,68,18
14,MMR005016,11,12,4
14,MMR005017,1,0,0
14,MMR005018,15,7,10
14,MMR005019,12,5,9
14,MMR005020,8,5,4
14,MMR005021,7,30,6
14,MMR005022,3,0,2
14,MMR005023,0,0,0
14,MMR005024,3,10,0
14,MMR005025,0,0,0
14,MMR005026,2,0,2
14,MMR005027,49,52,32
14,MMR005028,1,2,0
14,MMR005029,9,31,6
14,MMR005030,13,12,10
14,MMR005031,0,0,0
14,MMR005032,33,110,25
14,MMR005033,0,0,0
14,MMR005034,29,123,22
14,MMR005035,0,0,0
14,MMR005036,1,1,0
14,MMR005037,0,0,0
14,MMR006001,31,80,15
14,MMR006002,22,45,15
14,MMR006003,23,54,19
14,MMR006004,21,64,12
14,MMR006005,8,6,4
14,MMR006006,5,1,4
14,MMR006007,16,11,15
14,MMR006008,55,21,19
14,MMR006009,5,6,0
14,MMR006010,10,3,7
14,MMR007001,2,0,2
14,MMR007002,1,0,1
14,MMR007003,0,0,0
14,MMR007004,7,0,5
14,MMR007005,31,32,9
14,MMR007006,22,65,12
14,MMR007007,5,2,4
14,MMR007008,25,8,20
14,MMR007009,18,29,11
14,MMR007010,15,85,6
14,MMR007011,30,4,12
14,MMR007012,18,23,10
14,MMR007013,5,4,3
14,MMR007014,2,4,2
14,MMR008001,7,7,6
14,MMR008002,5,5,1
14,MMR008003,3,0,1
14,MMR008004,18,18,10
14,MMR008005,4,6,3
14,MMR008006,0,0,0
14,MMR008007,1,0,1
14,MMR008008,11,21,10
14,MMR008009,7,10,4
14,MMR008010,17,47,7
14,MMR008011,1,1,0
14,MMR008012,7,4,5
14,MMR008013,1,0,0
14,MMR008014,6,9,3
14,MMR009001,2,0,1
14,MMR009002,5,6,4
14,MMR009003,3,0,1
14,MMR009004,4,8,3
14,MMR009005,5,15,1
14,MMR009006,13,26,8
14,MMR009007,0,0,0
14,MMR009008,2,1,1
14,MMR009009,3,21,1
14,MMR009010,20,22,7
14,MMR009011,0,0,0
14,MMR009012,0,0,0
14,MMR009013,3,6,0
14,MMR009014,11,35,4
14,MMR009015,5,10,2
14,MMR009016,8,12,5
14,MMR009017,2,1,1
14,MMR009018,50,87,25
14,MMR009019,40,82,29
14,MMR009020,47,42,24
14,MMR009021,34,53,15
14,MMR009022,7,6,4
14,MMR009023,11,10,6
14,MMR009024,14,12,10
14,MMR009025,5,23,4
14,MMR010001,4,1,4
14,MMR010002,3,0,3
14,MMR010003,3,0,3
14,MMR010004,2,0,2
14,MMR010005,3,3,3
14,MMR010006,0,0,0
14,MMR010007,5,1,0
14,MMR010008,6,4,4
14,MMR010009,62,76,27
14,MMR010010,35,36,25
14,MMR010011,33,26,17
14,MMR010012,20,16,12
14,MMR010013,5,5,1
14,MMR010014,1,1,1
14,MMR010015,2,1,2
14,MMR010016,3,4,1
14,MMR010017,61,195,40
14,MMR010018,18,32,11
14,MMR010019,34,60,16
14,MMR010020,0,0,0
14,MMR010021,17,20,9
14,MMR010022,5,7,3
14,MMR010023,0,0,0
14,MMR010024,2,2,1
14,MMR010028,0,0,0
14,MMR010029,2,11,1
14,MMR010030,0,0,0
14,MMR010031,1,4,0
14,MMR011001,4,2,4
14,MMR011002,36,20,17
14,MMR011003,1,0,0
14,MMR011004,7,6,7
14,MMR011005,4,4,2
14,MMR011006,21,19,12
14,MMR011007,17,1,10
14,MMR011008,2,2,1
14,MMR011009,47,37,32
14,MMR011010,37,18,21
14,MMR012001,13,122,6
14,MMR012002,8,4,2
14,MMR012003,6,3,3
14,MMR012004,9,6,7
14,MMR012005,13,8,9
14,MMR012006,11,6,7
14,MMR012007,21,1,18
14,MMR012008,6,2,4
14,MMR012009,151,316,77
14,MMR012010,44,260,23
14,MMR012011,24,3,16
14,MMR012012,0,0,0
14,MMR012013,5,2,5
14,MMR012014,48,228,12
14,MMR012015,98,356,53
14,MMR012016,25,70,11
14,MMR012017,1,1,0
14,MMR013001,5,1,5
14,MMR013002,14,8,14
14,MMR013003,2,0,0
14,MMR013004,1,0,0
14,MMR013005,2,1,1
14,MMR013006,0,0,0
14,MMR013007,2,0,2
14,MMR013009,0,0,0
14,MMR013010,0,0,0
14,MMR013011,3,0,3
14,MMR013012,7,0,7
14,MMR013013,1,0,1
14,MMR013014,0,0,0
14,MMR013015,0,0,0
14,MMR013016,0,0,0
14,MMR013017,0,0,0
14,MMR013018,3,0,3
14,MMR013019,3,0,3
14,MMR013020,2,0,2
14,MMR013021,0,0,0
14,MMR013022,1,0,1
14,MMR013023,1,0,0
14,MMR013024,0,0,0
14,MMR013025,0,0,0
14,MMR013026,1,0,0
14,MMR013027,1,0,0
14,MMR013028,0,0,0
14,MMR013029,1,2,1
14,MMR013030,0,0,0
14,MMR013031,0,0,0
14,MMR013032,0,0,0
14,MMR013033,0,0,0
14,MMR013034,0,0,0
14,MMR013035,0,0,0
14,MMR013036,0,0,0
14,MMR013037,0,0,0
14,MMR013038,1,1,1
14,MMR013039,0,0,0
14,MMR013040,4,0,4
14,MMR013041,1,0,1
14,MMR013042,4,0,4
14,MMR013043,0,0,0
14,MMR013044,0,0,0
14,MMR013046,4,2,4
14,MMR013047,1,0,1
14,MMR014001,0,0,0
14,MMR014002,7,38,5
14,MMR014003,3,2,3
14,MMR014004,58,71,29
14,MMR014005,0,0,0
14,MMR014006,1,2,1
14,MMR014007,7,8,2
14,MMR014008,15,2,4
14,MMR014009,21,13,10
14,MMR014010,22,15,13
14,MMR014011,1,1,1
14,MMR014012,0,0,0
14,MMR014013,0,0,0
14,MMR014014,0,0,0
14,MMR014015,1,1,1
14,MMR014016,3,0,0
14,MMR014017,0,0,0
14,MMR014018,0,0,0
14,MMR014019,0,0,0
14,MMR014020,0,0,0
14,MMR014021,0,0,0
14,MMR015001,10,5,5
14,MMR015002,6,3,5
14,MMR015003,0,0,0
14,MMR015004,0,0,0
14,MMR015005,0,0,0
14,MMR015006,0,0,0
14,MMR015007,0,0,0
14,MMR015008,0,0,0
14,MMR015009,10,1,6
14,MMR015010,4,0,2
14,MMR015011,10,5,7
14,MMR015012,23,29,16
14,MMR015013,58,59,37
14,MMR015014,6,0,4
14,MMR015015,3,0,1
14,MMR015016,2,0,2
14,MMR015017,32,11,22
14,MMR015018,6,7,3
14,MMR015019,5,3,2
14,MMR015020,0,0,0
14,MMR015021,0,0,0
14,MMR015022,0,0,0
14,MMR015023,0,0,0
14,MMR015024,0,0,0
14,MMR016001,0,0,0
14,MMR016002,0,0,0
14,MMR016003,0,0,0
14,MMR016005,0,0,0
14,MMR016006,0,0,0
14,MMR016007,0,0,0
14,MMR016008,0,0,0
14,MMR016009,0,0,0
14,MMR016010,0,0,0
14,MMR016011,0,0,0
14,MMR017001,0,0,0
14,MMR017002,0,0,0
14,MMR017003,2,1,2
14,MMR017004,1,1,1
14,MMR017005,1,1,0
14,MMR017006,2,1,1
14,MMR017007,0,0,0
14,MMR017008,1,0,1
14,MMR017009,0,0,0
14,MMR017010,0,0,0
14,MMR017011,0,0,0
14,MMR017012,2,2,1
14,MMR017013,0,0,0
14,MMR017014,0,0,0
14,MMR017015,0,0,0
14,MMR017016,2,0,2
14,MMR017017,1,1,0
14,MMR017018,0,0,0
14,MMR017019,0,0,0
14,MMR017020,0,0,0
14,MMR017021,1,0,1
14,MMR017022,1,0,1
14,MMR017023,2,0,1
14,MMR017024,0,0,0
14,MMR017025,0,0,0
14,MMR017026,0,0,0
14,MMR018001,0,0,0
14,MMR018002,2,4,0
14,MMR018003,2,0,2
14,MMR018004,0,0,0
14,MMR018005,0,0,0
14,MMR018006,0,0,0
14,MMR018007,2,27,2
14,MMR018008,0,0,0
15,MMR001001,6,0,5
15,MMR001002,13,3,9
15,MMR001003,0,0,0
15,MMR001004,0,0,0
15,MMR001005,7,9,3
15,MMR001006,3,0,2
15,MMR001007,0,0,0
15,MMR001008,0,0,0
15,MMR001009,47,39,14
15,MMR001010,24,5,12
15,MMR001011,3,3,0
15,MMR001012,21,200,8
15,MMR001013,2,0,1
15,MMR001014,0,0,0
15,MMR001015,0,0,0
15,MMR001016,0,0,0
15,MMR001017,0,0,0
15,MMR001018,0,0,0
15,MMR002001,17,31,15
15,MMR002002,5,2,5
15,MMR002003,0,0,0
15,MMR002004,0,0,0
15,MMR002005,2,8,0
15,MMR002006,1,0,1
15,MMR002007,0,0,0
15,MMR003001,3,2,2
15,MMR003002,0,0,0
15,MMR003003,6,31,4
15,MMR003004,5,34,3
15,MMR003005,12,1,3
15,MMR003006,20,4,11
15,MMR003007,21,17,15
15,MMR004001,5,0,2
15,MMR004002,8,30,2
15,MMR004003,11,7,11
15,MMR004004,3,0,3
15,MMR004005,0,0,0
15,MMR004006,29,7,15
15,MMR004007,9,4,5
15,MMR004008,2,3,2
15,MMR004009,7,1,6
15,MMR005001,31,52,18
15,MMR005002,40,69,18
15,MMR005003,14,26,4
15,MMR005004,50,54,38
15,MMR005005,28,27,25
15,MMR005006,5,7,4
15,MMR005007,35,37,23
15,MMR005008,0,0,0
15,MMR005009,24,8,15
15,MMR005010,16,19,13
15,MMR005011,1,0,1
15,MMR005012,44,64,27
15,MMR005013,16,46,13
15,MMR005014,10,21,1
15,MMR005015,29,67,15
15,MMR005016,11,32,6
15,MMR005017,7,0,2
15,MMR005018,20,23,13
15,MMR005019,4,2,2
15,MMR005020,6,2,2
15,MMR005021,13,6,12
15,MMR005022,19,18,15
15,MMR005023,0,0,0
15,MMR005024,6,8,3
15,MMR005025,0,0,0
15,MMR005026,11,16,11
15,MMR005027,13,9,5
15,MMR005028,0,0,0
15,MMR005029,8,12,6
15,MMR005030,0,0,0
15,MMR005031,0,0,0
15,MMR005032,1,3,0
15,MMR005033,0,0,0
15,MMR005034,2,19,2
15,MMR005035,0,0,0
15,MMR005036,0,0,0
15,MMR005037,0,0,0
15,MMR006001,20,97,13
15,MMR006002,34,94,21
15,MMR006003,3,9,1
15,MMR006004,11,24,5
15,MMR006005,6,11,3
15,MMR006006,19,51,4
15,MMR006007,34,24,19
15,MMR006008,85,99,50
15,MMR006009,5,5,3
15,MMR006010,4,7,2
15,MMR007001,2,4,1
15,MMR007002,0,0,0
15,MMR007003,0,0,0
15,MMR007004,1,1,1
15,MMR007005,14,7,6
15,MMR007006,32,4,18
15,MMR007007,3,1,2
15,MMR007008,18,6,6
15,MMR007009,19,56,12
15,MMR007010,5,9,4
15,MMR007011,29,2,7
15,MMR007012,46,43,36
15,MMR007013,2,5,2
15,MMR007014,13,9,6
15,MMR008001,4,58,1
15,MMR008002,10,16,5
15,MMR008003,2,8,0
15,MMR008004,13,22,7
15,MMR008005,2,1,1
15,MMR008006,0,0,0
15,MMR008007,2,0,2
15,MMR008008,13,56,8
15,MMR008009,12,21,7
15,MMR008010,17,8,10
15,MMR008011,1,0,0
15,MMR008012,7,8,6
15,MMR008013,0,0,0
15,MMR008014,10,18,5
15,MMR009001,2,3,0
15,MMR009002,5,5,4
15,MMR009003,7,16,5
15,MMR009004,1,1,1
15,MMR009005,2,3,2
15,MMR009006,6,10,3
15,MMR009007,0,0,0
15,MMR009008,6,19,1
15,MMR009009,7,26,2
15,MMR009010,24,30,15
15,MMR009011,2,1,2
15,MMR009012,3,1,2
15,MMR009013,2,8,0
15,MMR009014,8,11,4
15,MMR009015,1,1,1
15,MMR009016,3,2,3
15,MMR009017,2,3,1
15,MMR009018,43,100,35
15,MMR009019,45,70,27
15,MMR009020,60,74,39
15,MMR009021,13,7,9
15,MMR009022,10,23,3
15,MMR009023,18,28,7
15,MMR009024,13,7,6
15,MMR009025,3,4,2
15,MMR010001,5,15,5
15,MMR010002,3,0,2
15,MMR010003,4,2,4
15,MMR010004,1,1,1
15,MMR010005,3,1,3
15,MMR010006,0,0,0
15,MMR010007,19,18,7
15,MMR010008,5,0,2
15,MMR010009,66,67,37
15,MMR010010,60,139,48
15,MMR010011,39,61,21
15,MMR010012,50,149,27
15,MMR010013,5,3,3
15,MMR010014,0,0,0
15,MMR010015,10,13,8
15,MMR010016,9,7,5
15,MMR010017,57,118,35
15,MMR010018,39,60,16
15,MMR010019,30,56,24
15,MMR010020,8,15,5
15,MMR010021,21,87,13
15,MMR010022,3,7,2
15,MMR010023,1,2,0
15,MMR010024,2,20,0
15,MMR010028,2,8,1
15,MMR010029,2,5,2
15,MMR010030,0,0,0
15,MMR010031,8,0,7
15,MMR011001,0,0,0
15,MMR011002,7,32,5
15,MMR011003,0,0,0
15,MMR011004,25,36,8
15,MMR011005,3,4,3
15,MMR011006,25,21,14
15,MMR011007,12,6,6
15,MMR011008,1,0,0
15,MMR011009,22,46,12
15,MMR011010,12,13,7
15,MMR012001,26,33,16
15,MMR012002,17,6,13
15,MMR012003,4,6,3
15,MMR012004,0,0,0
15,MMR012005,3,1,2
15,MMR012006,2,2,1
15,MMR012007,10,17,7
15,MMR012008,2,2,1
15,MMR012009,120,837,53
15,MMR012010,1,7,0
15,MMR012011,11,4,4
15,MMR012012,0,0,0
15,MMR012013,0,0,0
15,MMR012014,18,69,7
15,MMR012015,78,846,57
15,MMR012016,24,16,12
15,MMR012017,53,53,27
15,MMR013001,8,1,8
15,MMR013002,2,0,2
15,MMR013003,4,0,0
15,MMR013004,1,0,0
15,MMR013005,0,0,0
15,MMR013006,0,0,0
15,MMR013007,3,0,3
15,MMR013009,1,0,1
15,MMR013010,0,0,0
15,MMR013011,0,0,0
15,MMR013012,5,1,5
15,MMR013013,0,0,0
15,MMR013014,0,0,0
15,MMR013015,2,3,2
15,MMR013016,0,0,0
15,MMR013017,0,0,0
15,MMR013018,4,2,4
15,MMR013019,3,0,3
15,MMR013020,0,0,0
15,MMR013021,0,0,0
15,MMR013022,0,0,0
15,MMR013023,0,0,0
15,MMR013024,0,0,0
15,MMR013025,0,0,0
15,MMR013026,0,0,0
15,MMR013027,0,0,0
15,MMR013028,0,0,0
15,MMR013029,0,0,0
15,MMR013030,0,0,0
15,MMR013031,0,0,0
15,MMR013032,0,0,0
15,MMR013033,0,0,0
15,MMR013034,0,0,0
15,MMR013035,0,0,0
15,MMR013036,1,0,1
15,MMR013037,0,0,0
15,MMR013038,1,3,1
15,MMR013039,1,1,1
15,MMR013040,2,2,2
15,MMR013041,0,0,0
15,MMR013042,2,0,2
15,MMR013043,0,0,0
15,MMR013044,2,0,2
15,MMR013046,2,0,2
15,MMR013047,1,0,1
15,MMR014001,1,0,1
15,MMR014002,18,20,7
15,MMR014003,1,0,1
15,MMR014004,14,31,5
15,MMR014005,0,0,0
15,MMR014006,0,0,0
15,MMR014007,4,17,1
15,MMR014008,12,13,5
15,MMR014009,12,8,3
15,MMR014010,6,12,2
15,MMR014011,1,0,0
15,MMR014012,1,1,0
15,MMR014013,1,0,0
15,MMR014014,1,1,0
15,MMR014015,1,1,1
15,MMR014016,0,0,0
15,MMR014017,0,0,0
15,MMR014018,0,0,0
15,MMR014019,0,0,0
15,MMR014020,2,0,0
15,MMR014021,0,0,0
15,MMR015001,115,274,75
15,MMR015002,13,11,12
15,MMR015003,16,6,11
15,MMR015004,6,1,3
15,MMR015005,1,1,1
15,MMR015006,0,0,0
15,MMR015007,0,0,0
15,MMR015008,0,0,0
15,MMR015009,5,2,4
15,MMR015010,4,11,3
15,MMR015011,5,7,2
15,MMR015012,53,303,41
15,MMR015013,127,27,95
15,MMR015014,80,55,58
15,MMR015015,4,0,4
15,MMR015016,2,1,2
15,MMR015017,51,8,34
15,MMR015018,0,0,0
15,MMR015019,3,0,3
15,MMR015020,0,0,0
15,MMR015021,0,0,0
15,MMR015022,7,13,6
15,MMR015023,0,0,0
15,MMR015024,0,0,0
15,MMR016001,0,0,0
15,MMR016002,0,0,0
15,MMR016003,0,0,0
15,MMR016005,0,0,0
15,MMR016006,0,0,0
15,MMR016007,1,5,1
15,MMR016008,1,0,1
15,MMR016009,0,0,0
15,MMR016010,0,0,0
15,MMR016011,0,0,0
15,MMR017001,1,0,1
15,MMR017002,0,0,0
15,MMR017003,1,0,0
15,MMR017004,0,0,0
15,MMR017005,3,0,2
15,MMR017006,0,0,0
15,MMR017007,0,0,0
15,MMR017008,0,0,0
15,MMR017009,0,0,0
15,MMR017010,0,0,0
15,MMR017011,0,0,0
15,MMR017012,0,0,0
15,MMR017013,0,0,0
15,MMR017014,0,0,0
15,MMR017015,0,0,0
15,MMR017016,1,0,1
15,MMR017017,0,0,0
15,MMR017018,1,1,1
15,MMR017019,7,1,5
15,MMR017020,1,1,0
15,MMR017021,1,0,1
15,MMR017022,0,0,0
15,MMR017023,0,0,0
15,MMR017024,0,0,0
15,MMR017025,0,0,0
15,MMR017026,0,0,0
15,MMR018001,0,0,0
15,MMR018002,1,0,0
15,MMR018003,2,3,0
15,MMR018004,0,0,0
15,MMR018005,0,0,0
15,MMR018006,0,0,0
15,MMR018007,2,34,1
15,MMR018008,0,0,0
16,MMR001001,3,0,3
16,MMR001002,18,10,9
16,MMR001003,0,0,0
16,MMR001004,0,0,0
16,MMR001005,24,7,10
16,MMR001006,5,3,2
16,MMR001007,2,10,2
16,MMR001008,0,0,0
16,MMR001009,9,26,2
16,MMR001010,33,16,18
16,MMR001011,0,0,0
16,MMR001012,8,9,1
16,MMR001013,10,1,1
16,MMR001014,0,0,0
16,MMR001015,0,0,0
16,MMR001016,0,0,0
16,MMR001017,0,0,0
16,MMR001018,2,0,2
16,MMR002001,18,38,4
16,MMR002002,1,0,0
16,MMR002003,0,0,0
16,MMR002004,2,0,0
16,MMR002005,3,0,1
16,MMR002006,7,3,3
16,MMR002007,0,0,0
16,MMR003001,6,14,2
16,MMR003002,5,33,0
16,MMR003003,50,81,23
16,MMR003004,7,16,3
16,MMR003005,13,15,8
16,MMR003006,46,9,25
16,MMR003007,26,30,13
16,MMR004001,22,9,19
16,MMR004002,24,81,5
16,MMR004003,23,24,16
16,MMR004004,1,0,1
16,MMR004005,0,0,0
16,MMR004006,37,1,34
16,MMR004007,0,0,0
16,MMR004008,1,0,0
16,MMR004009,2,1,2
16,MMR005001,33,53,23
16,MMR005002,19,20,5
16,MMR005003,6,7,3
16,MMR005004,23,28,13
16,MMR005005,14,8,12
16,MMR005006,8,9,6
16,MMR005007,31,41,23
16,MMR005008,16,7,13
16,MMR005009,33,29,26
16,MMR005010,6,1,5
16,MMR005011,11,4,10
16,MMR005012,48,53,20
16,MMR005013,64,58,38
16,MMR005014,3,0,3
16,MMR005015,33,42,9
16,MMR005016,7,2,4
16,MMR005017,11,8,8
16,MMR005018,6,7,4
16,MMR005019,19,22,17
16,MMR005020,2,0,1
16,MMR005021,8,0,7
16,MMR005022,0,0,0
16,MMR005023,2,1,2
16,MMR005024,6,8,3
16,MMR005025,0,0,0
16,MMR005026,2,70,2
16,MMR005027,30,25,24
16,MMR005028,9,13,2
16,MMR005029,1,0,0
16,MMR005030,4,9,2
16,MMR005031,0,0,0
16,MMR005032,1,1,0
16,MMR005033,2,22,0
16,MMR005034,22,3,7
16,MMR005035,0,0,0
16,MMR005036,0,0,0
16,MMR005037,0,0,0
16,MMR006001,22,60,12
16,MMR006002,36,81,19
16,MMR006003,12,32,6
16,MMR006004,6,35,5
16,MMR006005,8,4,7
16,MMR006006,2,2,2
16,MMR006007,15,3,8
16,MMR006008,45,28,26
16,MMR006009,13,21,5
16,MMR006010,1,0,0
16,MMR007001,0,0,0
16,MMR007002,0,0,0
16,MMR007003,0,0,0
16,MMR007004,1,5,1
16,MMR007005,27,10,11
16,MMR007006,35,7,27
16,MMR007007,1,1,1
16,MMR007008,29,11,17
16,MMR007009,16,31,12
16,MMR007010,26,67,13
16,MMR007011,120,50,63
16,MMR007012,29,35,21
16,MMR007013,7,70,4
16,MMR007014,2,1,0
16,MMR008001,5,0,2
16,MMR008002,6,4,3
16,MMR008003,6,0,6
16,MMR008004,9,6,6
16,MMR008005,5,4,5
16,MMR008006,4,1,4
16,MMR008007,7,0,5
16,MMR008008,6,21,4
16,MMR008009,12,46,5
16,MMR008010,29,41,14
16,MMR008011,7,8,3
16,MMR008012,13,13,3
16,MMR008013,3,0,3
16,MMR008014,24,56,11
16,MMR009001,1,0,1
16,MMR009002,11,51,3
16,MMR009003,10,26,2
16,MMR009004,2,4,1
16,MMR009005,4,5,1
16,MMR009006,14,28,7
16,MMR009007,6,15,1
16,MMR009008,19,11,9
16,MMR009009,13,57,4
16,MMR009010,26,56,18
16,MMR009011,3,3,1
16,MMR009012,1,0,1
16,MMR009013,5,11,0
16,MMR009014,10,39,6
16,MMR009015,5,7,1
16,MMR009016,10,7,5
16,MMR009017,0,0,0
16,MMR009018,35,58,25
16,MMR009019,36,44,26
16,MMR009020,27,28,12
16,MMR009021,35,41,24
16,MMR009022,13,21,4
16,MMR009023,30,9,19
16,MMR009024,13,22,5
16,MMR009025,20,10,15
16,MMR010001,1,0,1
16,MMR010002,1,0,1
16,MMR010003,3,0,3
16,MMR010004,2,0,2
16,MMR010005,5,1,5
16,MMR010006,2,1,2
16,MMR010007,3,3,2
16,MMR010008,0,0,0
16,MMR010009,89,79,55
16,MMR010010,0,0,0
16,MMR010011,3,29,3
16,MMR010012,23,6,13
16,MMR010013,2,1,2
16,MMR010014,1,0,0
16,MMR010015,1,0,1
16,MMR010016,4,0,1
16,MMR010017,59,122,42
16,MMR010018,21,39,9
16,MMR010019,40,52,28
16,MMR010020,3,4,2
16,MMR010021,24,34,9
16,MMR010022,11,5,8
16,MMR010023,2,15,0
16,MMR010024,3,0,1
16,MMR010028,3,0,3
16,MMR010029,3,3,1
16,MMR010030,0,0,0
16,MMR010031,11,5,10
16,MMR011001,2,0,2
16,MMR011002,2,0,2
16,MMR011003,0,0,0
16,MMR011004,7,6,2
16,MMR011005,3,8,3
16,MMR011006,20,31,9
16,MMR011007,6,3,3
16,MMR011008,4,0,3
16,MMR011009,20,19,7
16,MMR011010,6,8,1
16,MMR012001,14,1,6
16,MMR012002,12,6,7
16,MMR012003,0,0,0
16,MMR012004,4,5,3
16,MMR012005,0,0,0
16,MMR012006,2,0,0
16,MMR012007,15,1,11
16,MMR012008,1,0,0
16,MMR012009,68,17,17
16,MMR012010,8,8,2
16,MMR012011,9,1,4
16,MMR012012,1,0,0
16,MMR012013,1,2,1
16,MMR012014,106,190,64
16,MMR012015,14,5,13
16,MMR012016,66,45,53
16,MMR012017,136,208,84
16,MMR013001,6,1,6
16,MMR013002,11,0,11
16,MMR013003,5,15,1
16,MMR013004,0,0,0
16,MMR013005,0,0,0
16,MMR013006,0,0,0
16,MMR013007,7,0,7
16,MMR013009,1,0,1
16,MMR013010,1,0,1
16,MMR013011,1,0,1
16,MMR013012,8,0,8
16,MMR013013,3,0,3
16,MMR013014,0,0,0
16,MMR013015,3,1,3
16,MMR013016,0,0,0
16,MMR013017,0,0,0
16,MMR013018,2,0,2
16,MMR013019,1,0,1
16,MMR013020,0,0,0
16,MMR013021,1,0,1
16,MMR013022,0,0,0
16,MMR013023,0,0,0
16,MMR013024,0,0,0
16,MMR013025,0,0,0
16,MMR013026,0,0,0
16,MMR013027,0,0,0
16,MMR013028,1,0,1
16,MMR013029,0,0,0
16,MMR013030,1,0,1
16,MMR013031,0,0,0
16,MMR013032,0,0,0
16,MMR013033,0,0,0
16,MMR013034,0,0,0
16,MMR013035,0,0,0
16,MMR013036,0,0,0
16,MMR013037,0,0,0
16,MMR013038,0,0,0
16,MMR013039,2,1,2
16,MMR013040,0,0,0
16,MMR013041,0,0,0
16,MMR013042,2,0,2
16,MMR013043,1,0,1
16,MMR013044,1,0,1
16,MMR013046,5,2,5
16,MMR013047,2,1,2
16,MMR014001,4,2,4
16,MMR014002,5,8,4
16,MMR014003,2,1,1
16,MMR014004,4,6,1
16,MMR014005,0,0,0
16,MMR014006,1,3,0
16,MMR014007,9,14,5
16,MMR014008,22,51,7
16,MMR014009,19,4,11
16,MMR014010,34,21,18
16,MMR014011,1,0,1
16,MMR014012,1,0,0
16,MMR014013,0,0,0
16,MMR014014,0,0,0
16,MMR014015,0,0,0
16,MMR014016,6,1,2
16,MMR014017,0,0,0
16,MMR014018,0,0,0
16,MMR014019,3,0,2
16,MMR014020,13,31,2
16,MMR014021,0,0,0
16,MMR015001,21,12,20
16,MMR015002,5,5,5
16,MMR015003,4,2,1
16,MMR015004,1,1,1
16,MMR015005,0,0,0
16,MMR015006,0,0,0
16,MMR015007,0,0,0
16,MMR015008,0,0,0
16,MMR015009,9,2,7
16,MMR015010,3,0,2
16,MMR015011,10,7,6
16,MMR015012,5,14,2
16,MMR015013,108,63,97
16,MMR015014,22,4,20
16,MMR015015,4,1,4
16,MMR015016,6,2,4
16,MMR015017,1,0,1
16,MMR015018,0,0,0
16,MMR015019,2,0,1
16,MMR015020,2,0,2
16,MMR015021,0,0,0
16,MMR015022,4,6,3
16,MMR015023,0,0,0
16,MMR015024,0,0,0
16,MMR016001,0,0,0
16,MMR016002,0,0,0
16,MMR016003,0,0,0
16,MMR016005,0,0,0
16,MMR016006,1,1,0
16,MMR016007,0,0,0
16,MMR016008,0,0,0
16,MMR016009,0,0,0
16,MMR016010,0,0,0
16,MMR016011,0,0,0
16,MMR017001,3,0,3
16,MMR017002,0,0,0
16,MMR017003,0,0,0
16,MMR017004,1,0,1
16,MMR017005,4,0,1
16,MMR017006,3,0,1
16,MMR017007,0,0,0
16,MMR017008,2,8,1
16,MMR017009,0,0,0
16,MMR017010,1,0,0
16,MMR017011,1,0,1
16,MMR017012,2,1,0
16,MMR017013,0,0,0
16,MMR017014,1,0,1
16,MMR017015,1,0,0
16,MMR017016,0,0,0
16,MMR017017,2,1,1
16,MMR017018,3,0,3
16,MMR017019,2,0,1
16,MMR017020,1,0,1
16,MMR017021,3,0,3
16,MMR017022,0,0,0
16,MMR017023,2,0,0
16,MMR017024,3,0,0
16,MMR017025,0,0,0
16,MMR017026,0,0,0
16,MMR018001,0,0,0
16,MMR018002,1,6,0
16,MMR018003,3,0,1
16,MMR018004,5,0,2
16,MMR018005,1,0,0
16,MMR018006,10,9,5
16,MMR018007,2,0,2
16,MMR018008,2,2,0
17,MMR001001,6,0,3
17,MMR001002,15,2,2
17,MMR001003,0,0,0
17,MMR001004,1,15,0
17,MMR001005,0,0,0
17,MMR001006,2,0,0
17,MMR001007,2,37,1
17,MMR001008,1,0,1
17,MMR001009,24,20,10
17,MMR001010,56,18,52
17,MMR001011,0,0,0
17,MMR001012,4,7,3
17,MMR001013,4,2,1
17,MMR001014,1,1,0
17,MMR001015,1,0,0
17,MMR001016,0,0,0
17,MMR001017,0,0,0
17,MMR001018,0,0,0
17,MMR002001,13,14,6
17,MMR002002,14,3,3
17,MMR002003,2,0,1
17,MMR002004,3,0,0
17,MMR002005,12,33,5
17,MMR002006,1,2,0
17,MMR002007,0,0,0
17,MMR003001,19,1,12
17,MMR003002,22,10,5
17,MMR003003,26,15,16
17,MMR003004,8,44,1
17,MMR003005,7,2,2
17,MMR003006,64,72,23
17,MMR003007,18,24,9
17,MMR004001,19,14,17
17,MMR004002,1,0,1
17,MMR004003,0,0,0
17,MMR004004,6,3,5
17,MMR004005,0,0,0
17,MMR004006,0,0,0
17,MMR004007,2,4,2
17,MMR004008,1,0,0
17,MMR004009,5,0,4
17,MMR005001,32,45,19
17,MMR005002,9,8,4
17,MMR005003,11,11,9
17,MMR005004,31,63,21
17,MMR005005,1,0,1
17,MMR005006,12,29,9
17,MMR005007,38,68,24
17,MMR005008,2,1,1
17,MMR005009,19,10,15
17,MMR005010,7,2,6
17,MMR005011,8,67,5
17,MMR005012,56,79,23
17,MMR005013,11,10,8
17,MMR005014,15,43,6
17,MMR005015,58,135,22
17,MMR005016,8,0,6
17,MMR005017,19,12,13
17,MMR005018,19,11,16
17,MMR005019,3,2,1
17,MMR005020,5,35,0
17,MMR005021,16,12,14
17,MMR005022,2,1,2
17,MMR005023,5,0,4
17,MMR005024,2,1,0
17,MMR005025,0,0,0
17,MMR005026,0,0,0
17,MMR005027,63,76,47
17,MMR005028,1,0,1
17,MMR005029,6,11,2
17,MMR005030,25,14,21
17,MMR005031,0,0,0
17,MMR005032,3,1,2
17,MMR005033,0,0,0
17,MMR005034,6,0,5
17,MMR005035,1,0,1
17,MMR005036,0,0,0
17,MMR005037,0,0,0
17,MMR006001,20,65,8
17,MMR006002,19,41,12
17,MMR006003,17,45,11
17,MMR006004,9,6,5
17,MMR006005,7,8,1
17,MMR006006,3,2,1
17,MMR006007,24,32,17
17,MMR006008,71,72,31
17,MMR006009,2,2,0
17,MMR006010,6,25,1
17,MMR007001,4,2,3
17,MMR007002,0,0,0
17,MMR007003,0,0,0
17,MMR007004,3,3,1
17,MMR007005,14,6,9
17,MMR007006,31,32,23
17,MMR007007,0,0,0
17,MMR007008,14,7,5
17,MMR007009,9,15,4
17,MMR007010,19,16,10
17,MMR007011,55,29,17
17,MMR007012,14,18,9
17,MMR007013,15,31,9
17,MMR007014,7,13,4
17,MMR008001,8,7,7
17,MMR008002,22,28,12
17,MMR008003,36,17,12
17,MMR008004,7,3,2
17,MMR008005,3,8,1
17,MMR008006,1,0,1
17,MMR008007,9,1,5
17,MMR008008,9,3,5
17,MMR008009,27,25,12
17,MMR008010,32,28,20
17,MMR008011,5,6,3
17,MMR008012,22,42,14
17,MMR008013,7,1,6
17,MMR008014,23,14,10
17,MMR009001,1,1,1
17,MMR009002,1,0,0
17,MMR009003,17,24,9
17,MMR009004,6,8,4
17,MMR009005,4,9,1
17,MMR009006,10,17,3
17,MMR009007,8,0,8
17,MMR009008,25,69,17
17,MMR009009,59,317,9
17,MMR009010,58,104,29
17,MMR009011,3,12,2
17,MMR009012,1,3,0
17,MMR009013,4,32,0
17,MMR009014,9,45,4
17,MMR009015,0,0,0
17,MMR009016,3,4,2
17,MMR009017,4,15,1
17,MMR009018,22,27,17
17,MMR009019,30,80,13
17,MMR009020,49,66,29
17,MMR009021,25,30,13
17,MMR009022,14,30,3
17,MMR009023,19,22,10
17,MMR009024,4,4,3
17,MMR009025,5,0,1
17,MMR010001,2,0,2
17,MMR010002,0,0,0
17,MMR010003,1,0,1
17,MMR010004,1,2,1
17,MMR010005,2,2,2
17,MMR010006,2,1,2
17,MMR010007,8,2,5
17,MMR010008,1,0,1
17,MMR010009,43,15,15
17,MMR010010,11,33,9
17,MMR010011,3,15,2
17,MMR010012,15,2,10
17,MMR010013,1,1,0
17,MMR010014,1,1,1
17,MMR010015,1,4,0
17,MMR010016,3,16,1
17,MMR010017,45,112,27
17,MMR010018,50,64,25
17,MMR010019,20,122,11
17,MMR010020,9,3,5
17,MMR010021,31,113,10
17,MMR010022,18,88,10
17,MMR010023,2,1,1
17,MMR010024,1,0,0
17,MMR010028,5,3,3
17,MMR010029,9,8,7
17,MMR010030,0,0,0
17,MMR010031,18,2,17
17,MMR011001,0,0,0
17,MMR011002,11,14,10
17,MMR011003,0,0,0
17,MMR011004,1,0,0
17,MMR011005,4,2,2
17,MMR011006,26,120,13
17,MMR011007,7,2,1
17,MMR011008,1,1,1
17,MMR011009,43,17,30
17,MMR011010,36,48,11
17,MMR012001,63,52,47
17,MMR012002,13,10,11
17,MMR012003,5,30,2
17,MMR012004,4,4,3
17,MMR012005,4,1,4
17,MMR012006,1,1,1
17,MMR012007,19,8,17
17,MMR012008,6,1,4
17,MMR012009,31,71,7
17,MMR012010,0,0,0
17,MMR012011,83,13,53
17,MMR012012,0,0,0
17,MMR012013,2,41,2
17,MMR012014,11,25,5
17,MMR012015,3,0,1
17,MMR012016,17,7,6
17,MMR012017,15,7,8
17,MMR013001,1,0,1
17,MMR013002,3,0,3
17,MMR013003,5,0,2
17,MMR013004,0,0,0
17,MMR013005,0,0,0
17,MMR013006,0,0,0
17,MMR013007,4,0,4
17,MMR013009,2,0,2
17,MMR013010,0,0,0
17,MMR013011,0,0,0
17,MMR013012,3,0,3
17,MMR013013,0,0,0
17,MMR013014,1,2,1
17,MMR013015,0,0,0
17,MMR013016,1,0,1
17,MMR013017,0,0,0
17,MMR013018,2,0,2
17,MMR013019,4,0,4
17,MMR013020,1,0,1
17,MMR013021,0,0,0
17,MMR013022,0,0,0
17,MMR013023,1,0,0
17,MMR013024,0,0,0
17,MMR013025,0,0,0
17,MMR013026,1,2,1
17,MMR013027,0,0,0
17,MMR013028,0,0,0
17,MMR013029,0,0,0
17,MMR013030,0,0,0
17,MMR013031,0,0,0
17,MMR013032,0,0,0
17,MMR013033,0,0,0
17,MMR013034,0,0,0
17,MMR013035,0,0,0
17,MMR013036,0,0,0
17,MMR013037,0,0,0
17,MMR013038,1,1,1
17,MMR013039,0,0,0
17,MMR013040,2,0,2
17,MMR013041,2,0,2
17,MMR013042,1,0,1
17,MMR013043,0,0,0
17,MMR013044,1,0,1
17,MMR013046,5,0,5
17,MMR013047,1,0,1
17,MMR014001,2,0,1
17,MMR014002,23,27,11
17,MMR014003,1,2,1
17,MMR014004,17,173,3
17,MMR014005,1,0,1
17,MMR014006,0,0,0
17,MMR014007,0,0,0
17,MMR014008,17,63,7
17,MMR014009,2,4,1
17,MMR014010,55,44,25
17,MMR014011,1,2,1
17,MMR014012,0,0,0
17,MMR014013,1,0,0
17,MMR014014,0,0,0
17,MMR014015,1,0,0
17,MMR014016,5,1,1
17,MMR014017,0,0,0
17,MMR014018,0,0,0
17,MMR014019,0,0,0
17,MMR014020,0,0,0
17,MMR014021,0,0,0
17,MMR015001,3,0,2
17,MMR015002,3,3,2
17,MMR015003,1,10,0
17,MMR015004,0,0,0
17,MMR015005,0,0,0
17,MMR015006,0,0,0
17,MMR015007,0,0,0
17,MMR015008,0,0,0
17,MMR015009,6,3,5
17,MMR015010,4,0,3
17,MMR015011,7,3,2
17,MMR015012,8,5,6
17,MMR015013,63,47,47
17,MMR015014,10,7,9
17,MMR015015,1,0,1
17,MMR015016,3,0,0
17,MMR015017,3,3,2
17,MMR015018,0,0,0
17,MMR015019,7,0,5
17,MMR015020,1,0,1
17,MMR015021,0,0,0
17,MMR015022,0,0,0
17,MMR015023,0,0,0
17,MMR015024,0,0,0
17,MMR016001,0,0,0
17,MMR016002,0,0,0
17,MMR016003,0,0,0
17,MMR016005,0,0,0
17,MMR016006,0,0,0
17,MMR016007,0,0,0
17,MMR016008,0,0,0
17,MMR016009,0,0,0
17,MMR016010,0,0,0
17,MMR016011,0,0,0
17,MMR017001,43,8,14
17,MMR017002,0,0,0
17,MMR017003,35,10,14
17,MMR017004,3,0,3
17,MMR017005,7,2,6
17,MMR017006,23,4,14
17,MMR017007,0,0,0
17,MMR017008,3,0,3
17,MMR017009,0,0,0
17,MMR017010,39,10,26
17,MMR017011,0,0,0
17,MMR017012,0,0,0
17,MMR017013,2,0,0
17,MMR017014,3,0,1
17,MMR017015,0,0,0
17,MMR017016,0,0,0
17,MMR017017,0,0,0
17,MMR017018,2,0,1
17,MMR017019,7,0,6
17,MMR017020,0,0,0
17,MMR017021,1,0,0
17,MMR017022,1,0,1
17,MMR017023,1,0,1
17,MMR017024,0,0,0
17,MMR017025,1,0,0
17,MMR017026,0,0,0
17,MMR018001,0,0,0
17,MMR018002,1,4,0
17,MMR018003,1,0,0
17,MMR018004,1,0,0
17,MMR018005,1,0,0
17,MMR018006,4,2,2
17,MMR018007,0,0,0
17,MMR018008,0,0,0
18,MMR001001,7,1,5
18,MMR001002,19,11,8
18,MMR001003,0,0,0
18,MMR001004,4,1,1
18,MMR001005,0,0,0
18,MMR001006,0,0,0
18,MMR001007,33,12,18
18,MMR001008,0,0,0
18,MMR001009,86,141,40
18,MMR001010,28,36,25
18,MMR001011,1,0,1
18,MMR001012,0,0,0
18,MMR001013,0,0,0
18,MMR001014,1,0,0
18,MMR001015,0,0,0
18,MMR001016,0,0,0
18,MMR001017,0,0,0
18,MMR001018,0,0,0
18,MMR002001,7,26,5
18,MMR002002,3,0,0
18,MMR002003,1,0,0
18,MMR002004,0,0,0
18,MMR002005,8,67,2
18,MMR002006,10,19,4
18,MMR002007,1,0,1
18,MMR003001,13,6,2
18,MMR003002,16,12,3
18,MMR003003,22,11,7
18,MMR003004,24,36,8
18,MMR003005,40,68,21
18,MMR003006,186,236,105
18,MMR003007,5,4,3
18,MMR004001,4,3,3
18,MMR004002,3,0,2
18,MMR004003,0,0,0
18,MMR004004,17,25,7
18,MMR004005,4,11,4
18,MMR004006,12,11,8
18,MMR004007,1,0,1
18,MMR004008,3,0,3
18,MMR004009,2,1,0
18,MMR005001,46,96,31
18,MMR005002,11,6,4
18,MMR005003,1,4,0
18,MMR005004,22,26,15
18,MMR005005,4,0,4
18,MMR005006,12,19,6
18,MMR005007,27,37,17
18,MMR005008,0,0,0
18,MMR005009,10,5,7
18,MMR005010,6,34,3
18,MMR005011,2,9,1
18,MMR005012,17,56,11
18,MMR005013,10,6,7
18,MMR005014,11,7,5
18,MMR005015,24,35,16
18,MMR005016,15,10,10
18,MMR005017,22,4,14
18,MMR005018,14,21,3
18,MMR005019,43,56,28
18,MMR005020,2,1,1
18,MMR005021,10,5,10
18,MMR005022,7,4,3
18,MMR005023,2,20,1
18,MMR005024,16,5,11
18,MMR005025,6,27,4
18,MMR005026,1,1,1
18,MMR005027,20,48,15
18,MMR005028,4,5,4
18,MMR005029,5,19,4
18,MMR005030,4,15,2
18,MMR005031,0,0,0
18,MMR005032,0,0,0
18,MMR005033,0,0,0
18,MMR005034,5,3,3
18,MMR005035,0,0,0
18,MMR005036,0,0,0
18,MMR005037,1,2,0
18,MMR006001,24,38,13
18,MMR006002,20,17,13
18,MMR006003,31,21,26
18,MMR006004,21,44,11
18,MMR006005,1,0,0
18,MMR006006,4,22,1
18,MMR006007,17,12,13
18,MMR006008,68,45,39
18,MMR006009,9,18,3
18,MMR006010,8,6,5
18,MMR007001,3,6,1
18,MMR007002,1,0,1
18,MMR007003,0,0,0
18,MMR007004,5,2,5
18,MMR007005,31,49,11
18,MMR007006,17,13,12
18,MMR007007,0,0,0
18,MMR007008,51,78,24
18,MMR007009,30,70,14
18,MMR007010,3,4,2
18,MMR007011,66,76,35
18,MMR007012,17,34,11
18,MMR007013,7,33,3
18,MMR007014,15,46,6
18,MMR008001,8,3,4
18,MMR008002,2,1,1
18,MMR008003,5,3,2
18,MMR008004,7,23,1
18,MMR008005,8,6,3
18,MMR008006,0,0,0
18,MMR008007,8,2,7
18,MMR008008,16,17,10
18,MMR008009,67,117,35
18,MMR008010,13,21,8
18,MMR008011,1,1,1
18,MMR008012,15,23,12
18,MMR008013,0,0,0
18,MMR008014,10,22,6
18,MMR009001,3,4,3
18,MMR009002,29,22,7
18,MMR009003,4,5,3
18,MMR009004,3,3,2
18,MMR009005,0,0,0
18,MMR009006,6,10,3
18,MMR009007,2,0,0
18,MMR009008,1,6,0
18,MMR009009,23,14,2
18,MMR009010,59,110,35
18,MMR009011,6,4,5
18,MMR009012,0,0,0
18,MMR009013,4,15,1
18,MMR009014,2,1,1
18,MMR009015,1,0,1
18,MMR009016,1,1,0
18,MMR009017,3,21,0
18,MMR009018,67,69,43
18,MMR009019,20,62,12
18,MMR009020,24,29,15
18,MMR009021,18,18,15
18,MMR009022,8,29,0
18,MMR009023,8,32,6
18,MMR009024,9,3,3
18,MMR009025,9,10,4
18,MMR010001,6,5,6
18,MMR010002,1,0,1
18,MMR010003,0,0,0
18,MMR010004,0,0,0
18,MMR010005,2,0,2
18,MMR010006,0,0,0
18,MMR010007,3,1,2
18,MMR010008,2,1,2
18,MMR010009,39,17,22
18,MMR010010,27,15,20
18,MMR010011,19,5,15
18,MMR010012,31,50,18
18,MMR010013,1,0,0
18,MMR010014,0,0,0
18,MMR010015,0,0,0
18,MMR010016,0,0,0
18,MMR010017,34,89,23
18,MMR010018,47,54,23
18,MMR010019,19,27,12
18,MMR010020,8,8,5
18,MMR010021,17,31,11
18,MMR010022,23,38,13
18,MMR010023,1,6,0
18,MMR010024,4,10,1
18,MMR010028,3,4,1
18,MMR010029,7,4,7
18,MMR010030,0,0,0
18,MMR010031,2,0,1
18,MMR011001,2,2,2
18,MMR011002,2,1,1
18,MMR011003,0,0,0
18,MMR011004,3,5,1
18,MMR011005,5,4,3
18,MMR011006,10,6,7
18,MMR011007,11,5,7
18,MMR011008,0,0,0
18,MMR011009,31,5,19
18,MMR011010,20,15,9
18,MMR012001,15,0,13
18,MMR012002,3,1,1
18,MMR012003,3,0,2
18,MMR012004,4,9,4
18,MMR012005,4,0,1
18,MMR012006,2,0,2
18,MMR012007,3,0,1
18,MMR012008,1,13,1
18,MMR012009,11,10,3
18,MMR012010,0,0,0
18,MMR012011,96,96,40
18,MMR012012,1,0,0
18,MMR012013,0,0,0
18,MMR012014,7,20,2
18,MMR012015,3,5,3
18,MMR012016,8,3,5
18,MMR012017,2,0,1
18,MMR013001,3,0,3
18,MMR013002,3,1,3
18,MMR013003,3,2,1
18,MMR013004,3,0,0
18,MMR013005,2,5,0
18,MMR013006,0,0,0
18,MMR013007,2,0,2
18,MMR013009,0,0,0
18,MMR013010,0,0,0
18,MMR013011,1,0,1
18,MMR013012,3,0,3
18,MMR013013,1,0,1
18,MMR013014,0,0,0
18,MMR013015,2,0,2
18,MMR013016,0,0,0
18,MMR013017,0,0,0
18,MMR013018,3,0,3
18,MMR013019,1,0,1
18,MMR013020,0,0,0
18,MMR013021,1,0,1
18,MMR013022,0,0,0
18,MMR013023,1,0,0
18,MMR013024,0,0,0
18,MMR013025,0,0,0
18,MMR013026,0,0,0
18,MMR013027,1,1,1
18,MMR013028,0,0,0
18,MMR013029,1,0,0
18,MMR013030,0,0,0
18,MMR013031,0,0,0
18,MMR013032,0,0,0
18,MMR013033,1,0,1
18,MMR013034,0,0,0
18,MMR013035,1,0,1
18,MMR013036,0,0,0
18,MMR013037,0,0,0
18,MMR013038,0,0,0
18,MMR013039,2,0,2
18,MMR013040,1,0,1
18,MMR013041,3,0,3
18,MMR013042,2,1,2
18,MMR013043,1,0,1
18,MMR013044,0,0,0
18,MMR013046,2,0,2
18,MMR013047,0,0,0
18,MMR014001,3,0,3
18,MMR014002,25,34,10
18,MMR014003,0,0,0
18,MMR014004,4,0,1
18,MMR014005,0,0,0
18,MMR014006,0,0,0
18,MMR014007,4,8,2
18,MMR014008,6,0,3
18,MMR014009,15,5,1
18,MMR014010,67,41,35
18,MMR014011,0,0,0
18,MMR014012,0,0,0
18,MMR014013,1,0,0
18,MMR014014,0,0,0
18,MMR014015,0,0,0
18,MMR014016,1,0,0
18,MMR014017,0,0,0
18,MMR014018,0,0,0
18,MMR014019,0,0,0
18,MMR014020,2,0,0
18,MMR014021,0,0,0
18,MMR015001,11,13,5
18,MMR015002,5,0,4
18,MMR015003,0,0,0
18,MMR015004,0,0,0
18,MMR015005,0,0,0
18,MMR015006,0,0,0
18,MMR015007,0,0,0
18,MMR015008,0,0,0
18,MMR015009,10,2,9
18,MMR015010,4,1,1
18,MMR015011,3,2,3
18,MMR015012,11,8,6
18,MMR015013,185,17,135
18,MMR015014,7,2,3
18,MMR015015,3,0,2
18,MMR015016,1,0,0
18,MMR015017,1,0,0
18,MMR015018,0,0,0
18,MMR015019,2,1,0
18,MMR015020,0,0,0
18,MMR015021,0,0,0
18,MMR015022,1,0,0
18,MMR015023,0,0,0
18,MMR015024,0,0,0
18,MMR016001,0,0,0
18,MMR016002,0,0,0
18,MMR016003,0,0,0
18,MMR016005,0,0,0
18,MMR016006,0,0,0
18,MMR016007,0,0,0
18,MMR016008,0,0,0
18,MMR016009,0,0,0
18,MMR016010,0,0,0
18,MMR016011,0,0,0
18,MMR017001,1,0,0
18,MMR017002,0,0,0
18,MMR017003,1,0,0
18,MMR017004,3,2,1
18,MMR017005,4,1,3
18,MMR017006,26,13,15
18,MMR017007,0,0,0
18,MMR017008,1,1,1
18,MMR017009,0,0,0
18,MMR017010,40,8,29
18,MMR017011,1,0,0
18,MMR017012,1,0,0
18,MMR017013,14,1,9
18,MMR017014,1,0,0
18,MMR017015,0,0,0
18,MMR017016,0,0,0
18,MMR017017,0,0,0
18,MMR017018,1,0,1
18,MMR017019,0,0,0
18,MMR017020,3,0,2
18,MMR017021,2,1,1
18,MMR017022,0,0,0
18,MMR017023,0,0,0
18,MMR017024,1,0,1
18,MMR017025,0,0,0
18,MMR017026,0,0,0
18,MMR018001,0,0,0
18,MMR018002,2,1,2
18,MMR018003,1,0,1
18,MMR018004,0,0,0
18,MMR018005,0,0,0
18,MMR018006,1,0,1
18,MMR018007,1,0,1
18,MMR018008,1,3,0
19,MMR001001,9,1,7
19,MMR001002,22,16,9
19,MMR001003,0,0,0
19,MMR001004,5,0,1
19,MMR001005,0,0,0
19,MMR001006,8,3,1
19,MMR001007,21,5,11
19,MMR001008,2,8,1
19,MMR001009,122,196,53
19,MMR001010,32,138,28
19,MMR001011,22,61,12
19,MMR001012,0,0,0
19,MMR001013,1,2,0
19,MMR001014,0,0,0
19,MMR001015,0,0,0
19,MMR001016,0,0,0
19,MMR001017,0,0,0
19,MMR001018,3,0,0
19,MMR002001,16,12,1
19,MMR002002,47,68,20
19,MMR002003,11,2,2
19,MMR002004,0,0,0
19,MMR002005,3,26,0
19,MMR002006,18,44,10
19,MMR002007,0,0,0
19,MMR003001,8,7,4
19,MMR003002,3,0,1
19,MMR003003,13,16,2
19,MMR003004,4,24,0
19,MMR003005,81,18,43
19,MMR003006,106,122,24
19,MMR003007,7,3,2
19,MMR004001,11,2,5
19,MMR004002,6,2,4
19,MMR004003,2,0,0
19,MMR004004,4,17,4
19,MMR004005,0,0,0
19,MMR004006,3,0,2
19,MMR004007,5,0,2
19,MMR004008,5,0,4
19,MMR004009,2,2,2
19,MMR005001,28,85,15
19,MMR005002,14,29,5
19,MMR005003,3,0,1
19,MMR005004,15,15,6
19,MMR005005,10,9,5
19,MMR005006,40,65,25
19,MMR005007,34,88,18
19,MMR005008,3,0,0
19,MMR005009,17,8,6
19,MMR005010,2,8,1
19,MMR005011,3,12,3
19,MMR005012,34,79,17
19,MMR005013,21,53,10
19,MMR005014,10,5,4
19,MMR005015,20,50,9
19,MMR005016,12,34,1
19,MMR005017,22,21,9
19,MMR005018,14,6,8
19,MMR005019,17,9,2
19,MMR005020,7,4,4
19,MMR005021,0,0,0
19,MMR005022,4,8,4
19,MMR005023,14,23,10
19,MMR005024,5,3,3
19,MMR005025,3,30,3
19,MMR005026,0,0,0
19,MMR005027,23,24,10
19,MMR005028,2,0,0
19,MMR005029,2,0,0
19,MMR005030,7,11,2
19,MMR005031,8,17,6
19,MMR005032,3,1,0
19,MMR005033,0,0,0
19,MMR005034,1,0,1
19,MMR005035,2,0,1
19,MMR005036,0,0,0
19,MMR005037,1,3,0
19,MMR006001,27,55,10
19,MMR006002,17,51,11
19,MMR006003,21,31,11
19,MMR006004,50,174,10
19,MMR006005,4,3,3
19,MMR006006,4,11,3
19,MMR006007,33,60,21
19,MMR006008,41,45,16
19,MMR006009,7,10,4
19,MMR006010,1,20,0
19,MMR007001,1,3,0
19,MMR007002,0,0,0
19,MMR007003,1,0,1
19,MMR007004,2,2,2
19,MMR007005,23,14,12
19,MMR007006,22,2,9
19,MMR007007,1,1,1
19,MMR007008,9,3,4
19,MMR007009,12,38,8
19,MMR007010,9,81,3
19,MMR007011,59,53,26
19,MMR007012,16,22,11
19,MMR007013,0,0,0
19,MMR007014,0,0,0
19,MMR008001,3,3,3
19,MMR008002,12,21,6
19,MMR008003,18,11,0
19,MMR008004,6,8,2
19,MMR008005,10,23,2
19,MMR008006,1,0,1
19,MMR008007,5,0,3
19,MMR008008,8,6,5
19,MMR008009,19,137,13
19,MMR008010,32,45,22
19,MMR008011,2,7,1
19,MMR008012,8,4,4
19,MMR008013,0,0,0
19,MMR008014,13,10,6
19,MMR009001,2,1,0
19,MMR009002,7,4,5
19,MMR009003,10,48,4
19,MMR009004,2,5,0
19,MMR009005,0,0,0
19,MMR009006,13,31,5
19,MMR009007,8,7,6
19,MMR009008,18,94,11
19,MMR009009,35,138,12
19,MMR009010,21,23,14
19,MMR009011,2,20,1
19,MMR009012,7,31,1
19,MMR009013,2,2,0
19,MMR009014,2,0,1
19,MMR009015,3,3,3
19,MMR009016,1,40,0
19,MMR009017,6,27,0
19,MMR009018,27,51,18
19,MMR009019,14,20,8
19,MMR009020,30,11,19
19,MMR009021,61,32,31
19,MMR009022,16,21,9
19,MMR009023,1,0,0
19,MMR009024,6,3,4
19,MMR009025,2,0,2
19,MMR010001,3,22,3
19,MMR010002,2,0,2
19,MMR010003,1,0,1
19,MMR010004,0,0,0
19,MMR010005,0,0,0
19,MMR010006,0,0,0
19,MMR010007,17,10,9
19,MMR010008,0,0,0
19,MMR010009,41,27,23
19,MMR010010,17,27,11
19,MMR010011,23,56,19
19,MMR010012,51,69,28
19,MMR010013,0,0,0
19,MMR010014,0,0,0
19,MMR010015,0,0,0
19,MMR010016,1,1,1
19,MMR010017,35,112,20
19,MMR010018,29,42,6
19,MMR010019,18,43,8
19,MMR010020,2,0,0
19,MMR010021,12,118,1
19,MMR010022,24,94,14
19,MMR010023,0,0,0
19,MMR010024,0,0,0
19,MMR010028,3,3,1
19,MMR010029,20,14,10
19,MMR010030,0,0,0
19,MMR010031,25,3,19
19,MMR011001,0,0,0
19,MMR011002,4,4,1
19,MMR011003,0,0,0
19,MMR011004,7,15,4
19,MMR011005,4,2,3
19,MMR011006,26,31,7
19,MMR011007,12,3,5
19,MMR011008,0,0,0
19,MMR011009,7,4,5
19,MMR011010,7,9,1
19,MMR012001,12,2,11
19,MMR012002,8,0,5
19,MMR012003,3,16,2
19,MMR012004,3,23,1
19,MMR012005,7,0,6
19,MMR012006,1,2,1
19,MMR012007,4,0,1
19,MMR012008,7,3,4
19,MMR012009,39,25,2
19,MMR012010,3,1,0
19,MMR012011,84,173,15
19,MMR012012,1,0,0
19,MMR012013,0,0,0
19,MMR012014,7,0,1
19,MMR012015,3,1,3
19,MMR012016,7,0,4
19,MMR012017,1,0,0
19,MMR013001,3,2,3
19,MMR013002,3,0,3
19,MMR013003,0,0,0
19,MMR013004,2,0,1
19,MMR013005,0,0,0
19,MMR013006,0,0,0
19,MMR013007,4,0,4
19,MMR013009,3,0,3
19,MMR013010,0,0,0
19,MMR013011,3,0,3
19,MMR013012,8,0,8
19,MMR013013,1,0,1
19,MMR013014,0,0,0
19,MMR013015,2,0,2
19,MMR013016,2,0,2
19,MMR013017,0,0,0
19,MMR013018,5,0,5
19,MMR013019,3,0,3
19,MMR013020,2,0,2
19,MMR013021,2,0,2
19,MMR013022,0,0,0
19,MMR013023,2,0,1
19,MMR013024,0,0,0
19,MMR013025,0,0,0
19,MMR013026,0,0,0
19,MMR013027,0,0,0
19,MMR013028,0,0,0
19,MMR013029,1,0,1
19,MMR013030,0,0,0
19,MMR013031,0,0,0
19,MMR013032,0,0,0
19,MMR013033,1,0,1
19,MMR013034,0,0,0
19,MMR013035,0,0,0
19,MMR013036,0,0,0
19,MMR013037,2,0,2
19,MMR013038,0,0,0
19,MMR013039,1,0,1
19,MMR013040,1,0,1
19,MMR013041,1,0,1
19,MMR013042,3,0,3
19,MMR013043,0,0,0
19,MMR013044,4,0,4
19,MMR013046,6,1,6
19,MMR013047,2,0,2
19,MMR014001,5,0,5
19,MMR014002,2,1,1
19,MMR014003,0,0,0
19,MMR014004,15,120,1
19,MMR014005,0,0,0
19,MMR014006,0,0,0
19,MMR014007,19,16,4
19,MMR014008,0,0,0
19,MMR014009,2,0,2
19,MMR014010,11,13,2
19,MMR014011,0,0,0
19,MMR014012,0,0,0
19,MMR014013,0,0,0
19,MMR014014,0,0,0
19,MMR014015,0,0,0
19,MMR014016,0,0,0
19,MMR014017,0,0,0
19,MMR014018,0,0,0
19,MMR014019,0,0,0
19,MMR014020,2,1,0
19,MMR014021,0,0,0
19,MMR015001,5,0,2
19,MMR015002,3,3,2
19,MMR015003,0,0,0
19,MMR015004,1,0,1
19,MMR015005,0,0,0
19,MMR015006,0,0,0
19,MMR015007,0,0,0
19,MMR015008,0,0,0
19,MMR015009,1,1,1
19,MMR015010,2,0,1
19,MMR015011,6,8,3
19,MMR015012,142,67,74
19,MMR015013,93,6,66
19,MMR015014,11,2,8
19,MMR015015,0,0,0
19,MMR015016,2,0,1
19,MMR015017,1,0,0
19,MMR015018,2,0,1
19,MMR015019,0,0,0
19,MMR015020,0,0,0
19,MMR015021,0,0,0
19,MMR015022,0,0,0
19,MMR015023,0,0,0
19,MMR015024,0,0,0
19,MMR016001,0,0,0
19,MMR016002,0,0,0
19,MMR016003,0,0,0
19,MMR016005,0,0,0
19,MMR016006,0,0,0
19,MMR016007,0,0,0
19,MMR016008,0,0,0
19,MMR016009,1,1,1
19,MMR016010,0,0,0
19,MMR016011,2,6,0
19,MMR017001,6,1,5
19,MMR017002,1,0,1
19,MMR017003,1,1,0
19,MMR017004,1,0,1
19,MMR017005,1,0,0
19,MMR017006,13,7,4
19,MMR017007,0,0,0
19,MMR017008,1,0,0
19,MMR017009,0,0,0
19,MMR017010,18,3,10
19,MMR017011,0,0,0
19,MMR017012,0,0,0
19,MMR017013,4,3,2
19,MMR017014,0,0,0
19,MMR017015,0,0,0
19,MMR017016,0,0,0
19,MMR017017,0,0,0
19,MMR017018,1,1,0
19,MMR017019,1,0,1
19,MMR017020,1,0,1
19,MMR017021,0,0,0
19,MMR017022,0,0,0
19,MMR017023,0,0,0
19,MMR017024,2,1,0
19,MMR017025,0,0,0
19,MMR017026,0,0,0
19,MMR018001,0,0,0
19,MMR018002,0,0,0
19,MMR018003,1,4,0
19,MMR018004,0,0,0
19,MMR018005,1,0,0
19,MMR018006,0,0,0
19,MMR018007,1,0,1
19,MMR018008,0,0,0
